{
	"type": "FeatureCollection",
	"features": [
		{
			"type": "Feature",
			"geometry": {
				"type": "Point",
				"coordinates": [121.5148733, 25.0467361]
			},
			"properties": {
				"行政區": "中正區",
				"地址": "忠孝西路1段68號前(地下街Z6出口前)",
				"備註": "嚴禁投入家用垃圾，違者重罰新臺幣6000元"
			}
		},
		{
			"type": "Feature",
			"geometry": {
				"type": "Point",
				"coordinates": [121.515252, 25.046607]
			},
			"properties": {
				"行政區": "中正區",
				"地址": "忠孝西路1段66號(新光三越前)",
				"備註": "嚴禁投入家用垃圾，違者重罰新臺幣6000元"
			}
		},
		{
			"type": "Feature",
			"geometry": {
				"type": "Point",
				"coordinates": [121.5158614, 25.0464181]
			},
			"properties": {
				"行政區": "中正區",
				"地址": "忠孝西路1段50號(地下街Z2出入口)",
				"備註": "嚴禁投入家用垃圾，違者重罰新臺幣6000元"
			}
		},
		{
			"type": "Feature",
			"geometry": {
				"type": "Point",
				"coordinates": [121.5161015, 25.0463646]
			},
			"properties": {
				"行政區": "中正區",
				"地址": "忠孝西路1段50號(大亞大廈)",
				"備註": "嚴禁投入家用垃圾，違者重罰新臺幣6000元"
			}
		},
		{
			"type": "Feature",
			"geometry": {
				"type": "Point",
				"coordinates": [121.5167847, 25.0461548]
			},
			"properties": {
				"行政區": "中正區",
				"地址": "忠孝西路1段(台北車站捷運M6號出入口)",
				"備註": "嚴禁投入家用垃圾，違者重罰新臺幣6000元"
			}
		},
		{
			"type": "Feature",
			"geometry": {
				"type": "Point",
				"coordinates": [121.5171751, 25.0460851]
			},
			"properties": {
				"行政區": "中正區",
				"地址": "忠孝西路1段36號前(公園路)",
				"備註": "嚴禁投入家用垃圾，違者重罰新臺幣6000元"
			}
		},
		{
			"type": "Feature",
			"geometry": {
				"type": "Point",
				"coordinates": [121.518339, 25.046149]
			},
			"properties": {
				"行政區": "中正區",
				"地址": "忠孝西路1段41號",
				"備註": "嚴禁投入家用垃圾，違者重罰新臺幣6000元"
			}
		},
		{
			"type": "Feature",
			"geometry": {
				"type": "Point",
				"coordinates": [121.5178104, 25.0462532]
			},
			"properties": {
				"行政區": "中正區",
				"地址": "忠孝西路1段(台北車站捷運M3號出入口)",
				"備註": "嚴禁投入家用垃圾，違者重罰新臺幣6000元"
			}
		},
		{
			"type": "Feature",
			"geometry": {
				"type": "Point",
				"coordinates": [121.515672, 25.046824]
			},
			"properties": {
				"行政區": "中正區",
				"地址": "忠孝西路1段(台北車站捷運Z1電梯出入口)",
				"備註": "嚴禁投入家用垃圾，違者重罰新臺幣6000元"
			}
		},
		{
			"type": "Feature",
			"geometry": {
				"type": "Point",
				"coordinates": [121.5172578, 25.0464232]
			},
			"properties": {
				"行政區": "中正區",
				"地址": "忠孝西路1段(捷運M4號出入口)",
				"備註": "嚴禁投入家用垃圾，違者重罰新臺幣6000元"
			}
		},
		{
			"type": "Feature",
			"geometry": {
				"type": "Point",
				"coordinates": [121.5167817, 25.0465411]
			},
			"properties": {
				"行政區": "中正區",
				"地址": "忠孝西路1段(台北車站捷運M5號與M4號出入口中間公車候車亭)",
				"備註": "嚴禁投入家用垃圾，違者重罰新臺幣6000元"
			}
		},
		{
			"type": "Feature",
			"geometry": {
				"type": "Point",
				"coordinates": [121.5163069, 25.0466818]
			},
			"properties": {
				"行政區": "中正區",
				"地址": "忠孝西路1段(台北車站M5號出入口北側)",
				"備註": "嚴禁投入家用垃圾，違者重罰新臺幣6000元"
			}
		},
		{
			"type": "Feature",
			"geometry": {
				"type": "Point",
				"coordinates": [121.515283, 25.047992]
			},
			"properties": {
				"行政區": "中正區",
				"地址": "館前路台北車站西側(館前路計程車排班處)-1",
				"備註": "嚴禁投入家用垃圾，違者重罰新臺幣6000元"
			}
		},
		{
			"type": "Feature",
			"geometry": {
				"type": "Point",
				"coordinates": [121.515259, 25.047793]
			},
			"properties": {
				"行政區": "中正區",
				"地址": "館前路台北車站西側(館前路計程車排班處)-2",
				"備註": "嚴禁投入家用垃圾，違者重罰新臺幣6000元"
			}
		},
		{
			"type": "Feature",
			"geometry": {
				"type": "Point",
				"coordinates": [121.516095, 25.0475085]
			},
			"properties": {
				"行政區": "中正區",
				"地址": "北平西路台北車站西側-1",
				"備註": "嚴禁投入家用垃圾，違者重罰新臺幣6000元"
			}
		},
		{
			"type": "Feature",
			"geometry": {
				"type": "Point",
				"coordinates": [121.5161513, 25.0477693]
			},
			"properties": {
				"行政區": "中正區",
				"地址": "北平西路台北車站西側-2",
				"備註": "嚴禁投入家用垃圾，違者重罰新臺幣6000元"
			}
		},
		{
			"type": "Feature",
			"geometry": {
				"type": "Point",
				"coordinates": [121.517368, 25.048411]
			},
			"properties": {
				"行政區": "中正區",
				"地址": "市民大道台北車站北側(北1門)",
				"備註": "嚴禁投入家用垃圾，違者重罰新臺幣6000元"
			}
		},
		{
			"type": "Feature",
			"geometry": {
				"type": "Point",
				"coordinates": [121.5179333, 25.0483373]
			},
			"properties": {
				"行政區": "中正區",
				"地址": "市民大道1段捷運M1號出入口",
				"備註": "嚴禁投入家用垃圾，違者重罰新臺幣6000元"
			}
		},
		{
			"type": "Feature",
			"geometry": {
				"type": "Point",
				"coordinates": [121.5201745, 25.0473852]
			},
			"properties": {
				"行政區": "中正區",
				"地址": "中山北路1段46號前(逸仙公園前)",
				"備註": "嚴禁投入家用垃圾，違者重罰新臺幣6000元"
			}
		},
		{
			"type": "Feature",
			"geometry": {
				"type": "Point",
				"coordinates": [121.513729, 25.03868]
			},
			"properties": {
				"行政區": "中正區",
				"地址": "貴陽街懷寧街口",
				"備註": "嚴禁投入家用垃圾，違者重罰新臺幣6000元"
			}
		},
		{
			"type": "Feature",
			"geometry": {
				"type": "Point",
				"coordinates": [121.51661, 25.04856]
			},
			"properties": {
				"行政區": "中正區",
				"地址": "市民大道1段(台北車站北1門公車候車亭)",
				"備註": "嚴禁投入家用垃圾，違者重罰新臺幣6000元"
			}
		},
		{
			"type": "Feature",
			"geometry": {
				"type": "Point",
				"coordinates": [121.5200384, 25.047031]
			},
			"properties": {
				"行政區": "中正區",
				"地址": "中山北路1段40號前(北平西路口)",
				"備註": "嚴禁投入家用垃圾，違者重罰新臺幣6000元"
			}
		},
		{
			"type": "Feature",
			"geometry": {
				"type": "Point",
				"coordinates": [121.5196815, 25.046299]
			},
			"properties": {
				"行政區": "中正區",
				"地址": "中山北路1段14號前",
				"備註": "嚴禁投入家用垃圾，違者重罰新臺幣6000元"
			}
		},
		{
			"type": "Feature",
			"geometry": {
				"type": "Point",
				"coordinates": [121.519212, 25.045174]
			},
			"properties": {
				"行政區": "中正區",
				"地址": "中山南路2巷口",
				"備註": "嚴禁投入家用垃圾，違者重罰新臺幣6000元"
			}
		},
		{
			"type": "Feature",
			"geometry": {
				"type": "Point",
				"coordinates": [121.519093, 25.044731]
			},
			"properties": {
				"行政區": "中正區",
				"地址": "中山南路(西側)與青島西路口",
				"備註": "嚴禁投入家用垃圾，違者重罰新臺幣6000元"
			}
		},
		{
			"type": "Feature",
			"geometry": {
				"type": "Point",
				"coordinates": [121.51879, 25.04368]
			},
			"properties": {
				"行政區": "中正區",
				"地址": "中山南路(西側)近濟南路口",
				"備註": "嚴禁投入家用垃圾，違者重罰新臺幣6000元"
			}
		},
		{
			"type": "Feature",
			"geometry": {
				"type": "Point",
				"coordinates": [121.518451, 25.042652]
			},
			"properties": {
				"行政區": "中正區",
				"地址": "中山南路(西側)濟南路與徐州路口中間",
				"備註": "嚴禁投入家用垃圾，違者重罰新臺幣6000元"
			}
		},
		{
			"type": "Feature",
			"geometry": {
				"type": "Point",
				"coordinates": [121.51817, 25.04157]
			},
			"properties": {
				"行政區": "中正區",
				"地址": "中山南路(西側)徐州路常德路中間",
				"備註": "嚴禁投入家用垃圾，違者重罰新臺幣6000元"
			}
		},
		{
			"type": "Feature",
			"geometry": {
				"type": "Point",
				"coordinates": [121.5177778, 25.0402778]
			},
			"properties": {
				"行政區": "中正區",
				"地址": "中山南路(西側)與常德街口",
				"備註": "嚴禁投入家用垃圾，違者重罰新臺幣6000元"
			}
		},
		{
			"type": "Feature",
			"geometry": {
				"type": "Point",
				"coordinates": [121.5172055, 25.0384804]
			},
			"properties": {
				"行政區": "中正區",
				"地址": "中山南路(西側)外交部",
				"備註": "嚴禁投入家用垃圾，違者重罰新臺幣6000元"
			}
		},
		{
			"type": "Feature",
			"geometry": {
				"type": "Point",
				"coordinates": [121.5169444, 25.0375]
			},
			"properties": {
				"行政區": "中正區",
				"地址": "中山南路20號(國家圖書館)",
				"備註": "嚴禁投入家用垃圾，違者重罰新臺幣6000元"
			}
		},
		{
			"type": "Feature",
			"geometry": {
				"type": "Point",
				"coordinates": [121.5169444, 25.0372222]
			},
			"properties": {
				"行政區": "中正區",
				"地址": "中山南路20號（國家圖書館）",
				"備註": "嚴禁投入家用垃圾，違者重罰新臺幣6000元"
			}
		},
		{
			"type": "Feature",
			"geometry": {
				"type": "Point",
				"coordinates": [121.5163889, 25.0358333]
			},
			"properties": {
				"行政區": "中正區",
				"地址": "中山南路1段捷運中正紀念堂6號出入口",
				"備註": "嚴禁投入家用垃圾，違者重罰新臺幣6000元"
			}
		},
		{
			"type": "Feature",
			"geometry": {
				"type": "Point",
				"coordinates": [121.515482, 25.035293]
			},
			"properties": {
				"行政區": "中正區",
				"地址": "公園路與愛國西路口",
				"備註": "嚴禁投入家用垃圾，違者重罰新臺幣6000元"
			}
		},
		{
			"type": "Feature",
			"geometry": {
				"type": "Point",
				"coordinates": [121.515142, 25.035839]
			},
			"properties": {
				"行政區": "中正區",
				"地址": "公園路29號(教大附小)-1",
				"備註": "嚴禁投入家用垃圾，違者重罰新臺幣6000元"
			}
		},
		{
			"type": "Feature",
			"geometry": {
				"type": "Point",
				"coordinates": [121.515125, 25.0359919]
			},
			"properties": {
				"行政區": "中正區",
				"地址": "公園路29號(教大附小)-2",
				"備註": "嚴禁投入家用垃圾，違者重罰新臺幣6000元"
			}
		},
		{
			"type": "Feature",
			"geometry": {
				"type": "Point",
				"coordinates": [121.515178, 25.037142]
			},
			"properties": {
				"行政區": "中正區",
				"地址": "公園路21號(弘道國中)-1",
				"備註": "嚴禁投入家用垃圾，違者重罰新臺幣6000元"
			}
		},
		{
			"type": "Feature",
			"geometry": {
				"type": "Point",
				"coordinates": [121.515169, 25.037343]
			},
			"properties": {
				"行政區": "中正區",
				"地址": "公園路21號(弘道國中)-2",
				"備註": "嚴禁投入家用垃圾，違者重罰新臺幣6000元"
			}
		},
		{
			"type": "Feature",
			"geometry": {
				"type": "Point",
				"coordinates": [121.515848, 25.040076]
			},
			"properties": {
				"行政區": "中正區",
				"地址": "公園路15之3號(台北賓館)",
				"備註": "嚴禁投入家用垃圾，違者重罰新臺幣6000元"
			}
		},
		{
			"type": "Feature",
			"geometry": {
				"type": "Point",
				"coordinates": [121.516232, 25.041558]
			},
			"properties": {
				"行政區": "中正區",
				"地址": "公園路台大醫院-1",
				"備註": "嚴禁投入家用垃圾，違者重罰新臺幣6000元"
			}
		},
		{
			"type": "Feature",
			"geometry": {
				"type": "Point",
				"coordinates": [121.516429, 25.042283]
			},
			"properties": {
				"行政區": "中正區",
				"地址": "公園路台大醫院-2",
				"備註": "嚴禁投入家用垃圾，違者重罰新臺幣6000元"
			}
		},
		{
			"type": "Feature",
			"geometry": {
				"type": "Point",
				"coordinates": [121.5167524, 25.0431906]
			},
			"properties": {
				"行政區": "中正區",
				"地址": "公園路台大醫院(復健部)3號出口",
				"備註": "嚴禁投入家用垃圾，違者重罰新臺幣6000元"
			}
		},
		{
			"type": "Feature",
			"geometry": {
				"type": "Point",
				"coordinates": [121.51695, 25.044119]
			},
			"properties": {
				"行政區": "中正區",
				"地址": "公園路15之2號(台大景福館)",
				"備註": "嚴禁投入家用垃圾，違者重罰新臺幣6000元"
			}
		},
		{
			"type": "Feature",
			"geometry": {
				"type": "Point",
				"coordinates": [121.5164174, 25.042759]
			},
			"properties": {
				"行政區": "中正區",
				"地址": "公園路(捷運台大站4號出入口)",
				"備註": "嚴禁投入家用垃圾，違者重罰新臺幣6000元"
			}
		},
		{
			"type": "Feature",
			"geometry": {
				"type": "Point",
				"coordinates": [121.5160573, 25.0415]
			},
			"properties": {
				"行政區": "中正區",
				"地址": "公園路二二八公園",
				"備註": "嚴禁投入家用垃圾，違者重罰新臺幣6000元"
			}
		},
		{
			"type": "Feature",
			"geometry": {
				"type": "Point",
				"coordinates": [121.5144444, 25.0386111]
			},
			"properties": {
				"行政區": "中正區",
				"地址": "貴陽街1段(北一女旁)",
				"備註": "嚴禁投入家用垃圾，違者重罰新臺幣6000元"
			}
		},
		{
			"type": "Feature",
			"geometry": {
				"type": "Point",
				"coordinates": [121.5150107, 25.0380556]
			},
			"properties": {
				"行政區": "中正區",
				"地址": "公園路中央氣象局",
				"備註": "嚴禁投入家用垃圾，違者重罰新臺幣6000元"
			}
		},
		{
			"type": "Feature",
			"geometry": {
				"type": "Point",
				"coordinates": [121.5148873, 25.0360333]
			},
			"properties": {
				"行政區": "中正區",
				"地址": "公園路教育大學",
				"備註": "嚴禁投入家用垃圾，違者重罰新臺幣6000元"
			}
		},
		{
			"type": "Feature",
			"geometry": {
				"type": "Point",
				"coordinates": [121.5127336, 25.0367227]
			},
			"properties": {
				"行政區": "中正區",
				"地址": "重慶南路教育大學側門",
				"備註": "嚴禁投入家用垃圾，違者重罰新臺幣6000元"
			}
		},
		{
			"type": "Feature",
			"geometry": {
				"type": "Point",
				"coordinates": [121.5127885, 25.0375292]
			},
			"properties": {
				"行政區": "中正區",
				"地址": "重慶南路1段(北一女側門)",
				"備註": "嚴禁投入家用垃圾，違者重罰新臺幣6000元"
			}
		},
		{
			"type": "Feature",
			"geometry": {
				"type": "Point",
				"coordinates": [121.5142196, 25.0472156]
			},
			"properties": {
				"行政區": "中正區",
				"地址": "忠孝西路1段懷寧街口對面(公車候車亭)-1",
				"備註": "嚴禁投入家用垃圾，違者重罰新臺幣6000元"
			}
		},
		{
			"type": "Feature",
			"geometry": {
				"type": "Point",
				"coordinates": [121.5142518, 25.0474168]
			},
			"properties": {
				"行政區": "中正區",
				"地址": "忠孝西路1段懷寧街口對面(公車候車亭)-2",
				"備註": "嚴禁投入家用垃圾，違者重罰新臺幣6000元"
			}
		},
		{
			"type": "Feature",
			"geometry": {
				"type": "Point",
				"coordinates": [121.5138607, 25.0354679]
			},
			"properties": {
				"行政區": "中正區",
				"地址": "愛國西路5號(台北大學旁)",
				"備註": "嚴禁投入家用垃圾，違者重罰新臺幣6000元"
			}
		},
		{
			"type": "Feature",
			"geometry": {
				"type": "Point",
				"coordinates": [121.513633, 25.047283]
			},
			"properties": {
				"行政區": "中正區",
				"地址": "忠孝西路1段與重慶北路1段口(Z5出口)",
				"備註": "嚴禁投入家用垃圾，違者重罰新臺幣6000元"
			}
		},
		{
			"type": "Feature",
			"geometry": {
				"type": "Point",
				"coordinates": [121.51267, 25.03588]
			},
			"properties": {
				"行政區": "中正區",
				"地址": "重慶南路1段140號(台北市立大學側)對面",
				"備註": "嚴禁投入家用垃圾，違者重罰新臺幣6000元"
			}
		},
		{
			"type": "Feature",
			"geometry": {
				"type": "Point",
				"coordinates": [121.512471, 25.035705]
			},
			"properties": {
				"行政區": "中正區",
				"地址": "重慶南路1段140號",
				"備註": "嚴禁投入家用垃圾，違者重罰新臺幣6000元"
			}
		},
		{
			"type": "Feature",
			"geometry": {
				"type": "Point",
				"coordinates": [121.51148, 25.03583]
			},
			"properties": {
				"行政區": "中正區",
				"地址": "愛國西路(台北法院公車站)",
				"備註": "嚴禁投入家用垃圾，違者重罰新臺幣6000元"
			}
		},
		{
			"type": "Feature",
			"geometry": {
				"type": "Point",
				"coordinates": [121.507615, 25.038814]
			},
			"properties": {
				"行政區": "中正區",
				"地址": "中華路1段77號",
				"備註": "嚴禁投入家用垃圾，違者重罰新臺幣6000元"
			}
		},
		{
			"type": "Feature",
			"geometry": {
				"type": "Point",
				"coordinates": [121.509637, 25.036473]
			},
			"properties": {
				"行政區": "中正區",
				"地址": "愛國西路小南門1號出口前",
				"備註": "嚴禁投入家用垃圾，違者重罰新臺幣6000元"
			}
		},
		{
			"type": "Feature",
			"geometry": {
				"type": "Point",
				"coordinates": [121.5079735, 25.040203]
			},
			"properties": {
				"行政區": "中正區",
				"地址": "中華路1段67號",
				"備註": "嚴禁投入家用垃圾，違者重罰新臺幣6000元"
			}
		},
		{
			"type": "Feature",
			"geometry": {
				"type": "Point",
				"coordinates": [121.508337, 25.0413808]
			},
			"properties": {
				"行政區": "中正區",
				"地址": "中華路1段59號",
				"備註": "嚴禁投入家用垃圾，違者重罰新臺幣6000元"
			}
		},
		{
			"type": "Feature",
			"geometry": {
				"type": "Point",
				"coordinates": [121.5077268, 25.039347]
			},
			"properties": {
				"行政區": "中正區",
				"地址": "中華路1段69號貴陽街口(北西福利站)",
				"備註": "嚴禁投入家用垃圾，違者重罰新臺幣6000元"
			}
		},
		{
			"type": "Feature",
			"geometry": {
				"type": "Point",
				"coordinates": [121.5098341, 25.0414911]
			},
			"properties": {
				"行政區": "中正區",
				"地址": "寶慶路2號",
				"備註": "嚴禁投入家用垃圾，違者重罰新臺幣6000元"
			}
		},
		{
			"type": "Feature",
			"geometry": {
				"type": "Point",
				"coordinates": [121.5081738, 25.0415712]
			},
			"properties": {
				"行政區": "中正區",
				"地址": "中華路1段57號(中華路南站候車亭)",
				"備註": "嚴禁投入家用垃圾，違者重罰新臺幣6000元"
			}
		},
		{
			"type": "Feature",
			"geometry": {
				"type": "Point",
				"coordinates": [121.508819, 25.043229]
			},
			"properties": {
				"行政區": "中正區",
				"地址": "中華路1段53號",
				"備註": "嚴禁投入家用垃圾，違者重罰新臺幣6000元"
			}
		},
		{
			"type": "Feature",
			"geometry": {
				"type": "Point",
				"coordinates": [121.5091953, 25.04438]
			},
			"properties": {
				"行政區": "中正區",
				"地址": "中華路1段49號",
				"備註": "嚴禁投入家用垃圾，違者重罰新臺幣6000元"
			}
		},
		{
			"type": "Feature",
			"geometry": {
				"type": "Point",
				"coordinates": [121.509318, 25.044806]
			},
			"properties": {
				"行政區": "中正區",
				"地址": "中華路1段41號",
				"備註": "嚴禁投入家用垃圾，違者重罰新臺幣6000元"
			}
		},
		{
			"type": "Feature",
			"geometry": {
				"type": "Point",
				"coordinates": [121.5094477, 25.04588]
			},
			"properties": {
				"行政區": "中正區",
				"地址": "中華路1段29之2號(公車候車亭)",
				"備註": "嚴禁投入家用垃圾，違者重罰新臺幣6000元"
			}
		},
		{
			"type": "Feature",
			"geometry": {
				"type": "Point",
				"coordinates": [121.5095662, 25.0458394]
			},
			"properties": {
				"行政區": "中正區",
				"地址": "中華路1段29之1號",
				"備註": "嚴禁投入家用垃圾，違者重罰新臺幣6000元"
			}
		},
		{
			"type": "Feature",
			"geometry": {
				"type": "Point",
				"coordinates": [121.514568, 25.038745]
			},
			"properties": {
				"行政區": "中正區",
				"地址": "貴陽街1段北一女中(介壽公園側)",
				"備註": "嚴禁投入家用垃圾，違者重罰新臺幣6000元"
			}
		},
		{
			"type": "Feature",
			"geometry": {
				"type": "Point",
				"coordinates": [121.510344, 25.047319]
			},
			"properties": {
				"行政區": "中正區",
				"地址": "中華路1段5號",
				"備註": "嚴禁投入家用垃圾，違者重罰新臺幣6000元"
			}
		},
		{
			"type": "Feature",
			"geometry": {
				"type": "Point",
				"coordinates": [121.5204472, 25.03889409]
			},
			"properties": {
				"行政區": "中正區",
				"地址": "仁愛路1段2-4號東門國小側門",
				"備註": "嚴禁投入家用垃圾，違者重罰新臺幣6000元"
			}
		},
		{
			"type": "Feature",
			"geometry": {
				"type": "Point",
				"coordinates": [121.5212728, 25.03697343]
			},
			"properties": {
				"行政區": "中正區",
				"地址": "信義路1段南側(5號對面)(中正紀念堂)",
				"備註": "嚴禁投入家用垃圾，違者重罰新臺幣6000元"
			}
		},
		{
			"type": "Feature",
			"geometry": {
				"type": "Point",
				"coordinates": [121.5217602, 25.03270453]
			},
			"properties": {
				"行政區": "中正區",
				"地址": "愛國東路114號對面(中正紀念堂大孝門左側)",
				"備註": "嚴禁投入家用垃圾，違者重罰新臺幣6000元"
			}
		},
		{
			"type": "Feature",
			"geometry": {
				"type": "Point",
				"coordinates": [121.5190906, 25.03807615]
			},
			"properties": {
				"行政區": "中正區",
				"地址": "信義路1段(國家音樂廳入口處旁)",
				"備註": "嚴禁投入家用垃圾，違者重罰新臺幣6000元"
			}
		},
		{
			"type": "Feature",
			"geometry": {
				"type": "Point",
				"coordinates": [121.51712, 25.034755]
			},
			"properties": {
				"行政區": "中正區",
				"地址": "中山南路與愛國東路口(中正紀念堂5號出口)",
				"備註": "嚴禁投入家用垃圾，違者重罰新臺幣6000元"
			}
		},
		{
			"type": "Feature",
			"geometry": {
				"type": "Point",
				"coordinates": [121.517056, 25.036084]
			},
			"properties": {
				"行政區": "中正區",
				"地址": "中山南路21號(自由廣場)左側",
				"備註": "嚴禁投入家用垃圾，違者重罰新臺幣6000元"
			}
		},
		{
			"type": "Feature",
			"geometry": {
				"type": "Point",
				"coordinates": [121.5177131, 25.037956]
			},
			"properties": {
				"行政區": "中正區",
				"地址": "中山南路21號自由廣場右側(近貴陽街口公車站牌旁)",
				"備註": "嚴禁投入家用垃圾，違者重罰新臺幣6000元"
			}
		},
		{
			"type": "Feature",
			"geometry": {
				"type": "Point",
				"coordinates": [121.5173964, 25.0367203]
			},
			"properties": {
				"行政區": "中正區",
				"地址": "中山南路21號(自由廣場)右側",
				"備註": "嚴禁投入家用垃圾，違者重罰新臺幣6000元"
			}
		},
		{
			"type": "Feature",
			"geometry": {
				"type": "Point",
				"coordinates": [121.5219178, 25.03651314]
			},
			"properties": {
				"行政區": "中正區",
				"地址": "信義路1段南側(從林森南路口往紹興南街口)(中正紀念堂)",
				"備註": "嚴禁投入家用垃圾，違者重罰新臺幣6000元"
			}
		},
		{
			"type": "Feature",
			"geometry": {
				"type": "Point",
				"coordinates": [121.5197832, 25.03910491]
			},
			"properties": {
				"行政區": "中正區",
				"地址": "仁愛路1段1號台大醫學院正門左側",
				"備註": "嚴禁投入家用垃圾，違者重罰新臺幣6000元"
			}
		},
		{
			"type": "Feature",
			"geometry": {
				"type": "Point",
				"coordinates": [121.5185821, 25.03919547]
			},
			"properties": {
				"行政區": "中正區",
				"地址": "仁愛路1段1號",
				"備註": "嚴禁投入家用垃圾，違者重罰新臺幣6000元"
			}
		},
		{
			"type": "Feature",
			"geometry": {
				"type": "Point",
				"coordinates": [121.5223439, 25.03645417]
			},
			"properties": {
				"行政區": "中正區",
				"地址": "信義路1段南側(9號對面)(中正紀念堂)",
				"備註": "嚴禁投入家用垃圾，違者重罰新臺幣6000元"
			}
		},
		{
			"type": "Feature",
			"geometry": {
				"type": "Point",
				"coordinates": [121.520789, 25.037124]
			},
			"properties": {
				"行政區": "中正區",
				"地址": "信義路1段與林森南路交叉口(公車站內)南側",
				"備註": "嚴禁投入家用垃圾，違者重罰新臺幣6000元"
			}
		},
		{
			"type": "Feature",
			"geometry": {
				"type": "Point",
				"coordinates": [121.522731, 25.036035]
			},
			"properties": {
				"行政區": "中正區",
				"地址": "信義路1段(中正紀念堂大忠門左側)",
				"備註": "嚴禁投入家用垃圾，違者重罰新臺幣6000元"
			}
		},
		{
			"type": "Feature",
			"geometry": {
				"type": "Point",
				"coordinates": [121.519026, 25.038272]
			},
			"properties": {
				"行政區": "中正區",
				"地址": "信義路1段1號(張榮發基金會)",
				"備註": "嚴禁投入家用垃圾，違者重罰新臺幣6000元"
			}
		},
		{
			"type": "Feature",
			"geometry": {
				"type": "Point",
				"coordinates": [121.520885, 25.037352]
			},
			"properties": {
				"行政區": "中正區",
				"地址": "信義路1段與林森南路交叉口(公車站內)北側",
				"備註": "嚴禁投入家用垃圾，違者重罰新臺幣6000元"
			}
		},
		{
			"type": "Feature",
			"geometry": {
				"type": "Point",
				"coordinates": [121.5230638, 25.03725379]
			},
			"properties": {
				"行政區": "中正區",
				"地址": "紹興南街近仁愛路口(中正紀念堂)",
				"備註": "嚴禁投入家用垃圾，違者重罰新臺幣6000元"
			}
		},
		{
			"type": "Feature",
			"geometry": {
				"type": "Point",
				"coordinates": [121.523068, 25.037028]
			},
			"properties": {
				"行政區": "中正區",
				"地址": "紹興南街36巷口斜對面",
				"備註": "嚴禁投入家用垃圾，違者重罰新臺幣6000元"
			}
		},
		{
			"type": "Feature",
			"geometry": {
				"type": "Point",
				"coordinates": [121.5230638, 25.03725389]
			},
			"properties": {
				"行政區": "中正區",
				"地址": "紹興南街近信義路口(中正紀念堂)",
				"備註": "嚴禁投入家用垃圾，違者重罰新臺幣6000元"
			}
		},
		{
			"type": "Feature",
			"geometry": {
				"type": "Point",
				"coordinates": [121.523036, 25.036109]
			},
			"properties": {
				"行政區": "中正區",
				"地址": "信義路1段(中正紀念堂大忠門右側)",
				"備註": "嚴禁投入家用垃圾，違者重罰新臺幣6000元"
			}
		},
		{
			"type": "Feature",
			"geometry": {
				"type": "Point",
				"coordinates": [121.519788, 25.033785]
			},
			"properties": {
				"行政區": "中正區",
				"地址": "愛國東路78號對面公車站牌(中正紀念堂大孝門右側)",
				"備註": "嚴禁投入家用垃圾，違者重罰新臺幣6000元"
			}
		},
		{
			"type": "Feature",
			"geometry": {
				"type": "Point",
				"coordinates": [121.5241756, 25.0356541]
			},
			"properties": {
				"行政區": "中正區",
				"地址": "信義路1段21號與杭州南路1段交叉口(公車站內)南側",
				"備註": "嚴禁投入家用垃圾，違者重罰新臺幣6000元"
			}
		},
		{
			"type": "Feature",
			"geometry": {
				"type": "Point",
				"coordinates": [121.520626, 25.0389752]
			},
			"properties": {
				"行政區": "中正區",
				"地址": "仁愛路1段北側(停車場出入口)",
				"備註": "嚴禁投入家用垃圾，違者重罰新臺幣6000元"
			}
		},
		{
			"type": "Feature",
			"geometry": {
				"type": "Point",
				"coordinates": [121.523267, 25.036109]
			},
			"properties": {
				"行政區": "中正區",
				"地址": "信義路1段21號",
				"備註": "嚴禁投入家用垃圾，違者重罰新臺幣6000元"
			}
		},
		{
			"type": "Feature",
			"geometry": {
				"type": "Point",
				"coordinates": [121.517947, 25.038451]
			},
			"properties": {
				"行政區": "中正區",
				"地址": "信義路1段與中山南路口(中正紀念堂旁)",
				"備註": "嚴禁投入家用垃圾，違者重罰新臺幣6000元"
			}
		},
		{
			"type": "Feature",
			"geometry": {
				"type": "Point",
				"coordinates": [121.517701, 25.038746]
			},
			"properties": {
				"行政區": "中正區",
				"地址": "信義路1段1號北側與中山南路口(張榮發基金會前)",
				"備註": "嚴禁投入家用垃圾，違者重罰新臺幣6000元"
			}
		},
		{
			"type": "Feature",
			"geometry": {
				"type": "Point",
				"coordinates": [121.518236, 25.0390875]
			},
			"properties": {
				"行政區": "中正區",
				"地址": "仁愛路1段南側與中山南路口(張榮發基金會前)",
				"備註": "嚴禁投入家用垃圾，違者重罰新臺幣6000元"
			}
		},
		{
			"type": "Feature",
			"geometry": {
				"type": "Point",
				"coordinates": [121.519681, 25.037969]
			},
			"properties": {
				"行政區": "中正區",
				"地址": "信義路1段北側(東門國小後門旁)",
				"備註": "嚴禁投入家用垃圾，違者重罰新臺幣6000元"
			}
		},
		{
			"type": "Feature",
			"geometry": {
				"type": "Point",
				"coordinates": [121.520633, 25.037328]
			},
			"properties": {
				"行政區": "中正區",
				"地址": "信義路1段南側(中正紀念堂國家音樂廳車輛出入口)",
				"備註": "嚴禁投入家用垃圾，違者重罰新臺幣6000元"
			}
		},
		{
			"type": "Feature",
			"geometry": {
				"type": "Point",
				"coordinates": [121.51813, 25.038335]
			},
			"properties": {
				"行政區": "中正區",
				"地址": "信義路1段南側與中山南路口(中正紀念堂旁)",
				"備註": "嚴禁投入家用垃圾，違者重罰新臺幣6000元"
			}
		},
		{
			"type": "Feature",
			"geometry": {
				"type": "Point",
				"coordinates": [121.525838, 25.038014]
			},
			"properties": {
				"行政區": "中正區",
				"地址": "仁愛路2段3號公車站",
				"備註": "嚴禁投入家用垃圾，違者重罰新臺幣6000元"
			}
		},
		{
			"type": "Feature",
			"geometry": {
				"type": "Point",
				"coordinates": [121.5236713, 25.0384548]
			},
			"properties": {
				"行政區": "中正區",
				"地址": "仁愛路1段42號(公車站內)南側",
				"備註": "嚴禁投入家用垃圾，違者重罰新臺幣6000元"
			}
		},
		{
			"type": "Feature",
			"geometry": {
				"type": "Point",
				"coordinates": [121.52253, 25.038755]
			},
			"properties": {
				"行政區": "中正區",
				"地址": "仁愛路1段19號(仁愛派出所前)",
				"備註": "嚴禁投入家用垃圾，違者重罰新臺幣6000元"
			}
		},
		{
			"type": "Feature",
			"geometry": {
				"type": "Point",
				"coordinates": [121.521431, 25.038824]
			},
			"properties": {
				"行政區": "中正區",
				"地址": "仁愛路1段南側(東門國小公車站內)",
				"備註": "嚴禁投入家用垃圾，違者重罰新臺幣6000元"
			}
		},
		{
			"type": "Feature",
			"geometry": {
				"type": "Point",
				"coordinates": [121.521185, 25.038803]
			},
			"properties": {
				"行政區": "中正區",
				"地址": "仁愛路1段與林森南路口(公車站內)北側",
				"備註": "嚴禁投入家用垃圾，違者重罰新臺幣6000元"
			}
		},
		{
			"type": "Feature",
			"geometry": {
				"type": "Point",
				"coordinates": [121.521174, 25.038733]
			},
			"properties": {
				"行政區": "中正區",
				"地址": "仁愛路1段2之4號(東門國小前)",
				"備註": "嚴禁投入家用垃圾，違者重罰新臺幣6000元"
			}
		},
		{
			"type": "Feature",
			"geometry": {
				"type": "Point",
				"coordinates": [121.518409, 25.039116]
			},
			"properties": {
				"行政區": "中正區",
				"地址": "中山南路與仁愛路1段南側(台大公車站)",
				"備註": "嚴禁投入家用垃圾，違者重罰新臺幣6000元"
			}
		},
		{
			"type": "Feature",
			"geometry": {
				"type": "Point",
				"coordinates": [121.5186, 25.039204]
			},
			"properties": {
				"行政區": "中正區",
				"地址": "中山南路與仁愛路1段(公車站)北側",
				"備註": "嚴禁投入家用垃圾，違者重罰新臺幣6000元"
			}
		},
		{
			"type": "Feature",
			"geometry": {
				"type": "Point",
				"coordinates": [121.518073, 25.039575]
			},
			"properties": {
				"行政區": "中正區",
				"地址": "中山南路近仁愛路1段路口",
				"備註": "嚴禁投入家用垃圾，違者重罰新臺幣6000元"
			}
		},
		{
			"type": "Feature",
			"geometry": {
				"type": "Point",
				"coordinates": [121.5185757, 25.03914514]
			},
			"properties": {
				"行政區": "中正區",
				"地址": "仁愛路1段南側近中山南路口(張榮發基金會)",
				"備註": "嚴禁投入家用垃圾，違者重罰新臺幣6000元"
			}
		},
		{
			"type": "Feature",
			"geometry": {
				"type": "Point",
				"coordinates": [121.516752, 25.035169]
			},
			"properties": {
				"行政區": "中正區",
				"地址": "中山南路與愛國東路交叉口",
				"備註": "嚴禁投入家用垃圾，違者重罰新臺幣6000元"
			}
		},
		{
			"type": "Feature",
			"geometry": {
				"type": "Point",
				"coordinates": [121.518312, 25.040745]
			},
			"properties": {
				"行政區": "中正區",
				"地址": "中山南路臺大醫院前",
				"備註": "嚴禁投入家用垃圾，違者重罰新臺幣6000元"
			}
		},
		{
			"type": "Feature",
			"geometry": {
				"type": "Point",
				"coordinates": [121.518622, 25.041796]
			},
			"properties": {
				"行政區": "中正區",
				"地址": "中山南路與徐州路口",
				"備註": "嚴禁投入家用垃圾，違者重罰新臺幣6000元"
			}
		},
		{
			"type": "Feature",
			"geometry": {
				"type": "Point",
				"coordinates": [121.523386, 25.038293]
			},
			"properties": {
				"行政區": "中正區",
				"地址": "仁愛路與紹興南街口",
				"備註": "嚴禁投入家用垃圾，違者重罰新臺幣6000元"
			}
		},
		{
			"type": "Feature",
			"geometry": {
				"type": "Point",
				"coordinates": [121.5216761, 25.0453154]
			},
			"properties": {
				"行政區": "中正區",
				"地址": "忠孝東路與天津街口(警政署旁)",
				"備註": "嚴禁投入家用垃圾，違者重罰新臺幣6000元"
			}
		},
		{
			"type": "Feature",
			"geometry": {
				"type": "Point",
				"coordinates": [121.521804, 25.045736]
			},
			"properties": {
				"行政區": "中正區",
				"地址": "天津街電話亭旁",
				"備註": "嚴禁投入家用垃圾，違者重罰新臺幣6000元"
			}
		},
		{
			"type": "Feature",
			"geometry": {
				"type": "Point",
				"coordinates": [121.5222125, 25.0410245]
			},
			"properties": {
				"行政區": "中正區",
				"地址": "徐州路與林森南路口",
				"備註": "嚴禁投入家用垃圾，違者重罰新臺幣6000元"
			}
		},
		{
			"type": "Feature",
			"geometry": {
				"type": "Point",
				"coordinates": [121.519069, 25.0433495]
			},
			"properties": {
				"行政區": "中正區",
				"地址": "中山南路與濟南路1段教會前",
				"備註": "嚴禁投入家用垃圾，違者重罰新臺幣6000元"
			}
		},
		{
			"type": "Feature",
			"geometry": {
				"type": "Point",
				"coordinates": [121.5186727, 25.0419628]
			},
			"properties": {
				"行政區": "中正區",
				"地址": "中山南路1段5號(徐州路口)",
				"備註": "嚴禁投入家用垃圾，違者重罰新臺幣6000元"
			}
		},
		{
			"type": "Feature",
			"geometry": {
				"type": "Point",
				"coordinates": [121.519022, 25.0431942]
			},
			"properties": {
				"行政區": "中正區",
				"地址": "中山南路與濟南路口(教育部旁)",
				"備註": "嚴禁投入家用垃圾，違者重罰新臺幣6000元"
			}
		},
		{
			"type": "Feature",
			"geometry": {
				"type": "Point",
				"coordinates": [121.520487, 25.044203]
			},
			"properties": {
				"行政區": "中正區",
				"地址": "青島東路2號旁立法院週邊",
				"備註": "嚴禁投入家用垃圾，違者重罰新臺幣6000元"
			}
		},
		{
			"type": "Feature",
			"geometry": {
				"type": "Point",
				"coordinates": [121.5222779, 25.0451589]
			},
			"properties": {
				"行政區": "中正區",
				"地址": "忠孝東路1段警政署公用電話旁",
				"備註": "嚴禁投入家用垃圾，違者重罰新臺幣6000元"
			}
		},
		{
			"type": "Feature",
			"geometry": {
				"type": "Point",
				"coordinates": [121.5216325, 25.0451258]
			},
			"properties": {
				"行政區": "中正區",
				"地址": "忠孝東路與鎮江街口(喜來登旁)",
				"備註": "嚴禁投入家用垃圾，違者重罰新臺幣6000元"
			}
		},
		{
			"type": "Feature",
			"geometry": {
				"type": "Point",
				"coordinates": [121.5215674, 25.0451364]
			},
			"properties": {
				"行政區": "中正區",
				"地址": "忠孝東路10號前",
				"備註": "嚴禁投入家用垃圾，違者重罰新臺幣6000元"
			}
		},
		{
			"type": "Feature",
			"geometry": {
				"type": "Point",
				"coordinates": [121.5207111, 25.0453378]
			},
			"properties": {
				"行政區": "中正區",
				"地址": "忠孝東路1段2號(監察院前)",
				"備註": "嚴禁投入家用垃圾，違者重罰新臺幣6000元"
			}
		},
		{
			"type": "Feature",
			"geometry": {
				"type": "Point",
				"coordinates": [121.5203551, 25.0454198]
			},
			"properties": {
				"行政區": "中正區",
				"地址": "忠孝東路1段(監察院前)",
				"備註": "嚴禁投入家用垃圾，違者重罰新臺幣6000元"
			}
		},
		{
			"type": "Feature",
			"geometry": {
				"type": "Point",
				"coordinates": [121.5209737, 25.0427887]
			},
			"properties": {
				"行政區": "中正區",
				"地址": "濟南路1段與鎮江街口",
				"備註": "嚴禁投入家用垃圾，違者重罰新臺幣6000元"
			}
		},
		{
			"type": "Feature",
			"geometry": {
				"type": "Point",
				"coordinates": [121.5235439, 25.0455808]
			},
			"properties": {
				"行政區": "中正區",
				"地址": "林森北路警政署側門",
				"備註": "嚴禁投入家用垃圾，違者重罰新臺幣6000元"
			}
		},
		{
			"type": "Feature",
			"geometry": {
				"type": "Point",
				"coordinates": [121.519389, 25.044448]
			},
			"properties": {
				"行政區": "中正區",
				"地址": "中山南路與青島東路交叉口(立法院旁)",
				"備註": "嚴禁投入家用垃圾，違者重罰新臺幣6000元"
			}
		},
		{
			"type": "Feature",
			"geometry": {
				"type": "Point",
				"coordinates": [121.521919, 25.046156]
			},
			"properties": {
				"行政區": "中正區",
				"地址": "天津街警政署側門旁",
				"備註": "嚴禁投入家用垃圾，違者重罰新臺幣6000元"
			}
		},
		{
			"type": "Feature",
			"geometry": {
				"type": "Point",
				"coordinates": [121.52201, 25.046474]
			},
			"properties": {
				"行政區": "中正區",
				"地址": "天津街保六大門旁",
				"備註": "嚴禁投入家用垃圾，違者重罰新臺幣6000元"
			}
		},
		{
			"type": "Feature",
			"geometry": {
				"type": "Point",
				"coordinates": [121.5230276, 25.0449818]
			},
			"properties": {
				"行政區": "中正區",
				"地址": "忠孝東路善導寺捷運站1號出口",
				"備註": "嚴禁投入家用垃圾，違者重罰新臺幣6000元"
			}
		},
		{
			"type": "Feature",
			"geometry": {
				"type": "Point",
				"coordinates": [121.5236247, 25.0458539]
			},
			"properties": {
				"行政區": "中正區",
				"地址": "林森北路7號對面",
				"備註": "嚴禁投入家用垃圾，違者重罰新臺幣6000元"
			}
		},
		{
			"type": "Feature",
			"geometry": {
				"type": "Point",
				"coordinates": [121.52085, 25.04412]
			},
			"properties": {
				"行政區": "中正區",
				"地址": "青島東路立法院側門旁",
				"備註": "嚴禁投入家用垃圾，違者重罰新臺幣6000元"
			}
		},
		{
			"type": "Feature",
			"geometry": {
				"type": "Point",
				"coordinates": [121.521424, 25.044594]
			},
			"properties": {
				"行政區": "中正區",
				"地址": "鎮江街4號(監察院側門旁)",
				"備註": "嚴禁投入家用垃圾，違者重罰新臺幣6000元"
			}
		},
		{
			"type": "Feature",
			"geometry": {
				"type": "Point",
				"coordinates": [121.5197509, 25.0430904]
			},
			"properties": {
				"行政區": "中正區",
				"地址": "濟南路1段2號(台大校友餐廳前)",
				"備註": "嚴禁投入家用垃圾，違者重罰新臺幣6000元"
			}
		},
		{
			"type": "Feature",
			"geometry": {
				"type": "Point",
				"coordinates": [121.519563, 25.043213]
			},
			"properties": {
				"行政區": "中正區",
				"地址": "濟南路1段2號對面公車站牌",
				"備註": "嚴禁投入家用垃圾，違者重罰新臺幣6000元"
			}
		},
		{
			"type": "Feature",
			"geometry": {
				"type": "Point",
				"coordinates": [121.5204071, 25.0429318]
			},
			"properties": {
				"行政區": "中正區",
				"地址": "濟南路1段外交部領事局停車場入口旁",
				"備註": "嚴禁投入家用垃圾，違者重罰新臺幣6000元"
			}
		},
		{
			"type": "Feature",
			"geometry": {
				"type": "Point",
				"coordinates": [121.5204738, 25.0442395]
			},
			"properties": {
				"行政區": "中正區",
				"地址": "青島東路立法院1號會館旁天橋下",
				"備註": "嚴禁投入家用垃圾，違者重罰新臺幣6000元"
			}
		},
		{
			"type": "Feature",
			"geometry": {
				"type": "Point",
				"coordinates": [121.5237645, 25.0463432]
			},
			"properties": {
				"行政區": "中正區",
				"地址": "北平東路與林森北路口",
				"備註": "嚴禁投入家用垃圾，違者重罰新臺幣6000元"
			}
		},
		{
			"type": "Feature",
			"geometry": {
				"type": "Point",
				"coordinates": [121.521592, 25.042724]
			},
			"properties": {
				"行政區": "中正區",
				"地址": "濟南路1段5號",
				"備註": "嚴禁投入家用垃圾，違者重罰新臺幣6000元"
			}
		},
		{
			"type": "Feature",
			"geometry": {
				"type": "Point",
				"coordinates": [121.5195531, 25.0449226]
			},
			"properties": {
				"行政區": "中正區",
				"地址": "中山南路監察院邊",
				"備註": "嚴禁投入家用垃圾，違者重罰新臺幣6000元"
			}
		},
		{
			"type": "Feature",
			"geometry": {
				"type": "Point",
				"coordinates": [121.523223, 25.0464754]
			},
			"properties": {
				"行政區": "中正區",
				"地址": "北平東路稅捐稽徵處對面",
				"備註": "嚴禁投入家用垃圾，違者重罰新臺幣6000元"
			}
		},
		{
			"type": "Feature",
			"geometry": {
				"type": "Point",
				"coordinates": [121.52094, 25.044132]
			},
			"properties": {
				"行政區": "中正區",
				"地址": "青島東路立法院第三會館左側",
				"備註": "嚴禁投入家用垃圾，違者重罰新臺幣6000元"
			}
		},
		{
			"type": "Feature",
			"geometry": {
				"type": "Point",
				"coordinates": [121.5208734, 25.0413711]
			},
			"properties": {
				"行政區": "中正區",
				"地址": "徐州路15號",
				"備註": "嚴禁投入家用垃圾，違者重罰新臺幣6000元"
			}
		},
		{
			"type": "Feature",
			"geometry": {
				"type": "Point",
				"coordinates": [121.5215064, 25.041207]
			},
			"properties": {
				"行政區": "中正區",
				"地址": "徐州路台大宿舍對面",
				"備註": "嚴禁投入家用垃圾，違者重罰新臺幣6000元"
			}
		},
		{
			"type": "Feature",
			"geometry": {
				"type": "Point",
				"coordinates": [121.5220673, 25.0452394]
			},
			"properties": {
				"行政區": "中正區",
				"地址": "忠孝東路1段警政署左側",
				"備註": "嚴禁投入家用垃圾，違者重罰新臺幣6000元"
			}
		},
		{
			"type": "Feature",
			"geometry": {
				"type": "Point",
				"coordinates": [121.520286, 25.043035]
			},
			"properties": {
				"行政區": "中正區",
				"地址": "濟南路1段(立法院康園餐廳右側)",
				"備註": "嚴禁投入家用垃圾，違者重罰新臺幣6000元"
			}
		},
		{
			"type": "Feature",
			"geometry": {
				"type": "Point",
				"coordinates": [121.5196597, 25.0452959]
			},
			"properties": {
				"行政區": "中正區",
				"地址": "中山南路1段(監察院邊)",
				"備註": "嚴禁投入家用垃圾，違者重罰新臺幣6000元"
			}
		},
		{
			"type": "Feature",
			"geometry": {
				"type": "Point",
				"coordinates": [121.523381, 25.0464371]
			},
			"properties": {
				"行政區": "中正區",
				"地址": "北平東路警政署理髮廳",
				"備註": "嚴禁投入家用垃圾，違者重罰新臺幣6000元"
			}
		},
		{
			"type": "Feature",
			"geometry": {
				"type": "Point",
				"coordinates": [121.5221109, 25.04675]
			},
			"properties": {
				"行政區": "中正區",
				"地址": "北平東路台北國際藝術村對面",
				"備註": "嚴禁投入家用垃圾，違者重罰新臺幣6000元"
			}
		},
		{
			"type": "Feature",
			"geometry": {
				"type": "Point",
				"coordinates": [121.5237182, 25.0462135]
			},
			"properties": {
				"行政區": "中正區",
				"地址": "林森北路與北平東路口",
				"備註": "嚴禁投入家用垃圾，違者重罰新臺幣6000元"
			}
		},
		{
			"type": "Feature",
			"geometry": {
				"type": "Point",
				"coordinates": [121.5222346, 25.0410725]
			},
			"properties": {
				"行政區": "中正區",
				"地址": "林森南路與徐州路口",
				"備註": "嚴禁投入家用垃圾，違者重罰新臺幣6000元"
			}
		},
		{
			"type": "Feature",
			"geometry": {
				"type": "Point",
				"coordinates": [121.52088, 25.042896]
			},
			"properties": {
				"行政區": "中正區",
				"地址": "濟南路1段(立法院停車場入口旁)",
				"備註": "嚴禁投入家用垃圾，違者重罰新臺幣6000元"
			}
		},
		{
			"type": "Feature",
			"geometry": {
				"type": "Point",
				"coordinates": [121.5194482, 25.0445463]
			},
			"properties": {
				"行政區": "中正區",
				"地址": "中山南路與青島東路口(監察院旁)",
				"備註": "嚴禁投入家用垃圾，違者重罰新臺幣6000元"
			}
		},
		{
			"type": "Feature",
			"geometry": {
				"type": "Point",
				"coordinates": [121.520164, 25.046537]
			},
			"properties": {
				"行政區": "中正區",
				"地址": "中山北路1段20號對面",
				"備註": "嚴禁投入家用垃圾，違者重罰新臺幣6000元"
			}
		},
		{
			"type": "Feature",
			"geometry": {
				"type": "Point",
				"coordinates": [121.5217589, 25.0456003]
			},
			"properties": {
				"行政區": "中正區",
				"地址": "天津街1號義警大隊旁",
				"備註": "嚴禁投入家用垃圾，違者重罰新臺幣6000元"
			}
		},
		{
			"type": "Feature",
			"geometry": {
				"type": "Point",
				"coordinates": [121.520417, 25.04708]
			},
			"properties": {
				"行政區": "中正區",
				"地址": "中山北路與北平東路口",
				"備註": "嚴禁投入家用垃圾，違者重罰新臺幣6000元"
			}
		},
		{
			"type": "Feature",
			"geometry": {
				"type": "Point",
				"coordinates": [121.520608, 25.047111]
			},
			"properties": {
				"行政區": "中正區",
				"地址": "北平東路與中山北路口(消防隊對面)",
				"備註": "嚴禁投入家用垃圾，違者重罰新臺幣6000元"
			}
		},
		{
			"type": "Feature",
			"geometry": {
				"type": "Point",
				"coordinates": [121.52334, 25.044725]
			},
			"properties": {
				"行政區": "中正區",
				"地址": "林森北路善導寺1號出口後面",
				"備註": "嚴禁投入家用垃圾，違者重罰新臺幣6000元"
			}
		},
		{
			"type": "Feature",
			"geometry": {
				"type": "Point",
				"coordinates": [121.5194706, 25.0431526]
			},
			"properties": {
				"行政區": "中正區",
				"地址": "濟南路教育部員工消費合作社旁",
				"備註": "嚴禁投入家用垃圾，違者重罰新臺幣6000元"
			}
		},
		{
			"type": "Feature",
			"geometry": {
				"type": "Point",
				"coordinates": [121.52068, 25.0428634]
			},
			"properties": {
				"行政區": "中正區",
				"地址": "濟南路經濟部標準檢驗局旁",
				"備註": "嚴禁投入家用垃圾，違者重罰新臺幣6000元"
			}
		},
		{
			"type": "Feature",
			"geometry": {
				"type": "Point",
				"coordinates": [121.520137, 25.044318]
			},
			"properties": {
				"行政區": "中正區",
				"地址": "青島東路監察院側門",
				"備註": "嚴禁投入家用垃圾，違者重罰新臺幣6000元"
			}
		},
		{
			"type": "Feature",
			"geometry": {
				"type": "Point",
				"coordinates": [121.519705, 25.043177]
			},
			"properties": {
				"行政區": "中正區",
				"地址": "濟南路1段1號旁",
				"備註": "嚴禁投入家用垃圾，違者重罰新臺幣6000元"
			}
		},
		{
			"type": "Feature",
			"geometry": {
				"type": "Point",
				"coordinates": [121.521502, 25.044869]
			},
			"properties": {
				"行政區": "中正區",
				"地址": "鎮江街(監察院郵局前)",
				"備註": "嚴禁投入家用垃圾，違者重罰新臺幣6000元"
			}
		},
		{
			"type": "Feature",
			"geometry": {
				"type": "Point",
				"coordinates": [121.519387, 25.041766]
			},
			"properties": {
				"行政區": "中正區",
				"地址": "徐州路5號",
				"備註": "嚴禁投入家用垃圾，違者重罰新臺幣6000元"
			}
		},
		{
			"type": "Feature",
			"geometry": {
				"type": "Point",
				"coordinates": [121.520193, 25.041553]
			},
			"properties": {
				"行政區": "中正區",
				"地址": "徐州路9號",
				"備註": "嚴禁投入家用垃圾，違者重罰新臺幣6000元"
			}
		},
		{
			"type": "Feature",
			"geometry": {
				"type": "Point",
				"coordinates": [121.521347, 25.042736]
			},
			"properties": {
				"行政區": "中正區",
				"地址": "濟南路6號",
				"備註": "嚴禁投入家用垃圾，違者重罰新臺幣6000元"
			}
		},
		{
			"type": "Feature",
			"geometry": {
				"type": "Point",
				"coordinates": [121.518825, 25.026587]
			},
			"properties": {
				"行政區": "中正區",
				"地址": "和平西路與牯嶺街交差口",
				"備註": "嚴禁投入家用垃圾，違者重罰新臺幣6000元"
			}
		},
		{
			"type": "Feature",
			"geometry": {
				"type": "Point",
				"coordinates": [121.518759, 25.028872]
			},
			"properties": {
				"行政區": "中正區",
				"地址": "福州街14號(郵政醫院前)",
				"備註": "嚴禁投入家用垃圾，違者重罰新臺幣6000元"
			}
		},
		{
			"type": "Feature",
			"geometry": {
				"type": "Point",
				"coordinates": [121.519057, 25.031455]
			},
			"properties": {
				"行政區": "中正區",
				"地址": "羅斯福路1段28號前",
				"備註": "嚴禁投入家用垃圾，違者重罰新臺幣6000元"
			}
		},
		{
			"type": "Feature",
			"geometry": {
				"type": "Point",
				"coordinates": [121.520659, 25.029512]
			},
			"properties": {
				"行政區": "中正區",
				"地址": "羅斯福路2段1號前(公車候車亭)",
				"備註": "嚴禁投入家用垃圾，違者重罰新臺幣6000元"
			}
		},
		{
			"type": "Feature",
			"geometry": {
				"type": "Point",
				"coordinates": [121.517816, 25.033142]
			},
			"properties": {
				"行政區": "中正區",
				"地址": "羅斯福路1段6號前(中正紀念堂站1號出口)",
				"備註": "嚴禁投入家用垃圾，違者重罰新臺幣6000元"
			}
		},
		{
			"type": "Feature",
			"geometry": {
				"type": "Point",
				"coordinates": [121.515074, 25.034004]
			},
			"properties": {
				"行政區": "中正區",
				"地址": "南昌路1段4號",
				"備註": "嚴禁投入家用垃圾，違者重罰新臺幣6000元"
			}
		},
		{
			"type": "Feature",
			"geometry": {
				"type": "Point",
				"coordinates": [121.521798, 25.02778]
			},
			"properties": {
				"行政區": "中正區",
				"地址": "羅斯福路2段50號(對面公車站)",
				"備註": "嚴禁投入家用垃圾，違者重罰新臺幣6000元"
			}
		},
		{
			"type": "Feature",
			"geometry": {
				"type": "Point",
				"coordinates": [121.52139, 25.02862]
			},
			"properties": {
				"行政區": "中正區",
				"地址": "羅斯福路2段11號(郵筒旁)",
				"備註": "嚴禁投入家用垃圾，違者重罰新臺幣6000元"
			}
		},
		{
			"type": "Feature",
			"geometry": {
				"type": "Point",
				"coordinates": [121.514119, 25.032515]
			},
			"properties": {
				"行政區": "中正區",
				"地址": "重慶南路2段15號",
				"備註": "嚴禁投入家用垃圾，違者重罰新臺幣6000元"
			}
		},
		{
			"type": "Feature",
			"geometry": {
				"type": "Point",
				"coordinates": [121.515357, 25.033671]
			},
			"properties": {
				"行政區": "中正區",
				"地址": "南昌路1段8號",
				"備註": "嚴禁投入家用垃圾，違者重罰新臺幣6000元"
			}
		},
		{
			"type": "Feature",
			"geometry": {
				"type": "Point",
				"coordinates": [121.515636, 25.033304]
			},
			"properties": {
				"行政區": "中正區",
				"地址": "南昌路1段10巷口",
				"備註": "嚴禁投入家用垃圾，違者重罰新臺幣6000元"
			}
		},
		{
			"type": "Feature",
			"geometry": {
				"type": "Point",
				"coordinates": [121.515377, 25.033786]
			},
			"properties": {
				"行政區": "中正區",
				"地址": "南昌路1段1-1號",
				"備註": "嚴禁投入家用垃圾，違者重罰新臺幣6000元"
			}
		},
		{
			"type": "Feature",
			"geometry": {
				"type": "Point",
				"coordinates": [121.515759, 25.034651]
			},
			"properties": {
				"行政區": "中正區",
				"地址": "愛國西路2號",
				"備註": "嚴禁投入家用垃圾，違者重罰新臺幣6000元"
			}
		},
		{
			"type": "Feature",
			"geometry": {
				"type": "Point",
				"coordinates": [121.51747, 25.033671]
			},
			"properties": {
				"行政區": "中正區",
				"地址": "羅斯福路1段4號(勞保局)",
				"備註": "嚴禁投入家用垃圾，違者重罰新臺幣6000元"
			}
		},
		{
			"type": "Feature",
			"geometry": {
				"type": "Point",
				"coordinates": [121.519372, 25.031047]
			},
			"properties": {
				"行政區": "中正區",
				"地址": "羅斯福路1段48號前",
				"備註": "嚴禁投入家用垃圾，違者重罰新臺幣6000元"
			}
		},
		{
			"type": "Feature",
			"geometry": {
				"type": "Point",
				"coordinates": [121.520224, 25.029995]
			},
			"properties": {
				"行政區": "中正區",
				"地址": "羅斯福路1段102號(對面公車站)",
				"備註": "嚴禁投入家用垃圾，違者重罰新臺幣6000元"
			}
		},
		{
			"type": "Feature",
			"geometry": {
				"type": "Point",
				"coordinates": [121.518497, 25.032569]
			},
			"properties": {
				"行政區": "中正區",
				"地址": "羅斯福路1段27號",
				"備註": "嚴禁投入家用垃圾，違者重罰新臺幣6000元"
			}
		},
		{
			"type": "Feature",
			"geometry": {
				"type": "Point",
				"coordinates": [121.518865, 25.032073]
			},
			"properties": {
				"行政區": "中正區",
				"地址": "羅斯福路1段43號(捷運3號出口)",
				"備註": "嚴禁投入家用垃圾，違者重罰新臺幣6000元"
			}
		},
		{
			"type": "Feature",
			"geometry": {
				"type": "Point",
				"coordinates": [121.518084, 25.027834]
			},
			"properties": {
				"行政區": "中正區",
				"地址": "牯嶺街81巷口",
				"備註": "嚴禁投入家用垃圾，違者重罰新臺幣6000元"
			}
		},
		{
			"type": "Feature",
			"geometry": {
				"type": "Point",
				"coordinates": [121.52224, 25.02721]
			},
			"properties": {
				"行政區": "中正區",
				"地址": "羅斯福路2段74號前(捷運古亭站對面公車道)",
				"備註": "嚴禁投入家用垃圾，違者重罰新臺幣6000元"
			}
		},
		{
			"type": "Feature",
			"geometry": {
				"type": "Point",
				"coordinates": [121.517322, 25.034313]
			},
			"properties": {
				"行政區": "中正區",
				"地址": "羅斯福路1段1-1號",
				"備註": "嚴禁投入家用垃圾，違者重罰新臺幣6000元"
			}
		},
		{
			"type": "Feature",
			"geometry": {
				"type": "Point",
				"coordinates": [121.524291, 25.024506]
			},
			"properties": {
				"行政區": "中正區",
				"地址": "羅斯福路2段200號(公車站)-1",
				"備註": "嚴禁投入家用垃圾，違者重罰新臺幣6000元"
			}
		},
		{
			"type": "Feature",
			"geometry": {
				"type": "Point",
				"coordinates": [121.524412, 25.024346]
			},
			"properties": {
				"行政區": "中正區",
				"地址": "羅斯福路2段200號(公車站)-2",
				"備註": "嚴禁投入家用垃圾，違者重罰新臺幣6000元"
			}
		},
		{
			"type": "Feature",
			"geometry": {
				"type": "Point",
				"coordinates": [121.515796, 25.033454]
			},
			"properties": {
				"行政區": "中正區",
				"地址": "南昌路1段1號",
				"備註": "嚴禁投入家用垃圾，違者重罰新臺幣6000元"
			}
		},
		{
			"type": "Feature",
			"geometry": {
				"type": "Point",
				"coordinates": [121.518392, 25.028679]
			},
			"properties": {
				"行政區": "中正區",
				"地址": "福州街16號",
				"備註": "嚴禁投入家用垃圾，違者重罰新臺幣6000元"
			}
		},
		{
			"type": "Feature",
			"geometry": {
				"type": "Point",
				"coordinates": [121.526054, 25.022477]
			},
			"properties": {
				"行政區": "中正區",
				"地址": "羅斯福路3段62號(公車站)",
				"備註": "嚴禁投入家用垃圾，違者重罰新臺幣6000元"
			}
		},
		{
			"type": "Feature",
			"geometry": {
				"type": "Point",
				"coordinates": [121.519539, 25.029337]
			},
			"properties": {
				"行政區": "中正區",
				"地址": "福州街12號",
				"備註": "嚴禁投入家用垃圾，違者重罰新臺幣6000元"
			}
		},
		{
			"type": "Feature",
			"geometry": {
				"type": "Point",
				"coordinates": [121.516867, 25.027734]
			},
			"properties": {
				"行政區": "中正區",
				"地址": "福州街28號",
				"備註": "嚴禁投入家用垃圾，違者重罰新臺幣6000元"
			}
		},
		{
			"type": "Feature",
			"geometry": {
				"type": "Point",
				"coordinates": [121.517191, 25.027014]
			},
			"properties": {
				"行政區": "中正區",
				"地址": "和平西路1段109號",
				"備註": "嚴禁投入家用垃圾，違者重罰新臺幣6000元"
			}
		},
		{
			"type": "Feature",
			"geometry": {
				"type": "Point",
				"coordinates": [121.514231, 25.032325]
			},
			"properties": {
				"行政區": "中正區",
				"地址": "重慶南路2段23號",
				"備註": "嚴禁投入家用垃圾，違者重罰新臺幣6000元"
			}
		},
		{
			"type": "Feature",
			"geometry": {
				"type": "Point",
				"coordinates": [121.517815, 25.033631]
			},
			"properties": {
				"行政區": "中正區",
				"地址": "羅斯福路1段7號",
				"備註": "嚴禁投入家用垃圾，違者重罰新臺幣6000元"
			}
		},
		{
			"type": "Feature",
			"geometry": {
				"type": "Point",
				"coordinates": [121.513868, 25.032988]
			},
			"properties": {
				"行政區": "中正區",
				"地址": "重慶南路2段9號",
				"備註": "嚴禁投入家用垃圾，違者重罰新臺幣6000元"
			}
		},
		{
			"type": "Feature",
			"geometry": {
				"type": "Point",
				"coordinates": [121.517287, 25.027996]
			},
			"properties": {
				"行政區": "中正區",
				"地址": "福州街22號",
				"備註": "嚴禁投入家用垃圾，違者重罰新臺幣6000元"
			}
		},
		{
			"type": "Feature",
			"geometry": {
				"type": "Point",
				"coordinates": [121.511203, 25.031086]
			},
			"properties": {
				"行政區": "中正區",
				"地址": "南海路49號",
				"備註": "嚴禁投入家用垃圾，違者重罰新臺幣6000元"
			}
		},
		{
			"type": "Feature",
			"geometry": {
				"type": "Point",
				"coordinates": [121.512905, 25.031511]
			},
			"properties": {
				"行政區": "中正區",
				"地址": "南海路56號左側",
				"備註": "嚴禁投入家用垃圾，違者重罰新臺幣6000元"
			}
		},
		{
			"type": "Feature",
			"geometry": {
				"type": "Point",
				"coordinates": [121.513642, 25.031738]
			},
			"properties": {
				"行政區": "中正區",
				"地址": "南海路35號",
				"備註": "嚴禁投入家用垃圾，違者重罰新臺幣6000元"
			}
		},
		{
			"type": "Feature",
			"geometry": {
				"type": "Point",
				"coordinates": [121.5083928, 25.0363735]
			},
			"properties": {
				"行政區": "中正區",
				"地址": "愛國西路42巷口右側(公車站牌)",
				"備註": "嚴禁投入家用垃圾，違者重罰新臺幣6000元"
			}
		},
		{
			"type": "Feature",
			"geometry": {
				"type": "Point",
				"coordinates": [121.512432, 25.031509]
			},
			"properties": {
				"行政區": "中正區",
				"地址": "南海路41號",
				"備註": "嚴禁投入家用垃圾，違者重罰新臺幣6000元"
			}
		},
		{
			"type": "Feature",
			"geometry": {
				"type": "Point",
				"coordinates": [121.511965, 25.035124]
			},
			"properties": {
				"行政區": "中正區",
				"地址": "愛國西路16號(公車站旁)",
				"備註": "嚴禁投入家用垃圾，違者重罰新臺幣6000元"
			}
		},
		{
			"type": "Feature",
			"geometry": {
				"type": "Point",
				"coordinates": [121.51315, 25.033749]
			},
			"properties": {
				"行政區": "中正區",
				"地址": "重慶南路2段10號(公用電話旁)",
				"備註": "嚴禁投入家用垃圾，違者重罰新臺幣6000元"
			}
		},
		{
			"type": "Feature",
			"geometry": {
				"type": "Point",
				"coordinates": [121.513843, 25.032604]
			},
			"properties": {
				"行政區": "中正區",
				"地址": "重慶南路2段(中正二分局前)-1",
				"備註": "嚴禁投入家用垃圾，違者重罰新臺幣6000元"
			}
		},
		{
			"type": "Feature",
			"geometry": {
				"type": "Point",
				"coordinates": [121.5144444, 25.03166667]
			},
			"properties": {
				"行政區": "中正區",
				"地址": "南海路與重慶南路口(天橋上)",
				"備註": "嚴禁投入家用垃圾，違者重罰新臺幣6000元"
			}
		},
		{
			"type": "Feature",
			"geometry": {
				"type": "Point",
				"coordinates": [121.512824, 25.031585]
			},
			"properties": {
				"行政區": "中正區",
				"地址": "南海路39號",
				"備註": "嚴禁投入家用垃圾，違者重罰新臺幣6000元"
			}
		},
		{
			"type": "Feature",
			"geometry": {
				"type": "Point",
				"coordinates": [121.508572, 25.030945]
			},
			"properties": {
				"行政區": "中正區",
				"地址": "和平西路2段(植物園前)",
				"備註": "嚴禁投入家用垃圾，違者重罰新臺幣6000元"
			}
		},
		{
			"type": "Feature",
			"geometry": {
				"type": "Point",
				"coordinates": [121.50967, 25.030225]
			},
			"properties": {
				"行政區": "中正區",
				"地址": "和平西路2段100號右側-1",
				"備註": "嚴禁投入家用垃圾，違者重罰新臺幣6000元"
			}
		},
		{
			"type": "Feature",
			"geometry": {
				"type": "Point",
				"coordinates": [121.5124913, 25.03141458]
			},
			"properties": {
				"行政區": "中正區",
				"地址": "南海路56號(公車站旁)",
				"備註": "嚴禁投入家用垃圾，違者重罰新臺幣6000元"
			}
		},
		{
			"type": "Feature",
			"geometry": {
				"type": "Point",
				"coordinates": [121.5137795, 25.0327087]
			},
			"properties": {
				"行政區": "中正區",
				"地址": "重慶南路2段20巷口(農委會側門)",
				"備註": "嚴禁投入家用垃圾，違者重罰新臺幣6000元"
			}
		},
		{
			"type": "Feature",
			"geometry": {
				"type": "Point",
				"coordinates": [121.511541, 25.03522]
			},
			"properties": {
				"行政區": "中正區",
				"地址": "愛國西路小南門4號出口",
				"備註": "嚴禁投入家用垃圾，違者重罰新臺幣6000元"
			}
		},
		{
			"type": "Feature",
			"geometry": {
				"type": "Point",
				"coordinates": [121.5085009, 25.03009671]
			},
			"properties": {
				"行政區": "中正區",
				"地址": "三元街67號",
				"備註": "嚴禁投入家用垃圾，違者重罰新臺幣6000元"
			}
		},
		{
			"type": "Feature",
			"geometry": {
				"type": "Point",
				"coordinates": [121.509121, 25.030243]
			},
			"properties": {
				"行政區": "中正區",
				"地址": "南海路60號左側",
				"備註": "嚴禁投入家用垃圾，違者重罰新臺幣6000元"
			}
		},
		{
			"type": "Feature",
			"geometry": {
				"type": "Point",
				"coordinates": [121.513442, 25.033254]
			},
			"properties": {
				"行政區": "中正區",
				"地址": "重慶南路2段16號",
				"備註": "嚴禁投入家用垃圾，違者重罰新臺幣6000元"
			}
		},
		{
			"type": "Feature",
			"geometry": {
				"type": "Point",
				"coordinates": [121.5117776, 25.03118992]
			},
			"properties": {
				"行政區": "中正區",
				"地址": "南海路58號",
				"備註": "嚴禁投入家用垃圾，違者重罰新臺幣6000元"
			}
		},
		{
			"type": "Feature",
			"geometry": {
				"type": "Point",
				"coordinates": [121.513796, 25.031192]
			},
			"properties": {
				"行政區": "中正區",
				"地址": "泉州街1號旁",
				"備註": "嚴禁投入家用垃圾，違者重罰新臺幣6000元"
			}
		},
		{
			"type": "Feature",
			"geometry": {
				"type": "Point",
				"coordinates": [121.508276, 25.03095]
			},
			"properties": {
				"行政區": "中正區",
				"地址": "和平西路2段104巷口",
				"備註": "嚴禁投入家用垃圾，違者重罰新臺幣6000元"
			}
		},
		{
			"type": "Feature",
			"geometry": {
				"type": "Point",
				"coordinates": [121.514138, 25.032158]
			},
			"properties": {
				"行政區": "中正區",
				"地址": "重慶南路2段(中正二分局前)-2",
				"備註": "嚴禁投入家用垃圾，違者重罰新臺幣6000元"
			}
		},
		{
			"type": "Feature",
			"geometry": {
				"type": "Point",
				"coordinates": [121.510339, 25.029922]
			},
			"properties": {
				"行政區": "中正區",
				"地址": "和平西路2段100號左側-2",
				"備註": "嚴禁投入家用垃圾，違者重罰新臺幣6000元"
			}
		},
		{
			"type": "Feature",
			"geometry": {
				"type": "Point",
				"coordinates": [121.50889, 25.030643]
			},
			"properties": {
				"行政區": "中正區",
				"地址": "和平西路2段102號",
				"備註": "嚴禁投入家用垃圾，違者重罰新臺幣6000元"
			}
		},
		{
			"type": "Feature",
			"geometry": {
				"type": "Point",
				"coordinates": [121.528998, 25.012343]
			},
			"properties": {
				"行政區": "中正區",
				"地址": "思源街1號(自來水博物館-2)南區事業處尾區",
				"備註": "嚴禁投入家用垃圾，違者重罰新臺幣6000元"
			}
		},
		{
			"type": "Feature",
			"geometry": {
				"type": "Point",
				"coordinates": [121.527149, 25.017986]
			},
			"properties": {
				"行政區": "中正區",
				"地址": "汀州路3段8號(替代役中心)",
				"備註": "嚴禁投入家用垃圾，違者重罰新臺幣6000元"
			}
		},
		{
			"type": "Feature",
			"geometry": {
				"type": "Point",
				"coordinates": [121.530982, 25.013998]
			},
			"properties": {
				"行政區": "中正區",
				"地址": "思源街1號(自來水博物館-1)戲水池前",
				"備註": "嚴禁投入家用垃圾，違者重罰新臺幣6000元"
			}
		},
		{
			"type": "Feature",
			"geometry": {
				"type": "Point",
				"coordinates": [121.531405, 25.017525]
			},
			"properties": {
				"行政區": "中正區",
				"地址": "羅斯福路3段242號(公車候車亭)-1",
				"備註": "嚴禁投入家用垃圾，違者重罰新臺幣6000元"
			}
		},
		{
			"type": "Feature",
			"geometry": {
				"type": "Point",
				"coordinates": [121.531415, 25.017505]
			},
			"properties": {
				"行政區": "中正區",
				"地址": "羅斯福路3段242號(公車候車亭)-2",
				"備註": "嚴禁投入家用垃圾，違者重罰新臺幣6000元"
			}
		},
		{
			"type": "Feature",
			"geometry": {
				"type": "Point",
				"coordinates": [121.528658, 25.012007]
			},
			"properties": {
				"行政區": "中正區",
				"地址": "思源街1號(自來水博物館-3)南區事業處尾區",
				"備註": "嚴禁投入家用垃圾，違者重罰新臺幣6000元"
			}
		},
		{
			"type": "Feature",
			"geometry": {
				"type": "Point",
				"coordinates": [121.533914, 25.014972]
			},
			"properties": {
				"行政區": "中正區",
				"地址": "羅斯福路4段54號",
				"備註": "嚴禁投入家用垃圾，違者重罰新臺幣6000元"
			}
		},
		{
			"type": "Feature",
			"geometry": {
				"type": "Point",
				"coordinates": [121.535278, 25.012887]
			},
			"properties": {
				"行政區": "中正區",
				"地址": "汀州路3段261號",
				"備註": "嚴禁投入家用垃圾，違者重罰新臺幣6000元"
			}
		},
		{
			"type": "Feature",
			"geometry": {
				"type": "Point",
				"coordinates": [121.528521, 25.011898]
			},
			"properties": {
				"行政區": "中正區",
				"地址": "思源街1號(自來水博物館-4)南區事業處尾處",
				"備註": "嚴禁投入家用垃圾，違者重罰新臺幣6000元"
			}
		},
		{
			"type": "Feature",
			"geometry": {
				"type": "Point",
				"coordinates": [121.535672, 25.012258]
			},
			"properties": {
				"行政區": "中正區",
				"地址": "汀州路3段287號",
				"備註": "嚴禁投入家用垃圾，違者重罰新臺幣6000元"
			}
		},
		{
			"type": "Feature",
			"geometry": {
				"type": "Point",
				"coordinates": [121.534322, 25.014546]
			},
			"properties": {
				"行政區": "中正區",
				"地址": "羅斯福路4段68號",
				"備註": "嚴禁投入家用垃圾，違者重罰新臺幣6000元"
			}
		},
		{
			"type": "Feature",
			"geometry": {
				"type": "Point",
				"coordinates": [121.534494, 25.014418]
			},
			"properties": {
				"行政區": "中正區",
				"地址": "羅斯福路4段74號",
				"備註": "嚴禁投入家用垃圾，違者重罰新臺幣6000元"
			}
		},
		{
			"type": "Feature",
			"geometry": {
				"type": "Point",
				"coordinates": [121.531184, 25.014237]
			},
			"properties": {
				"行政區": "中正區",
				"地址": "思源街14號(7-11便利商店)",
				"備註": "嚴禁投入家用垃圾，違者重罰新臺幣6000元"
			}
		},
		{
			"type": "Feature",
			"geometry": {
				"type": "Point",
				"coordinates": [121.534623, 25.014354]
			},
			"properties": {
				"行政區": "中正區",
				"地址": "羅斯福路4段74號(公車候車亭)",
				"備註": "嚴禁投入家用垃圾，違者重罰新臺幣6000元"
			}
		},
		{
			"type": "Feature",
			"geometry": {
				"type": "Point",
				"coordinates": [121.536197, 25.012627]
			},
			"properties": {
				"行政區": "中正區",
				"地址": "羅斯福路4段152號",
				"備註": "嚴禁投入家用垃圾，違者重罰新臺幣6000元"
			}
		},
		{
			"type": "Feature",
			"geometry": {
				"type": "Point",
				"coordinates": [121.52897, 25.012321]
			},
			"properties": {
				"行政區": "中正區",
				"地址": "思源街3號義交大隊(門口處對面)",
				"備註": "嚴禁投入家用垃圾，違者重罰新臺幣6000元"
			}
		},
		{
			"type": "Feature",
			"geometry": {
				"type": "Point",
				"coordinates": [121.530214, 25.013552]
			},
			"properties": {
				"行政區": "中正區",
				"地址": "思源街16號(星巴克咖啡)",
				"備註": "嚴禁投入家用垃圾，違者重罰新臺幣6000元"
			}
		},
		{
			"type": "Feature",
			"geometry": {
				"type": "Point",
				"coordinates": [121.52907, 25.012414]
			},
			"properties": {
				"行政區": "中正區",
				"地址": "思源街1號(自來水博物館-7)南區事業處",
				"備註": "嚴禁投入家用垃圾，違者重罰新臺幣6000元"
			}
		},
		{
			"type": "Feature",
			"geometry": {
				"type": "Point",
				"coordinates": [121.535354, 25.01355]
			},
			"properties": {
				"行政區": "中正區",
				"地址": "羅斯福路4段106號(水源市場前)",
				"備註": "嚴禁投入家用垃圾，違者重罰新臺幣6000元"
			}
		},
		{
			"type": "Feature",
			"geometry": {
				"type": "Point",
				"coordinates": [121.52959, 25.012875]
			},
			"properties": {
				"行政區": "中正區",
				"地址": "思源街底youbike左側",
				"備註": "嚴禁投入家用垃圾，違者重罰新臺幣6000元"
			}
		},
		{
			"type": "Feature",
			"geometry": {
				"type": "Point",
				"coordinates": [121.535747, 25.011883]
			},
			"properties": {
				"行政區": "中正區",
				"地址": "汀州路3段297號",
				"備註": "嚴禁投入家用垃圾，違者重罰新臺幣6000元"
			}
		},
		{
			"type": "Feature",
			"geometry": {
				"type": "Point",
				"coordinates": [121.53001, 25.013392]
			},
			"properties": {
				"行政區": "中正區",
				"地址": "思源街18號",
				"備註": "嚴禁投入家用垃圾，違者重罰新臺幣6000元"
			}
		},
		{
			"type": "Feature",
			"geometry": {
				"type": "Point",
				"coordinates": [121.535849, 25.013029]
			},
			"properties": {
				"行政區": "中正區",
				"地址": "羅斯福路4段130號",
				"備註": "嚴禁投入家用垃圾，違者重罰新臺幣6000元"
			}
		},
		{
			"type": "Feature",
			"geometry": {
				"type": "Point",
				"coordinates": [121.535972, 25.012837]
			},
			"properties": {
				"行政區": "中正區",
				"地址": "羅斯福路4段142號",
				"備註": "嚴禁投入家用垃圾，違者重罰新臺幣6000元"
			}
		},
		{
			"type": "Feature",
			"geometry": {
				"type": "Point",
				"coordinates": [121.530512, 25.013614]
			},
			"properties": {
				"行政區": "中正區",
				"地址": "思源街1號(自來水博物館-5)南區事業處",
				"備註": "嚴禁投入家用垃圾，違者重罰新臺幣6000元"
			}
		},
		{
			"type": "Feature",
			"geometry": {
				"type": "Point",
				"coordinates": [121.533643, 25.015241]
			},
			"properties": {
				"行政區": "中正區",
				"地址": "羅斯福路4段44號",
				"備註": "嚴禁投入家用垃圾，違者重罰新臺幣6000元"
			}
		},
		{
			"type": "Feature",
			"geometry": {
				"type": "Point",
				"coordinates": [121.529567, 25.012868]
			},
			"properties": {
				"行政區": "中正區",
				"地址": "思源街1號(自來水博物館)南區事業處尾區8 ",
				"備註": "嚴禁投入家用垃圾，違者重罰新臺幣6000元"
			}
		},
		{
			"type": "Feature",
			"geometry": {
				"type": "Point",
				"coordinates": [121.530699, 25.013895]
			},
			"properties": {
				"行政區": "中正區",
				"地址": "思源街16號(禮客)前",
				"備註": "嚴禁投入家用垃圾，違者重罰新臺幣6000元"
			}
		},
		{
			"type": "Feature",
			"geometry": {
				"type": "Point",
				"coordinates": [121.529462, 25.012773]
			},
			"properties": {
				"行政區": "中正區",
				"地址": "思源街1號(自來水博物館-6)停車場入口",
				"備註": "嚴禁投入家用垃圾，違者重罰新臺幣6000元"
			}
		},
		{
			"type": "Feature",
			"geometry": {
				"type": "Point",
				"coordinates": [121.533556, 25.015386]
			},
			"properties": {
				"行政區": "中正區",
				"地址": "羅斯福路4段38號",
				"備註": "嚴禁投入家用垃圾，違者重罰新臺幣6000元"
			}
		},
		{
			"type": "Feature",
			"geometry": {
				"type": "Point",
				"coordinates": [121.534408, 25.014482]
			},
			"properties": {
				"行政區": "中正區",
				"地址": "羅斯福路4段70號之1",
				"備註": "嚴禁投入家用垃圾，違者重罰新臺幣6000元"
			}
		},
		{
			"type": "Feature",
			"geometry": {
				"type": "Point",
				"coordinates": [121.534627, 25.014333]
			},
			"properties": {
				"行政區": "中正區",
				"地址": "羅斯福路4段76",
				"備註": "嚴禁投入家用垃圾，違者重罰新臺幣6000元"
			}
		},
		{
			"type": "Feature",
			"geometry": {
				"type": "Point",
				"coordinates": [121.53574, 25.013213]
			},
			"properties": {
				"行政區": "中正區",
				"地址": "羅斯福路4段124號",
				"備註": "嚴禁投入家用垃圾，違者重罰新臺幣6000元"
			}
		},
		{
			"type": "Feature",
			"geometry": {
				"type": "Point",
				"coordinates": [121.54914, 25.04062]
			},
			"properties": {
				"行政區": "大安區",
				"地址": "敦化南路1段225號",
				"備註": "嚴禁投入家用垃圾，違者重罰新臺幣6000元"
			}
		},
		{
			"type": "Feature",
			"geometry": {
				"type": "Point",
				"coordinates": [121.555656, 25.037846]
			},
			"properties": {
				"行政區": "大安區",
				"地址": "仁愛路4段403號(站)",
				"備註": "嚴禁投入家用垃圾，違者重罰新臺幣6000元"
			}
		},
		{
			"type": "Feature",
			"geometry": {
				"type": "Point",
				"coordinates": [121.555129, 25.037984]
			},
			"properties": {
				"行政區": "大安區",
				"地址": "仁愛路4段387號",
				"備註": "嚴禁投入家用垃圾，違者重罰新臺幣6000元"
			}
		},
		{
			"type": "Feature",
			"geometry": {
				"type": "Point",
				"coordinates": [121.553102, 25.03802]
			},
			"properties": {
				"行政區": "大安區",
				"地址": "仁愛路4段325號",
				"備註": "嚴禁投入家用垃圾，違者重罰新臺幣6000元"
			}
		},
		{
			"type": "Feature",
			"geometry": {
				"type": "Point",
				"coordinates": [121.548586, 25.04268]
			},
			"properties": {
				"行政區": "大安區",
				"地址": "敦化南路1段188號",
				"備註": "嚴禁投入家用垃圾，違者重罰新臺幣6000元"
			}
		},
		{
			"type": "Feature",
			"geometry": {
				"type": "Point",
				"coordinates": [121.551633, 25.037942]
			},
			"properties": {
				"行政區": "大安區",
				"地址": "仁愛路4段151號(站)",
				"備註": "嚴禁投入家用垃圾，違者重罰新臺幣6000元"
			}
		},
		{
			"type": "Feature",
			"geometry": {
				"type": "Point",
				"coordinates": [121.550887, 25.038067]
			},
			"properties": {
				"行政區": "大安區",
				"地址": "仁愛路4段137號",
				"備註": "嚴禁投入家用垃圾，違者重罰新臺幣6000元"
			}
		},
		{
			"type": "Feature",
			"geometry": {
				"type": "Point",
				"coordinates": [121.548088, 25.038411]
			},
			"properties": {
				"行政區": "大安區",
				"地址": "仁愛路4段85號",
				"備註": "嚴禁投入家用垃圾，違者重罰新臺幣6000元"
			}
		},
		{
			"type": "Feature",
			"geometry": {
				"type": "Point",
				"coordinates": [121.547507, 25.038009]
			},
			"properties": {
				"行政區": "大安區",
				"地址": "仁愛路4段79號(站)",
				"備註": "嚴禁投入家用垃圾，違者重罰新臺幣6000元"
			}
		},
		{
			"type": "Feature",
			"geometry": {
				"type": "Point",
				"coordinates": [121.546244, 25.038164]
			},
			"properties": {
				"行政區": "大安區",
				"地址": "仁愛路4段37號",
				"備註": "嚴禁投入家用垃圾，違者重罰新臺幣6000元"
			}
		},
		{
			"type": "Feature",
			"geometry": {
				"type": "Point",
				"coordinates": [121.543921, 25.038073]
			},
			"properties": {
				"行政區": "大安區",
				"地址": "仁愛路4段3號(站)",
				"備註": "嚴禁投入家用垃圾，違者重罰新臺幣6000元"
			}
		},
		{
			"type": "Feature",
			"geometry": {
				"type": "Point",
				"coordinates": [121.543998, 25.038204]
			},
			"properties": {
				"行政區": "大安區",
				"地址": "仁愛路4段1號",
				"備註": "嚴禁投入家用垃圾，違者重罰新臺幣6000元"
			}
		},
		{
			"type": "Feature",
			"geometry": {
				"type": "Point",
				"coordinates": [121.549151, 25.042092]
			},
			"properties": {
				"行政區": "大安區",
				"地址": "敦化南路1段205號",
				"備註": "嚴禁投入家用垃圾，違者重罰新臺幣6000元"
			}
		},
		{
			"type": "Feature",
			"geometry": {
				"type": "Point",
				"coordinates": [121.54732, 25.041285]
			},
			"properties": {
				"行政區": "大安區",
				"地址": "忠孝東路4段124號",
				"備註": "嚴禁投入家用垃圾，違者重罰新臺幣6000元"
			}
		},
		{
			"type": "Feature",
			"geometry": {
				"type": "Point",
				"coordinates": [121.547824, 25.041386]
			},
			"properties": {
				"行政區": "大安區",
				"地址": "忠孝東路4段128號(公車)(狗便袋盒)",
				"備註": "嚴禁投入家用垃圾，違者重罰新臺幣6000元"
			}
		},
		{
			"type": "Feature",
			"geometry": {
				"type": "Point",
				"coordinates": [121.550338, 25.041345]
			},
			"properties": {
				"行政區": "大安區",
				"地址": "忠孝東路4段4號",
				"備註": "嚴禁投入家用垃圾，違者重罰新臺幣6000元"
			}
		},
		{
			"type": "Feature",
			"geometry": {
				"type": "Point",
				"coordinates": [121.552802, 25.041314]
			},
			"properties": {
				"行政區": "大安區",
				"地址": "忠孝東路4段122號(公車)",
				"備註": "嚴禁投入家用垃圾，違者重罰新臺幣6000元"
			}
		},
		{
			"type": "Feature",
			"geometry": {
				"type": "Point",
				"coordinates": [121.546952, 25.041708]
			},
			"properties": {
				"行政區": "大安區",
				"地址": "忠孝東路4段162號(公車)",
				"備註": "嚴禁投入家用垃圾，違者重罰新臺幣6000元"
			}
		},
		{
			"type": "Feature",
			"geometry": {
				"type": "Point",
				"coordinates": [121.556131, 25.041227]
			},
			"properties": {
				"行政區": "大安區",
				"地址": "忠孝東路4段212號",
				"備註": "嚴禁投入家用垃圾，違者重罰新臺幣6000元"
			}
		},
		{
			"type": "Feature",
			"geometry": {
				"type": "Point",
				"coordinates": [121.556227, 25.041501]
			},
			"properties": {
				"行政區": "大安區",
				"地址": "忠孝東路4段71號(公車)",
				"備註": "嚴禁投入家用垃圾，違者重罰新臺幣6000元"
			}
		},
		{
			"type": "Feature",
			"geometry": {
				"type": "Point",
				"coordinates": [121.552396, 25.041602]
			},
			"properties": {
				"行政區": "大安區",
				"地址": "忠孝東路4段300號",
				"備註": "嚴禁投入家用垃圾，違者重罰新臺幣6000元"
			}
		},
		{
			"type": "Feature",
			"geometry": {
				"type": "Point",
				"coordinates": [121.550184, 25.041643]
			},
			"properties": {
				"行政區": "大安區",
				"地址": "忠孝東路4段325號(公車)",
				"備註": "嚴禁投入家用垃圾，違者重罰新臺幣6000元"
			}
		},
		{
			"type": "Feature",
			"geometry": {
				"type": "Point",
				"coordinates": [121.546501, 25.041748]
			},
			"properties": {
				"行政區": "大安區",
				"地址": "忠孝東路4段59號",
				"備註": "嚴禁投入家用垃圾，違者重罰新臺幣6000元"
			}
		},
		{
			"type": "Feature",
			"geometry": {
				"type": "Point",
				"coordinates": [121.544096, 25.041771]
			},
			"properties": {
				"行政區": "大安區",
				"地址": "忠孝東路4段219號",
				"備註": "嚴禁投入家用垃圾，違者重罰新臺幣6000元"
			}
		},
		{
			"type": "Feature",
			"geometry": {
				"type": "Point",
				"coordinates": [121.549146, 25.042854]
			},
			"properties": {
				"行政區": "大安區",
				"地址": "忠孝東路4段167號(公車)",
				"備註": "嚴禁投入家用垃圾，違者重罰新臺幣6000元"
			}
		},
		{
			"type": "Feature",
			"geometry": {
				"type": "Point",
				"coordinates": [121.549132, 25.039254]
			},
			"properties": {
				"行政區": "大安區",
				"地址": "忠孝東路4段71號(公車)",
				"備註": "嚴禁投入家用垃圾，違者重罰新臺幣6000元"
			}
		},
		{
			"type": "Feature",
			"geometry": {
				"type": "Point",
				"coordinates": [121.548518, 25.042124]
			},
			"properties": {
				"行政區": "大安區",
				"地址": "忠孝東路4段3號",
				"備註": "嚴禁投入家用垃圾，違者重罰新臺幣6000元"
			}
		},
		{
			"type": "Feature",
			"geometry": {
				"type": "Point",
				"coordinates": [121.548739, 25.042349]
			},
			"properties": {
				"行政區": "大安區",
				"地址": "敦化南路1段179號(公車)",
				"備註": "嚴禁投入家用垃圾，違者重罰新臺幣6000元"
			}
		},
		{
			"type": "Feature",
			"geometry": {
				"type": "Point",
				"coordinates": [121.548503, 25.040943]
			},
			"properties": {
				"行政區": "大安區",
				"地址": "敦化南路1段245號(公車)",
				"備註": "嚴禁投入家用垃圾，違者重罰新臺幣6000元"
			}
		},
		{
			"type": "Feature",
			"geometry": {
				"type": "Point",
				"coordinates": [121.548718, 25.039014]
			},
			"properties": {
				"行政區": "大安區",
				"地址": "敦化南路1段200號",
				"備註": "嚴禁投入家用垃圾，違者重罰新臺幣6000元"
			}
		},
		{
			"type": "Feature",
			"geometry": {
				"type": "Point",
				"coordinates": [121.548544, 25.039079]
			},
			"properties": {
				"行政區": "大安區",
				"地址": "敦化南路1段200號(站)",
				"備註": "嚴禁投入家用垃圾，違者重罰新臺幣6000元"
			}
		},
		{
			"type": "Feature",
			"geometry": {
				"type": "Point",
				"coordinates": [121.547569, 25.041382]
			},
			"properties": {
				"行政區": "大安區",
				"地址": "敦化南路1段226號(狗便袋盒)",
				"備註": "嚴禁投入家用垃圾，違者重罰新臺幣6000元"
			}
		},
		{
			"type": "Feature",
			"geometry": {
				"type": "Point",
				"coordinates": [121.546509, 25.041419]
			},
			"properties": {
				"行政區": "大安區",
				"地址": "敦化南路1段262號(站)",
				"備註": "嚴禁投入家用垃圾，違者重罰新臺幣6000元"
			}
		},
		{
			"type": "Feature",
			"geometry": {
				"type": "Point",
				"coordinates": [121.545806, 25.041729]
			},
			"properties": {
				"行政區": "大安區",
				"地址": "敦化南路1段262號右",
				"備註": "嚴禁投入家用垃圾，違者重罰新臺幣6000元"
			}
		},
		{
			"type": "Feature",
			"geometry": {
				"type": "Point",
				"coordinates": [121.554768, 25.041269]
			},
			"properties": {
				"行政區": "大安區",
				"地址": "忠孝東路4段270號",
				"備註": "嚴禁投入家用垃圾，違者重罰新臺幣6000元"
			}
		},
		{
			"type": "Feature",
			"geometry": {
				"type": "Point",
				"coordinates": [121.553135, 25.037909]
			},
			"properties": {
				"行政區": "大安區",
				"地址": "仁愛路4段325號(站)",
				"備註": "嚴禁投入家用垃圾，違者重罰新臺幣6000元"
			}
		},
		{
			"type": "Feature",
			"geometry": {
				"type": "Point",
				"coordinates": [121.55695, 25.04149]
			},
			"properties": {
				"行政區": "大安區",
				"地址": "忠孝東路4段329號",
				"備註": "嚴禁投入家用垃圾，違者重罰新臺幣6000元"
			}
		},
		{
			"type": "Feature",
			"geometry": {
				"type": "Point",
				"coordinates": [121.537895, 25.040532]
			},
			"properties": {
				"行政區": "大安區",
				"地址": "建國南路1段177號旁",
				"備註": "嚴禁投入家用垃圾，違者重罰新臺幣6000元"
			}
		},
		{
			"type": "Feature",
			"geometry": {
				"type": "Point",
				"coordinates": [121.533023, 25.03839]
			},
			"properties": {
				"行政區": "大安區",
				"地址": "仁愛路3段1號",
				"備註": "嚴禁投入家用垃圾，違者重罰新臺幣6000元"
			}
		},
		{
			"type": "Feature",
			"geometry": {
				"type": "Point",
				"coordinates": [121.543488, 25.037847]
			},
			"properties": {
				"行政區": "大安區",
				"地址": "仁愛路3段160號對面公車道",
				"備註": "嚴禁投入家用垃圾，違者重罰新臺幣6000元"
			}
		},
		{
			"type": "Feature",
			"geometry": {
				"type": "Point",
				"coordinates": [121.5344728, 25.03800831]
			},
			"properties": {
				"行政區": "大安區",
				"地址": "仁愛路3段22號(二)",
				"備註": "嚴禁投入家用垃圾，違者重罰新臺幣6000元"
			}
		},
		{
			"type": "Feature",
			"geometry": {
				"type": "Point",
				"coordinates": [121.534435, 25.03773127]
			},
			"properties": {
				"行政區": "大安區",
				"地址": "仁愛路3段22號右側",
				"備註": "嚴禁投入家用垃圾，違者重罰新臺幣6000元"
			}
		},
		{
			"type": "Feature",
			"geometry": {
				"type": "Point",
				"coordinates": [121.534262, 25.038019]
			},
			"properties": {
				"行政區": "大安區",
				"地址": "仁愛路3段22號(一)",
				"備註": "嚴禁投入家用垃圾，違者重罰新臺幣6000元"
			}
		},
		{
			"type": "Feature",
			"geometry": {
				"type": "Point",
				"coordinates": [121.536925, 25.038001]
			},
			"properties": {
				"行政區": "大安區",
				"地址": "仁愛路3段32號對面公車道(一)",
				"備註": "嚴禁投入家用垃圾，違者重罰新臺幣6000元"
			}
		},
		{
			"type": "Feature",
			"geometry": {
				"type": "Point",
				"coordinates": [121.541177, 25.038473]
			},
			"properties": {
				"行政區": "大安區",
				"地址": "仁愛路3段119號旁",
				"備註": "嚴禁投入家用垃圾，違者重罰新臺幣6000元"
			}
		},
		{
			"type": "Feature",
			"geometry": {
				"type": "Point",
				"coordinates": [121.5434511, 25.03774521]
			},
			"properties": {
				"行政區": "大安區",
				"地址": "仁愛路3段160號",
				"備註": "嚴禁投入家用垃圾，違者重罰新臺幣6000元"
			}
		},
		{
			"type": "Feature",
			"geometry": {
				"type": "Point",
				"coordinates": [121.5397038, 25.03816844]
			},
			"properties": {
				"行政區": "大安區",
				"地址": "仁愛路3段55號對面公車道(一)",
				"備註": "嚴禁投入家用垃圾，違者重罰新臺幣6000元"
			}
		},
		{
			"type": "Feature",
			"geometry": {
				"type": "Point",
				"coordinates": [121.5394825, 25.03815264]
			},
			"properties": {
				"行政區": "大安區",
				"地址": "仁愛路3段55號對面公車道(二)",
				"備註": "嚴禁投入家用垃圾，違者重罰新臺幣6000元"
			}
		},
		{
			"type": "Feature",
			"geometry": {
				"type": "Point",
				"coordinates": [121.5331187, 25.03828924]
			},
			"properties": {
				"行政區": "大安區",
				"地址": "仁愛路3段1號對面公車道",
				"備註": "嚴禁投入家用垃圾，違者重罰新臺幣6000元"
			}
		},
		{
			"type": "Feature",
			"geometry": {
				"type": "Point",
				"coordinates": [121.5349131, 25.03826737]
			},
			"properties": {
				"行政區": "大安區",
				"地址": "仁愛路3段29號對面公車道(二)",
				"備註": "嚴禁投入家用垃圾，違者重罰新臺幣6000元"
			}
		},
		{
			"type": "Feature",
			"geometry": {
				"type": "Point",
				"coordinates": [121.534459, 25.033718]
			},
			"properties": {
				"行政區": "大安區",
				"地址": "信義路3段27號前",
				"備註": "嚴禁投入家用垃圾，違者重罰新臺幣6000元"
			}
		},
		{
			"type": "Feature",
			"geometry": {
				"type": "Point",
				"coordinates": [121.5417636, 25.03360478]
			},
			"properties": {
				"行政區": "大安區",
				"地址": "信義路3段147巷口",
				"備註": "嚴禁投入家用垃圾，違者重罰新臺幣6000元"
			}
		},
		{
			"type": "Feature",
			"geometry": {
				"type": "Point",
				"coordinates": [121.532961, 25.04515341]
			},
			"properties": {
				"行政區": "大安區",
				"地址": "新生北路1段7號",
				"備註": "嚴禁投入家用垃圾，違者重罰新臺幣6000元"
			}
		},
		{
			"type": "Feature",
			"geometry": {
				"type": "Point",
				"coordinates": [121.532961, 25.04211585]
			},
			"properties": {
				"行政區": "大安區",
				"地址": "新生南路1段85號",
				"備註": "嚴禁投入家用垃圾，違者重罰新臺幣6000元"
			}
		},
		{
			"type": "Feature",
			"geometry": {
				"type": "Point",
				"coordinates": [121.5408729, 25.03788722]
			},
			"properties": {
				"行政區": "大安區",
				"地址": "仁愛路3段136號對面公車道",
				"備註": "嚴禁投入家用垃圾，違者重罰新臺幣6000元"
			}
		},
		{
			"type": "Feature",
			"geometry": {
				"type": "Point",
				"coordinates": [121.5328913, 25.03788255]
			},
			"properties": {
				"行政區": "大安區",
				"地址": "新生南路1段131號對面公車道",
				"備註": "嚴禁投入家用垃圾，違者重罰新臺幣6000元"
			}
		},
		{
			"type": "Feature",
			"geometry": {
				"type": "Point",
				"coordinates": [121.533094, 25.0378867]
			},
			"properties": {
				"行政區": "大安區",
				"地址": "仁愛路3段2號",
				"備註": "嚴禁投入家用垃圾，違者重罰新臺幣6000元"
			}
		},
		{
			"type": "Feature",
			"geometry": {
				"type": "Point",
				"coordinates": [121.539158, 25.038479]
			},
			"properties": {
				"行政區": "大安區",
				"地址": "仁愛路3段55號",
				"備註": "嚴禁投入家用垃圾，違者重罰新臺幣6000元"
			}
		},
		{
			"type": "Feature",
			"geometry": {
				"type": "Point",
				"coordinates": [121.53839, 25.03898]
			},
			"properties": {
				"行政區": "大安區",
				"地址": "建國南路南往北空總旁",
				"備註": "嚴禁投入家用垃圾，違者重罰新臺幣6000元"
			}
		},
		{
			"type": "Feature",
			"geometry": {
				"type": "Point",
				"coordinates": [121.5375184, 25.03424724]
			},
			"properties": {
				"行政區": "大安區",
				"地址": "建國南路1段340號前",
				"備註": "嚴禁投入家用垃圾，違者重罰新臺幣6000元"
			}
		},
		{
			"type": "Feature",
			"geometry": {
				"type": "Point",
				"coordinates": [121.5348916, 25.03826615]
			},
			"properties": {
				"行政區": "大安區",
				"地址": "仁愛路3段29號對面公車道(一)",
				"備註": "嚴禁投入家用垃圾，違者重罰新臺幣6000元"
			}
		},
		{
			"type": "Feature",
			"geometry": {
				"type": "Point",
				"coordinates": [121.5435851, 25.04228834]
			},
			"properties": {
				"行政區": "大安區",
				"地址": "復興南路1段156號",
				"備註": "嚴禁投入家用垃圾，違者重罰新臺幣6000元"
			}
		},
		{
			"type": "Feature",
			"geometry": {
				"type": "Point",
				"coordinates": [121.5435741, 25.03961777]
			},
			"properties": {
				"行政區": "大安區",
				"地址": "復興南路1段204號",
				"備註": "嚴禁投入家用垃圾，違者重罰新臺幣6000元"
			}
		},
		{
			"type": "Feature",
			"geometry": {
				"type": "Point",
				"coordinates": [121.5367913, 25.03800523]
			},
			"properties": {
				"行政區": "大安區",
				"地址": "仁愛路3段32號對面公車道(二)",
				"備註": "嚴禁投入家用垃圾，違者重罰新臺幣6000元"
			}
		},
		{
			"type": "Feature",
			"geometry": {
				"type": "Point",
				"coordinates": [121.5434824, 25.0369018]
			},
			"properties": {
				"行政區": "大安區",
				"地址": "復興南路1段318號",
				"備註": "嚴禁投入家用垃圾，違者重罰新臺幣6000元"
			}
		},
		{
			"type": "Feature",
			"geometry": {
				"type": "Point",
				"coordinates": [121.5490461, 25.0276764]
			},
			"properties": {
				"行政區": "大安區",
				"地址": "敦化南路2段成功國宅公車站前10公尺",
				"備註": "嚴禁投入家用垃圾，違者重罰新臺幣6000元"
			}
		},
		{
			"type": "Feature",
			"geometry": {
				"type": "Point",
				"coordinates": [121.549089, 25.031937]
			},
			"properties": {
				"行政區": "大安區",
				"地址": "敦化南路2段37巷口(平安公園前公車站)",
				"備註": "嚴禁投入家用垃圾，違者重罰新臺幣6000元"
			}
		},
		{
			"type": "Feature",
			"geometry": {
				"type": "Point",
				"coordinates": [121.549121, 25.035153]
			},
			"properties": {
				"行政區": "大安區",
				"地址": "敦化南路1段303-1號",
				"備註": "嚴禁投入家用垃圾，違者重罰新臺幣6000元"
			}
		},
		{
			"type": "Feature",
			"geometry": {
				"type": "Point",
				"coordinates": [121.5490388, 25.0357986]
			},
			"properties": {
				"行政區": "大安區",
				"地址": "敦化南路1段281號",
				"備註": "嚴禁投入家用垃圾，違者重罰新臺幣6000元"
			}
		},
		{
			"type": "Feature",
			"geometry": {
				"type": "Point",
				"coordinates": [121.5490216, 25.0335004]
			},
			"properties": {
				"行政區": "大安區",
				"地址": "敦化南路1段337號前",
				"備註": "嚴禁投入家用垃圾，違者重罰新臺幣6000元"
			}
		},
		{
			"type": "Feature",
			"geometry": {
				"type": "Point",
				"coordinates": [121.5513082, 25.0375262]
			},
			"properties": {
				"行政區": "大安區",
				"地址": "仁愛路4段130號旁",
				"備註": "嚴禁投入家用垃圾，違者重罰新臺幣6000元"
			}
		},
		{
			"type": "Feature",
			"geometry": {
				"type": "Point",
				"coordinates": [121.550684, 25.0376584]
			},
			"properties": {
				"行政區": "大安區",
				"地址": "仁愛路4段130號公車站牌",
				"備註": "嚴禁投入家用垃圾，違者重罰新臺幣6000元"
			}
		},
		{
			"type": "Feature",
			"geometry": {
				"type": "Point",
				"coordinates": [121.551597, 25.037597]
			},
			"properties": {
				"行政區": "大安區",
				"地址": "仁愛路4段222巷內人行道",
				"備註": "嚴禁投入家用垃圾，違者重罰新臺幣6000元"
			}
		},
		{
			"type": "Feature",
			"geometry": {
				"type": "Point",
				"coordinates": [121.5524225, 25.0376012]
			},
			"properties": {
				"行政區": "大安區",
				"地址": "仁愛路4段266巷口公車站牌",
				"備註": "嚴禁投入家用垃圾，違者重罰新臺幣6000元"
			}
		},
		{
			"type": "Feature",
			"geometry": {
				"type": "Point",
				"coordinates": [121.5536778, 25.0375768]
			},
			"properties": {
				"行政區": "大安區",
				"地址": "仁愛路4段296號",
				"備註": "嚴禁投入家用垃圾，違者重罰新臺幣6000元"
			}
		},
		{
			"type": "Feature",
			"geometry": {
				"type": "Point",
				"coordinates": [121.554981, 25.037608]
			},
			"properties": {
				"行政區": "大安區",
				"地址": "仁愛路4段314號公車站牌",
				"備註": "嚴禁投入家用垃圾，違者重罰新臺幣6000元"
			}
		},
		{
			"type": "Feature",
			"geometry": {
				"type": "Point",
				"coordinates": [121.556346, 25.03742947]
			},
			"properties": {
				"行政區": "大安區",
				"地址": "仁愛路4段388號",
				"備註": "嚴禁投入家用垃圾，違者重罰新臺幣6000元"
			}
		},
		{
			"type": "Feature",
			"geometry": {
				"type": "Point",
				"coordinates": [121.5572633, 25.0375245]
			},
			"properties": {
				"行政區": "大安區",
				"地址": "仁愛路4段416號(公車站牌前)",
				"備註": "嚴禁投入家用垃圾，違者重罰新臺幣6000元"
			}
		},
		{
			"type": "Feature",
			"geometry": {
				"type": "Point",
				"coordinates": [121.5491468, 25.0246271]
			},
			"properties": {
				"行政區": "大安區",
				"地址": "和平東路3段63號",
				"備註": "嚴禁投入家用垃圾，違者重罰新臺幣6000元"
			}
		},
		{
			"type": "Feature",
			"geometry": {
				"type": "Point",
				"coordinates": [121.550123, 25.024626]
			},
			"properties": {
				"行政區": "大安區",
				"地址": "和平東路3段85號",
				"備註": "嚴禁投入家用垃圾，違者重罰新臺幣6000元"
			}
		},
		{
			"type": "Feature",
			"geometry": {
				"type": "Point",
				"coordinates": [121.5514396, 25.0245154]
			},
			"properties": {
				"行政區": "大安區",
				"地址": "和平東路3段113號",
				"備註": "嚴禁投入家用垃圾，違者重罰新臺幣6000元"
			}
		},
		{
			"type": "Feature",
			"geometry": {
				"type": "Point",
				"coordinates": [121.5547485, 25.0263776]
			},
			"properties": {
				"行政區": "大安區",
				"地址": "基隆路2段176號",
				"備註": "嚴禁投入家用垃圾，違者重罰新臺幣6000元"
			}
		},
		{
			"type": "Feature",
			"geometry": {
				"type": "Point",
				"coordinates": [121.5523623, 25.0311676]
			},
			"properties": {
				"行政區": "大安區",
				"地址": "安和路2段50號",
				"備註": "嚴禁投入家用垃圾，違者重罰新臺幣6000元"
			}
		},
		{
			"type": "Feature",
			"geometry": {
				"type": "Point",
				"coordinates": [121.5504062, 25.0287558]
			},
			"properties": {
				"行政區": "大安區",
				"地址": "安和路2段92號",
				"備註": "嚴禁投入家用垃圾，違者重罰新臺幣6000元"
			}
		},
		{
			"type": "Feature",
			"geometry": {
				"type": "Point",
				"coordinates": [121.549885, 25.026167]
			},
			"properties": {
				"行政區": "大安區",
				"地址": "安和路2段150號遠企後門",
				"備註": "嚴禁投入家用垃圾，違者重罰新臺幣6000元"
			}
		},
		{
			"type": "Feature",
			"geometry": {
				"type": "Point",
				"coordinates": [121.550402, 25.028535]
			},
			"properties": {
				"行政區": "大安區",
				"地址": "安和路2段151號",
				"備註": "嚴禁投入家用垃圾，違者重罰新臺幣6000元"
			}
		},
		{
			"type": "Feature",
			"geometry": {
				"type": "Point",
				"coordinates": [121.5501715, 25.0255531]
			},
			"properties": {
				"行政區": "大安區",
				"地址": "安和路2段225號",
				"備註": "嚴禁投入家用垃圾，違者重罰新臺幣6000元"
			}
		},
		{
			"type": "Feature",
			"geometry": {
				"type": "Point",
				"coordinates": [121.5498892, 25.026151]
			},
			"properties": {
				"行政區": "大安區",
				"地址": "安和路2段遠企旁綠地前",
				"備註": "嚴禁投入家用垃圾，違者重罰新臺幣6000元"
			}
		},
		{
			"type": "Feature",
			"geometry": {
				"type": "Point",
				"coordinates": [121.5520791, 25.0365639]
			},
			"properties": {
				"行政區": "大安區",
				"地址": "安和路1段仁愛國小旁",
				"備註": "嚴禁投入家用垃圾，違者重罰新臺幣6000元"
			}
		},
		{
			"type": "Feature",
			"geometry": {
				"type": "Point",
				"coordinates": [121.557343, 25.032805]
			},
			"properties": {
				"行政區": "大安區",
				"地址": "光復南路602號",
				"備註": "嚴禁投入家用垃圾，違者重罰新臺幣6000元"
			}
		},
		{
			"type": "Feature",
			"geometry": {
				"type": "Point",
				"coordinates": [121.549382, 25.033359]
			},
			"properties": {
				"行政區": "大安區",
				"地址": "信義路4段137號",
				"備註": "嚴禁投入家用垃圾，違者重罰新臺幣6000元"
			}
		},
		{
			"type": "Feature",
			"geometry": {
				"type": "Point",
				"coordinates": [121.551549, 25.033057]
			},
			"properties": {
				"行政區": "大安區",
				"地址": "信義路4段186巷口",
				"備註": "嚴禁投入家用垃圾，違者重罰新臺幣6000元"
			}
		},
		{
			"type": "Feature",
			"geometry": {
				"type": "Point",
				"coordinates": [121.552074, 25.033065]
			},
			"properties": {
				"行政區": "大安區",
				"地址": "信義路4段214號",
				"備註": "嚴禁投入家用垃圾，違者重罰新臺幣6000元"
			}
		},
		{
			"type": "Feature",
			"geometry": {
				"type": "Point",
				"coordinates": [121.552649, 25.033282]
			},
			"properties": {
				"行政區": "大安區",
				"地址": "信義路4段225號",
				"備註": "嚴禁投入家用垃圾，違者重罰新臺幣6000元"
			}
		},
		{
			"type": "Feature",
			"geometry": {
				"type": "Point",
				"coordinates": [121.554998, 25.033296]
			},
			"properties": {
				"行政區": "大安區",
				"地址": "信義路4段285號",
				"備註": "嚴禁投入家用垃圾，違者重罰新臺幣6000元"
			}
		},
		{
			"type": "Feature",
			"geometry": {
				"type": "Point",
				"coordinates": [121.555644, 25.033012]
			},
			"properties": {
				"行政區": "大安區",
				"地址": "信義路4段374號",
				"備註": "嚴禁投入家用垃圾，違者重罰新臺幣6000元"
			}
		},
		{
			"type": "Feature",
			"geometry": {
				"type": "Point",
				"coordinates": [121.555799, 25.032966]
			},
			"properties": {
				"行政區": "大安區",
				"地址": "信義路4段378巷口",
				"備註": "嚴禁投入家用垃圾，違者重罰新臺幣6000元"
			}
		},
		{
			"type": "Feature",
			"geometry": {
				"type": "Point",
				"coordinates": [121.5265817, 25.0223771]
			},
			"properties": {
				"行政區": "大安區",
				"地址": "羅斯福路3段99號(公車專用道)",
				"備註": "嚴禁投入家用垃圾，違者重罰新臺幣6000元"
			}
		},
		{
			"type": "Feature",
			"geometry": {
				"type": "Point",
				"coordinates": [121.5270024, 25.0220376]
			},
			"properties": {
				"行政區": "大安區",
				"地址": "羅斯福路3段125號(公車專用道)",
				"備註": "嚴禁投入家用垃圾，違者重罰新臺幣6000元"
			}
		},
		{
			"type": "Feature",
			"geometry": {
				"type": "Point",
				"coordinates": [121.524563, 25.026773]
			},
			"properties": {
				"行政區": "大安區",
				"地址": "和平東路1段74號",
				"備註": "嚴禁投入家用垃圾，違者重罰新臺幣6000元"
			}
		},
		{
			"type": "Feature",
			"geometry": {
				"type": "Point",
				"coordinates": [121.527913, 25.024922]
			},
			"properties": {
				"行政區": "大安區",
				"地址": "和平東路1段162號(大門右)",
				"備註": "嚴禁投入家用垃圾，違者重罰新臺幣6000元"
			}
		},
		{
			"type": "Feature",
			"geometry": {
				"type": "Point",
				"coordinates": [121.5249663, 25.0241055]
			},
			"properties": {
				"行政區": "大安區",
				"地址": "羅斯福路3段9號(公車專用道)",
				"備註": "嚴禁投入家用垃圾，違者重罰新臺幣6000元"
			}
		},
		{
			"type": "Feature",
			"geometry": {
				"type": "Point",
				"coordinates": [121.5293286, 25.0335933]
			},
			"properties": {
				"行政區": "大安區",
				"地址": "信義路2段186號(公車專用道)1",
				"備註": "嚴禁投入家用垃圾，違者重罰新臺幣6000元"
			}
		},
		{
			"type": "Feature",
			"geometry": {
				"type": "Point",
				"coordinates": [121.5297133, 25.03379064]
			},
			"properties": {
				"行政區": "大安區",
				"地址": "信義路2段186號(公車專用道)2",
				"備註": "嚴禁投入家用垃圾，違者重罰新臺幣6000元"
			}
		},
		{
			"type": "Feature",
			"geometry": {
				"type": "Point",
				"coordinates": [121.527504, 25.02657]
			},
			"properties": {
				"行政區": "大安區",
				"地址": "和平東路1段162號(大門左)",
				"備註": "嚴禁投入家用垃圾，違者重罰新臺幣6000元"
			}
		},
		{
			"type": "Feature",
			"geometry": {
				"type": "Point",
				"coordinates": [121.525052, 25.0237351]
			},
			"properties": {
				"行政區": "大安區",
				"地址": "羅斯福路3段23號(公車專用道)",
				"備註": "嚴禁投入家用垃圾，違者重罰新臺幣6000元"
			}
		},
		{
			"type": "Feature",
			"geometry": {
				"type": "Point",
				"coordinates": [121.5233804, 25.0335042]
			},
			"properties": {
				"行政區": "大安區",
				"地址": "杭州南路2段37號",
				"備註": "嚴禁投入家用垃圾，違者重罰新臺幣6000元"
			}
		},
		{
			"type": "Feature",
			"geometry": {
				"type": "Point",
				"coordinates": [121.526135, 25.031913]
			},
			"properties": {
				"行政區": "大安區",
				"地址": "愛國東路35之1號(公車站牌)",
				"備註": "嚴禁投入家用垃圾，違者重罰新臺幣6000元"
			}
		},
		{
			"type": "Feature",
			"geometry": {
				"type": "Point",
				"coordinates": [121.522821, 25.0325548]
			},
			"properties": {
				"行政區": "大安區",
				"地址": "杭州南路2段55號(公車站)",
				"備註": "嚴禁投入家用垃圾，違者重罰新臺幣6000元"
			}
		},
		{
			"type": "Feature",
			"geometry": {
				"type": "Point",
				"coordinates": [121.522654, 25.026911]
			},
			"properties": {
				"行政區": "大安區",
				"地址": "羅斯福路2段67號(公車專用道)1",
				"備註": "嚴禁投入家用垃圾，違者重罰新臺幣6000元"
			}
		},
		{
			"type": "Feature",
			"geometry": {
				"type": "Point",
				"coordinates": [121.524693, 25.032049]
			},
			"properties": {
				"行政區": "大安區",
				"地址": "愛國東路31號(大門右)",
				"備註": "嚴禁投入家用垃圾，違者重罰新臺幣6000元"
			}
		},
		{
			"type": "Feature",
			"geometry": {
				"type": "Point",
				"coordinates": [121.53317, 25.022375]
			},
			"properties": {
				"行政區": "大安區",
				"地址": "辛亥路1段與溫州街交叉口高架下",
				"備註": "嚴禁投入家用垃圾，違者重罰新臺幣6000元"
			}
		},
		{
			"type": "Feature",
			"geometry": {
				"type": "Point",
				"coordinates": [121.533516, 25.030745]
			},
			"properties": {
				"行政區": "大安區",
				"地址": "新生南路2段32號(公車專用道)1",
				"備註": "嚴禁投入家用垃圾，違者重罰新臺幣6000元"
			}
		},
		{
			"type": "Feature",
			"geometry": {
				"type": "Point",
				"coordinates": [121.522824, 25.02672]
			},
			"properties": {
				"行政區": "大安區",
				"地址": "羅斯福路2段67號(公車專用道)2",
				"備註": "嚴禁投入家用垃圾，違者重罰新臺幣6000元"
			}
		},
		{
			"type": "Feature",
			"geometry": {
				"type": "Point",
				"coordinates": [121.5253535, 25.0235425]
			},
			"properties": {
				"行政區": "大安區",
				"地址": "羅斯福路3段37號(公車專用道)",
				"備註": "嚴禁投入家用垃圾，違者重罰新臺幣6000元"
			}
		},
		{
			"type": "Feature",
			"geometry": {
				"type": "Point",
				"coordinates": [121.534323, 25.022522]
			},
			"properties": {
				"行政區": "大安區",
				"地址": "新生南路3段與辛亥路交叉口建高下",
				"備註": "嚴禁投入家用垃圾，違者重罰新臺幣6000元"
			}
		},
		{
			"type": "Feature",
			"geometry": {
				"type": "Point",
				"coordinates": [121.524744, 25.032041]
			},
			"properties": {
				"行政區": "大安區",
				"地址": "愛國東路31號(大門左)",
				"備註": "嚴禁投入家用垃圾，違者重罰新臺幣6000元"
			}
		},
		{
			"type": "Feature",
			"geometry": {
				"type": "Point",
				"coordinates": [121.52534, 25.032032]
			},
			"properties": {
				"行政區": "大安區",
				"地址": "愛國東路244號",
				"備註": "嚴禁投入家用垃圾，違者重罰新臺幣6000元"
			}
		},
		{
			"type": "Feature",
			"geometry": {
				"type": "Point",
				"coordinates": [121.533532, 25.030674]
			},
			"properties": {
				"行政區": "大安區",
				"地址": "新生南路2段32號(公車專用道)2",
				"備註": "嚴禁投入家用垃圾，違者重罰新臺幣6000元"
			}
		},
		{
			"type": "Feature",
			"geometry": {
				"type": "Point",
				"coordinates": [121.534805, 25.0264]
			},
			"properties": {
				"行政區": "大安區",
				"地址": "新生南路2段86號(公車專用道)1",
				"備註": "嚴禁投入家用垃圾，違者重罰新臺幣6000元"
			}
		},
		{
			"type": "Feature",
			"geometry": {
				"type": "Point",
				"coordinates": [121.523006, 25.032333]
			},
			"properties": {
				"行政區": "大安區",
				"地址": "愛國東路南門市場中繼站旁",
				"備註": "嚴禁投入家用垃圾，違者重罰新臺幣6000元"
			}
		},
		{
			"type": "Feature",
			"geometry": {
				"type": "Point",
				"coordinates": [121.523946, 25.032199]
			},
			"properties": {
				"行政區": "大安區",
				"地址": "愛國東路21巷口旁",
				"備註": "嚴禁投入家用垃圾，違者重罰新臺幣6000元"
			}
		},
		{
			"type": "Feature",
			"geometry": {
				"type": "Point",
				"coordinates": [121.534777, 25.026449]
			},
			"properties": {
				"行政區": "大安區",
				"地址": "新生南路2段86號(公車專用道)2",
				"備註": "嚴禁投入家用垃圾，違者重罰新臺幣6000元"
			}
		},
		{
			"type": "Feature",
			"geometry": {
				"type": "Point",
				"coordinates": [121.54567, 25.024627]
			},
			"properties": {
				"行政區": "大安區",
				"地址": "和平東路2段134-29號",
				"備註": "嚴禁投入家用垃圾，違者重罰新臺幣6000元"
			}
		},
		{
			"type": "Feature",
			"geometry": {
				"type": "Point",
				"coordinates": [121.5464859, 25.02479801]
			},
			"properties": {
				"行政區": "大安區",
				"地址": "和平東路2段363號",
				"備註": "嚴禁投入家用垃圾，違者重罰新臺幣6000元"
			}
		},
		{
			"type": "Feature",
			"geometry": {
				"type": "Point",
				"coordinates": [121.5435097, 25.0240219]
			},
			"properties": {
				"行政區": "大安區",
				"地址": "復興南路2段315號",
				"備註": "嚴禁投入家用垃圾，違者重罰新臺幣6000元"
			}
		},
		{
			"type": "Feature",
			"geometry": {
				"type": "Point",
				"coordinates": [121.543496, 25.022096]
			},
			"properties": {
				"行政區": "大安區",
				"地址": "復興南路2段387號",
				"備註": "嚴禁投入家用垃圾，違者重罰新臺幣6000元"
			}
		},
		{
			"type": "Feature",
			"geometry": {
				"type": "Point",
				"coordinates": [121.544806, 25.024679]
			},
			"properties": {
				"行政區": "大安區",
				"地址": "和平東路2段134號",
				"備註": "嚴禁投入家用垃圾，違者重罰新臺幣6000元"
			}
		},
		{
			"type": "Feature",
			"geometry": {
				"type": "Point",
				"coordinates": [121.547146, 25.02452]
			},
			"properties": {
				"行政區": "大安區",
				"地址": "和平東路3段14號",
				"備註": "嚴禁投入家用垃圾，違者重罰新臺幣6000元"
			}
		},
		{
			"type": "Feature",
			"geometry": {
				"type": "Point",
				"coordinates": [121.547802, 25.024517]
			},
			"properties": {
				"行政區": "大安區",
				"地址": "和平東路3段46號 ",
				"備註": "嚴禁投入家用垃圾，違者重罰新臺幣6000元"
			}
		},
		{
			"type": "Feature",
			"geometry": {
				"type": "Point",
				"coordinates": [121.547472, 25.02487]
			},
			"properties": {
				"行政區": "大安區",
				"地址": "和平東路3段15號",
				"備註": "嚴禁投入家用垃圾，違者重罰新臺幣6000元"
			}
		},
		{
			"type": "Feature",
			"geometry": {
				"type": "Point",
				"coordinates": [121.5445137, 25.02491026]
			},
			"properties": {
				"行政區": "大安區",
				"地址": "和平東路2段289號",
				"備註": "嚴禁投入家用垃圾，違者重罰新臺幣6000元"
			}
		},
		{
			"type": "Feature",
			"geometry": {
				"type": "Point",
				"coordinates": [121.548381, 25.02159]
			},
			"properties": {
				"行政區": "大安區",
				"地址": "敦化南路2段220號",
				"備註": "嚴禁投入家用垃圾，違者重罰新臺幣6000元"
			}
		},
		{
			"type": "Feature",
			"geometry": {
				"type": "Point",
				"coordinates": [121.54633, 25.020356]
			},
			"properties": {
				"行政區": "大安區",
				"地址": "敦南街76巷,運動中心旁",
				"備註": "嚴禁投入家用垃圾，違者重罰新臺幣6000元"
			}
		},
		{
			"type": "Feature",
			"geometry": {
				"type": "Point",
				"coordinates": [121.548455, 25.0265281]
			},
			"properties": {
				"行政區": "大安區",
				"地址": "敦化南路2段120號",
				"備註": "嚴禁投入家用垃圾，違者重罰新臺幣6000元"
			}
		},
		{
			"type": "Feature",
			"geometry": {
				"type": "Point",
				"coordinates": [121.548418, 25.025086]
			},
			"properties": {
				"行政區": "大安區",
				"地址": "敦化南路2段162號",
				"備註": "嚴禁投入家用垃圾，違者重罰新臺幣6000元"
			}
		},
		{
			"type": "Feature",
			"geometry": {
				"type": "Point",
				"coordinates": [121.548389, 25.023335]
			},
			"properties": {
				"行政區": "大安區",
				"地址": "敦化南路2段196號",
				"備註": "嚴禁投入家用垃圾，違者重罰新臺幣6000元"
			}
		},
		{
			"type": "Feature",
			"geometry": {
				"type": "Point",
				"coordinates": [121.548344, 25.022714]
			},
			"properties": {
				"行政區": "大安區",
				"地址": "敦化南路2段206號-北",
				"備註": "嚴禁投入家用垃圾，違者重罰新臺幣6000元"
			}
		},
		{
			"type": "Feature",
			"geometry": {
				"type": "Point",
				"coordinates": [121.548396, 25.021205]
			},
			"properties": {
				"行政區": "大安區",
				"地址": "敦化南路2段234號",
				"備註": "嚴禁投入家用垃圾，違者重罰新臺幣6000元"
			}
		},
		{
			"type": "Feature",
			"geometry": {
				"type": "Point",
				"coordinates": [121.547595, 25.020153]
			},
			"properties": {
				"行政區": "大安區",
				"地址": "基隆路3段16號旁",
				"備註": "嚴禁投入家用垃圾，違者重罰新臺幣6000元"
			}
		},
		{
			"type": "Feature",
			"geometry": {
				"type": "Point",
				"coordinates": [121.547205, 25.019363]
			},
			"properties": {
				"行政區": "大安區",
				"地址": "基隆路3段單號(和平高中站牌)",
				"備註": "嚴禁投入家用垃圾，違者重罰新臺幣6000元"
			}
		},
		{
			"type": "Feature",
			"geometry": {
				"type": "Point",
				"coordinates": [121.547911, 25.020502]
			},
			"properties": {
				"行政區": "大安區",
				"地址": "基隆路3段8號",
				"備註": "嚴禁投入家用垃圾，違者重罰新臺幣6000元"
			}
		},
		{
			"type": "Feature",
			"geometry": {
				"type": "Point",
				"coordinates": [121.549048, 25.023058]
			},
			"properties": {
				"行政區": "大安區",
				"地址": "敦化南路2段319號",
				"備註": "嚴禁投入家用垃圾，違者重罰新臺幣6000元"
			}
		},
		{
			"type": "Feature",
			"geometry": {
				"type": "Point",
				"coordinates": [121.549004, 25.022441]
			},
			"properties": {
				"行政區": "大安區",
				"地址": "敦化南路2段331巷口",
				"備註": "嚴禁投入家用垃圾，違者重罰新臺幣6000元"
			}
		},
		{
			"type": "Feature",
			"geometry": {
				"type": "Point",
				"coordinates": [121.549001, 25.023846]
			},
			"properties": {
				"行政區": "大安區",
				"地址": "敦化南路2段293巷口-北",
				"備註": "嚴禁投入家用垃圾，違者重罰新臺幣6000元"
			}
		},
		{
			"type": "Feature",
			"geometry": {
				"type": "Point",
				"coordinates": [121.549196, 25.024387]
			},
			"properties": {
				"行政區": "大安區",
				"地址": "和平東路3段60號",
				"備註": "嚴禁投入家用垃圾，違者重罰新臺幣6000元"
			}
		},
		{
			"type": "Feature",
			"geometry": {
				"type": "Point",
				"coordinates": [121.550732, 25.024362]
			},
			"properties": {
				"行政區": "大安區",
				"地址": "和平東路3段76號",
				"備註": "嚴禁投入家用垃圾，違者重罰新臺幣6000元"
			}
		},
		{
			"type": "Feature",
			"geometry": {
				"type": "Point",
				"coordinates": [121.545999, 25.02017]
			},
			"properties": {
				"行政區": "大安區",
				"地址": "辛亥路3段55號",
				"備註": "嚴禁投入家用垃圾，違者重罰新臺幣6000元"
			}
		},
		{
			"type": "Feature",
			"geometry": {
				"type": "Point",
				"coordinates": [121.551397, 25.023471]
			},
			"properties": {
				"行政區": "大安區",
				"地址": "基隆路2段224號",
				"備註": "嚴禁投入家用垃圾，違者重罰新臺幣6000元"
			}
		},
		{
			"type": "Feature",
			"geometry": {
				"type": "Point",
				"coordinates": [121.551963, 25.023681]
			},
			"properties": {
				"行政區": "大安區",
				"地址": "基隆路2段207號",
				"備註": "嚴禁投入家用垃圾，違者重罰新臺幣6000元"
			}
		},
		{
			"type": "Feature",
			"geometry": {
				"type": "Point",
				"coordinates": [121.55262, 25.023926]
			},
			"properties": {
				"行政區": "大安區",
				"地址": "和平東路3段168號",
				"備註": "嚴禁投入家用垃圾，違者重罰新臺幣6000元"
			}
		},
		{
			"type": "Feature",
			"geometry": {
				"type": "Point",
				"coordinates": [121.548689, 25.020687]
			},
			"properties": {
				"行政區": "大安區",
				"地址": "基隆路2段329號",
				"備註": "嚴禁投入家用垃圾，違者重罰新臺幣6000元"
			}
		},
		{
			"type": "Feature",
			"geometry": {
				"type": "Point",
				"coordinates": [121.552341, 25.023979]
			},
			"properties": {
				"行政區": "大安區",
				"地址": "和平東路3段168號-2",
				"備註": "嚴禁投入家用垃圾，違者重罰新臺幣6000元"
			}
		},
		{
			"type": "Feature",
			"geometry": {
				"type": "Point",
				"coordinates": [121.547714, 25.019804]
			},
			"properties": {
				"行政區": "大安區",
				"地址": "基隆路3段單號(和平高中站牌-2)",
				"備註": "嚴禁投入家用垃圾，違者重罰新臺幣6000元"
			}
		},
		{
			"type": "Feature",
			"geometry": {
				"type": "Point",
				"coordinates": [121.534841, 25.027922]
			},
			"properties": {
				"行政區": "大安區",
				"地址": "新生南路2段70號對面",
				"備註": "嚴禁投入家用垃圾，違者重罰新臺幣6000元"
			}
		},
		{
			"type": "Feature",
			"geometry": {
				"type": "Point",
				"coordinates": [121.53514, 25.033423]
			},
			"properties": {
				"行政區": "大安區",
				"地址": "信義路3段43號對面森林公園捷運3號出口",
				"備註": "嚴禁投入家用垃圾，違者重罰新臺幣6000元"
			}
		},
		{
			"type": "Feature",
			"geometry": {
				"type": "Point",
				"coordinates": [121.5441228, 25.0333798]
			},
			"properties": {
				"行政區": "大安區",
				"地址": "信義路4段1~16號前公車道",
				"備註": "嚴禁投入家用垃圾，違者重罰新臺幣6000元"
			}
		},
		{
			"type": "Feature",
			"geometry": {
				"type": "Point",
				"coordinates": [121.548446, 25.036246]
			},
			"properties": {
				"行政區": "大安區",
				"地址": "信義路4段1~16號前公車道",
				"備註": "嚴禁投入家用垃圾，違者重罰新臺幣6000元"
			}
		},
		{
			"type": "Feature",
			"geometry": {
				"type": "Point",
				"coordinates": [121.54532, 25.037514]
			},
			"properties": {
				"行政區": "大安區",
				"地址": "敦化南路1段294號",
				"備註": "嚴禁投入家用垃圾，違者重罰新臺幣6000元"
			}
		},
		{
			"type": "Feature",
			"geometry": {
				"type": "Point",
				"coordinates": [121.5455556, 25.0375]
			},
			"properties": {
				"行政區": "大安區",
				"地址": "仁愛路4段10號(仁愛醫院正門口)",
				"備註": "嚴禁投入家用垃圾，違者重罰新臺幣6000元"
			}
		},
		{
			"type": "Feature",
			"geometry": {
				"type": "Point",
				"coordinates": [121.5444444, 25.03777778]
			},
			"properties": {
				"行政區": "大安區",
				"地址": "仁愛路仁愛路4段10號(大安路口公車道)",
				"備註": "嚴禁投入家用垃圾，違者重罰新臺幣6000元"
			}
		},
		{
			"type": "Feature",
			"geometry": {
				"type": "Point",
				"coordinates": [121.534793, 25.026491]
			},
			"properties": {
				"行政區": "大安區",
				"地址": "仁愛路4段8巷口",
				"備註": "嚴禁投入家用垃圾，違者重罰新臺幣6000元"
			}
		},
		{
			"type": "Feature",
			"geometry": {
				"type": "Point",
				"coordinates": [121.5475, 25.03777778]
			},
			"properties": {
				"行政區": "大安區",
				"地址": "新生南路2段86號對面(大安森林公園8號出口)",
				"備註": "嚴禁投入家用垃圾，違者重罰新臺幣6000元"
			}
		},
		{
			"type": "Feature",
			"geometry": {
				"type": "Point",
				"coordinates": [121.547511, 25.037781]
			},
			"properties": {
				"行政區": "大安區",
				"地址": "仁愛路4段62號",
				"備註": "嚴禁投入家用垃圾，違者重罰新臺幣6000元"
			}
		},
		{
			"type": "Feature",
			"geometry": {
				"type": "Point",
				"coordinates": [121.534317, 25.029262]
			},
			"properties": {
				"行政區": "大安區",
				"地址": "仁愛路4段64號(公車道)",
				"備註": "嚴禁投入家用垃圾，違者重罰新臺幣6000元"
			}
		},
		{
			"type": "Feature",
			"geometry": {
				"type": "Point",
				"coordinates": [121.548532, 25.035198]
			},
			"properties": {
				"行政區": "大安區",
				"地址": "新生南路2段56號對面(大安森林公園9號出口)",
				"備註": "嚴禁投入家用垃圾，違者重罰新臺幣6000元"
			}
		},
		{
			"type": "Feature",
			"geometry": {
				"type": "Point",
				"coordinates": [121.543956, 25.033552]
			},
			"properties": {
				"行政區": "大安區",
				"地址": "敦化南路1段324號",
				"備註": "嚴禁投入家用垃圾，違者重罰新臺幣6000元"
			}
		},
		{
			"type": "Feature",
			"geometry": {
				"type": "Point",
				"coordinates": [121.548564, 25.0353738]
			},
			"properties": {
				"行政區": "大安區",
				"地址": "敦化南路1段376號對面公車道(1)",
				"備註": "嚴禁投入家用垃圾，違者重罰新臺幣6000元"
			}
		},
		{
			"type": "Feature",
			"geometry": {
				"type": "Point",
				"coordinates": [121.5486594, 25.0335769]
			},
			"properties": {
				"行政區": "大安區",
				"地址": "敦化南路2段76號(成功國宅站牌)",
				"備註": "嚴禁投入家用垃圾，違者重罰新臺幣6000元"
			}
		},
		{
			"type": "Feature",
			"geometry": {
				"type": "Point",
				"coordinates": [121.5483905, 25.0291153]
			},
			"properties": {
				"行政區": "大安區",
				"地址": "信義路4段1~16號前公車站亭",
				"備註": "嚴禁投入家用垃圾，違者重罰新臺幣6000元"
			}
		},
		{
			"type": "Feature",
			"geometry": {
				"type": "Point",
				"coordinates": [121.548437, 25.03341273]
			},
			"properties": {
				"行政區": "大安區",
				"地址": "仁愛路4段8巷口(6號前)",
				"備註": "嚴禁投入家用垃圾，違者重罰新臺幣6000元"
			}
		},
		{
			"type": "Feature",
			"geometry": {
				"type": "Point",
				"coordinates": [121.5487255, 25.0335508]
			},
			"properties": {
				"行政區": "大安區",
				"地址": "敦化南路1段376號對面公車道(2)",
				"備註": "嚴禁投入家用垃圾，違者重罰新臺幣6000元"
			}
		},
		{
			"type": "Feature",
			"geometry": {
				"type": "Point",
				"coordinates": [121.542962, 25.025033]
			},
			"properties": {
				"行政區": "大安區",
				"地址": "復興南路2段236號旁",
				"備註": "嚴禁投入家用垃圾，違者重罰新臺幣6000元"
			}
		},
		{
			"type": "Feature",
			"geometry": {
				"type": "Point",
				"coordinates": [121.5376, 25.027162]
			},
			"properties": {
				"行政區": "大安區",
				"地址": "和平東路2段225號",
				"備註": "嚴禁投入家用垃圾，違者重罰新臺幣6000元"
			}
		},
		{
			"type": "Feature",
			"geometry": {
				"type": "Point",
				"coordinates": [121.54083, 25.025391]
			},
			"properties": {
				"行政區": "大安區",
				"地址": "建國南路2段大安森林公園5號出口",
				"備註": "嚴禁投入家用垃圾，違者重罰新臺幣6000元"
			}
		},
		{
			"type": "Feature",
			"geometry": {
				"type": "Point",
				"coordinates": [121.539077, 25.025627]
			},
			"properties": {
				"行政區": "大安區",
				"地址": "和平東路2段133號",
				"備註": "嚴禁投入家用垃圾，違者重罰新臺幣6000元"
			}
		},
		{
			"type": "Feature",
			"geometry": {
				"type": "Point",
				"coordinates": [121.53868, 25.025691]
			},
			"properties": {
				"行政區": "大安區",
				"地址": "和平東路2段(瑞安街口)(公車站牌)",
				"備註": "嚴禁投入家用垃圾，違者重罰新臺幣6000元"
			}
		},
		{
			"type": "Feature",
			"geometry": {
				"type": "Point",
				"coordinates": [121.538127, 25.025769]
			},
			"properties": {
				"行政區": "大安區",
				"地址": "和平東路2段63號(公車站牌)",
				"備註": "嚴禁投入家用垃圾，違者重罰新臺幣6000元"
			}
		},
		{
			"type": "Feature",
			"geometry": {
				"type": "Point",
				"coordinates": [121.53745, 25.029857]
			},
			"properties": {
				"行政區": "大安區",
				"地址": "和平東路2段49號",
				"備註": "嚴禁投入家用垃圾，違者重罰新臺幣6000元"
			}
		},
		{
			"type": "Feature",
			"geometry": {
				"type": "Point",
				"coordinates": [121.536437, 25.025973]
			},
			"properties": {
				"行政區": "大安區",
				"地址": "建國南路2段117號對面(公車站牌)",
				"備註": "嚴禁投入家用垃圾，違者重罰新臺幣6000元"
			}
		},
		{
			"type": "Feature",
			"geometry": {
				"type": "Point",
				"coordinates": [121.533826, 25.030407]
			},
			"properties": {
				"行政區": "大安區",
				"地址": "和平東路2段(大安森林公園站牌)",
				"備註": "嚴禁投入家用垃圾，違者重罰新臺幣6000元"
			}
		},
		{
			"type": "Feature",
			"geometry": {
				"type": "Point",
				"coordinates": [121.5327, 25.03333]
			},
			"properties": {
				"行政區": "大安區",
				"地址": "新生南路2段(金華街口公車道)",
				"備註": "嚴禁投入家用垃圾，違者重罰新臺幣6000元"
			}
		},
		{
			"type": "Feature",
			"geometry": {
				"type": "Point",
				"coordinates": [121.533065, 25.033463]
			},
			"properties": {
				"行政區": "大安區",
				"地址": "新生南路2段(信義路口公車道)",
				"備註": "嚴禁投入家用垃圾，違者重罰新臺幣6000元"
			}
		},
		{
			"type": "Feature",
			"geometry": {
				"type": "Point",
				"coordinates": [121.53742, 25.031721]
			},
			"properties": {
				"行政區": "大安區",
				"地址": "信義路3段(新生南路口大安森林公園)",
				"備註": "嚴禁投入家用垃圾，違者重罰新臺幣6000元"
			}
		},
		{
			"type": "Feature",
			"geometry": {
				"type": "Point",
				"coordinates": [121.536379, 25.0334302]
			},
			"properties": {
				"行政區": "大安區",
				"地址": "建國南路2段大安森林公園3號出口",
				"備註": "嚴禁投入家用垃圾，違者重罰新臺幣6000元"
			}
		},
		{
			"type": "Feature",
			"geometry": {
				"type": "Point",
				"coordinates": [121.537539, 25.033299]
			},
			"properties": {
				"行政區": "大安區",
				"地址": "信義路3段(捷運大安森林公園站5號出口)",
				"備註": "嚴禁投入家用垃圾，違者重罰新臺幣6000元"
			}
		},
		{
			"type": "Feature",
			"geometry": {
				"type": "Point",
				"coordinates": [121.545566, 25.037531]
			},
			"properties": {
				"行政區": "大安區",
				"地址": "建國南路2段與信義路3段口(大安森林公園)",
				"備註": "嚴禁投入家用垃圾，違者重罰新臺幣6000元"
			}
		},
		{
			"type": "Feature",
			"geometry": {
				"type": "Point",
				"coordinates": [121.548495, 25.028192]
			},
			"properties": {
				"行政區": "大安區",
				"地址": "仁愛路4段10號(大安路口人行道)",
				"備註": "嚴禁投入家用垃圾，違者重罰新臺幣6000元"
			}
		},
		{
			"type": "Feature",
			"geometry": {
				"type": "Point",
				"coordinates": [121.548537, 25.037289]
			},
			"properties": {
				"行政區": "大安區",
				"地址": "敦化南路2段92號(台灣企銀)",
				"備註": "嚴禁投入家用垃圾，違者重罰新臺幣6000元"
			}
		},
		{
			"type": "Feature",
			"geometry": {
				"type": "Point",
				"coordinates": [121.5480427, 25.0374742]
			},
			"properties": {
				"行政區": "大安區",
				"地址": "仁愛路4段68號(仁愛圓環&四維路口)",
				"備註": "嚴禁投入家用垃圾，違者重罰新臺幣6000元"
			}
		},
		{
			"type": "Feature",
			"geometry": {
				"type": "Point",
				"coordinates": [121.533893, 25.030679]
			},
			"properties": {
				"行政區": "大安區",
				"地址": "和平東路2段大安森林公園6號出口(與建國南路交叉口)",
				"備註": "嚴禁投入家用垃圾，違者重罰新臺幣6000元"
			}
		},
		{
			"type": "Feature",
			"geometry": {
				"type": "Point",
				"coordinates": [121.5441228, 25.0333798]
			},
			"properties": {
				"行政區": "大安區",
				"地址": "新生南路金華街口(大安森林公園10號出口)",
				"備註": "嚴禁投入家用垃圾，違者重罰新臺幣6000元"
			}
		},
		{
			"type": "Feature",
			"geometry": {
				"type": "Point",
				"coordinates": [121.53582, 25.022194]
			},
			"properties": {
				"行政區": "大安區",
				"地址": "辛亥路2段29號(1)",
				"備註": "嚴禁投入家用垃圾，違者重罰新臺幣6000元"
			}
		},
		{
			"type": "Feature",
			"geometry": {
				"type": "Point",
				"coordinates": [121.537434, 25.025553]
			},
			"properties": {
				"行政區": "大安區",
				"地址": "和平東路2段42-1號",
				"備註": "嚴禁投入家用垃圾，違者重罰新臺幣6000元"
			}
		},
		{
			"type": "Feature",
			"geometry": {
				"type": "Point",
				"coordinates": [121.533852, 25.015447]
			},
			"properties": {
				"行政區": "大安區",
				"地址": "羅斯福路4段46號對面(公館捷運站三號出口)",
				"備註": "嚴禁投入家用垃圾，違者重罰新臺幣6000元"
			}
		},
		{
			"type": "Feature",
			"geometry": {
				"type": "Point",
				"coordinates": [121.535925, 25.022176]
			},
			"properties": {
				"行政區": "大安區",
				"地址": "辛亥路2段29號(2)",
				"備註": "嚴禁投入家用垃圾，違者重罰新臺幣6000元"
			}
		},
		{
			"type": "Feature",
			"geometry": {
				"type": "Point",
				"coordinates": [121.538578, 25.021391]
			},
			"properties": {
				"行政區": "大安區",
				"地址": "辛亥路2段109號對面(台大思亮館側)",
				"備註": "嚴禁投入家用垃圾，違者重罰新臺幣6000元"
			}
		},
		{
			"type": "Feature",
			"geometry": {
				"type": "Point",
				"coordinates": [121.540608, 25.014269]
			},
			"properties": {
				"行政區": "大安區",
				"地址": "基隆路4段43號對面(台灣大學側)",
				"備註": "嚴禁投入家用垃圾，違者重罰新臺幣6000元"
			}
		},
		{
			"type": "Feature",
			"geometry": {
				"type": "Point",
				"coordinates": [121.535856, 25.013531]
			},
			"properties": {
				"行政區": "大安區",
				"地址": "羅斯福4段21號(銘傳國小附設幼兒園前)",
				"備註": "嚴禁投入家用垃圾，違者重罰新臺幣6000元"
			}
		},
		{
			"type": "Feature",
			"geometry": {
				"type": "Point",
				"coordinates": [121.544424, 25.017528]
			},
			"properties": {
				"行政區": "大安區",
				"地址": "基隆路3段85號對面(台灣大學側)",
				"備註": "嚴禁投入家用垃圾，違者重罰新臺幣6000元"
			}
		},
		{
			"type": "Feature",
			"geometry": {
				"type": "Point",
				"coordinates": [121.53642, 25.01941]
			},
			"properties": {
				"行政區": "大安區",
				"地址": "新生南路3段82號對面(台灣大學側)",
				"備註": "嚴禁投入家用垃圾，違者重罰新臺幣6000元"
			}
		},
		{
			"type": "Feature",
			"geometry": {
				"type": "Point",
				"coordinates": [121.534383, 25.014714]
			},
			"properties": {
				"行政區": "大安區",
				"地址": "羅斯福路4段68號對面(公館捷運站二號出口)",
				"備註": "嚴禁投入家用垃圾，違者重罰新臺幣6000元"
			}
		},
		{
			"type": "Feature",
			"geometry": {
				"type": "Point",
				"coordinates": [121.536833, 25.012058]
			},
			"properties": {
				"行政區": "大安區",
				"地址": "羅斯福路4段107號(台大進修推廣部)",
				"備註": "嚴禁投入家用垃圾，違者重罰新臺幣6000元"
			}
		},
		{
			"type": "Feature",
			"geometry": {
				"type": "Point",
				"coordinates": [121.529427, 25.019771]
			},
			"properties": {
				"行政區": "大安區",
				"地址": "羅斯福路3段227號",
				"備註": "嚴禁投入家用垃圾，違者重罰新臺幣6000元"
			}
		},
		{
			"type": "Feature",
			"geometry": {
				"type": "Point",
				"coordinates": [121.534894, 25.025049]
			},
			"properties": {
				"行政區": "大安區",
				"地址": "新生南路3段19號",
				"備註": "嚴禁投入家用垃圾，違者重罰新臺幣6000元"
			}
		},
		{
			"type": "Feature",
			"geometry": {
				"type": "Point",
				"coordinates": [121.536181, 25.025722]
			},
			"properties": {
				"行政區": "大安區",
				"地址": "和平東路2段20號",
				"備註": "嚴禁投入家用垃圾，違者重罰新臺幣6000元"
			}
		},
		{
			"type": "Feature",
			"geometry": {
				"type": "Point",
				"coordinates": [121.53572, 25.025803]
			},
			"properties": {
				"行政區": "大安區",
				"地址": "和平東路2段12號",
				"備註": "嚴禁投入家用垃圾，違者重罰新臺幣6000元"
			}
		},
		{
			"type": "Feature",
			"geometry": {
				"type": "Point",
				"coordinates": [121.53424, 25.020565]
			},
			"properties": {
				"行政區": "大安區",
				"地址": "新生南路3段54之3號對面(台大棒球場側)",
				"備註": "嚴禁投入家用垃圾，違者重罰新臺幣6000元"
			}
		},
		{
			"type": "Feature",
			"geometry": {
				"type": "Point",
				"coordinates": [121.542447, 25.024938]
			},
			"properties": {
				"行政區": "大安區",
				"地址": "和平東路2段110號",
				"備註": "嚴禁投入家用垃圾，違者重罰新臺幣6000元"
			}
		},
		{
			"type": "Feature",
			"geometry": {
				"type": "Point",
				"coordinates": [121.537389, 25.024084]
			},
			"properties": {
				"行政區": "大安區",
				"地址": "建國南路2段306號",
				"備註": "嚴禁投入家用垃圾，違者重罰新臺幣6000元"
			}
		},
		{
			"type": "Feature",
			"geometry": {
				"type": "Point",
				"coordinates": [121.540962, 25.021049]
			},
			"properties": {
				"行政區": "大安區",
				"地址": "辛亥路2段169號對面(台灣大學側)",
				"備註": "嚴禁投入家用垃圾，違者重罰新臺幣6000元"
			}
		},
		{
			"type": "Feature",
			"geometry": {
				"type": "Point",
				"coordinates": [121.533516, 25.017282]
			},
			"properties": {
				"行政區": "大安區",
				"地址": "新生南路3段94號對面(台大校門口側)",
				"備註": "嚴禁投入家用垃圾，違者重罰新臺幣6000元"
			}
		},
		{
			"type": "Feature",
			"geometry": {
				"type": "Point",
				"coordinates": [121.536063, 25.013161]
			},
			"properties": {
				"行政區": "大安區",
				"地址": "羅斯福路4段83號(捷運公館站公車站)面",
				"備註": "嚴禁投入家用垃圾，違者重罰新臺幣6000元"
			}
		},
		{
			"type": "Feature",
			"geometry": {
				"type": "Point",
				"coordinates": [121.53357, 25.018142]
			},
			"properties": {
				"行政區": "大安區",
				"地址": "新生南路3段88之2號對面(台大新月台側)",
				"備註": "嚴禁投入家用垃圾，違者重罰新臺幣6000元"
			}
		},
		{
			"type": "Feature",
			"geometry": {
				"type": "Point",
				"coordinates": [121.534018, 25.019655]
			},
			"properties": {
				"行政區": "大安區",
				"地址": "新生南路3段66號對面(台大操場側)",
				"備註": "嚴禁投入家用垃圾，違者重罰新臺幣6000元"
			}
		},
		{
			"type": "Feature",
			"geometry": {
				"type": "Point",
				"coordinates": [121.544711, 25.020597]
			},
			"properties": {
				"行政區": "大安區",
				"地址": "辛亥路3段30號(台大國青萊爾富前)",
				"備註": "嚴禁投入家用垃圾，違者重罰新臺幣6000元"
			}
		},
		{
			"type": "Feature",
			"geometry": {
				"type": "Point",
				"coordinates": [121.542188, 25.024875]
			},
			"properties": {
				"行政區": "大安區",
				"地址": "和平東路2段108號",
				"備註": "嚴禁投入家用垃圾，違者重罰新臺幣6000元"
			}
		},
		{
			"type": "Feature",
			"geometry": {
				"type": "Point",
				"coordinates": [121.534648, 25.022804]
			},
			"properties": {
				"行政區": "大安區",
				"地址": "辛亥路2段臨136號(建國高架橋下)(1)",
				"備註": "嚴禁投入家用垃圾，違者重罰新臺幣6000元"
			}
		},
		{
			"type": "Feature",
			"geometry": {
				"type": "Point",
				"coordinates": [121.53903, 25.021069]
			},
			"properties": {
				"行政區": "大安區",
				"地址": "辛亥路2段111號對面(台大思亮館側)",
				"備註": "嚴禁投入家用垃圾，違者重罰新臺幣6000元"
			}
		},
		{
			"type": "Feature",
			"geometry": {
				"type": "Point",
				"coordinates": [121.534708, 25.022575]
			},
			"properties": {
				"行政區": "大安區",
				"地址": "辛亥路2段臨136號(建國高架橋下)(2)",
				"備註": "嚴禁投入家用垃圾，違者重罰新臺幣6000元"
			}
		},
		{
			"type": "Feature",
			"geometry": {
				"type": "Point",
				"coordinates": [121.534724, 25.014528]
			},
			"properties": {
				"行政區": "大安區",
				"地址": "羅斯福路4段76號對面(公館捷運站二號出口)",
				"備註": "嚴禁投入家用垃圾，違者重罰新臺幣6000元"
			}
		},
		{
			"type": "Feature",
			"geometry": {
				"type": "Point",
				"coordinates": [121.534289, 25.021146]
			},
			"properties": {
				"行政區": "大安區",
				"地址": "新生南路3段52號對面(台大棒球場側)",
				"備註": "嚴禁投入家用垃圾，違者重罰新臺幣6000元"
			}
		},
		{
			"type": "Feature",
			"geometry": {
				"type": "Point",
				"coordinates": [121.537783, 25.011887]
			},
			"properties": {
				"行政區": "大安區",
				"地址": "基隆路4段148號前(台大建築與城鄉發展大樓側)",
				"備註": "嚴禁投入家用垃圾，違者重罰新臺幣6000元"
			}
		},
		{
			"type": "Feature",
			"geometry": {
				"type": "Point",
				"coordinates": [121.529237, 25.01992]
			},
			"properties": {
				"行政區": "大安區",
				"地址": "羅斯福路羅斯福路3段201號(台電大樓捷運站2號出口對面)",
				"備註": "嚴禁投入家用垃圾，違者重罰新臺幣6000元"
			}
		},
		{
			"type": "Feature",
			"geometry": {
				"type": "Point",
				"coordinates": [121.518584, 25.062983]
			},
			"properties": {
				"行政區": "大同區",
				"地址": "民權西路95號對面公車站內（1）",
				"備註": "嚴禁投入家用垃圾，違者重罰新臺幣6000元"
			}
		},
		{
			"type": "Feature",
			"geometry": {
				"type": "Point",
				"coordinates": [121.518683, 25.062978]
			},
			"properties": {
				"行政區": "大同區",
				"地址": "民權西路95號對面公車站內（2）",
				"備註": "嚴禁投入家用垃圾，違者重罰新臺幣6000元"
			}
		},
		{
			"type": "Feature",
			"geometry": {
				"type": "Point",
				"coordinates": [121.518414, 25.063481]
			},
			"properties": {
				"行政區": "大同區",
				"地址": "承德路3段5號",
				"備註": "嚴禁投入家用垃圾，違者重罰新臺幣6000元"
			}
		},
		{
			"type": "Feature",
			"geometry": {
				"type": "Point",
				"coordinates": [121.513786, 25.068364]
			},
			"properties": {
				"行政區": "大同區",
				"地址": "重慶北路3段民族西路口公車站牌內(3)",
				"備註": "嚴禁投入家用垃圾，違者重罰新臺幣6000元"
			}
		},
		{
			"type": "Feature",
			"geometry": {
				"type": "Point",
				"coordinates": [121.520097, 25.075812]
			},
			"properties": {
				"行政區": "大同區",
				"地址": "承德路3段303-1號前（3）",
				"備註": "嚴禁投入家用垃圾，違者重罰新臺幣6000元"
			}
		},
		{
			"type": "Feature",
			"geometry": {
				"type": "Point",
				"coordinates": [121.520022, 25.07452007]
			},
			"properties": {
				"行政區": "大同區",
				"地址": "承德路3段287號前數位產業園區（2）",
				"備註": "嚴禁投入家用垃圾，違者重罰新臺幣6000元"
			}
		},
		{
			"type": "Feature",
			"geometry": {
				"type": "Point",
				"coordinates": [121.516238, 25.063097]
			},
			"properties": {
				"行政區": "大同區",
				"地址": "民權西路163號前",
				"備註": "嚴禁投入家用垃圾，違者重罰新臺幣6000元"
			}
		},
		{
			"type": "Feature",
			"geometry": {
				"type": "Point",
				"coordinates": [121.519957, 25.075399]
			},
			"properties": {
				"行政區": "大同區",
				"地址": "承德路3段303-1號前（4）",
				"備註": "嚴禁投入家用垃圾，違者重罰新臺幣6000元"
			}
		},
		{
			"type": "Feature",
			"geometry": {
				"type": "Point",
				"coordinates": [121.519815, 25.070823]
			},
			"properties": {
				"行政區": "大同區",
				"地址": "酒泉街圓山捷運酒泉街1號出口（1）",
				"備註": "嚴禁投入家用垃圾，違者重罰新臺幣6000元"
			}
		},
		{
			"type": "Feature",
			"geometry": {
				"type": "Point",
				"coordinates": [121.5198575, 25.0709387]
			},
			"properties": {
				"行政區": "大同區",
				"地址": "酒泉街圓山捷運936號公車站牌對面",
				"備註": "嚴禁投入家用垃圾，違者重罰新臺幣6000元"
			}
		},
		{
			"type": "Feature",
			"geometry": {
				"type": "Point",
				"coordinates": [121.519898, 25.0718]
			},
			"properties": {
				"行政區": "大同區",
				"地址": "庫倫街圓山捷運庫倫街出口（3）",
				"備註": "嚴禁投入家用垃圾，違者重罰新臺幣6000元"
			}
		},
		{
			"type": "Feature",
			"geometry": {
				"type": "Point",
				"coordinates": [121.519202, 25.075557]
			},
			"properties": {
				"行政區": "大同區",
				"地址": "敦煌路(明倫高中新大門)（2）",
				"備註": "嚴禁投入家用垃圾，違者重罰新臺幣6000元"
			}
		},
		{
			"type": "Feature",
			"geometry": {
				"type": "Point",
				"coordinates": [121.519196, 25.072948]
			},
			"properties": {
				"行政區": "大同區",
				"地址": "承德路3段277號（合作金庫）",
				"備註": "嚴禁投入家用垃圾，違者重罰新臺幣6000元"
			}
		},
		{
			"type": "Feature",
			"geometry": {
				"type": "Point",
				"coordinates": [121.519961, 25.074272]
			},
			"properties": {
				"行政區": "大同區",
				"地址": "承德路3段287號公車站(數位產業園區)（1）",
				"備註": "嚴禁投入家用垃圾，違者重罰新臺幣6000元"
			}
		},
		{
			"type": "Feature",
			"geometry": {
				"type": "Point",
				"coordinates": [121.520205, 25.075986]
			},
			"properties": {
				"行政區": "大同區",
				"地址": "承德路3段303-1號分隊前（1）",
				"備註": "嚴禁投入家用垃圾，違者重罰新臺幣6000元"
			}
		},
		{
			"type": "Feature",
			"geometry": {
				"type": "Point",
				"coordinates": [121.519837, 25.075358]
			},
			"properties": {
				"行政區": "大同區",
				"地址": "敦煌路（明倫高中舊大門）",
				"備註": "嚴禁投入家用垃圾，違者重罰新臺幣6000元"
			}
		},
		{
			"type": "Feature",
			"geometry": {
				"type": "Point",
				"coordinates": [121.519113, 25.075608]
			},
			"properties": {
				"行政區": "大同區",
				"地址": "敦煌路（明倫高中新大門）",
				"備註": "嚴禁投入家用垃圾，違者重罰新臺幣6000元"
			}
		},
		{
			"type": "Feature",
			"geometry": {
				"type": "Point",
				"coordinates": [121.519222, 25.062909]
			},
			"properties": {
				"行政區": "大同區",
				"地址": "民權西路95號對面公車站牌內（3）",
				"備註": "嚴禁投入家用垃圾，違者重罰新臺幣6000元"
			}
		},
		{
			"type": "Feature",
			"geometry": {
				"type": "Point",
				"coordinates": [121.518817, 25.063045]
			},
			"properties": {
				"行政區": "大同區",
				"地址": "民權西路93號",
				"備註": "嚴禁投入家用垃圾，違者重罰新臺幣6000元"
			}
		},
		{
			"type": "Feature",
			"geometry": {
				"type": "Point",
				"coordinates": [121.513696, 25.065499]
			},
			"properties": {
				"行政區": "大同區",
				"地址": "重慶北路3段昌吉街口公車站牌內(3)",
				"備註": "嚴禁投入家用垃圾，違者重罰新臺幣6000元"
			}
		},
		{
			"type": "Feature",
			"geometry": {
				"type": "Point",
				"coordinates": [121.519525, 25.071949]
			},
			"properties": {
				"行政區": "大同區",
				"地址": "庫倫街56號對面",
				"備註": "嚴禁投入家用垃圾，違者重罰新臺幣6000元"
			}
		},
		{
			"type": "Feature",
			"geometry": {
				"type": "Point",
				"coordinates": [121.51895, 25.062983]
			},
			"properties": {
				"行政區": "大同區",
				"地址": "民權西路95號對面公車站牌內（4）",
				"備註": "嚴禁投入家用垃圾，違者重罰新臺幣6000元"
			}
		},
		{
			"type": "Feature",
			"geometry": {
				"type": "Point",
				"coordinates": [121.513733, 25.068343]
			},
			"properties": {
				"行政區": "大同區",
				"地址": "重慶北路3段民族西路口公車站牌內(3)",
				"備註": "嚴禁投入家用垃圾，違者重罰新臺幣6000元"
			}
		},
		{
			"type": "Feature",
			"geometry": {
				"type": "Point",
				"coordinates": [121.514211, 25.0685368]
			},
			"properties": {
				"行政區": "大同區",
				"地址": "民族西路200號",
				"備註": "嚴禁投入家用垃圾，違者重罰新臺幣6000元"
			}
		},
		{
			"type": "Feature",
			"geometry": {
				"type": "Point",
				"coordinates": [121.518276, 25.068328]
			},
			"properties": {
				"行政區": "大同區",
				"地址": "承德路3段118號",
				"備註": "嚴禁投入家用垃圾，違者重罰新臺幣6000元"
			}
		},
		{
			"type": "Feature",
			"geometry": {
				"type": "Point",
				"coordinates": [121.513826, 25.071696]
			},
			"properties": {
				"行政區": "大同區",
				"地址": "重慶北路3段酒泉街公車站牌內(4)",
				"備註": "嚴禁投入家用垃圾，違者重罰新臺幣6000元"
			}
		},
		{
			"type": "Feature",
			"geometry": {
				"type": "Point",
				"coordinates": [121.51517, 25.064096]
			},
			"properties": {
				"行政區": "大同區",
				"地址": "蘭州街蘭州公園",
				"備註": "嚴禁投入家用垃圾，違者重罰新臺幣6000元"
			}
		},
		{
			"type": "Feature",
			"geometry": {
				"type": "Point",
				"coordinates": [121.513872, 25.071715]
			},
			"properties": {
				"行政區": "大同區",
				"地址": "重慶北路3段酒泉街公車站牌內(3)",
				"備註": "嚴禁投入家用垃圾，違者重罰新臺幣6000元"
			}
		},
		{
			"type": "Feature",
			"geometry": {
				"type": "Point",
				"coordinates": [121.516571, 25.062967]
			},
			"properties": {
				"行政區": "大同區",
				"地址": "民權西路大龍街公車站內（3）",
				"備註": "嚴禁投入家用垃圾，違者重罰新臺幣6000元"
			}
		},
		{
			"type": "Feature",
			"geometry": {
				"type": "Point",
				"coordinates": [121.516583, 25.062979]
			},
			"properties": {
				"行政區": "大同區",
				"地址": "民權西路大龍街公車站內（1）",
				"備註": "嚴禁投入家用垃圾，違者重罰新臺幣6000元"
			}
		},
		{
			"type": "Feature",
			"geometry": {
				"type": "Point",
				"coordinates": [121.516636, 25.062974]
			},
			"properties": {
				"行政區": "大同區",
				"地址": "民權西路大龍街公車站內（2）",
				"備註": "嚴禁投入家用垃圾，違者重罰新臺幣6000元"
			}
		},
		{
			"type": "Feature",
			"geometry": {
				"type": "Point",
				"coordinates": [121.518588, 25.06323]
			},
			"properties": {
				"行政區": "大同區",
				"地址": "撫順街（民權西路站5號出口）",
				"備註": "嚴禁投入家用垃圾，違者重罰新臺幣6000元"
			}
		},
		{
			"type": "Feature",
			"geometry": {
				"type": "Point",
				"coordinates": [121.513793, 25.063317]
			},
			"properties": {
				"行政區": "大同區",
				"地址": "重慶北路3段1號",
				"備註": "嚴禁投入家用垃圾，違者重罰新臺幣6000元"
			}
		},
		{
			"type": "Feature",
			"geometry": {
				"type": "Point",
				"coordinates": [121.516622, 25.062971]
			},
			"properties": {
				"行政區": "大同區",
				"地址": "民權西路大龍街公車站內（4）",
				"備註": "嚴禁投入家用垃圾，違者重罰新臺幣6000元"
			}
		},
		{
			"type": "Feature",
			"geometry": {
				"type": "Point",
				"coordinates": [121.513767, 25.065705]
			},
			"properties": {
				"行政區": "大同區",
				"地址": "重慶北路3段昌吉街口公車站內（1）",
				"備註": "嚴禁投入家用垃圾，違者重罰新臺幣6000元"
			}
		},
		{
			"type": "Feature",
			"geometry": {
				"type": "Point",
				"coordinates": [121.513773, 25.065873]
			},
			"properties": {
				"行政區": "大同區",
				"地址": "重慶北路3段昌吉街口公車站內（2）",
				"備註": "嚴禁投入家用垃圾，違者重罰新臺幣6000元"
			}
		},
		{
			"type": "Feature",
			"geometry": {
				"type": "Point",
				"coordinates": [121.5203606, 25.075037]
			},
			"properties": {
				"行政區": "大同區",
				"地址": "承德路3段3段291號對面人行道",
				"備註": "嚴禁投入家用垃圾，違者重罰新臺幣6000元"
			}
		},
		{
			"type": "Feature",
			"geometry": {
				"type": "Point",
				"coordinates": [121.513876, 25.068397]
			},
			"properties": {
				"行政區": "大同區",
				"地址": "重慶北路3段145號",
				"備註": "嚴禁投入家用垃圾，違者重罰新臺幣6000元"
			}
		},
		{
			"type": "Feature",
			"geometry": {
				"type": "Point",
				"coordinates": [121.513781, 25.068548]
			},
			"properties": {
				"行政區": "大同區",
				"地址": "重慶北路3段民族西路公車站（1）",
				"備註": "嚴禁投入家用垃圾，違者重罰新臺幣6000元"
			}
		},
		{
			"type": "Feature",
			"geometry": {
				"type": "Point",
				"coordinates": [121.513779, 25.068528]
			},
			"properties": {
				"行政區": "大同區",
				"地址": "重慶北路3段民族西路公車站（2）",
				"備註": "嚴禁投入家用垃圾，違者重罰新臺幣6000元"
			}
		},
		{
			"type": "Feature",
			"geometry": {
				"type": "Point",
				"coordinates": [121.513829, 25.071928]
			},
			"properties": {
				"行政區": "大同區",
				"地址": "重慶北路3段酒泉街公車站（1）",
				"備註": "嚴禁投入家用垃圾，違者重罰新臺幣6000元"
			}
		},
		{
			"type": "Feature",
			"geometry": {
				"type": "Point",
				"coordinates": [121.513701, 25.065451]
			},
			"properties": {
				"行政區": "大同區",
				"地址": "重慶北路3段昌吉街口公車站牌內(4)",
				"備註": "嚴禁投入家用垃圾，違者重罰新臺幣6000元"
			}
		},
		{
			"type": "Feature",
			"geometry": {
				"type": "Point",
				"coordinates": [121.5206368, 25.07499174]
			},
			"properties": {
				"行政區": "大同區",
				"地址": "敦煌路11號",
				"備註": "嚴禁投入家用垃圾，違者重罰新臺幣6000元"
			}
		},
		{
			"type": "Feature",
			"geometry": {
				"type": "Point",
				"coordinates": [121.517708, 25.075907]
			},
			"properties": {
				"行政區": "大同區",
				"地址": "敦煌路80巷口對面重慶國中大門右側",
				"備註": "嚴禁投入家用垃圾，違者重罰新臺幣6000元"
			}
		},
		{
			"type": "Feature",
			"geometry": {
				"type": "Point",
				"coordinates": [121.517477, 25.07596]
			},
			"properties": {
				"行政區": "大同區",
				"地址": "敦煌路21巷口",
				"備註": "嚴禁投入家用垃圾，違者重罰新臺幣6000元"
			}
		},
		{
			"type": "Feature",
			"geometry": {
				"type": "Point",
				"coordinates": [121.51881, 25.06301]
			},
			"properties": {
				"行政區": "大同區",
				"地址": "民權西路91號",
				"備註": "嚴禁投入家用垃圾，違者重罰新臺幣6000元"
			}
		},
		{
			"type": "Feature",
			"geometry": {
				"type": "Point",
				"coordinates": [121.516787, 25.06312689]
			},
			"properties": {
				"行政區": "大同區",
				"地址": "民權西路139號",
				"備註": "嚴禁投入家用垃圾，違者重罰新臺幣6000元"
			}
		},
		{
			"type": "Feature",
			"geometry": {
				"type": "Point",
				"coordinates": [121.513829, 25.071932]
			},
			"properties": {
				"行政區": "大同區",
				"地址": "重慶北路3段酒泉街公車站（2）",
				"備註": "嚴禁投入家用垃圾，違者重罰新臺幣6000元"
			}
		},
		{
			"type": "Feature",
			"geometry": {
				"type": "Point",
				"coordinates": [121.5136428, 25.07078513]
			},
			"properties": {
				"行政區": "大同區",
				"地址": "重慶北路3段244號",
				"備註": "嚴禁投入家用垃圾，違者重罰新臺幣6000元"
			}
		},
		{
			"type": "Feature",
			"geometry": {
				"type": "Point",
				"coordinates": [121.513642, 25.07105579]
			},
			"properties": {
				"行政區": "大同區",
				"地址": "重慶北路3段250-3號",
				"備註": "嚴禁投入家用垃圾，違者重罰新臺幣6000元"
			}
		},
		{
			"type": "Feature",
			"geometry": {
				"type": "Point",
				"coordinates": [121.5112554, 25.062945]
			},
			"properties": {
				"行政區": "大同區",
				"地址": "延平北路3段3號對面(民權西路口)",
				"備註": "嚴禁投入家用垃圾，違者重罰新臺幣6000元"
			}
		},
		{
			"type": "Feature",
			"geometry": {
				"type": "Point",
				"coordinates": [121.513695, 25.068998]
			},
			"properties": {
				"行政區": "大同區",
				"地址": "重慶北路3段172號公車站牌",
				"備註": "嚴禁投入家用垃圾，違者重罰新臺幣6000元"
			}
		},
		{
			"type": "Feature",
			"geometry": {
				"type": "Point",
				"coordinates": [121.51356, 25.06844]
			},
			"properties": {
				"行政區": "大同區",
				"地址": "重慶北路3段164號",
				"備註": "嚴禁投入家用垃圾，違者重罰新臺幣6000元"
			}
		},
		{
			"type": "Feature",
			"geometry": {
				"type": "Point",
				"coordinates": [121.51364, 25.0661]
			},
			"properties": {
				"行政區": "大同區",
				"地址": "重慶北路3段74號對面公車站",
				"備註": "嚴禁投入家用垃圾，違者重罰新臺幣6000元"
			}
		},
		{
			"type": "Feature",
			"geometry": {
				"type": "Point",
				"coordinates": [121.51364, 25.06628]
			},
			"properties": {
				"行政區": "大同區",
				"地址": "重慶北路3段84號對面公車站",
				"備註": "嚴禁投入家用垃圾，違者重罰新臺幣6000元"
			}
		},
		{
			"type": "Feature",
			"geometry": {
				"type": "Point",
				"coordinates": [121.513637, 25.06387]
			},
			"properties": {
				"行政區": "大同區",
				"地址": "重慶北路民權西路口公車專用道（5）",
				"備註": "嚴禁投入家用垃圾，違者重罰新臺幣6000元"
			}
		},
		{
			"type": "Feature",
			"geometry": {
				"type": "Point",
				"coordinates": [121.51348, 25.06448]
			},
			"properties": {
				"行政區": "大同區",
				"地址": "重慶北路3段2號",
				"備註": "嚴禁投入家用垃圾，違者重罰新臺幣6000元"
			}
		},
		{
			"type": "Feature",
			"geometry": {
				"type": "Point",
				"coordinates": [121.5134457, 25.06411216]
			},
			"properties": {
				"行政區": "大同區",
				"地址": "重慶北路3段2號（大橋頭捷運3號出口）",
				"備註": "嚴禁投入家用垃圾，違者重罰新臺幣6000元"
			}
		},
		{
			"type": "Feature",
			"geometry": {
				"type": "Point",
				"coordinates": [121.513598, 25.063307]
			},
			"properties": {
				"行政區": "大同區",
				"地址": "重慶北路民權西路口公車專用道（1）",
				"備註": "嚴禁投入家用垃圾，違者重罰新臺幣6000元"
			}
		},
		{
			"type": "Feature",
			"geometry": {
				"type": "Point",
				"coordinates": [121.5131617, 25.06317951]
			},
			"properties": {
				"行政區": "大同區",
				"地址": "民權西路大橋頭捷運2號出口",
				"備註": "嚴禁投入家用垃圾，違者重罰新臺幣6000元"
			}
		},
		{
			"type": "Feature",
			"geometry": {
				"type": "Point",
				"coordinates": [121.512502, 25.0631469]
			},
			"properties": {
				"行政區": "大同區",
				"地址": "大橋頭捷運一號出口",
				"備註": "嚴禁投入家用垃圾，違者重罰新臺幣6000元"
			}
		},
		{
			"type": "Feature",
			"geometry": {
				"type": "Point",
				"coordinates": [121.5114418, 25.0631511]
			},
			"properties": {
				"行政區": "大同區",
				"地址": "民權西路大橋頭捷運1A出口（1）",
				"備註": "嚴禁投入家用垃圾，違者重罰新臺幣6000元"
			}
		},
		{
			"type": "Feature",
			"geometry": {
				"type": "Point",
				"coordinates": [121.5110646, 25.06317947]
			},
			"properties": {
				"行政區": "大同區",
				"地址": "延平北路3段4號（地下道出口）",
				"備註": "嚴禁投入家用垃圾，違者重罰新臺幣6000元"
			}
		},
		{
			"type": "Feature",
			"geometry": {
				"type": "Point",
				"coordinates": [121.510139, 25.076248]
			},
			"properties": {
				"行政區": "大同區",
				"地址": "環河北路2段敦煌路口",
				"備註": "嚴禁投入家用垃圾，違者重罰新臺幣6000元"
			}
		},
		{
			"type": "Feature",
			"geometry": {
				"type": "Point",
				"coordinates": [121.50921, 25.07268]
			},
			"properties": {
				"行政區": "大同區",
				"地址": "環河北路2段污水廠（1）",
				"備註": "嚴禁投入家用垃圾，違者重罰新臺幣6000元"
			}
		},
		{
			"type": "Feature",
			"geometry": {
				"type": "Point",
				"coordinates": [121.50911, 25.07356]
			},
			"properties": {
				"行政區": "大同區",
				"地址": "環河北路2段污水廠（2）",
				"備註": "嚴禁投入家用垃圾，違者重罰新臺幣6000元"
			}
		},
		{
			"type": "Feature",
			"geometry": {
				"type": "Point",
				"coordinates": [121.509069, 25.074238]
			},
			"properties": {
				"行政區": "大同區",
				"地址": "環河北路2段污水廠（3）",
				"備註": "嚴禁投入家用垃圾，違者重罰新臺幣6000元"
			}
		},
		{
			"type": "Feature",
			"geometry": {
				"type": "Point",
				"coordinates": [121.509167, 25.07542]
			},
			"properties": {
				"行政區": "大同區",
				"地址": "環河北路2段污水廠（4）",
				"備註": "嚴禁投入家用垃圾，違者重罰新臺幣6000元"
			}
		},
		{
			"type": "Feature",
			"geometry": {
				"type": "Point",
				"coordinates": [121.51035, 25.0763]
			},
			"properties": {
				"行政區": "大同區",
				"地址": "環河北路2段敦煌路口",
				"備註": "嚴禁投入家用垃圾，違者重罰新臺幣6000元"
			}
		},
		{
			"type": "Feature",
			"geometry": {
				"type": "Point",
				"coordinates": [121.51138, 25.076408]
			},
			"properties": {
				"行政區": "大同區",
				"地址": "敦煌路171號對面",
				"備註": "嚴禁投入家用垃圾，違者重罰新臺幣6000元"
			}
		},
		{
			"type": "Feature",
			"geometry": {
				"type": "Point",
				"coordinates": [121.511446, 25.076393]
			},
			"properties": {
				"行政區": "大同區",
				"地址": "敦煌路163號對面",
				"備註": "嚴禁投入家用垃圾，違者重罰新臺幣6000元"
			}
		},
		{
			"type": "Feature",
			"geometry": {
				"type": "Point",
				"coordinates": [121.51168, 25.07639]
			},
			"properties": {
				"行政區": "大同區",
				"地址": "環河北路2段污水廠（5）",
				"備註": "嚴禁投入家用垃圾，違者重罰新臺幣6000元"
			}
		},
		{
			"type": "Feature",
			"geometry": {
				"type": "Point",
				"coordinates": [121.509247, 25.072367]
			},
			"properties": {
				"行政區": "大同區",
				"地址": "環河北路2段污水廠（6）",
				"備註": "嚴禁投入家用垃圾，違者重罰新臺幣6000元"
			}
		},
		{
			"type": "Feature",
			"geometry": {
				"type": "Point",
				"coordinates": [121.51372, 25.06894]
			},
			"properties": {
				"行政區": "大同區",
				"地址": "重慶北路民族重慶路口公車專用道（178號）",
				"備註": "嚴禁投入家用垃圾，違者重罰新臺幣6000元"
			}
		},
		{
			"type": "Feature",
			"geometry": {
				"type": "Point",
				"coordinates": [121.51369, 25.06641727]
			},
			"properties": {
				"行政區": "大同區",
				"地址": "重慶北路昌吉重慶路口公車專用道（86號）",
				"備註": "嚴禁投入家用垃圾，違者重罰新臺幣6000元"
			}
		},
		{
			"type": "Feature",
			"geometry": {
				"type": "Point",
				"coordinates": [121.511147, 25.063046]
			},
			"properties": {
				"行政區": "大同區",
				"地址": "延平北路3段2號對面(台北橋下面)",
				"備註": "嚴禁投入家用垃圾，違者重罰新臺幣6000元"
			}
		},
		{
			"type": "Feature",
			"geometry": {
				"type": "Point",
				"coordinates": [121.509516, 25.063335]
			},
			"properties": {
				"行政區": "大同區",
				"地址": "民權西路279號對面",
				"備註": "嚴禁投入家用垃圾，違者重罰新臺幣6000元"
			}
		},
		{
			"type": "Feature",
			"geometry": {
				"type": "Point",
				"coordinates": [121.509132, 25.073147]
			},
			"properties": {
				"行政區": "大同區",
				"地址": "環河北路2段污水廠（7）",
				"備註": "嚴禁投入家用垃圾，違者重罰新臺幣6000元"
			}
		},
		{
			"type": "Feature",
			"geometry": {
				"type": "Point",
				"coordinates": [121.513581, 25.068982]
			},
			"properties": {
				"行政區": "大同區",
				"地址": "重慶北路3段168號",
				"備註": "嚴禁投入家用垃圾，違者重罰新臺幣6000元"
			}
		},
		{
			"type": "Feature",
			"geometry": {
				"type": "Point",
				"coordinates": [121.509084, 25.073633]
			},
			"properties": {
				"行政區": "大同區",
				"地址": "環河北路2段污水廠（8）",
				"備註": "嚴禁投入家用垃圾，違者重罰新臺幣6000元"
			}
		},
		{
			"type": "Feature",
			"geometry": {
				"type": "Point",
				"coordinates": [121.50912, 25.074413]
			},
			"properties": {
				"行政區": "大同區",
				"地址": "環河北路2段污水廠（9）",
				"備註": "嚴禁投入家用垃圾，違者重罰新臺幣6000元"
			}
		},
		{
			"type": "Feature",
			"geometry": {
				"type": "Point",
				"coordinates": [121.509013, 25.074793]
			},
			"properties": {
				"行政區": "大同區",
				"地址": "環河北路2段污水廠（10）",
				"備註": "嚴禁投入家用垃圾，違者重罰新臺幣6000元"
			}
		},
		{
			"type": "Feature",
			"geometry": {
				"type": "Point",
				"coordinates": [121.5135, 25.06478]
			},
			"properties": {
				"行政區": "大同區",
				"地址": "重慶北路3段18號",
				"備註": "嚴禁投入家用垃圾，違者重罰新臺幣6000元"
			}
		},
		{
			"type": "Feature",
			"geometry": {
				"type": "Point",
				"coordinates": [121.5134664, 25.06452921]
			},
			"properties": {
				"行政區": "大同區",
				"地址": "重慶北路3段2號(大橋國小門口)",
				"備註": "嚴禁投入家用垃圾，違者重罰新臺幣6000元"
			}
		},
		{
			"type": "Feature",
			"geometry": {
				"type": "Point",
				"coordinates": [121.51343, 25.06336]
			},
			"properties": {
				"行政區": "大同區",
				"地址": "重慶北路3段2號(大橋頭捷運2號出口)",
				"備註": "嚴禁投入家用垃圾，違者重罰新臺幣6000元"
			}
		},
		{
			"type": "Feature",
			"geometry": {
				"type": "Point",
				"coordinates": [121.5135213, 25.0657947]
			},
			"properties": {
				"行政區": "大同區",
				"地址": "重慶北路3段60號",
				"備註": "嚴禁投入家用垃圾，違者重罰新臺幣6000元"
			}
		},
		{
			"type": "Feature",
			"geometry": {
				"type": "Point",
				"coordinates": [121.5124391, 25.0631353]
			},
			"properties": {
				"行政區": "大同區",
				"地址": "民權西路大橋頭捷運1號出口（2）",
				"備註": "嚴禁投入家用垃圾，違者重罰新臺幣6000元"
			}
		},
		{
			"type": "Feature",
			"geometry": {
				"type": "Point",
				"coordinates": [121.5109905, 25.0630445]
			},
			"properties": {
				"行政區": "大同區",
				"地址": "延平北路3段4號對面（地下道）",
				"備註": "嚴禁投入家用垃圾，違者重罰新臺幣6000元"
			}
		},
		{
			"type": "Feature",
			"geometry": {
				"type": "Point",
				"coordinates": [121.510981, 25.063104]
			},
			"properties": {
				"行政區": "大同區",
				"地址": "延平北路3段4號(地下道出口)",
				"備註": "嚴禁投入家用垃圾，違者重罰新臺幣6000元"
			}
		},
		{
			"type": "Feature",
			"geometry": {
				"type": "Point",
				"coordinates": [121.5117, 25.07639]
			},
			"properties": {
				"行政區": "大同區",
				"地址": "敦煌路151號對面",
				"備註": "嚴禁投入家用垃圾，違者重罰新臺幣6000元"
			}
		},
		{
			"type": "Feature",
			"geometry": {
				"type": "Point",
				"coordinates": [121.51073, 25.07639]
			},
			"properties": {
				"行政區": "大同區",
				"地址": "敦煌路165號對面",
				"備註": "嚴禁投入家用垃圾，違者重罰新臺幣6000元"
			}
		},
		{
			"type": "Feature",
			"geometry": {
				"type": "Point",
				"coordinates": [121.509423, 25.0757761]
			},
			"properties": {
				"行政區": "大同區",
				"地址": "環河北路2段污水廠（6）",
				"備註": "嚴禁投入家用垃圾，違者重罰新臺幣6000元"
			}
		},
		{
			"type": "Feature",
			"geometry": {
				"type": "Point",
				"coordinates": [121.513728, 25.0691666]
			},
			"properties": {
				"行政區": "大同區",
				"地址": "重慶北路3段178號（2）",
				"備註": "嚴禁投入家用垃圾，違者重罰新臺幣6000元"
			}
		},
		{
			"type": "Feature",
			"geometry": {
				"type": "Point",
				"coordinates": [121.5136198, 25.066056]
			},
			"properties": {
				"行政區": "大同區",
				"地址": "重慶北路3段68號（公車道）",
				"備註": "嚴禁投入家用垃圾，違者重罰新臺幣6000元"
			}
		},
		{
			"type": "Feature",
			"geometry": {
				"type": "Point",
				"coordinates": [121.509124, 25.063423]
			},
			"properties": {
				"行政區": "大同區",
				"地址": "民權西路297號對面",
				"備註": "嚴禁投入家用垃圾，違者重罰新臺幣6000元"
			}
		},
		{
			"type": "Feature",
			"geometry": {
				"type": "Point",
				"coordinates": [121.513581, 25.063644]
			},
			"properties": {
				"行政區": "大同區",
				"地址": "重慶北路3段2號對面",
				"備註": "嚴禁投入家用垃圾，違者重罰新臺幣6000元"
			}
		},
		{
			"type": "Feature",
			"geometry": {
				"type": "Point",
				"coordinates": [121.513579, 25.0692597]
			},
			"properties": {
				"行政區": "大同區",
				"地址": "重慶北路3段188號",
				"備註": "嚴禁投入家用垃圾，違者重罰新臺幣6000元"
			}
		},
		{
			"type": "Feature",
			"geometry": {
				"type": "Point",
				"coordinates": [121.513712, 25.068927]
			},
			"properties": {
				"行政區": "大同區",
				"地址": "重慶北路3段168號（公車站牌）",
				"備註": "嚴禁投入家用垃圾，違者重罰新臺幣6000元"
			}
		},
		{
			"type": "Feature",
			"geometry": {
				"type": "Point",
				"coordinates": [121.513582, 25.06733]
			},
			"properties": {
				"行政區": "大同區",
				"地址": "重慶北路3段124號",
				"備註": "嚴禁投入家用垃圾，違者重罰新臺幣6000元"
			}
		},
		{
			"type": "Feature",
			"geometry": {
				"type": "Point",
				"coordinates": [121.508877, 25.063497]
			},
			"properties": {
				"行政區": "大同區",
				"地址": "民權西路303號對面",
				"備註": "嚴禁投入家用垃圾，違者重罰新臺幣6000元"
			}
		},
		{
			"type": "Feature",
			"geometry": {
				"type": "Point",
				"coordinates": [121.514016, 25.055566]
			},
			"properties": {
				"行政區": "大同區",
				"地址": "重慶北路2段60號前（公車專用道）（1）",
				"備註": "嚴禁投入家用垃圾，違者重罰新臺幣6000元"
			}
		},
		{
			"type": "Feature",
			"geometry": {
				"type": "Point",
				"coordinates": [121.514057, 25.055426]
			},
			"properties": {
				"行政區": "大同區",
				"地址": "重慶北路2段60號前（公車專用道）（2）",
				"備註": "嚴禁投入家用垃圾，違者重罰新臺幣6000元"
			}
		},
		{
			"type": "Feature",
			"geometry": {
				"type": "Point",
				"coordinates": [121.510338, 25.049234]
			},
			"properties": {
				"行政區": "大同區",
				"地址": "塔城街捷運北門站2號公車站牌（2）",
				"備註": "嚴禁投入家用垃圾，違者重罰新臺幣6000元"
			}
		},
		{
			"type": "Feature",
			"geometry": {
				"type": "Point",
				"coordinates": [121.513569, 25.061095]
			},
			"properties": {
				"行政區": "大同區",
				"地址": "重慶北路2段涼州街口（公車專用道）（1）",
				"備註": "嚴禁投入家用垃圾，違者重罰新臺幣6000元"
			}
		},
		{
			"type": "Feature",
			"geometry": {
				"type": "Point",
				"coordinates": [121.513546, 25.060896]
			},
			"properties": {
				"行政區": "大同區",
				"地址": "重慶北路2段涼州街口（公車專用道）（2）",
				"備註": "嚴禁投入家用垃圾，違者重罰新臺幣6000元"
			}
		},
		{
			"type": "Feature",
			"geometry": {
				"type": "Point",
				"coordinates": [121.510181, 25.049036]
			},
			"properties": {
				"行政區": "大同區",
				"地址": "塔城街捷運1號公車站牌旁",
				"備註": "嚴禁投入家用垃圾，違者重罰新臺幣6000元"
			}
		},
		{
			"type": "Feature",
			"geometry": {
				"type": "Point",
				"coordinates": [121.513726, 25.057394]
			},
			"properties": {
				"行政區": "大同區",
				"地址": "重慶北路2段民生西路口(公車專用道)（3）",
				"備註": "嚴禁投入家用垃圾，違者重罰新臺幣6000元"
			}
		},
		{
			"type": "Feature",
			"geometry": {
				"type": "Point",
				"coordinates": [121.513968, 25.055712]
			},
			"properties": {
				"行政區": "大同區",
				"地址": "重慶北路2段60號前(公車專用道)（4）",
				"備註": "嚴禁投入家用垃圾，違者重罰新臺幣6000元"
			}
		},
		{
			"type": "Feature",
			"geometry": {
				"type": "Point",
				"coordinates": [121.513726, 25.057306]
			},
			"properties": {
				"行政區": "大同區",
				"地址": "重慶北路2段民生西路口（公車專用道）（1）",
				"備註": "嚴禁投入家用垃圾，違者重罰新臺幣6000元"
			}
		},
		{
			"type": "Feature",
			"geometry": {
				"type": "Point",
				"coordinates": [121.513752, 25.057131]
			},
			"properties": {
				"行政區": "大同區",
				"地址": "重慶北路2段民生西路口（公車專用道）（2）",
				"備註": "嚴禁投入家用垃圾，違者重罰新臺幣6000元"
			}
		},
		{
			"type": "Feature",
			"geometry": {
				"type": "Point",
				"coordinates": [121.513294, 25.049787]
			},
			"properties": {
				"行政區": "大同區",
				"地址": "重慶北路1段與鄭州路口（2）",
				"備註": "嚴禁投入家用垃圾，違者重罰新臺幣6000元"
			}
		},
		{
			"type": "Feature",
			"geometry": {
				"type": "Point",
				"coordinates": [121.513942, 25.052214]
			},
			"properties": {
				"行政區": "大同區",
				"地址": "重慶北路1段62號",
				"備註": "嚴禁投入家用垃圾，違者重罰新臺幣6000元"
			}
		},
		{
			"type": "Feature",
			"geometry": {
				"type": "Point",
				"coordinates": [121.507821, 25.048722]
			},
			"properties": {
				"行政區": "大同區",
				"地址": "忠孝西路2段與西寧北路口",
				"備註": "嚴禁投入家用垃圾，違者重罰新臺幣6000元"
			}
		},
		{
			"type": "Feature",
			"geometry": {
				"type": "Point",
				"coordinates": [121.514124, 25.053387]
			},
			"properties": {
				"行政區": "大同區",
				"地址": "重慶北路1段114號",
				"備註": "嚴禁投入家用垃圾，違者重罰新臺幣6000元"
			}
		},
		{
			"type": "Feature",
			"geometry": {
				"type": "Point",
				"coordinates": [121.513976, 25.052703]
			},
			"properties": {
				"行政區": "大同區",
				"地址": "重慶北路1段92號",
				"備註": "嚴禁投入家用垃圾，違者重罰新臺幣6000元"
			}
		},
		{
			"type": "Feature",
			"geometry": {
				"type": "Point",
				"coordinates": [121.511501, 25.048698]
			},
			"properties": {
				"行政區": "大同區",
				"地址": "延平北路鐵道博物館（延平北路1段上）",
				"備註": "嚴禁投入家用垃圾，違者重罰新臺幣6000元"
			}
		},
		{
			"type": "Feature",
			"geometry": {
				"type": "Point",
				"coordinates": [121.510242, 25.048764]
			},
			"properties": {
				"行政區": "大同區",
				"地址": "塔城街鐵道博物館（塔城街上）",
				"備註": "嚴禁投入家用垃圾，違者重罰新臺幣6000元"
			}
		},
		{
			"type": "Feature",
			"geometry": {
				"type": "Point",
				"coordinates": [121.513382, 25.05016]
			},
			"properties": {
				"行政區": "大同區",
				"地址": "重慶北路1段18號",
				"備註": "嚴禁投入家用垃圾，違者重罰新臺幣6000元"
			}
		},
		{
			"type": "Feature",
			"geometry": {
				"type": "Point",
				"coordinates": [121.513325, 25.049907]
			},
			"properties": {
				"行政區": "大同區",
				"地址": "重慶北路1段10號前",
				"備註": "嚴禁投入家用垃圾，違者重罰新臺幣6000元"
			}
		},
		{
			"type": "Feature",
			"geometry": {
				"type": "Point",
				"coordinates": [121.510496, 25.048306]
			},
			"properties": {
				"行政區": "大同區",
				"地址": "延平北路1段2號旁",
				"備註": "嚴禁投入家用垃圾，違者重罰新臺幣6000元"
			}
		},
		{
			"type": "Feature",
			"geometry": {
				"type": "Point",
				"coordinates": [121.509184, 25.050541]
			},
			"properties": {
				"行政區": "大同區",
				"地址": "鄭州路145號中興醫院正門旁",
				"備註": "嚴禁投入家用垃圾，違者重罰新臺幣6000元"
			}
		},
		{
			"type": "Feature",
			"geometry": {
				"type": "Point",
				"coordinates": [121.511339, 25.048346]
			},
			"properties": {
				"行政區": "大同區",
				"地址": "延平北路1段與忠孝西路1段路口",
				"備註": "嚴禁投入家用垃圾，違者重罰新臺幣6000元"
			}
		},
		{
			"type": "Feature",
			"geometry": {
				"type": "Point",
				"coordinates": [121.511177, 25.048226]
			},
			"properties": {
				"行政區": "大同區",
				"地址": "忠孝西路鐵道博物館旁（忠孝西路2段與延平北路1段口）",
				"備註": "嚴禁投入家用垃圾，違者重罰新臺幣6000元"
			}
		},
		{
			"type": "Feature",
			"geometry": {
				"type": "Point",
				"coordinates": [121.514029, 25.055461]
			},
			"properties": {
				"行政區": "大同區",
				"地址": "重慶北路2段60號前（公車專用道）（3）",
				"備註": "嚴禁投入家用垃圾，違者重罰新臺幣6000元"
			}
		},
		{
			"type": "Feature",
			"geometry": {
				"type": "Point",
				"coordinates": [121.510324, 25.049711]
			},
			"properties": {
				"行政區": "大同區",
				"地址": "塔城街捷運北門站3號出口（UBIKE站旁）",
				"備註": "嚴禁投入家用垃圾，違者重罰新臺幣6000元"
			}
		},
		{
			"type": "Feature",
			"geometry": {
				"type": "Point",
				"coordinates": [121.510275, 25.050053]
			},
			"properties": {
				"行政區": "大同區",
				"地址": "塔城街鄭州路口捷運北門站3號出口無障礙空間斜坡道旁",
				"備註": "嚴禁投入家用垃圾，違者重罰新臺幣6000元"
			}
		},
		{
			"type": "Feature",
			"geometry": {
				"type": "Point",
				"coordinates": [121.51182, 25.049686]
			},
			"properties": {
				"行政區": "大同區",
				"地址": "延平北路台北地下街Y26出口",
				"備註": "嚴禁投入家用垃圾，違者重罰新臺幣6000元"
			}
		},
		{
			"type": "Feature",
			"geometry": {
				"type": "Point",
				"coordinates": [121.510412, 25.049421]
			},
			"properties": {
				"行政區": "大同區",
				"地址": "塔城街市民大道口捷運北門站2號出口",
				"備註": "嚴禁投入家用垃圾，違者重罰新臺幣6000元"
			}
		},
		{
			"type": "Feature",
			"geometry": {
				"type": "Point",
				"coordinates": [121.510401, 25.0507837]
			},
			"properties": {
				"行政區": "大同區",
				"地址": "塔城公園對面人行道",
				"備註": "嚴禁投入家用垃圾，違者重罰新臺幣6000元"
			}
		},
		{
			"type": "Feature",
			"geometry": {
				"type": "Point",
				"coordinates": [121.513532, 25.061337]
			},
			"properties": {
				"行政區": "大同區",
				"地址": "重慶北路2段涼州街口（公車專用道）（3）",
				"備註": "嚴禁投入家用垃圾，違者重罰新臺幣6000元"
			}
		},
		{
			"type": "Feature",
			"geometry": {
				"type": "Point",
				"coordinates": [121.510421, 25.0508]
			},
			"properties": {
				"行政區": "大同區",
				"地址": "塔城街24號前（電信局）",
				"備註": "嚴禁投入家用垃圾，違者重罰新臺幣6000元"
			}
		},
		{
			"type": "Feature",
			"geometry": {
				"type": "Point",
				"coordinates": [121.510104, 25.04884]
			},
			"properties": {
				"行政區": "大同區",
				"地址": "塔城街市民大道口捷運北門站1號出口",
				"備註": "嚴禁投入家用垃圾，違者重罰新臺幣6000元"
			}
		},
		{
			"type": "Feature",
			"geometry": {
				"type": "Point",
				"coordinates": [121.510263, 25.049543]
			},
			"properties": {
				"行政區": "大同區",
				"地址": "塔城街市民大道口捷運北門站3號出口",
				"備註": "嚴禁投入家用垃圾，違者重罰新臺幣6000元"
			}
		},
		{
			"type": "Feature",
			"geometry": {
				"type": "Point",
				"coordinates": [121.509376, 25.050183]
			},
			"properties": {
				"行政區": "大同區",
				"地址": "鄭州路26巷口旁公車站牌(聯合醫院中興院區)",
				"備註": "嚴禁投入家用垃圾，違者重罰新臺幣6000元"
			}
		},
		{
			"type": "Feature",
			"geometry": {
				"type": "Point",
				"coordinates": [121.509693, 25.050449]
			},
			"properties": {
				"行政區": "大同區",
				"地址": "鄭州路145號中興醫院東側",
				"備註": "嚴禁投入家用垃圾，違者重罰新臺幣6000元"
			}
		},
		{
			"type": "Feature",
			"geometry": {
				"type": "Point",
				"coordinates": [121.50865, 25.05062]
			},
			"properties": {
				"行政區": "大同區",
				"地址": "鄭州路145號中興醫院西側",
				"備註": "嚴禁投入家用垃圾，違者重罰新臺幣6000元"
			}
		},
		{
			"type": "Feature",
			"geometry": {
				"type": "Point",
				"coordinates": [121.51165, 25.049237]
			},
			"properties": {
				"行政區": "大同區",
				"地址": "延平北路鐵道博物館車道出入口",
				"備註": "嚴禁投入家用垃圾，違者重罰新臺幣6000元"
			}
		},
		{
			"type": "Feature",
			"geometry": {
				"type": "Point",
				"coordinates": [121.509104, 25.050229]
			},
			"properties": {
				"行政區": "大同區",
				"地址": "鄭州路38巷口",
				"備註": "嚴禁投入家用垃圾，違者重罰新臺幣6000元"
			}
		},
		{
			"type": "Feature",
			"geometry": {
				"type": "Point",
				"coordinates": [121.509615, 25.050155]
			},
			"properties": {
				"行政區": "大同區",
				"地址": "鄭州路26巷口旁",
				"備註": "嚴禁投入家用垃圾，違者重罰新臺幣6000元"
			}
		},
		{
			"type": "Feature",
			"geometry": {
				"type": "Point",
				"coordinates": [121.510249, 25.048305]
			},
			"properties": {
				"行政區": "大同區",
				"地址": "忠孝西路鐵道博物館旁（忠孝西路2段與塔城街口）",
				"備註": "嚴禁投入家用垃圾，違者重罰新臺幣6000元"
			}
		},
		{
			"type": "Feature",
			"geometry": {
				"type": "Point",
				"coordinates": [121.509014, 25.048448]
			},
			"properties": {
				"行政區": "大同區",
				"地址": "忠孝西路2段11號旁",
				"備註": "嚴禁投入家用垃圾，違者重罰新臺幣6000元"
			}
		},
		{
			"type": "Feature",
			"geometry": {
				"type": "Point",
				"coordinates": [121.509598, 25.048334]
			},
			"properties": {
				"行政區": "大同區",
				"地址": "塔城街忠孝西路口",
				"備註": "嚴禁投入家用垃圾，違者重罰新臺幣6000元"
			}
		},
		{
			"type": "Feature",
			"geometry": {
				"type": "Point",
				"coordinates": [121.510196, 25.04843]
			},
			"properties": {
				"行政區": "大同區",
				"地址": "塔城街與忠孝西路2段口（東側）",
				"備註": "嚴禁投入家用垃圾，違者重罰新臺幣6000元"
			}
		},
		{
			"type": "Feature",
			"geometry": {
				"type": "Point",
				"coordinates": [121.508449, 25.048598]
			},
			"properties": {
				"行政區": "大同區",
				"地址": "忠孝西路2段25號旁",
				"備註": "嚴禁投入家用垃圾，違者重罰新臺幣6000元"
			}
		},
		{
			"type": "Feature",
			"geometry": {
				"type": "Point",
				"coordinates": [121.509933, 25.048524]
			},
			"properties": {
				"行政區": "大同區",
				"地址": "塔城街捷運北門站1號出口(電箱旁)",
				"備註": "嚴禁投入家用垃圾，違者重罰新臺幣6000元"
			}
		},
		{
			"type": "Feature",
			"geometry": {
				"type": "Point",
				"coordinates": [121.510214, 25.048605]
			},
			"properties": {
				"行政區": "大同區",
				"地址": "塔城街1號",
				"備註": "嚴禁投入家用垃圾，違者重罰新臺幣6000元"
			}
		},
		{
			"type": "Feature",
			"geometry": {
				"type": "Point",
				"coordinates": [121.513623, 25.062621]
			},
			"properties": {
				"行政區": "大同區",
				"地址": "重慶北路2段243號公車專用道內（3）",
				"備註": "嚴禁投入家用垃圾，違者重罰新臺幣6000元"
			}
		},
		{
			"type": "Feature",
			"geometry": {
				"type": "Point",
				"coordinates": [121.51801, 25.054549]
			},
			"properties": {
				"行政區": "大同區",
				"地址": "承德路1段日新國小(2)",
				"備註": "嚴禁投入家用垃圾，違者重罰新臺幣6000元"
			}
		},
		{
			"type": "Feature",
			"geometry": {
				"type": "Point",
				"coordinates": [121.517985, 25.062869]
			},
			"properties": {
				"行政區": "大同區",
				"地址": "民權西路102巷公車專用道內",
				"備註": "嚴禁投入家用垃圾，違者重罰新臺幣6000元"
			}
		},
		{
			"type": "Feature",
			"geometry": {
				"type": "Point",
				"coordinates": [121.518122, 25.062466]
			},
			"properties": {
				"行政區": "大同區",
				"地址": "承德路2段206號",
				"備註": "嚴禁投入家用垃圾，違者重罰新臺幣6000元"
			}
		},
		{
			"type": "Feature",
			"geometry": {
				"type": "Point",
				"coordinates": [121.518348, 25.061604]
			},
			"properties": {
				"行政區": "大同區",
				"地址": "承德路2段235號成淵高中右側",
				"備註": "嚴禁投入家用垃圾，違者重罰新臺幣6000元"
			}
		},
		{
			"type": "Feature",
			"geometry": {
				"type": "Point",
				"coordinates": [121.516707, 25.053581]
			},
			"properties": {
				"行政區": "大同區",
				"地址": "南京西路日新國小（公車站牌）（1）",
				"備註": "嚴禁投入家用垃圾，違者重罰新臺幣6000元"
			}
		},
		{
			"type": "Feature",
			"geometry": {
				"type": "Point",
				"coordinates": [121.517822, 25.062887]
			},
			"properties": {
				"行政區": "大同區",
				"地址": "民權西路102巷公車專用道內",
				"備註": "嚴禁投入家用垃圾，違者重罰新臺幣6000元"
			}
		},
		{
			"type": "Feature",
			"geometry": {
				"type": "Point",
				"coordinates": [121.51796, 25.054411]
			},
			"properties": {
				"行政區": "大同區",
				"地址": "承德路1段日新國小(3)",
				"備註": "嚴禁投入家用垃圾，違者重罰新臺幣6000元"
			}
		},
		{
			"type": "Feature",
			"geometry": {
				"type": "Point",
				"coordinates": [121.513817, 25.056963]
			},
			"properties": {
				"行政區": "大同區",
				"地址": "重慶北路2段101號公車專用道內（3）",
				"備註": "嚴禁投入家用垃圾，違者重罰新臺幣6000元"
			}
		},
		{
			"type": "Feature",
			"geometry": {
				"type": "Point",
				"coordinates": [121.517902, 25.054231]
			},
			"properties": {
				"行政區": "大同區",
				"地址": "承德路1段日新國小(4)",
				"備註": "嚴禁投入家用垃圾，違者重罰新臺幣6000元"
			}
		},
		{
			"type": "Feature",
			"geometry": {
				"type": "Point",
				"coordinates": [121.516485, 25.055206]
			},
			"properties": {
				"行政區": "大同區",
				"地址": "平陽街10號斜對面（寧夏夜市）",
				"備註": "嚴禁投入家用垃圾，違者重罰新臺幣6000元"
			}
		},
		{
			"type": "Feature",
			"geometry": {
				"type": "Point",
				"coordinates": [121.518031, 25.054717]
			},
			"properties": {
				"行政區": "大同區",
				"地址": "承德路2段日新國小",
				"備註": "嚴禁投入家用垃圾，違者重罰新臺幣6000元"
			}
		},
		{
			"type": "Feature",
			"geometry": {
				"type": "Point",
				"coordinates": [121.513834, 25.056706]
			},
			"properties": {
				"行政區": "大同區",
				"地址": "重慶北路2段101號公車專用道內（2）",
				"備註": "嚴禁投入家用垃圾，違者重罰新臺幣6000元"
			}
		},
		{
			"type": "Feature",
			"geometry": {
				"type": "Point",
				"coordinates": [121.514818, 25.049193]
			},
			"properties": {
				"行政區": "大同區",
				"地址": "鄭州路太原路口（台北地下街Y13前）",
				"備註": "嚴禁投入家用垃圾，違者重罰新臺幣6000元"
			}
		},
		{
			"type": "Feature",
			"geometry": {
				"type": "Point",
				"coordinates": [121.514899, 25.049175]
			},
			"properties": {
				"行政區": "大同區",
				"地址": "鄭州路鄭州路懷舊廣場前",
				"備註": "嚴禁投入家用垃圾，違者重罰新臺幣6000元"
			}
		},
		{
			"type": "Feature",
			"geometry": {
				"type": "Point",
				"coordinates": [121.51832, 25.060252]
			},
			"properties": {
				"行政區": "大同區",
				"地址": "承德路2段235號錦西街口",
				"備註": "嚴禁投入家用垃圾，違者重罰新臺幣6000元"
			}
		},
		{
			"type": "Feature",
			"geometry": {
				"type": "Point",
				"coordinates": [121.51808, 25.061644]
			},
			"properties": {
				"行政區": "大同區",
				"地址": "民權西路102巷33弄（承德路口）",
				"備註": "嚴禁投入家用垃圾，違者重罰新臺幣6000元"
			}
		},
		{
			"type": "Feature",
			"geometry": {
				"type": "Point",
				"coordinates": [121.518386, 25.060865]
			},
			"properties": {
				"行政區": "大同區",
				"地址": "承德路2段成淵高中前公車站牌",
				"備註": "嚴禁投入家用垃圾，違者重罰新臺幣6000元"
			}
		},
		{
			"type": "Feature",
			"geometry": {
				"type": "Point",
				"coordinates": [121.519008, 25.062805]
			},
			"properties": {
				"行政區": "大同區",
				"地址": "民權西路民權西路站1號出口旁",
				"備註": "嚴禁投入家用垃圾，違者重罰新臺幣6000元"
			}
		},
		{
			"type": "Feature",
			"geometry": {
				"type": "Point",
				"coordinates": [121.514919, 25.049232]
			},
			"properties": {
				"行政區": "大同區",
				"地址": "鄭州路懷舊廣場前(2)",
				"備註": "嚴禁投入家用垃圾，違者重罰新臺幣6000元"
			}
		},
		{
			"type": "Feature",
			"geometry": {
				"type": "Point",
				"coordinates": [121.513507, 25.049619]
			},
			"properties": {
				"行政區": "大同區",
				"地址": "重慶北路1段1號前（後站商圈）",
				"備註": "嚴禁投入家用垃圾，違者重罰新臺幣6000元"
			}
		},
		{
			"type": "Feature",
			"geometry": {
				"type": "Point",
				"coordinates": [121.514469, 25.049321]
			},
			"properties": {
				"行政區": "大同區",
				"地址": "鄭州路23號-台北捷運地下街Y15出口",
				"備註": "嚴禁投入家用垃圾，違者重罰新臺幣6000元"
			}
		},
		{
			"type": "Feature",
			"geometry": {
				"type": "Point",
				"coordinates": [121.518396, 25.061205]
			},
			"properties": {
				"行政區": "大同區",
				"地址": "承德路2段235號成淵高中校門口左側",
				"備註": "嚴禁投入家用垃圾，違者重罰新臺幣6000元"
			}
		},
		{
			"type": "Feature",
			"geometry": {
				"type": "Point",
				"coordinates": [121.51489, 25.0628347]
			},
			"properties": {
				"行政區": "大同區",
				"地址": "民權西路186之2號",
				"備註": "嚴禁投入家用垃圾，違者重罰新臺幣6000元"
			}
		},
		{
			"type": "Feature",
			"geometry": {
				"type": "Point",
				"coordinates": [121.514383, 25.054593]
			},
			"properties": {
				"行政區": "大同區",
				"地址": "重慶北路2段15號",
				"備註": "嚴禁投入家用垃圾，違者重罰新臺幣6000元"
			}
		},
		{
			"type": "Feature",
			"geometry": {
				"type": "Point",
				"coordinates": [121.518157, 25.062331]
			},
			"properties": {
				"行政區": "大同區",
				"地址": "承德路2段208號",
				"備註": "嚴禁投入家用垃圾，違者重罰新臺幣6000元"
			}
		},
		{
			"type": "Feature",
			"geometry": {
				"type": "Point",
				"coordinates": [121.513799, 25.056888]
			},
			"properties": {
				"行政區": "大同區",
				"地址": "重慶北路2段101號公車專用道內",
				"備註": "嚴禁投入家用垃圾，違者重罰新臺幣6000元"
			}
		},
		{
			"type": "Feature",
			"geometry": {
				"type": "Point",
				"coordinates": [121.516619, 25.053648]
			},
			"properties": {
				"行政區": "大同區",
				"地址": "南京西路日新國小（公車站牌）（2）",
				"備註": "嚴禁投入家用垃圾，違者重罰新臺幣6000元"
			}
		},
		{
			"type": "Feature",
			"geometry": {
				"type": "Point",
				"coordinates": [121.518779, 25.06281]
			},
			"properties": {
				"行政區": "大同區",
				"地址": "民權西路民權西路站6號出口",
				"備註": "嚴禁投入家用垃圾，違者重罰新臺幣6000元"
			}
		},
		{
			"type": "Feature",
			"geometry": {
				"type": "Point",
				"coordinates": [121.513561, 25.060363]
			},
			"properties": {
				"行政區": "大同區",
				"地址": "重慶北路2段201號公車專用道內（1）",
				"備註": "嚴禁投入家用垃圾，違者重罰新臺幣6000元"
			}
		},
		{
			"type": "Feature",
			"geometry": {
				"type": "Point",
				"coordinates": [121.513573, 25.060579]
			},
			"properties": {
				"行政區": "大同區",
				"地址": "重慶北路2段201號公車專用道內（2）",
				"備註": "嚴禁投入家用垃圾，違者重罰新臺幣6000元"
			}
		},
		{
			"type": "Feature",
			"geometry": {
				"type": "Point",
				"coordinates": [121.5136, 25.06281]
			},
			"properties": {
				"行政區": "大同區",
				"地址": "重慶北路2段243號公車專用道內（2）",
				"備註": "嚴禁投入家用垃圾，違者重罰新臺幣6000元"
			}
		},
		{
			"type": "Feature",
			"geometry": {
				"type": "Point",
				"coordinates": [121.513613, 25.062671]
			},
			"properties": {
				"行政區": "大同區",
				"地址": "重慶北路2段243號公車專用道內（1）",
				"備註": "嚴禁投入家用垃圾，違者重罰新臺幣6000元"
			}
		},
		{
			"type": "Feature",
			"geometry": {
				"type": "Point",
				"coordinates": [121.514964, 25.057009]
			},
			"properties": {
				"行政區": "大同區",
				"地址": "民生西路208號（寧夏夜市）",
				"備註": "嚴禁投入家用垃圾，違者重罰新臺幣6000元"
			}
		},
		{
			"type": "Feature",
			"geometry": {
				"type": "Point",
				"coordinates": [121.513541, 25.049909]
			},
			"properties": {
				"行政區": "大同區",
				"地址": "重慶北路1段9號（後站商圈）",
				"備註": "嚴禁投入家用垃圾，違者重罰新臺幣6000元"
			}
		},
		{
			"type": "Feature",
			"geometry": {
				"type": "Point",
				"coordinates": [121.515163, 25.057056]
			},
			"properties": {
				"行政區": "大同區",
				"地址": "民生西路239號站牌旁",
				"備註": "嚴禁投入家用垃圾，違者重罰新臺幣6000元"
			}
		},
		{
			"type": "Feature",
			"geometry": {
				"type": "Point",
				"coordinates": [121.515061, 25.057138]
			},
			"properties": {
				"行政區": "大同區",
				"地址": "民生西路241號天主堂旁公車站牌",
				"備註": "嚴禁投入家用垃圾，違者重罰新臺幣6000元"
			}
		},
		{
			"type": "Feature",
			"geometry": {
				"type": "Point",
				"coordinates": [121.515068, 25.056957]
			},
			"properties": {
				"行政區": "大同區",
				"地址": "民生西路212號公車站牌",
				"備註": "嚴禁投入家用垃圾，違者重罰新臺幣6000元"
			}
		},
		{
			"type": "Feature",
			"geometry": {
				"type": "Point",
				"coordinates": [121.516507, 25.057092]
			},
			"properties": {
				"行政區": "大同區",
				"地址": "民生西路198之10號（雙連市場）",
				"備註": "嚴禁投入家用垃圾，違者重罰新臺幣6000元"
			}
		},
		{
			"type": "Feature",
			"geometry": {
				"type": "Point",
				"coordinates": [121.516772, 25.056104]
			},
			"properties": {
				"行政區": "大同區",
				"地址": "太原路蓬萊國小門口（北側）",
				"備註": "嚴禁投入家用垃圾，違者重罰新臺幣6000元"
			}
		},
		{
			"type": "Feature",
			"geometry": {
				"type": "Point",
				"coordinates": [121.516748, 25.056019]
			},
			"properties": {
				"行政區": "大同區",
				"地址": "太原路蓬萊國小門口（南側）",
				"備註": "嚴禁投入家用垃圾，違者重罰新臺幣6000元"
			}
		},
		{
			"type": "Feature",
			"geometry": {
				"type": "Point",
				"coordinates": [121.519772, 25.052686]
			},
			"properties": {
				"行政區": "大同區",
				"地址": "南京西路30號前",
				"備註": "嚴禁投入家用垃圾，違者重罰新臺幣6000元"
			}
		},
		{
			"type": "Feature",
			"geometry": {
				"type": "Point",
				"coordinates": [121.519616, 25.05277]
			},
			"properties": {
				"行政區": "大同區",
				"地址": "南京西路36號",
				"備註": "嚴禁投入家用垃圾，違者重罰新臺幣6000元"
			}
		},
		{
			"type": "Feature",
			"geometry": {
				"type": "Point",
				"coordinates": [121.518927, 25.052896]
			},
			"properties": {
				"行政區": "大同區",
				"地址": "南京西路62號",
				"備註": "嚴禁投入家用垃圾，違者重罰新臺幣6000元"
			}
		},
		{
			"type": "Feature",
			"geometry": {
				"type": "Point",
				"coordinates": [121.51691, 25.053568]
			},
			"properties": {
				"行政區": "大同區",
				"地址": "南京西路日新國小（公車站牌）（3）",
				"備註": "嚴禁投入家用垃圾，違者重罰新臺幣6000元"
			}
		},
		{
			"type": "Feature",
			"geometry": {
				"type": "Point",
				"coordinates": [121.514947, 25.054169]
			},
			"properties": {
				"行政區": "大同區",
				"地址": "南京西路123號前（寧夏夜市）",
				"備註": "嚴禁投入家用垃圾，違者重罰新臺幣6000元"
			}
		},
		{
			"type": "Feature",
			"geometry": {
				"type": "Point",
				"coordinates": [121.515814, 25.05378]
			},
			"properties": {
				"行政區": "大同區",
				"地址": "南京西路105號",
				"備註": "嚴禁投入家用垃圾，違者重罰新臺幣6000元"
			}
		},
		{
			"type": "Feature",
			"geometry": {
				"type": "Point",
				"coordinates": [121.515583, 25.053648]
			},
			"properties": {
				"行政區": "大同區",
				"地址": "南京西路244號前公車站牌",
				"備註": "嚴禁投入家用垃圾，違者重罰新臺幣6000元"
			}
		},
		{
			"type": "Feature",
			"geometry": {
				"type": "Point",
				"coordinates": [121.516362, 25.057082]
			},
			"properties": {
				"行政區": "大同區",
				"地址": "民生西路198號（雙連市場公車站）",
				"備註": "嚴禁投入家用垃圾，違者重罰新臺幣6000元"
			}
		},
		{
			"type": "Feature",
			"geometry": {
				"type": "Point",
				"coordinates": [121.515964, 25.057036]
			},
			"properties": {
				"行政區": "大同區",
				"地址": "民生西路198之22號(左前方)電箱旁（寧夏夜市）",
				"備註": "嚴禁投入家用垃圾，違者重罰新臺幣6000元"
			}
		},
		{
			"type": "Feature",
			"geometry": {
				"type": "Point",
				"coordinates": [121.515283, 25.049145]
			},
			"properties": {
				"行政區": "大同區",
				"地址": "鄭州路7-19號-台北捷運地下街Y11出口",
				"備註": "嚴禁投入家用垃圾，違者重罰新臺幣6000元"
			}
		},
		{
			"type": "Feature",
			"geometry": {
				"type": "Point",
				"coordinates": [121.514532, 25.049308]
			},
			"properties": {
				"行政區": "大同區",
				"地址": "鄭州路21巷口-台北捷運地下街Y13出口",
				"備註": "嚴禁投入家用垃圾，違者重罰新臺幣6000元"
			}
		},
		{
			"type": "Feature",
			"geometry": {
				"type": "Point",
				"coordinates": [121.58877, 25.068902]
			},
			"properties": {
				"行政區": "內湖區",
				"地址": "民權東路6段138號(新湖國小前)",
				"備註": "嚴禁投入家用垃圾，違者重罰新臺幣6000元"
			}
		},
		{
			"type": "Feature",
			"geometry": {
				"type": "Point",
				"coordinates": [121.590518, 25.06688]
			},
			"properties": {
				"行政區": "內湖區",
				"地址": "成功路2段312巷口(湖興公園前)",
				"備註": "嚴禁投入家用垃圾，違者重罰新臺幣6000元"
			}
		},
		{
			"type": "Feature",
			"geometry": {
				"type": "Point",
				"coordinates": [121.590828, 25.067736]
			},
			"properties": {
				"行政區": "內湖區",
				"地址": "成功路2段233號(薑母鴨前)",
				"備註": "嚴禁投入家用垃圾，違者重罰新臺幣6000元"
			}
		},
		{
			"type": "Feature",
			"geometry": {
				"type": "Point",
				"coordinates": [121.588341, 25.069167]
			},
			"properties": {
				"行政區": "內湖區",
				"地址": "民權東路6段97號(士林地方法院前)",
				"備註": "嚴禁投入家用垃圾，違者重罰新臺幣6000元"
			}
		},
		{
			"type": "Feature",
			"geometry": {
				"type": "Point",
				"coordinates": [121.585607, 25.06903]
			},
			"properties": {
				"行政區": "內湖區",
				"地址": "民權東路6段45號(三民國中左邊)",
				"備註": "嚴禁投入家用垃圾，違者重罰新臺幣6000元"
			}
		},
		{
			"type": "Feature",
			"geometry": {
				"type": "Point",
				"coordinates": [121.591798, 25.06883]
			},
			"properties": {
				"行政區": "內湖區",
				"地址": "民權東路6段156號(土地銀行前)",
				"備註": "嚴禁投入家用垃圾，違者重罰新臺幣6000元"
			}
		},
		{
			"type": "Feature",
			"geometry": {
				"type": "Point",
				"coordinates": [121.59319, 25.068808]
			},
			"properties": {
				"行政區": "內湖區",
				"地址": "民權東路6段186號旁",
				"備註": "嚴禁投入家用垃圾，違者重罰新臺幣6000元"
			}
		},
		{
			"type": "Feature",
			"geometry": {
				"type": "Point",
				"coordinates": [121.596793, 25.067759]
			},
			"properties": {
				"行政區": "內湖區",
				"地址": "民權東路6段208號(網球中心站牌)",
				"備註": "嚴禁投入家用垃圾，違者重罰新臺幣6000元"
			}
		},
		{
			"type": "Feature",
			"geometry": {
				"type": "Point",
				"coordinates": [121.598281, 25.067105]
			},
			"properties": {
				"行政區": "內湖區",
				"地址": "民權東路6段218巷口民權敦品公車站牌",
				"備註": "嚴禁投入家用垃圾，違者重罰新臺幣6000元"
			}
		},
		{
			"type": "Feature",
			"geometry": {
				"type": "Point",
				"coordinates": [121.597666, 25.067621]
			},
			"properties": {
				"行政區": "內湖區",
				"地址": "民權東路6段191巷口",
				"備註": "嚴禁投入家用垃圾，違者重罰新臺幣6000元"
			}
		},
		{
			"type": "Feature",
			"geometry": {
				"type": "Point",
				"coordinates": [121.590735, 25.066867]
			},
			"properties": {
				"行政區": "內湖區",
				"地址": "成功路2段193巷口(下灣公園前)",
				"備註": "嚴禁投入家用垃圾，違者重罰新臺幣6000元"
			}
		},
		{
			"type": "Feature",
			"geometry": {
				"type": "Point",
				"coordinates": [121.590074, 25.071174]
			},
			"properties": {
				"行政區": "內湖區",
				"地址": "成功路2段(三軍總院站牌)",
				"備註": "嚴禁投入家用垃圾，違者重罰新臺幣6000元"
			}
		},
		{
			"type": "Feature",
			"geometry": {
				"type": "Point",
				"coordinates": [121.590067, 25.073745]
			},
			"properties": {
				"行政區": "內湖區",
				"地址": "成功路2段369號(橡木桶前)",
				"備註": "嚴禁投入家用垃圾，違者重罰新臺幣6000元"
			}
		},
		{
			"type": "Feature",
			"geometry": {
				"type": "Point",
				"coordinates": [121.599735, 25.066729]
			},
			"properties": {
				"行政區": "內湖區",
				"地址": "民權東路6段228號前人行道",
				"備註": "嚴禁投入家用垃圾，違者重罰新臺幣6000元"
			}
		},
		{
			"type": "Feature",
			"geometry": {
				"type": "Point",
				"coordinates": [121.601013, 25.067322]
			},
			"properties": {
				"行政區": "內湖區",
				"地址": "民權東路6段253號前人行道",
				"備註": "嚴禁投入家用垃圾，違者重罰新臺幣6000元"
			}
		},
		{
			"type": "Feature",
			"geometry": {
				"type": "Point",
				"coordinates": [121.595968, 25.068342]
			},
			"properties": {
				"行政區": "內湖區",
				"地址": "民權東路6段173號公車站牌旁",
				"備註": "嚴禁投入家用垃圾，違者重罰新臺幣6000元"
			}
		},
		{
			"type": "Feature",
			"geometry": {
				"type": "Point",
				"coordinates": [121.588224, 25.078998]
			},
			"properties": {
				"行政區": "內湖區",
				"地址": "文德路單號側(內湖高中站牌)",
				"備註": "嚴禁投入家用垃圾，違者重罰新臺幣6000元"
			}
		},
		{
			"type": "Feature",
			"geometry": {
				"type": "Point",
				"coordinates": [121.587712, 25.076974]
			},
			"properties": {
				"行政區": "內湖區",
				"地址": "陽光街雙號側(內湖國中站牌)",
				"備註": "嚴禁投入家用垃圾，違者重罰新臺幣6000元"
			}
		},
		{
			"type": "Feature",
			"geometry": {
				"type": "Point",
				"coordinates": [121.587773, 25.076899]
			},
			"properties": {
				"行政區": "內湖區",
				"地址": "陽光街單號側(內湖國中站牌)",
				"備註": "嚴禁投入家用垃圾，違者重罰新臺幣6000元"
			}
		},
		{
			"type": "Feature",
			"geometry": {
				"type": "Point",
				"coordinates": [121.586021, 25.078672]
			},
			"properties": {
				"行政區": "內湖區",
				"地址": "文德路175號前(捷運站旁)",
				"備註": "嚴禁投入家用垃圾，違者重罰新臺幣6000元"
			}
		},
		{
			"type": "Feature",
			"geometry": {
				"type": "Point",
				"coordinates": [121.580915, 25.078368]
			},
			"properties": {
				"行政區": "內湖區",
				"地址": "文德路50號(文德3號公園前)",
				"備註": "嚴禁投入家用垃圾，違者重罰新臺幣6000元"
			}
		},
		{
			"type": "Feature",
			"geometry": {
				"type": "Point",
				"coordinates": [121.589948, 25.077045]
			},
			"properties": {
				"行政區": "內湖區",
				"地址": "成功路3段(內湖國中成功路側門右邊)1",
				"備註": "嚴禁投入家用垃圾，違者重罰新臺幣6000元"
			}
		},
		{
			"type": "Feature",
			"geometry": {
				"type": "Point",
				"coordinates": [121.59004, 25.076775]
			},
			"properties": {
				"行政區": "內湖區",
				"地址": "成功路3段(內湖國中成功路側門右邊)2",
				"備註": "嚴禁投入家用垃圾，違者重罰新臺幣6000元"
			}
		},
		{
			"type": "Feature",
			"geometry": {
				"type": "Point",
				"coordinates": [121.58954, 25.06334]
			},
			"properties": {
				"行政區": "內湖區",
				"地址": "石潭路137號前(石潭成功路口站牌)1",
				"備註": "嚴禁投入家用垃圾，違者重罰新臺幣6000元"
			}
		},
		{
			"type": "Feature",
			"geometry": {
				"type": "Point",
				"coordinates": [121.58905, 25.0632]
			},
			"properties": {
				"行政區": "內湖區",
				"地址": "石潭路137號前(石潭成功路口站牌)2",
				"備註": "嚴禁投入家用垃圾，違者重罰新臺幣6000元"
			}
		},
		{
			"type": "Feature",
			"geometry": {
				"type": "Point",
				"coordinates": [121.591071, 25.060907]
			},
			"properties": {
				"行政區": "內湖區",
				"地址": "成功路2段(石潭公園成功站牌)",
				"備註": "嚴禁投入家用垃圾，違者重罰新臺幣6000元"
			}
		},
		{
			"type": "Feature",
			"geometry": {
				"type": "Point",
				"coordinates": [121.58609, 25.06602]
			},
			"properties": {
				"行政區": "內湖區",
				"地址": "行善路與金豐街交叉口",
				"備註": "嚴禁投入家用垃圾，違者重罰新臺幣6000元"
			}
		},
		{
			"type": "Feature",
			"geometry": {
				"type": "Point",
				"coordinates": [121.576301, 25.054826]
			},
			"properties": {
				"行政區": "內湖區",
				"地址": "南京東路6段與堤頂大道交叉口",
				"備註": "嚴禁投入家用垃圾，違者重罰新臺幣6000元"
			}
		},
		{
			"type": "Feature",
			"geometry": {
				"type": "Point",
				"coordinates": [121.590029, 25.069098]
			},
			"properties": {
				"行政區": "內湖區",
				"地址": "成功路2段376號防災科學教育館側邊",
				"備註": "嚴禁投入家用垃圾，違者重罰新臺幣6000元"
			}
		},
		{
			"type": "Feature",
			"geometry": {
				"type": "Point",
				"coordinates": [121.58288, 25.078413]
			},
			"properties": {
				"行政區": "內湖區",
				"地址": "文德路100號(湖光國宅)",
				"備註": "嚴禁投入家用垃圾，違者重罰新臺幣6000元"
			}
		},
		{
			"type": "Feature",
			"geometry": {
				"type": "Point",
				"coordinates": [121.600291, 25.084755]
			},
			"properties": {
				"行政區": "內湖區",
				"地址": "成功路4段360號",
				"備註": "嚴禁投入家用垃圾，違者重罰新臺幣6000元"
			}
		},
		{
			"type": "Feature",
			"geometry": {
				"type": "Point",
				"coordinates": [121.592608, 25.082647]
			},
			"properties": {
				"行政區": "內湖區",
				"地址": "成功路4段64號",
				"備註": "嚴禁投入家用垃圾，違者重罰新臺幣6000元"
			}
		},
		{
			"type": "Feature",
			"geometry": {
				"type": "Point",
				"coordinates": [121.590254, 25.076919]
			},
			"properties": {
				"行政區": "內湖區",
				"地址": "成功路3段61號方濟中學",
				"備註": "嚴禁投入家用垃圾，違者重罰新臺幣6000元"
			}
		},
		{
			"type": "Feature",
			"geometry": {
				"type": "Point",
				"coordinates": [121.5900094, 25.0795986]
			},
			"properties": {
				"行政區": "內湖區",
				"地址": "成功路3段143號",
				"備註": "嚴禁投入家用垃圾，違者重罰新臺幣6000元"
			}
		},
		{
			"type": "Feature",
			"geometry": {
				"type": "Point",
				"coordinates": [121.592259, 25.081939]
			},
			"properties": {
				"行政區": "內湖區",
				"地址": "成功路4段57號公車站牌",
				"備註": "嚴禁投入家用垃圾，違者重罰新臺幣6000元"
			}
		},
		{
			"type": "Feature",
			"geometry": {
				"type": "Point",
				"coordinates": [121.591305, 25.081144]
			},
			"properties": {
				"行政區": "內湖區",
				"地址": "成功路4段155號",
				"備註": "嚴禁投入家用垃圾，違者重罰新臺幣6000元"
			}
		},
		{
			"type": "Feature",
			"geometry": {
				"type": "Point",
				"coordinates": [121.600137, 25.084547]
			},
			"properties": {
				"行政區": "內湖區",
				"地址": "成功路4段363號",
				"備註": "嚴禁投入家用垃圾，違者重罰新臺幣6000元"
			}
		},
		{
			"type": "Feature",
			"geometry": {
				"type": "Point",
				"coordinates": [121.602535, 25.083526]
			},
			"properties": {
				"行政區": "內湖區",
				"地址": "成功路5段大湖公園捷運站2號出口",
				"備註": "嚴禁投入家用垃圾，違者重罰新臺幣6000元"
			}
		},
		{
			"type": "Feature",
			"geometry": {
				"type": "Point",
				"coordinates": [121.604992, 25.082869]
			},
			"properties": {
				"行政區": "內湖區",
				"地址": "成功路5段大湖公園1(游泳池)",
				"備註": "嚴禁投入家用垃圾，違者重罰新臺幣6000元"
			}
		},
		{
			"type": "Feature",
			"geometry": {
				"type": "Point",
				"coordinates": [121.606554, 25.081568]
			},
			"properties": {
				"行政區": "內湖區",
				"地址": "成功路5段大湖公園2(觀景台往回走30公尺處)",
				"備註": "嚴禁投入家用垃圾，違者重罰新臺幣6000元"
			}
		},
		{
			"type": "Feature",
			"geometry": {
				"type": "Point",
				"coordinates": [121.607127, 25.079751]
			},
			"properties": {
				"行政區": "內湖區",
				"地址": "成功路5段大湖公園3(靠東湖)",
				"備註": "嚴禁投入家用垃圾，違者重罰新臺幣6000元"
			}
		},
		{
			"type": "Feature",
			"geometry": {
				"type": "Point",
				"coordinates": [121.602399, 25.084002]
			},
			"properties": {
				"行政區": "內湖區",
				"地址": "成功路5段大湖公園捷運站1號出口",
				"備註": "嚴禁投入家用垃圾，違者重罰新臺幣6000元"
			}
		},
		{
			"type": "Feature",
			"geometry": {
				"type": "Point",
				"coordinates": [121.586706, 25.088489]
			},
			"properties": {
				"行政區": "內湖區",
				"地址": "金龍路226號",
				"備註": "嚴禁投入家用垃圾，違者重罰新臺幣6000元"
			}
		},
		{
			"type": "Feature",
			"geometry": {
				"type": "Point",
				"coordinates": [121.587041, 25.081281]
			},
			"properties": {
				"行政區": "內湖區",
				"地址": "內湖路2段177號",
				"備註": "嚴禁投入家用垃圾，違者重罰新臺幣6000元"
			}
		},
		{
			"type": "Feature",
			"geometry": {
				"type": "Point",
				"coordinates": [121.594069, 25.083805]
			},
			"properties": {
				"行政區": "內湖區",
				"地址": "成功路4段188號(內湖捷運站1號出口1)",
				"備註": "嚴禁投入家用垃圾，違者重罰新臺幣6000元"
			}
		},
		{
			"type": "Feature",
			"geometry": {
				"type": "Point",
				"coordinates": [121.590657, 25.080705]
			},
			"properties": {
				"行政區": "內湖區",
				"地址": "成功路3段172之2號",
				"備註": "嚴禁投入家用垃圾，違者重罰新臺幣6000元"
			}
		},
		{
			"type": "Feature",
			"geometry": {
				"type": "Point",
				"coordinates": [121.594672, 25.084009]
			},
			"properties": {
				"行政區": "內湖區",
				"地址": "成功路4段188號(內湖捷運站1號出口2)",
				"備註": "嚴禁投入家用垃圾，違者重罰新臺幣6000元"
			}
		},
		{
			"type": "Feature",
			"geometry": {
				"type": "Point",
				"coordinates": [121.588133, 25.086954]
			},
			"properties": {
				"行政區": "內湖區",
				"地址": "金龍路187號對面",
				"備註": "嚴禁投入家用垃圾，違者重罰新臺幣6000元"
			}
		},
		{
			"type": "Feature",
			"geometry": {
				"type": "Point",
				"coordinates": [121.611832, 25.070028]
			},
			"properties": {
				"行政區": "內湖區",
				"地址": "康寧路3段183號",
				"備註": "嚴禁投入家用垃圾，違者重罰新臺幣6000元"
			}
		},
		{
			"type": "Feature",
			"geometry": {
				"type": "Point",
				"coordinates": [121.610746, 25.071044]
			},
			"properties": {
				"行政區": "內湖區",
				"地址": "康寧路3段105號(明湖國小)",
				"備註": "嚴禁投入家用垃圾，違者重罰新臺幣6000元"
			}
		},
		{
			"type": "Feature",
			"geometry": {
				"type": "Point",
				"coordinates": [121.609381, 25.071824]
			},
			"properties": {
				"行政區": "內湖區",
				"地址": "康寧路3段81號公車站牌",
				"備註": "嚴禁投入家用垃圾，違者重罰新臺幣6000元"
			}
		},
		{
			"type": "Feature",
			"geometry": {
				"type": "Point",
				"coordinates": [121.607039, 25.078171]
			},
			"properties": {
				"行政區": "內湖區",
				"地址": "成功路5段37號旁",
				"備註": "嚴禁投入家用垃圾，違者重罰新臺幣6000元"
			}
		},
		{
			"type": "Feature",
			"geometry": {
				"type": "Point",
				"coordinates": [121.607143, 25.075824]
			},
			"properties": {
				"行政區": "內湖區",
				"地址": "成功路5段404號對面候車亭",
				"備註": "嚴禁投入家用垃圾，違者重罰新臺幣6000元"
			}
		},
		{
			"type": "Feature",
			"geometry": {
				"type": "Point",
				"coordinates": [121.617, 25.068057]
			},
			"properties": {
				"行政區": "內湖區",
				"地址": "東湖路142號公車站牌",
				"備註": "嚴禁投入家用垃圾，違者重罰新臺幣6000元"
			}
		},
		{
			"type": "Feature",
			"geometry": {
				"type": "Point",
				"coordinates": [121.604954, 25.072516]
			},
			"properties": {
				"行政區": "內湖區",
				"地址": "民權東路6段471號公車站牌",
				"備註": "嚴禁投入家用垃圾，違者重罰新臺幣6000元"
			}
		},
		{
			"type": "Feature",
			"geometry": {
				"type": "Point",
				"coordinates": [121.611479, 25.070491]
			},
			"properties": {
				"行政區": "內湖區",
				"地址": "康寧路3段157號公車站牌",
				"備註": "嚴禁投入家用垃圾，違者重罰新臺幣6000元"
			}
		},
		{
			"type": "Feature",
			"geometry": {
				"type": "Point",
				"coordinates": [121.609292, 25.071611]
			},
			"properties": {
				"行政區": "內湖區",
				"地址": "康寧路3段54-5號公車站牌",
				"備註": "嚴禁投入家用垃圾，違者重罰新臺幣6000元"
			}
		},
		{
			"type": "Feature",
			"geometry": {
				"type": "Point",
				"coordinates": [121.611121, 25.070433]
			},
			"properties": {
				"行政區": "內湖區",
				"地址": "康寧路3段70巷口明湖國中旁",
				"備註": "嚴禁投入家用垃圾，違者重罰新臺幣6000元"
			}
		},
		{
			"type": "Feature",
			"geometry": {
				"type": "Point",
				"coordinates": [121.611676, 25.067764]
			},
			"properties": {
				"行政區": "內湖區",
				"地址": "康寧路3段220號",
				"備註": "嚴禁投入家用垃圾，違者重罰新臺幣6000元"
			}
		},
		{
			"type": "Feature",
			"geometry": {
				"type": "Point",
				"coordinates": [121.616675, 25.068087]
			},
			"properties": {
				"行政區": "內湖區",
				"地址": "東湖路130號",
				"備註": "嚴禁投入家用垃圾，違者重罰新臺幣6000元"
			}
		},
		{
			"type": "Feature",
			"geometry": {
				"type": "Point",
				"coordinates": [121.6069892, 25.0726127]
			},
			"properties": {
				"行政區": "內湖區",
				"地址": "康寧路3段16號葫洲捷運站2號出口",
				"備註": "嚴禁投入家用垃圾，違者重罰新臺幣6000元"
			}
		},
		{
			"type": "Feature",
			"geometry": {
				"type": "Point",
				"coordinates": [121.604699, 25.063238]
			},
			"properties": {
				"行政區": "內湖區",
				"地址": "安康路內湖焚化廠內",
				"備註": "嚴禁投入家用垃圾，違者重罰新臺幣6000元"
			}
		},
		{
			"type": "Feature",
			"geometry": {
				"type": "Point",
				"coordinates": [121.608274, 25.072665]
			},
			"properties": {
				"行政區": "內湖區",
				"地址": "成功路5段450巷23弄口葫洲捷運站",
				"備註": "嚴禁投入家用垃圾，違者重罰新臺幣6000元"
			}
		},
		{
			"type": "Feature",
			"geometry": {
				"type": "Point",
				"coordinates": [121.60746, 25.072419]
			},
			"properties": {
				"行政區": "內湖區",
				"地址": "康寧路3段18號",
				"備註": "嚴禁投入家用垃圾，違者重罰新臺幣6000元"
			}
		},
		{
			"type": "Feature",
			"geometry": {
				"type": "Point",
				"coordinates": [121.611256, 25.067153]
			},
			"properties": {
				"行政區": "內湖區",
				"地址": "康寧路3段東湖捷運站2號出口",
				"備註": "嚴禁投入家用垃圾，違者重罰新臺幣6000元"
			}
		},
		{
			"type": "Feature",
			"geometry": {
				"type": "Point",
				"coordinates": [121.607904, 25.072534]
			},
			"properties": {
				"行政區": "內湖區",
				"地址": "康寧路3段51號葫洲站1號出口",
				"備註": "嚴禁投入家用垃圾，違者重罰新臺幣6000元"
			}
		},
		{
			"type": "Feature",
			"geometry": {
				"type": "Point",
				"coordinates": [121.603413, 25.062444]
			},
			"properties": {
				"行政區": "內湖區",
				"地址": "內湖焚化廠能源中心前公車站牌",
				"備註": "嚴禁投入家用垃圾，違者重罰新臺幣6000元"
			}
		},
		{
			"type": "Feature",
			"geometry": {
				"type": "Point",
				"coordinates": [121.604741, 25.071685]
			},
			"properties": {
				"行政區": "內湖區",
				"地址": "民權東路6段268號前公車站牌",
				"備註": "嚴禁投入家用垃圾，違者重罰新臺幣6000元"
			}
		},
		{
			"type": "Feature",
			"geometry": {
				"type": "Point",
				"coordinates": [121.6027, 25.073531]
			},
			"properties": {
				"行政區": "內湖區",
				"地址": "金湖路365號衛勤訓練中心公車站牌",
				"備註": "嚴禁投入家用垃圾，違者重罰新臺幣6000元"
			}
		},
		{
			"type": "Feature",
			"geometry": {
				"type": "Point",
				"coordinates": [121.578433, 25.078681]
			},
			"properties": {
				"行政區": "內湖區",
				"地址": "內湖路1段606號公車站牌右側",
				"備註": "嚴禁投入家用垃圾，違者重罰新臺幣6000元"
			}
		},
		{
			"type": "Feature",
			"geometry": {
				"type": "Point",
				"coordinates": [121.580903, 25.078572]
			},
			"properties": {
				"行政區": "內湖區",
				"地址": "文德路25號公車站牌左側20公尺",
				"備註": "嚴禁投入家用垃圾，違者重罰新臺幣6000元"
			}
		},
		{
			"type": "Feature",
			"geometry": {
				"type": "Point",
				"coordinates": [121.579495, 25.078628]
			},
			"properties": {
				"行政區": "內湖區",
				"地址": "內湖路2段與文德路口小公園旁",
				"備註": "嚴禁投入家用垃圾，違者重罰新臺幣6000元"
			}
		},
		{
			"type": "Feature",
			"geometry": {
				"type": "Point",
				"coordinates": [121.578761, 25.078827]
			},
			"properties": {
				"行政區": "內湖區",
				"地址": "內湖路1段741號左側",
				"備註": "嚴禁投入家用垃圾，違者重罰新臺幣6000元"
			}
		},
		{
			"type": "Feature",
			"geometry": {
				"type": "Point",
				"coordinates": [121.578204, 25.079034]
			},
			"properties": {
				"行政區": "內湖區",
				"地址": "內湖路1段733號公車站牌",
				"備註": "嚴禁投入家用垃圾，違者重罰新臺幣6000元"
			}
		},
		{
			"type": "Feature",
			"geometry": {
				"type": "Point",
				"coordinates": [121.577768, 25.079201]
			},
			"properties": {
				"行政區": "內湖區",
				"地址": "內湖路1段719號公車站牌",
				"備註": "嚴禁投入家用垃圾，違者重罰新臺幣6000元"
			}
		},
		{
			"type": "Feature",
			"geometry": {
				"type": "Point",
				"coordinates": [121.56579, 25.082465]
			},
			"properties": {
				"行政區": "內湖區",
				"地址": "內湖路1段277號公車站牌",
				"備註": "嚴禁投入家用垃圾，違者重罰新臺幣6000元"
			}
		},
		{
			"type": "Feature",
			"geometry": {
				"type": "Point",
				"coordinates": [121.564168, 25.08309]
			},
			"properties": {
				"行政區": "內湖區",
				"地址": "內湖路1段217巷口公車站牌右側",
				"備註": "嚴禁投入家用垃圾，違者重罰新臺幣6000元"
			}
		},
		{
			"type": "Feature",
			"geometry": {
				"type": "Point",
				"coordinates": [121.5615179, 25.084428]
			},
			"properties": {
				"行政區": "內湖區",
				"地址": "內湖路1段99號公車站牌",
				"備註": "嚴禁投入家用垃圾，違者重罰新臺幣6000元"
			}
		},
		{
			"type": "Feature",
			"geometry": {
				"type": "Point",
				"coordinates": [121.572474, 25.085766]
			},
			"properties": {
				"行政區": "內湖區",
				"地址": "環山路2段26巷口對面",
				"備註": "嚴禁投入家用垃圾，違者重罰新臺幣6000元"
			}
		},
		{
			"type": "Feature",
			"geometry": {
				"type": "Point",
				"coordinates": [121.564774, 25.082788]
			},
			"properties": {
				"行政區": "內湖區",
				"地址": "內湖路1段225巷口",
				"備註": "嚴禁投入家用垃圾，違者重罰新臺幣6000元"
			}
		},
		{
			"type": "Feature",
			"geometry": {
				"type": "Point",
				"coordinates": [121.566367, 25.082353]
			},
			"properties": {
				"行政區": "內湖區",
				"地址": "內湖路1段285巷口",
				"備註": "嚴禁投入家用垃圾，違者重罰新臺幣6000元"
			}
		},
		{
			"type": "Feature",
			"geometry": {
				"type": "Point",
				"coordinates": [121.575605, 25.08008]
			},
			"properties": {
				"行政區": "內湖區",
				"地址": "內湖路1段659號前(港墘捷運站)",
				"備註": "嚴禁投入家用垃圾，違者重罰新臺幣6000元"
			}
		},
		{
			"type": "Feature",
			"geometry": {
				"type": "Point",
				"coordinates": [121.565637, 25.085564]
			},
			"properties": {
				"行政區": "內湖區",
				"地址": "環山路1段46號對面",
				"備註": "嚴禁投入家用垃圾，違者重罰新臺幣6000元"
			}
		},
		{
			"type": "Feature",
			"geometry": {
				"type": "Point",
				"coordinates": [121.582943, 25.078615]
			},
			"properties": {
				"行政區": "內湖區",
				"地址": "文德路91號右側10公尺",
				"備註": "嚴禁投入家用垃圾，違者重罰新臺幣6000元"
			}
		},
		{
			"type": "Feature",
			"geometry": {
				"type": "Point",
				"coordinates": [121.57771, 25.078965]
			},
			"properties": {
				"行政區": "內湖區",
				"地址": "內湖路1段1段594號公車站牌右側",
				"備註": "嚴禁投入家用垃圾，違者重罰新臺幣6000元"
			}
		},
		{
			"type": "Feature",
			"geometry": {
				"type": "Point",
				"coordinates": [121.565427, 25.08257]
			},
			"properties": {
				"行政區": "內湖區",
				"地址": "內湖路1段239號前    ",
				"備註": "嚴禁投入家用垃圾，違者重罰新臺幣6000元"
			}
		},
		{
			"type": "Feature",
			"geometry": {
				"type": "Point",
				"coordinates": [121.566814, 25.082314]
			},
			"properties": {
				"行政區": "內湖區",
				"地址": "內湖路1段285巷口西湖捷運站",
				"備註": "嚴禁投入家用垃圾，違者重罰新臺幣6000元"
			}
		},
		{
			"type": "Feature",
			"geometry": {
				"type": "Point",
				"coordinates": [121.577409, 25.079125]
			},
			"properties": {
				"行政區": "內湖區",
				"地址": "內湖路1段594號(西湖圖書館)",
				"備註": "嚴禁投入家用垃圾，違者重罰新臺幣6000元"
			}
		},
		{
			"type": "Feature",
			"geometry": {
				"type": "Point",
				"coordinates": [121.576646, 25.078863]
			},
			"properties": {
				"行政區": "內湖區",
				"地址": "內湖路1段550號港墘派出所邊",
				"備註": "嚴禁投入家用垃圾，違者重罰新臺幣6000元"
			}
		},
		{
			"type": "Feature",
			"geometry": {
				"type": "Point",
				"coordinates": [121.576712, 25.079711]
			},
			"properties": {
				"行政區": "內湖區",
				"地址": "內湖路1段687號右側30公尺處",
				"備註": "嚴禁投入家用垃圾，違者重罰新臺幣6000元"
			}
		},
		{
			"type": "Feature",
			"geometry": {
				"type": "Point",
				"coordinates": [121.577002, 25.078915]
			},
			"properties": {
				"行政區": "內湖區",
				"地址": "內湖路1段550號港墘派出所前10公尺",
				"備註": "嚴禁投入家用垃圾，違者重罰新臺幣6000元"
			}
		},
		{
			"type": "Feature",
			"geometry": {
				"type": "Point",
				"coordinates": [121.561975, 25.084245]
			},
			"properties": {
				"行政區": "內湖區",
				"地址": "內湖路1段117號前",
				"備註": "嚴禁投入家用垃圾，違者重罰新臺幣6000元"
			}
		},
		{
			"type": "Feature",
			"geometry": {
				"type": "Point",
				"coordinates": [121.572747, 25.08107]
			},
			"properties": {
				"行政區": "內湖區",
				"地址": "內湖路1段579號前",
				"備註": "嚴禁投入家用垃圾，違者重罰新臺幣6000元"
			}
		},
		{
			"type": "Feature",
			"geometry": {
				"type": "Point",
				"coordinates": [121.563642, 25.084776]
			},
			"properties": {
				"行政區": "內湖區",
				"地址": "內湖路1段203巷28號對面",
				"備註": "嚴禁投入家用垃圾，違者重罰新臺幣6000元"
			}
		},
		{
			"type": "Feature",
			"geometry": {
				"type": "Point",
				"coordinates": [121.575777, 25.079972]
			},
			"properties": {
				"行政區": "內湖區",
				"地址": "內湖路1段667巷口(港墘捷運站1號出口)",
				"備註": "嚴禁投入家用垃圾，違者重罰新臺幣6000元"
			}
		},
		{
			"type": "Feature",
			"geometry": {
				"type": "Point",
				"coordinates": [121.577044, 25.079257]
			},
			"properties": {
				"行政區": "內湖區",
				"地址": "內湖路1段550號前50公尺處圓環",
				"備註": "嚴禁投入家用垃圾，違者重罰新臺幣6000元"
			}
		},
		{
			"type": "Feature",
			"geometry": {
				"type": "Point",
				"coordinates": [121.5769, 25.0631]
			},
			"properties": {
				"行政區": "內湖區",
				"地址": "舊宗路1段188號",
				"備註": "嚴禁投入家用垃圾，違者重罰新臺幣6000元"
			}
		},
		{
			"type": "Feature",
			"geometry": {
				"type": "Point",
				"coordinates": [121.583101, 25.06857]
			},
			"properties": {
				"行政區": "內湖區",
				"地址": "民權東路6段25號時報廣場站牌",
				"備註": "嚴禁投入家用垃圾，違者重罰新臺幣6000元"
			}
		},
		{
			"type": "Feature",
			"geometry": {
				"type": "Point",
				"coordinates": [121.579051, 25.066989]
			},
			"properties": {
				"行政區": "內湖區",
				"地址": "民權東路6段13號民權大橋站牌",
				"備註": "嚴禁投入家用垃圾，違者重罰新臺幣6000元"
			}
		},
		{
			"type": "Feature",
			"geometry": {
				"type": "Point",
				"coordinates": [121.579944, 25.067052]
			},
			"properties": {
				"行政區": "內湖區",
				"地址": "民權東路6段13號對面民權大橋站牌",
				"備註": "嚴禁投入家用垃圾，違者重罰新臺幣6000元"
			}
		},
		{
			"type": "Feature",
			"geometry": {
				"type": "Point",
				"coordinates": [121.579176, 25.06528]
			},
			"properties": {
				"行政區": "內湖區",
				"地址": "行愛路176號",
				"備註": "嚴禁投入家用垃圾，違者重罰新臺幣6000元"
			}
		},
		{
			"type": "Feature",
			"geometry": {
				"type": "Point",
				"coordinates": [121.57444, 25.068333]
			},
			"properties": {
				"行政區": "內湖區",
				"地址": "舊宗路2段2號旁內湖運動公園站牌",
				"備註": "嚴禁投入家用垃圾，違者重罰新臺幣6000元"
			}
		},
		{
			"type": "Feature",
			"geometry": {
				"type": "Point",
				"coordinates": [121.572823, 25.074128]
			},
			"properties": {
				"行政區": "內湖區",
				"地址": "舊宗路2段213號（與港墘路交接口）",
				"備註": "嚴禁投入家用垃圾，違者重罰新臺幣6000元"
			}
		},
		{
			"type": "Feature",
			"geometry": {
				"type": "Point",
				"coordinates": [121.576238, 25.064381]
			},
			"properties": {
				"行政區": "內湖區",
				"地址": "舊宗路1段319號金莎家俱旁",
				"備註": "嚴禁投入家用垃圾，違者重罰新臺幣6000元"
			}
		},
		{
			"type": "Feature",
			"geometry": {
				"type": "Point",
				"coordinates": [121.576863, 25.063175]
			},
			"properties": {
				"行政區": "內湖區",
				"地址": "舊宗路1段188號大潤發二館(往右移置10公尺)",
				"備註": "嚴禁投入家用垃圾，違者重罰新臺幣6000元"
			}
		},
		{
			"type": "Feature",
			"geometry": {
				"type": "Point",
				"coordinates": [121.577507, 25.062327]
			},
			"properties": {
				"行政區": "內湖區",
				"地址": "舊宗路1段130號統一皇帽汽車百貨店前",
				"備註": "嚴禁投入家用垃圾，違者重罰新臺幣6000元"
			}
		},
		{
			"type": "Feature",
			"geometry": {
				"type": "Point",
				"coordinates": [121.578903, 25.060483]
			},
			"properties": {
				"行政區": "內湖區",
				"地址": "舊宗路1段128號大潤發一館前1",
				"備註": "嚴禁投入家用垃圾，違者重罰新臺幣6000元"
			}
		},
		{
			"type": "Feature",
			"geometry": {
				"type": "Point",
				"coordinates": [121.5685, 25.0792]
			},
			"properties": {
				"行政區": "內湖區",
				"地址": "瑞光路498號台灣大哥大店旁站牌 ",
				"備註": "嚴禁投入家用垃圾，違者重罰新臺幣6000元"
			}
		},
		{
			"type": "Feature",
			"geometry": {
				"type": "Point",
				"coordinates": [121.580796, 25.063457]
			},
			"properties": {
				"行政區": "內湖區",
				"地址": "新湖二路233號",
				"備註": "嚴禁投入家用垃圾，違者重罰新臺幣6000元"
			}
		},
		{
			"type": "Feature",
			"geometry": {
				"type": "Point",
				"coordinates": [121.57307, 25.07734]
			},
			"properties": {
				"行政區": "內湖區",
				"地址": "瑞光路321號台北花市站牌",
				"備註": "嚴禁投入家用垃圾，違者重罰新臺幣6000元"
			}
		},
		{
			"type": "Feature",
			"geometry": {
				"type": "Point",
				"coordinates": [121.568518, 25.079345]
			},
			"properties": {
				"行政區": "內湖區",
				"地址": "瑞光路581號仁寶大樓站牌",
				"備註": "嚴禁投入家用垃圾，違者重罰新臺幣6000元"
			}
		},
		{
			"type": "Feature",
			"geometry": {
				"type": "Point",
				"coordinates": [121.566114, 25.080454]
			},
			"properties": {
				"行政區": "內湖區",
				"地址": "瑞光路639號竹城大廈",
				"備註": "嚴禁投入家用垃圾，違者重罰新臺幣6000元"
			}
		},
		{
			"type": "Feature",
			"geometry": {
				"type": "Point",
				"coordinates": [121.565255, 25.08195]
			},
			"properties": {
				"行政區": "內湖區",
				"地址": "基湖路8號內湖基湖路口站牌",
				"備註": "嚴禁投入家用垃圾，違者重罰新臺幣6000元"
			}
		},
		{
			"type": "Feature",
			"geometry": {
				"type": "Point",
				"coordinates": [121.561563, 25.084098]
			},
			"properties": {
				"行政區": "內湖區",
				"地址": "內湖路1段66號(北勢湖公園)",
				"備註": "嚴禁投入家用垃圾，違者重罰新臺幣6000元"
			}
		},
		{
			"type": "Feature",
			"geometry": {
				"type": "Point",
				"coordinates": [121.563779, 25.082938]
			},
			"properties": {
				"行政區": "內湖區",
				"地址": "內湖路1段126號治盤新村站牌",
				"備註": "嚴禁投入家用垃圾，違者重罰新臺幣6000元"
			}
		},
		{
			"type": "Feature",
			"geometry": {
				"type": "Point",
				"coordinates": [121.565813, 25.082193]
			},
			"properties": {
				"行政區": "內湖區",
				"地址": "內湖路1段246號西湖市場站牌",
				"備註": "嚴禁投入家用垃圾，違者重罰新臺幣6000元"
			}
		},
		{
			"type": "Feature",
			"geometry": {
				"type": "Point",
				"coordinates": [121.574242, 25.073565]
			},
			"properties": {
				"行政區": "內湖區",
				"地址": "舊宗路2段213巷 (與港墘路221巷交接口)",
				"備註": "嚴禁投入家用垃圾，違者重罰新臺幣6000元"
			}
		},
		{
			"type": "Feature",
			"geometry": {
				"type": "Point",
				"coordinates": [121.5776, 25.0622]
			},
			"properties": {
				"行政區": "內湖區",
				"地址": "舊宗路1段130號",
				"備註": "嚴禁投入家用垃圾，違者重罰新臺幣6000元"
			}
		},
		{
			"type": "Feature",
			"geometry": {
				"type": "Point",
				"coordinates": [121.5787, 25.0608]
			},
			"properties": {
				"行政區": "內湖區",
				"地址": "舊宗路1段128號",
				"備註": "嚴禁投入家用垃圾，違者重罰新臺幣6000元"
			}
		},
		{
			"type": "Feature",
			"geometry": {
				"type": "Point",
				"coordinates": [121.57951, 25.06687]
			},
			"properties": {
				"行政區": "內湖區",
				"地址": "民權東路6段26號",
				"備註": "嚴禁投入家用垃圾，違者重罰新臺幣6000元"
			}
		},
		{
			"type": "Feature",
			"geometry": {
				"type": "Point",
				"coordinates": [121.568605, 25.07911]
			},
			"properties": {
				"行政區": "內湖區",
				"地址": "瑞光路498號仁寶大樓站牌",
				"備註": "嚴禁投入家用垃圾，違者重罰新臺幣6000元"
			}
		},
		{
			"type": "Feature",
			"geometry": {
				"type": "Point",
				"coordinates": [121.573312, 25.077037]
			},
			"properties": {
				"行政區": "內湖區",
				"地址": "瑞光路356號台北花市站牌",
				"備註": "嚴禁投入家用垃圾，違者重罰新臺幣6000元"
			}
		},
		{
			"type": "Feature",
			"geometry": {
				"type": "Point",
				"coordinates": [121.574444, 25.067777]
			},
			"properties": {
				"行政區": "內湖區",
				"地址": "舊宗路2段內湖運動公園站",
				"備註": "嚴禁投入家用垃圾，違者重罰新臺幣6000元"
			}
		},
		{
			"type": "Feature",
			"geometry": {
				"type": "Point",
				"coordinates": [121.580858, 25.072042]
			},
			"properties": {
				"行政區": "內湖區",
				"地址": "瑞光路110號公館山站牌",
				"備註": "嚴禁投入家用垃圾，違者重罰新臺幣6000元"
			}
		},
		{
			"type": "Feature",
			"geometry": {
				"type": "Point",
				"coordinates": [121.564883, 25.080194]
			},
			"properties": {
				"行政區": "內湖區",
				"地址": "基湖路25號",
				"備註": "嚴禁投入家用垃圾，違者重罰新臺幣6000元"
			}
		},
		{
			"type": "Feature",
			"geometry": {
				"type": "Point",
				"coordinates": [121.575562, 25.058668]
			},
			"properties": {
				"行政區": "內湖區",
				"地址": "新湖一路73號 ",
				"備註": "嚴禁投入家用垃圾，違者重罰新臺幣6000元"
			}
		},
		{
			"type": "Feature",
			"geometry": {
				"type": "Point",
				"coordinates": [121.5808027, 25.0721491]
			},
			"properties": {
				"行政區": "內湖區",
				"地址": "瑞光路110號公車站牌",
				"備註": "嚴禁投入家用垃圾，違者重罰新臺幣6000元"
			}
		},
		{
			"type": "Feature",
			"geometry": {
				"type": "Point",
				"coordinates": [121.585637, 25.064999]
			},
			"properties": {
				"行政區": "內湖區",
				"地址": "行善路與新湖二路轉角處 ",
				"備註": "嚴禁投入家用垃圾，違者重罰新臺幣6000元"
			}
		},
		{
			"type": "Feature",
			"geometry": {
				"type": "Point",
				"coordinates": [121.573012, 25.073868]
			},
			"properties": {
				"行政區": "內湖區",
				"地址": "舊宗路2段213巷旁",
				"備註": "嚴禁投入家用垃圾，違者重罰新臺幣6000元"
			}
		},
		{
			"type": "Feature",
			"geometry": {
				"type": "Point",
				"coordinates": [121.5810833, 25.06363889]
			},
			"properties": {
				"行政區": "內湖區",
				"地址": "新湖二路233號(東南客運對面)",
				"備註": "嚴禁投入家用垃圾，違者重罰新臺幣6000元"
			}
		},
		{
			"type": "Feature",
			"geometry": {
				"type": "Point",
				"coordinates": [121.5751944, 25.05852778]
			},
			"properties": {
				"行政區": "內湖區",
				"地址": "新湖一路73號對面",
				"備註": "嚴禁投入家用垃圾，違者重罰新臺幣6000元"
			}
		},
		{
			"type": "Feature",
			"geometry": {
				"type": "Point",
				"coordinates": [121.5748056, 25.06675]
			},
			"properties": {
				"行政區": "內湖區",
				"地址": "舊宗路2段１號",
				"備註": "嚴禁投入家用垃圾，違者重罰新臺幣6000元"
			}
		},
		{
			"type": "Feature",
			"geometry": {
				"type": "Point",
				"coordinates": [121.579083, 25.065641]
			},
			"properties": {
				"行政區": "內湖區",
				"地址": "行愛路169號",
				"備註": "嚴禁投入家用垃圾，違者重罰新臺幣6000元"
			}
		},
		{
			"type": "Feature",
			"geometry": {
				"type": "Point",
				"coordinates": [121.540162, 25.079388]
			},
			"properties": {
				"行政區": "中山區",
				"地址": "北安路387號對面",
				"備註": "嚴禁投入家用垃圾，違者重罰新臺幣6000元"
			}
		},
		{
			"type": "Feature",
			"geometry": {
				"type": "Point",
				"coordinates": [121.538797, 25.077874]
			},
			"properties": {
				"行政區": "中山區",
				"地址": "北安路與明水路口西北角",
				"備註": "嚴禁投入家用垃圾，違者重罰新臺幣6000元"
			}
		},
		{
			"type": "Feature",
			"geometry": {
				"type": "Point",
				"coordinates": [121.5390468, 25.0784351]
			},
			"properties": {
				"行政區": "中山區",
				"地址": "北安路305號斜對面",
				"備註": "嚴禁投入家用垃圾，違者重罰新臺幣6000元"
			}
		},
		{
			"type": "Feature",
			"geometry": {
				"type": "Point",
				"coordinates": [121.544427, 25.081167]
			},
			"properties": {
				"行政區": "中山區",
				"地址": "崇實路與大直街20巷口",
				"備註": "嚴禁投入家用垃圾，違者重罰新臺幣6000元"
			}
		},
		{
			"type": "Feature",
			"geometry": {
				"type": "Point",
				"coordinates": [121.535639, 25.077982]
			},
			"properties": {
				"行政區": "中山區",
				"地址": "北安路往西方向(忠烈祠公車站)",
				"備註": "嚴禁投入家用垃圾，違者重罰新臺幣6000元"
			}
		},
		{
			"type": "Feature",
			"geometry": {
				"type": "Point",
				"coordinates": [121.553239, 25.085397]
			},
			"properties": {
				"行政區": "中山區",
				"地址": "北安路770巷口(偏明水路側)",
				"備註": "嚴禁投入家用垃圾，違者重罰新臺幣6000元"
			}
		},
		{
			"type": "Feature",
			"geometry": {
				"type": "Point",
				"coordinates": [121.546043, 25.07992]
			},
			"properties": {
				"行政區": "中山區",
				"地址": "北安路520號對面",
				"備註": "嚴禁投入家用垃圾，違者重罰新臺幣6000元"
			}
		},
		{
			"type": "Feature",
			"geometry": {
				"type": "Point",
				"coordinates": [121.546367, 25.079964]
			},
			"properties": {
				"行政區": "中山區",
				"地址": "北安路524號對面",
				"備註": "嚴禁投入家用垃圾，違者重罰新臺幣6000元"
			}
		},
		{
			"type": "Feature",
			"geometry": {
				"type": "Point",
				"coordinates": [121.546324, 25.079954]
			},
			"properties": {
				"行政區": "中山區",
				"地址": "北安路522號對面",
				"備註": "嚴禁投入家用垃圾，違者重罰新臺幣6000元"
			}
		},
		{
			"type": "Feature",
			"geometry": {
				"type": "Point",
				"coordinates": [121.528178, 25.077282]
			},
			"properties": {
				"行政區": "中山區",
				"地址": "北安路47號對面(圓山大飯店公車站)",
				"備註": "嚴禁投入家用垃圾，違者重罰新臺幣6000元"
			}
		},
		{
			"type": "Feature",
			"geometry": {
				"type": "Point",
				"coordinates": [121.530695, 25.0779938]
			},
			"properties": {
				"行政區": "中山區",
				"地址": "北安路85號對面",
				"備註": "嚴禁投入家用垃圾，違者重罰新臺幣6000元"
			}
		},
		{
			"type": "Feature",
			"geometry": {
				"type": "Point",
				"coordinates": [121.553281, 25.080029]
			},
			"properties": {
				"行政區": "中山區",
				"地址": "敬業一路3號",
				"備註": "嚴禁投入家用垃圾，違者重罰新臺幣6000元"
			}
		},
		{
			"type": "Feature",
			"geometry": {
				"type": "Point",
				"coordinates": [121.540343, 25.079409]
			},
			"properties": {
				"行政區": "中山區",
				"地址": "北安路空軍司令部公車站 西往東方向",
				"備註": "嚴禁投入家用垃圾，違者重罰新臺幣6000元"
			}
		},
		{
			"type": "Feature",
			"geometry": {
				"type": "Point",
				"coordinates": [121.556246, 25.083016]
			},
			"properties": {
				"行政區": "中山區",
				"地址": "敬業三路樂群三路公車站(交叉口)",
				"備註": "嚴禁投入家用垃圾，違者重罰新臺幣6000元"
			}
		},
		{
			"type": "Feature",
			"geometry": {
				"type": "Point",
				"coordinates": [121.531185, 25.078247]
			},
			"properties": {
				"行政區": "中山區",
				"地址": "北安路87巷口對面，中央廣播電台公車站",
				"備註": "嚴禁投入家用垃圾，違者重罰新臺幣6000元"
			}
		},
		{
			"type": "Feature",
			"geometry": {
				"type": "Point",
				"coordinates": [121.552718, 25.085869]
			},
			"properties": {
				"行政區": "中山區",
				"地址": "北安路759巷口",
				"備註": "嚴禁投入家用垃圾，違者重罰新臺幣6000元"
			}
		},
		{
			"type": "Feature",
			"geometry": {
				"type": "Point",
				"coordinates": [121.55198, 25.0858743]
			},
			"properties": {
				"行政區": "中山區",
				"地址": "北安路757巷對面",
				"備註": "嚴禁投入家用垃圾，違者重罰新臺幣6000元"
			}
		},
		{
			"type": "Feature",
			"geometry": {
				"type": "Point",
				"coordinates": [121.551909, 25.085867]
			},
			"properties": {
				"行政區": "中山區",
				"地址": "北安路明水路口附近(西往東方向)，自強隧道公車站",
				"備註": "嚴禁投入家用垃圾，違者重罰新臺幣6000元"
			}
		},
		{
			"type": "Feature",
			"geometry": {
				"type": "Point",
				"coordinates": [121.542107, 25.079508]
			},
			"properties": {
				"行政區": "中山區",
				"地址": "北安路大直高中公車站，西往東方向",
				"備註": "嚴禁投入家用垃圾，違者重罰新臺幣6000元"
			}
		},
		{
			"type": "Feature",
			"geometry": {
				"type": "Point",
				"coordinates": [121.524378, 25.057972]
			},
			"properties": {
				"行政區": "中山區",
				"地址": "民生東路1段36號公車站牌右側",
				"備註": "嚴禁投入家用垃圾，違者重罰新臺幣6000元"
			}
		},
		{
			"type": "Feature",
			"geometry": {
				"type": "Point",
				"coordinates": [121.527328, 25.053371]
			},
			"properties": {
				"行政區": "中山區",
				"地址": "新生北路2段林森公園站牌前",
				"備註": "嚴禁投入家用垃圾，違者重罰新臺幣6000元"
			}
		},
		{
			"type": "Feature",
			"geometry": {
				"type": "Point",
				"coordinates": [121.525719, 25.052157]
			},
			"properties": {
				"行政區": "中山區",
				"地址": "南京東路1段公車專用道(單號邊)-1",
				"備註": "嚴禁投入家用垃圾，違者重罰新臺幣6000元"
			}
		},
		{
			"type": "Feature",
			"geometry": {
				"type": "Point",
				"coordinates": [121.525506, 25.053404]
			},
			"properties": {
				"行政區": "中山區",
				"地址": "林森北路14號公園西側",
				"備註": "嚴禁投入家用垃圾，違者重罰新臺幣6000元"
			}
		},
		{
			"type": "Feature",
			"geometry": {
				"type": "Point",
				"coordinates": [121.525328, 25.053428]
			},
			"properties": {
				"行政區": "中山區",
				"地址": "林森北路15號公園東側",
				"備註": "嚴禁投入家用垃圾，違者重罰新臺幣6000元"
			}
		},
		{
			"type": "Feature",
			"geometry": {
				"type": "Point",
				"coordinates": [121.525725, 25.05211]
			},
			"properties": {
				"行政區": "中山區",
				"地址": "南京東路1段公車專用道(單號邊)-2",
				"備註": "嚴禁投入家用垃圾，違者重罰新臺幣6000元"
			}
		},
		{
			"type": "Feature",
			"geometry": {
				"type": "Point",
				"coordinates": [121.525092, 25.052094]
			},
			"properties": {
				"行政區": "中山區",
				"地址": "南京東路1段公車專用道(雙號邊)-1",
				"備註": "嚴禁投入家用垃圾，違者重罰新臺幣6000元"
			}
		},
		{
			"type": "Feature",
			"geometry": {
				"type": "Point",
				"coordinates": [121.525096, 25.052094]
			},
			"properties": {
				"行政區": "中山區",
				"地址": "南京東路1段公車專用道(雙號邊)-2",
				"備註": "嚴禁投入家用垃圾，違者重罰新臺幣6000元"
			}
		},
		{
			"type": "Feature",
			"geometry": {
				"type": "Point",
				"coordinates": [121.522835, 25.052328]
			},
			"properties": {
				"行政區": "中山區",
				"地址": "南京東路1段1號",
				"備註": "嚴禁投入家用垃圾，違者重罰新臺幣6000元"
			}
		},
		{
			"type": "Feature",
			"geometry": {
				"type": "Point",
				"coordinates": [121.525877, 25.052]
			},
			"properties": {
				"行政區": "中山區",
				"地址": "南京東路1段92號",
				"備註": "嚴禁投入家用垃圾，違者重罰新臺幣6000元"
			}
		},
		{
			"type": "Feature",
			"geometry": {
				"type": "Point",
				"coordinates": [121.524408, 25.052051]
			},
			"properties": {
				"行政區": "中山區",
				"地址": "南京東路1段46號",
				"備註": "嚴禁投入家用垃圾，違者重罰新臺幣6000元"
			}
		},
		{
			"type": "Feature",
			"geometry": {
				"type": "Point",
				"coordinates": [121.522878, 25.055052]
			},
			"properties": {
				"行政區": "中山區",
				"地址": "中山北路2段長春路口",
				"備註": "嚴禁投入家用垃圾，違者重罰新臺幣6000元"
			}
		},
		{
			"type": "Feature",
			"geometry": {
				"type": "Point",
				"coordinates": [121.525493, 25.054036]
			},
			"properties": {
				"行政區": "中山區",
				"地址": "林森北路欣欣百貨",
				"備註": "嚴禁投入家用垃圾，違者重罰新臺幣6000元"
			}
		},
		{
			"type": "Feature",
			"geometry": {
				"type": "Point",
				"coordinates": [121.522916, 25.056587]
			},
			"properties": {
				"行政區": "中山區",
				"地址": "中山北路2段63號",
				"備註": "嚴禁投入家用垃圾，違者重罰新臺幣6000元"
			}
		},
		{
			"type": "Feature",
			"geometry": {
				"type": "Point",
				"coordinates": [121.522478, 25.053553]
			},
			"properties": {
				"行政區": "中山區",
				"地址": "中山北路2段22號",
				"備註": "嚴禁投入家用垃圾，違者重罰新臺幣6000元"
			}
		},
		{
			"type": "Feature",
			"geometry": {
				"type": "Point",
				"coordinates": [121.522545, 25.054329]
			},
			"properties": {
				"行政區": "中山區",
				"地址": "中山北路2段30號",
				"備註": "嚴禁投入家用垃圾，違者重罰新臺幣6000元"
			}
		},
		{
			"type": "Feature",
			"geometry": {
				"type": "Point",
				"coordinates": [121.521794, 25.050525]
			},
			"properties": {
				"行政區": "中山區",
				"地址": "中山北路1段114-1號",
				"備註": "嚴禁投入家用垃圾，違者重罰新臺幣6000元"
			}
		},
		{
			"type": "Feature",
			"geometry": {
				"type": "Point",
				"coordinates": [121.522676, 25.056345]
			},
			"properties": {
				"行政區": "中山區",
				"地址": "中山北路2段56號",
				"備註": "嚴禁投入家用垃圾，違者重罰新臺幣6000元"
			}
		},
		{
			"type": "Feature",
			"geometry": {
				"type": "Point",
				"coordinates": [121.522047, 25.051205]
			},
			"properties": {
				"行政區": "中山區",
				"地址": "中山北路1段130號",
				"備註": "嚴禁投入家用垃圾，違者重罰新臺幣6000元"
			}
		},
		{
			"type": "Feature",
			"geometry": {
				"type": "Point",
				"coordinates": [121.522994, 25.058149]
			},
			"properties": {
				"行政區": "中山區",
				"地址": "中山北路2段79號",
				"備註": "嚴禁投入家用垃圾，違者重罰新臺幣6000元"
			}
		},
		{
			"type": "Feature",
			"geometry": {
				"type": "Point",
				"coordinates": [121.523107, 25.060213]
			},
			"properties": {
				"行政區": "中山區",
				"地址": "中山北路2段111號前",
				"備註": "嚴禁投入家用垃圾，違者重罰新臺幣6000元"
			}
		},
		{
			"type": "Feature",
			"geometry": {
				"type": "Point",
				"coordinates": [121.519781, 25.048444]
			},
			"properties": {
				"行政區": "中山區",
				"地址": "市民大道1段(市民大道公中停車場2號出入口)",
				"備註": "嚴禁投入家用垃圾，違者重罰新臺幣6000元"
			}
		},
		{
			"type": "Feature",
			"geometry": {
				"type": "Point",
				"coordinates": [121.519384, 25.048512]
			},
			"properties": {
				"行政區": "中山區",
				"地址": "市民大道捷運R1出口",
				"備註": "嚴禁投入家用垃圾，違者重罰新臺幣6000元"
			}
		},
		{
			"type": "Feature",
			"geometry": {
				"type": "Point",
				"coordinates": [121.533832, 25.05806]
			},
			"properties": {
				"行政區": "中山區",
				"地址": "民生東路2段141號",
				"備註": "嚴禁投入家用垃圾，違者重罰新臺幣6000元"
			}
		},
		{
			"type": "Feature",
			"geometry": {
				"type": "Point",
				"coordinates": [121.535314, 25.058015]
			},
			"properties": {
				"行政區": "中山區",
				"地址": "民生東路2段149號",
				"備註": "嚴禁投入家用垃圾，違者重罰新臺幣6000元"
			}
		},
		{
			"type": "Feature",
			"geometry": {
				"type": "Point",
				"coordinates": [121.532957, 25.06257]
			},
			"properties": {
				"行政區": "中山區",
				"地址": "民權東路2段107號前(西向公車道)1",
				"備註": "嚴禁投入家用垃圾，違者重罰新臺幣6000元"
			}
		},
		{
			"type": "Feature",
			"geometry": {
				"type": "Point",
				"coordinates": [121.533075, 25.060284]
			},
			"properties": {
				"行政區": "中山區",
				"地址": "松江路306號",
				"備註": "嚴禁投入家用垃圾，違者重罰新臺幣6000元"
			}
		},
		{
			"type": "Feature",
			"geometry": {
				"type": "Point",
				"coordinates": [121.53309, 25.061311]
			},
			"properties": {
				"行政區": "中山區",
				"地址": "松江路338號",
				"備註": "嚴禁投入家用垃圾，違者重罰新臺幣6000元"
			}
		},
		{
			"type": "Feature",
			"geometry": {
				"type": "Point",
				"coordinates": [121.533025, 25.062512]
			},
			"properties": {
				"行政區": "中山區",
				"地址": "民權東路2段107號前(西向公車道)2",
				"備註": "嚴禁投入家用垃圾，違者重罰新臺幣6000元"
			}
		},
		{
			"type": "Feature",
			"geometry": {
				"type": "Point",
				"coordinates": [121.53312, 25.063231]
			},
			"properties": {
				"行政區": "中山區",
				"地址": "松江路378號",
				"備註": "嚴禁投入家用垃圾，違者重罰新臺幣6000元"
			}
		},
		{
			"type": "Feature",
			"geometry": {
				"type": "Point",
				"coordinates": [121.532962, 25.062678]
			},
			"properties": {
				"行政區": "中山區",
				"地址": "民權東路2段107號前",
				"備註": "嚴禁投入家用垃圾，違者重罰新臺幣6000元"
			}
		},
		{
			"type": "Feature",
			"geometry": {
				"type": "Point",
				"coordinates": [121.533081, 25.062409]
			},
			"properties": {
				"行政區": "中山區",
				"地址": "松江路366號",
				"備註": "嚴禁投入家用垃圾，違者重罰新臺幣6000元"
			}
		},
		{
			"type": "Feature",
			"geometry": {
				"type": "Point",
				"coordinates": [121.533039, 25.058507]
			},
			"properties": {
				"行政區": "中山區",
				"地址": "松江路228號(226巷口)",
				"備註": "嚴禁投入家用垃圾，違者重罰新臺幣6000元"
			}
		},
		{
			"type": "Feature",
			"geometry": {
				"type": "Point",
				"coordinates": [121.530216, 25.062521]
			},
			"properties": {
				"行政區": "中山區",
				"地址": "民權東路2段46號前(東向公車道)1",
				"備註": "嚴禁投入家用垃圾，違者重罰新臺幣6000元"
			}
		},
		{
			"type": "Feature",
			"geometry": {
				"type": "Point",
				"coordinates": [121.529057, 25.062652]
			},
			"properties": {
				"行政區": "中山區",
				"地址": "民權東路2段21號前(西向公車道)1",
				"備註": "嚴禁投入家用垃圾，違者重罰新臺幣6000元"
			}
		},
		{
			"type": "Feature",
			"geometry": {
				"type": "Point",
				"coordinates": [121.529059, 25.062652]
			},
			"properties": {
				"行政區": "中山區",
				"地址": "民權東路2段21號前(西向公車道)2",
				"備註": "嚴禁投入家用垃圾，違者重罰新臺幣6000元"
			}
		},
		{
			"type": "Feature",
			"geometry": {
				"type": "Point",
				"coordinates": [121.529117, 25.062662]
			},
			"properties": {
				"行政區": "中山區",
				"地址": "民權東路2段與中原街口(東往西公車專用道)",
				"備註": "嚴禁投入家用垃圾，違者重罰新臺幣6000元"
			}
		},
		{
			"type": "Feature",
			"geometry": {
				"type": "Point",
				"coordinates": [121.530214, 25.062521]
			},
			"properties": {
				"行政區": "中山區",
				"地址": "民權東路2段46號前(東向公車道)2",
				"備註": "嚴禁投入家用垃圾，違者重罰新臺幣6000元"
			}
		},
		{
			"type": "Feature",
			"geometry": {
				"type": "Point",
				"coordinates": [121.534301, 25.067114]
			},
			"properties": {
				"行政區": "中山區",
				"地址": "松江路臨487號外迴轉道",
				"備註": "嚴禁投入家用垃圾，違者重罰新臺幣6000元"
			}
		},
		{
			"type": "Feature",
			"geometry": {
				"type": "Point",
				"coordinates": [121.533479, 25.06243]
			},
			"properties": {
				"行政區": "中山區",
				"地址": "民權東路2段142號前",
				"備註": "嚴禁投入家用垃圾，違者重罰新臺幣6000元"
			}
		},
		{
			"type": "Feature",
			"geometry": {
				"type": "Point",
				"coordinates": [121.53313, 25.060379]
			},
			"properties": {
				"行政區": "中山區",
				"地址": "松江路錦洲街(公車道北往南)1",
				"備註": "嚴禁投入家用垃圾，違者重罰新臺幣6000元"
			}
		},
		{
			"type": "Feature",
			"geometry": {
				"type": "Point",
				"coordinates": [121.53315, 25.060379]
			},
			"properties": {
				"行政區": "中山區",
				"地址": "松江路錦洲街(公車道北往南)2",
				"備註": "嚴禁投入家用垃圾，違者重罰新臺幣6000元"
			}
		},
		{
			"type": "Feature",
			"geometry": {
				"type": "Point",
				"coordinates": [121.533254, 25.062338]
			},
			"properties": {
				"行政區": "中山區",
				"地址": "松江路民權東路2段(公車道南往北)1",
				"備註": "嚴禁投入家用垃圾，違者重罰新臺幣6000元"
			}
		},
		{
			"type": "Feature",
			"geometry": {
				"type": "Point",
				"coordinates": [121.537454, 25.0624]
			},
			"properties": {
				"行政區": "中山區",
				"地址": "民權東路3段建國北路口(東向西公車道)1",
				"備註": "嚴禁投入家用垃圾，違者重罰新臺幣6000元"
			}
		},
		{
			"type": "Feature",
			"geometry": {
				"type": "Point",
				"coordinates": [121.537456, 25.0624]
			},
			"properties": {
				"行政區": "中山區",
				"地址": "民權東路3段建國北路口(東向西公車道)2",
				"備註": "嚴禁投入家用垃圾，違者重罰新臺幣6000元"
			}
		},
		{
			"type": "Feature",
			"geometry": {
				"type": "Point",
				"coordinates": [121.535682, 25.062549]
			},
			"properties": {
				"行政區": "中山區",
				"地址": "民權東路2段145號",
				"備註": "嚴禁投入家用垃圾，違者重罰新臺幣6000元"
			}
		},
		{
			"type": "Feature",
			"geometry": {
				"type": "Point",
				"coordinates": [121.535865, 25.062535]
			},
			"properties": {
				"行政區": "中山區",
				"地址": "民權東路2段(殯儀館前)",
				"備註": "嚴禁投入家用垃圾，違者重罰新臺幣6000元"
			}
		},
		{
			"type": "Feature",
			"geometry": {
				"type": "Point",
				"coordinates": [121.536617, 25.062413]
			},
			"properties": {
				"行政區": "中山區",
				"地址": "民權東路2段建國北路口(西向東公車道)1",
				"備註": "嚴禁投入家用垃圾，違者重罰新臺幣6000元"
			}
		},
		{
			"type": "Feature",
			"geometry": {
				"type": "Point",
				"coordinates": [121.536619, 25.062413]
			},
			"properties": {
				"行政區": "中山區",
				"地址": "民權東路2段建國北路口(西向東公車道)2",
				"備註": "嚴禁投入家用垃圾，違者重罰新臺幣6000元"
			}
		},
		{
			"type": "Feature",
			"geometry": {
				"type": "Point",
				"coordinates": [121.540485, 25.062331]
			},
			"properties": {
				"行政區": "中山區",
				"地址": "民權東路3段與龍江路口(西向東公車道)-1",
				"備註": "嚴禁投入家用垃圾，違者重罰新臺幣6000元"
			}
		},
		{
			"type": "Feature",
			"geometry": {
				"type": "Point",
				"coordinates": [121.540682, 25.062323]
			},
			"properties": {
				"行政區": "中山區",
				"地址": "民權東路3段與龍江路交叉口(西往東)",
				"備註": "嚴禁投入家用垃圾，違者重罰新臺幣6000元"
			}
		},
		{
			"type": "Feature",
			"geometry": {
				"type": "Point",
				"coordinates": [121.537222, 25.059304]
			},
			"properties": {
				"行政區": "中山區",
				"地址": "建國北路2段107號",
				"備註": "嚴禁投入家用垃圾，違者重罰新臺幣6000元"
			}
		},
		{
			"type": "Feature",
			"geometry": {
				"type": "Point",
				"coordinates": [121.541744, 25.057917]
			},
			"properties": {
				"行政區": "中山區",
				"地址": "民生東路3段65巷旁公車站",
				"備註": "嚴禁投入家用垃圾，違者重罰新臺幣6000元"
			}
		},
		{
			"type": "Feature",
			"geometry": {
				"type": "Point",
				"coordinates": [121.543931, 25.062246]
			},
			"properties": {
				"行政區": "中山區",
				"地址": "民權東路3段與復興北路口(西向東公車道二)",
				"備註": "嚴禁投入家用垃圾，違者重罰新臺幣6000元"
			}
		},
		{
			"type": "Feature",
			"geometry": {
				"type": "Point",
				"coordinates": [121.540244, 25.062502]
			},
			"properties": {
				"行政區": "中山區",
				"地址": "民權東路3段(榮星花園二)",
				"備註": "嚴禁投入家用垃圾，違者重罰新臺幣6000元"
			}
		},
		{
			"type": "Feature",
			"geometry": {
				"type": "Point",
				"coordinates": [121.543933, 25.062246]
			},
			"properties": {
				"行政區": "中山區",
				"地址": "民權東路3段與復興北路口(西向東公車道一)",
				"備註": "嚴禁投入家用垃圾，違者重罰新臺幣6000元"
			}
		},
		{
			"type": "Feature",
			"geometry": {
				"type": "Point",
				"coordinates": [121.543207, 25.057904]
			},
			"properties": {
				"行政區": "中山區",
				"地址": "民生東路3段69號",
				"備註": "嚴禁投入家用垃圾，違者重罰新臺幣6000元"
			}
		},
		{
			"type": "Feature",
			"geometry": {
				"type": "Point",
				"coordinates": [121.540487, 25.062331]
			},
			"properties": {
				"行政區": "中山區",
				"地址": "民權東路3段與龍江路口(西向東公車道)-2",
				"備註": "嚴禁投入家用垃圾，違者重罰新臺幣6000元"
			}
		},
		{
			"type": "Feature",
			"geometry": {
				"type": "Point",
				"coordinates": [121.536619, 25.062413]
			},
			"properties": {
				"行政區": "中山區",
				"地址": "民權東路2段建國北路口(西向東公車道)3",
				"備註": "嚴禁投入家用垃圾，違者重罰新臺幣6000元"
			}
		},
		{
			"type": "Feature",
			"geometry": {
				"type": "Point",
				"coordinates": [121.537258, 25.060628]
			},
			"properties": {
				"行政區": "中山區",
				"地址": "建國北路2段137號",
				"備註": "嚴禁投入家用垃圾，違者重罰新臺幣6000元"
			}
		},
		{
			"type": "Feature",
			"geometry": {
				"type": "Point",
				"coordinates": [121.537259, 25.061643]
			},
			"properties": {
				"行政區": "中山區",
				"地址": "建國北路2段147號附近28號車格前",
				"備註": "嚴禁投入家用垃圾，違者重罰新臺幣6000元"
			}
		},
		{
			"type": "Feature",
			"geometry": {
				"type": "Point",
				"coordinates": [121.533408, 25.062533]
			},
			"properties": {
				"行政區": "中山區",
				"地址": "民權東路2段與松江路口(東向西公車道)(二)",
				"備註": "嚴禁投入家用垃圾，違者重罰新臺幣6000元"
			}
		},
		{
			"type": "Feature",
			"geometry": {
				"type": "Point",
				"coordinates": [121.533384, 25.06722]
			},
			"properties": {
				"行政區": "中山區",
				"地址": "松江路485號",
				"備註": "嚴禁投入家用垃圾，違者重罰新臺幣6000元"
			}
		},
		{
			"type": "Feature",
			"geometry": {
				"type": "Point",
				"coordinates": [121.535226, 25.062564]
			},
			"properties": {
				"行政區": "中山區",
				"地址": "民權東路2段143號",
				"備註": "嚴禁投入家用垃圾，違者重罰新臺幣6000元"
			}
		},
		{
			"type": "Feature",
			"geometry": {
				"type": "Point",
				"coordinates": [121.537238, 25.060175]
			},
			"properties": {
				"行政區": "中山區",
				"地址": "建國北路2段131號",
				"備註": "嚴禁投入家用垃圾，違者重罰新臺幣6000元"
			}
		},
		{
			"type": "Feature",
			"geometry": {
				"type": "Point",
				"coordinates": [121.54056, 25.062463]
			},
			"properties": {
				"行政區": "中山區",
				"地址": "民權東路3段(榮星公園一)",
				"備註": "嚴禁投入家用垃圾，違者重罰新臺幣6000元"
			}
		},
		{
			"type": "Feature",
			"geometry": {
				"type": "Point",
				"coordinates": [121.544022, 25.06006]
			},
			"properties": {
				"行政區": "中山區",
				"地址": "復興北路386號",
				"備註": "嚴禁投入家用垃圾，違者重罰新臺幣6000元"
			}
		},
		{
			"type": "Feature",
			"geometry": {
				"type": "Point",
				"coordinates": [121.541004, 25.062417]
			},
			"properties": {
				"行政區": "中山區",
				"地址": "民權東路3段與龍江路口(東向西公車道)(三)",
				"備註": "嚴禁投入家用垃圾，違者重罰新臺幣6000元"
			}
		},
		{
			"type": "Feature",
			"geometry": {
				"type": "Point",
				"coordinates": [121.540872, 25.062456]
			},
			"properties": {
				"行政區": "中山區",
				"地址": "民權東路3段(榮星公園五)",
				"備註": "嚴禁投入家用垃圾，違者重罰新臺幣6000元"
			}
		},
		{
			"type": "Feature",
			"geometry": {
				"type": "Point",
				"coordinates": [121.538313, 25.062514]
			},
			"properties": {
				"行政區": "中山區",
				"地址": "民權東路3段(榮星公園四)",
				"備註": "嚴禁投入家用垃圾，違者重罰新臺幣6000元"
			}
		},
		{
			"type": "Feature",
			"geometry": {
				"type": "Point",
				"coordinates": [121.539223, 25.062514]
			},
			"properties": {
				"行政區": "中山區",
				"地址": "民權東路3段(榮星花園三)",
				"備註": "嚴禁投入家用垃圾，違者重罰新臺幣6000元"
			}
		},
		{
			"type": "Feature",
			"geometry": {
				"type": "Point",
				"coordinates": [121.537072, 25.060318]
			},
			"properties": {
				"行政區": "中山區",
				"地址": "民權東路2段迴轉道(民權建國高架)",
				"備註": "嚴禁投入家用垃圾，違者重罰新臺幣6000元"
			}
		},
		{
			"type": "Feature",
			"geometry": {
				"type": "Point",
				"coordinates": [121.533567, 25.062522]
			},
			"properties": {
				"行政區": "中山區",
				"地址": "民權東路2段與松江路口(東向西公車道)(一)",
				"備註": "嚴禁投入家用垃圾，違者重罰新臺幣6000元"
			}
		},
		{
			"type": "Feature",
			"geometry": {
				"type": "Point",
				"coordinates": [121.536382, 25.046613]
			},
			"properties": {
				"行政區": "中山區",
				"地址": "建國北路1段10巷2號",
				"備註": "嚴禁投入家用垃圾，違者重罰新臺幣6000元"
			}
		},
		{
			"type": "Feature",
			"geometry": {
				"type": "Point",
				"coordinates": [121.53428, 25.045729]
			},
			"properties": {
				"行政區": "中山區",
				"地址": "渭水路32號對面人行道",
				"備註": "嚴禁投入家用垃圾，違者重罰新臺幣6000元"
			}
		},
		{
			"type": "Feature",
			"geometry": {
				"type": "Point",
				"coordinates": [121.533256, 25.062338]
			},
			"properties": {
				"行政區": "中山區",
				"地址": "松江路民權東路2段(公車道南往北)2",
				"備註": "嚴禁投入家用垃圾，違者重罰新臺幣6000元"
			}
		},
		{
			"type": "Feature",
			"geometry": {
				"type": "Point",
				"coordinates": [121.534812, 25.045686]
			},
			"properties": {
				"行政區": "中山區",
				"地址": "渭水路50號前人行道",
				"備註": "嚴禁投入家用垃圾，違者重罰新臺幣6000元"
			}
		},
		{
			"type": "Feature",
			"geometry": {
				"type": "Point",
				"coordinates": [121.536441, 25.048262]
			},
			"properties": {
				"行政區": "中山區",
				"地址": "長安東路2段118-5號(建國北路上)",
				"備註": "嚴禁投入家用垃圾，違者重罰新臺幣6000元"
			}
		},
		{
			"type": "Feature",
			"geometry": {
				"type": "Point",
				"coordinates": [121.538272, 25.051892]
			},
			"properties": {
				"行政區": "中山區",
				"地址": "南京東路3段32號",
				"備註": "嚴禁投入家用垃圾，違者重罰新臺幣6000元"
			}
		},
		{
			"type": "Feature",
			"geometry": {
				"type": "Point",
				"coordinates": [121.535396, 25.051916]
			},
			"properties": {
				"行政區": "中山區",
				"地址": "南京東路2段206號",
				"備註": "嚴禁投入家用垃圾，違者重罰新臺幣6000元"
			}
		},
		{
			"type": "Feature",
			"geometry": {
				"type": "Point",
				"coordinates": [121.529539, 25.05203]
			},
			"properties": {
				"行政區": "中山區",
				"地址": "南京東路2段38號(對面公車專用道上)",
				"備註": "嚴禁投入家用垃圾，違者重罰新臺幣6000元"
			}
		},
		{
			"type": "Feature",
			"geometry": {
				"type": "Point",
				"coordinates": [121.533097, 25.050176]
			},
			"properties": {
				"行政區": "中山區",
				"地址": "松江路85號",
				"備註": "嚴禁投入家用垃圾，違者重罰新臺幣6000元"
			}
		},
		{
			"type": "Feature",
			"geometry": {
				"type": "Point",
				"coordinates": [121.532999, 25.048005]
			},
			"properties": {
				"行政區": "中山區",
				"地址": "松江路43號(對面公車專用道上)",
				"備註": "嚴禁投入家用垃圾，違者重罰新臺幣6000元"
			}
		},
		{
			"type": "Feature",
			"geometry": {
				"type": "Point",
				"coordinates": [121.532908, 25.048595]
			},
			"properties": {
				"行政區": "中山區",
				"地址": "松江路51號(對面公車專用道上)",
				"備註": "嚴禁投入家用垃圾，違者重罰新臺幣6000元"
			}
		},
		{
			"type": "Feature",
			"geometry": {
				"type": "Point",
				"coordinates": [121.53311, 25.050559]
			},
			"properties": {
				"行政區": "中山區",
				"地址": "松江路89號",
				"備註": "嚴禁投入家用垃圾，違者重罰新臺幣6000元"
			}
		},
		{
			"type": "Feature",
			"geometry": {
				"type": "Point",
				"coordinates": [121.5327434, 25.0521535]
			},
			"properties": {
				"行政區": "中山區",
				"地址": "南京東路松江路路口 (對面公車專用道上)",
				"備註": "嚴禁投入家用垃圾，違者重罰新臺幣6000元"
			}
		},
		{
			"type": "Feature",
			"geometry": {
				"type": "Point",
				"coordinates": [121.532904, 25.048638]
			},
			"properties": {
				"行政區": "中山區",
				"地址": "松江路54號（對面公車專用道)",
				"備註": "嚴禁投入家用垃圾，違者重罰新臺幣6000元"
			}
		},
		{
			"type": "Feature",
			"geometry": {
				"type": "Point",
				"coordinates": [121.532912, 25.048929]
			},
			"properties": {
				"行政區": "中山區",
				"地址": "松江路60號（對面公車專用道）",
				"備註": "嚴禁投入家用垃圾，違者重罰新臺幣6000元"
			}
		},
		{
			"type": "Feature",
			"geometry": {
				"type": "Point",
				"coordinates": [121.533016, 25.051471]
			},
			"properties": {
				"行政區": "中山區",
				"地址": "松江路111號（對面公車專用道）",
				"備註": "嚴禁投入家用垃圾，違者重罰新臺幣6000元"
			}
		},
		{
			"type": "Feature",
			"geometry": {
				"type": "Point",
				"coordinates": [121.53309, 25.05174]
			},
			"properties": {
				"行政區": "中山區",
				"地址": "松江路115號(對面公車專用道)",
				"備註": "嚴禁投入家用垃圾，違者重罰新臺幣6000元"
			}
		},
		{
			"type": "Feature",
			"geometry": {
				"type": "Point",
				"coordinates": [121.543616, 25.051819]
			},
			"properties": {
				"行政區": "中山區",
				"地址": "南京東路3段222號",
				"備註": "嚴禁投入家用垃圾，違者重罰新臺幣6000元"
			}
		},
		{
			"type": "Feature",
			"geometry": {
				"type": "Point",
				"coordinates": [121.535862, 25.051954]
			},
			"properties": {
				"行政區": "中山區",
				"地址": "南京東路2段208號(對面公車專用道上)",
				"備註": "嚴禁投入家用垃圾，違者重罰新臺幣6000元"
			}
		},
		{
			"type": "Feature",
			"geometry": {
				"type": "Point",
				"coordinates": [121.541346, 25.049516]
			},
			"properties": {
				"行政區": "中山區",
				"地址": "龍江路55巷16號",
				"備註": "嚴禁投入家用垃圾，違者重罰新臺幣6000元"
			}
		},
		{
			"type": "Feature",
			"geometry": {
				"type": "Point",
				"coordinates": [121.543863, 25.049405]
			},
			"properties": {
				"行政區": "中山區",
				"地址": "復興北路40號",
				"備註": "嚴禁投入家用垃圾，違者重罰新臺幣6000元"
			}
		},
		{
			"type": "Feature",
			"geometry": {
				"type": "Point",
				"coordinates": [121.5365766, 25.0520941]
			},
			"properties": {
				"行政區": "中山區",
				"地址": "南京東路建國北路口 (對面公車專用道上)",
				"備註": "嚴禁投入家用垃圾，違者重罰新臺幣6000元"
			}
		},
		{
			"type": "Feature",
			"geometry": {
				"type": "Point",
				"coordinates": [121.529749, 25.052011]
			},
			"properties": {
				"行政區": "中山區",
				"地址": "南京東路吉林路路口（對面公車專用道上）",
				"備註": "嚴禁投入家用垃圾，違者重罰新臺幣6000元"
			}
		},
		{
			"type": "Feature",
			"geometry": {
				"type": "Point",
				"coordinates": [121.532234, 25.051967]
			},
			"properties": {
				"行政區": "中山區",
				"地址": "南京東路2段110號(對面公車專用道上)",
				"備註": "嚴禁投入家用垃圾，違者重罰新臺幣6000元"
			}
		},
		{
			"type": "Feature",
			"geometry": {
				"type": "Point",
				"coordinates": [121.541921, 25.051798]
			},
			"properties": {
				"行政區": "中山區",
				"地址": "南京東路3段170號",
				"備註": "嚴禁投入家用垃圾，違者重罰新臺幣6000元"
			}
		},
		{
			"type": "Feature",
			"geometry": {
				"type": "Point",
				"coordinates": [121.542079, 25.051783]
			},
			"properties": {
				"行政區": "中山區",
				"地址": "南京東路3段188號旁西側近遼寧街口",
				"備註": "嚴禁投入家用垃圾，違者重罰新臺幣6000元"
			}
		},
		{
			"type": "Feature",
			"geometry": {
				"type": "Point",
				"coordinates": [121.542921, 25.051828]
			},
			"properties": {
				"行政區": "中山區",
				"地址": "南京東路3段198號(對面公車專用道上)",
				"備註": "嚴禁投入家用垃圾，違者重罰新臺幣6000元"
			}
		},
		{
			"type": "Feature",
			"geometry": {
				"type": "Point",
				"coordinates": [121.53984, 25.051896]
			},
			"properties": {
				"行政區": "中山區",
				"地址": "南京東路3段98號(對面公車專用道上)",
				"備註": "嚴禁投入家用垃圾，違者重罰新臺幣6000元"
			}
		},
		{
			"type": "Feature",
			"geometry": {
				"type": "Point",
				"coordinates": [121.543508, 25.051827]
			},
			"properties": {
				"行政區": "中山區",
				"地址": "南京東路復興北路口 (對面公車專用道上)",
				"備註": "嚴禁投入家用垃圾，違者重罰新臺幣6000元"
			}
		},
		{
			"type": "Feature",
			"geometry": {
				"type": "Point",
				"coordinates": [121.531651, 25.051918]
			},
			"properties": {
				"行政區": "中山區",
				"地址": "南京東路2段98號",
				"備註": "嚴禁投入家用垃圾，違者重罰新臺幣6000元"
			}
		},
		{
			"type": "Feature",
			"geometry": {
				"type": "Point",
				"coordinates": [121.533006, 25.054532]
			},
			"properties": {
				"行政區": "中山區",
				"地址": "松江路156號對面(公車專用道候車亭)",
				"備註": "嚴禁投入家用垃圾，違者重罰新臺幣6000元"
			}
		},
		{
			"type": "Feature",
			"geometry": {
				"type": "Point",
				"coordinates": [121.533245, 25.05726]
			},
			"properties": {
				"行政區": "中山區",
				"地址": "松江路209號",
				"備註": "嚴禁投入家用垃圾，違者重罰新臺幣6000元"
			}
		},
		{
			"type": "Feature",
			"geometry": {
				"type": "Point",
				"coordinates": [121.533115, 25.057616]
			},
			"properties": {
				"行政區": "中山區",
				"地址": "松江路206號對面公車專用道",
				"備註": "嚴禁投入家用垃圾，違者重罰新臺幣6000元"
			}
		},
		{
			"type": "Feature",
			"geometry": {
				"type": "Point",
				"coordinates": [121.532939, 25.052449]
			},
			"properties": {
				"行政區": "中山區",
				"地址": "松江路122號對面(公車專用道候車亭)",
				"備註": "嚴禁投入家用垃圾，違者重罰新臺幣6000元"
			}
		},
		{
			"type": "Feature",
			"geometry": {
				"type": "Point",
				"coordinates": [121.533065, 25.054604]
			},
			"properties": {
				"行政區": "中山區",
				"地址": "松江路156之1號(長春路公車專用道)",
				"備註": "嚴禁投入家用垃圾，違者重罰新臺幣6000元"
			}
		},
		{
			"type": "Feature",
			"geometry": {
				"type": "Point",
				"coordinates": [121.533076, 25.055168]
			},
			"properties": {
				"行政區": "中山區",
				"地址": "松江路長春路口公車專用道-1",
				"備註": "嚴禁投入家用垃圾，違者重罰新臺幣6000元"
			}
		},
		{
			"type": "Feature",
			"geometry": {
				"type": "Point",
				"coordinates": [121.533087, 25.05491]
			},
			"properties": {
				"行政區": "中山區",
				"地址": "松江路長春路口公車專用道-2",
				"備註": "嚴禁投入家用垃圾，違者重罰新臺幣6000元"
			}
		},
		{
			"type": "Feature",
			"geometry": {
				"type": "Point",
				"coordinates": [121.536933, 25.054769]
			},
			"properties": {
				"行政區": "中山區",
				"地址": "長春路建國北路口2段交叉口(橋下東北側)",
				"備註": "嚴禁投入家用垃圾，違者重罰新臺幣6000元"
			}
		},
		{
			"type": "Feature",
			"geometry": {
				"type": "Point",
				"coordinates": [121.537209, 25.05778]
			},
			"properties": {
				"行政區": "中山區",
				"地址": "建國北路2段與民生東路3段交叉口(橋下東南側)",
				"備註": "嚴禁投入家用垃圾，違者重罰新臺幣6000元"
			}
		},
		{
			"type": "Feature",
			"geometry": {
				"type": "Point",
				"coordinates": [121.533141, 25.057494]
			},
			"properties": {
				"行政區": "中山區",
				"地址": "松江路204巷對面(公車專用道候車亭)",
				"備註": "嚴禁投入家用垃圾，違者重罰新臺幣6000元"
			}
		},
		{
			"type": "Feature",
			"geometry": {
				"type": "Point",
				"coordinates": [121.5299893, 25.0518929]
			},
			"properties": {
				"行政區": "中山區",
				"地址": "南京東路2段與吉林路交叉口公車專用道",
				"備註": "嚴禁投入家用垃圾，違者重罰新臺幣6000元"
			}
		},
		{
			"type": "Feature",
			"geometry": {
				"type": "Point",
				"coordinates": [121.538414, 25.052111]
			},
			"properties": {
				"行政區": "中山區",
				"地址": "南京東路3段65號",
				"備註": "嚴禁投入家用垃圾，違者重罰新臺幣6000元"
			}
		},
		{
			"type": "Feature",
			"geometry": {
				"type": "Point",
				"coordinates": [121.532984, 25.052305]
			},
			"properties": {
				"行政區": "中山區",
				"地址": "松江路124巷對面(公車專用道)",
				"備註": "嚴禁投入家用垃圾，違者重罰新臺幣6000元"
			}
		},
		{
			"type": "Feature",
			"geometry": {
				"type": "Point",
				"coordinates": [121.530129, 25.052147]
			},
			"properties": {
				"行政區": "中山區",
				"地址": "南京東路2段63號(公車專用)對面",
				"備註": "嚴禁投入家用垃圾，違者重罰新臺幣6000元"
			}
		},
		{
			"type": "Feature",
			"geometry": {
				"type": "Point",
				"coordinates": [121.540533, 25.051889]
			},
			"properties": {
				"行政區": "中山區",
				"地址": "南京東路龍江路口 (對面公車專用道上)",
				"備註": "嚴禁投入家用垃圾，違者重罰新臺幣6000元"
			}
		},
		{
			"type": "Feature",
			"geometry": {
				"type": "Point",
				"coordinates": [121.533225, 25.052055]
			},
			"properties": {
				"行政區": "中山區",
				"地址": "南京東路2段111號(公車專用)對面-1",
				"備註": "嚴禁投入家用垃圾，違者重罰新臺幣6000元"
			}
		},
		{
			"type": "Feature",
			"geometry": {
				"type": "Point",
				"coordinates": [121.533227, 25.052055]
			},
			"properties": {
				"行政區": "中山區",
				"地址": "南京東路2段111號(公車專用)對面-2",
				"備註": "嚴禁投入家用垃圾，違者重罰新臺幣6000元"
			}
		},
		{
			"type": "Feature",
			"geometry": {
				"type": "Point",
				"coordinates": [121.537157, 25.052036]
			},
			"properties": {
				"行政區": "中山區",
				"地址": "南京東路3段1號(公車專用)對面-1",
				"備註": "嚴禁投入家用垃圾，違者重罰新臺幣6000元"
			}
		},
		{
			"type": "Feature",
			"geometry": {
				"type": "Point",
				"coordinates": [121.537159, 25.052036]
			},
			"properties": {
				"行政區": "中山區",
				"地址": "南京東路3段1號(公車專用)對面-2",
				"備註": "嚴禁投入家用垃圾，違者重罰新臺幣6000元"
			}
		},
		{
			"type": "Feature",
			"geometry": {
				"type": "Point",
				"coordinates": [121.540572, 25.051952]
			},
			"properties": {
				"行政區": "中山區",
				"地址": "南京東路3段131號(公車專用)對面-1",
				"備註": "嚴禁投入家用垃圾，違者重罰新臺幣6000元"
			}
		},
		{
			"type": "Feature",
			"geometry": {
				"type": "Point",
				"coordinates": [121.540574, 25.051952]
			},
			"properties": {
				"行政區": "中山區",
				"地址": "南京東路3段131號(公車專用)對面-2",
				"備註": "嚴禁投入家用垃圾，違者重罰新臺幣6000元"
			}
		},
		{
			"type": "Feature",
			"geometry": {
				"type": "Point",
				"coordinates": [121.530493, 25.052212]
			},
			"properties": {
				"行政區": "中山區",
				"地址": "南京東路2段65號",
				"備註": "嚴禁投入家用垃圾，違者重罰新臺幣6000元"
			}
		},
		{
			"type": "Feature",
			"geometry": {
				"type": "Point",
				"coordinates": [121.532143, 25.052167]
			},
			"properties": {
				"行政區": "中山區",
				"地址": "南京東路2段89號",
				"備註": "嚴禁投入家用垃圾，違者重罰新臺幣6000元"
			}
		},
		{
			"type": "Feature",
			"geometry": {
				"type": "Point",
				"coordinates": [121.539564, 25.052104]
			},
			"properties": {
				"行政區": "中山區",
				"地址": "南京東路3段103號前",
				"備註": "嚴禁投入家用垃圾，違者重罰新臺幣6000元"
			}
		},
		{
			"type": "Feature",
			"geometry": {
				"type": "Point",
				"coordinates": [121.542379, 25.051985]
			},
			"properties": {
				"行政區": "中山區",
				"地址": "南京東路3段195號",
				"備註": "嚴禁投入家用垃圾，違者重罰新臺幣6000元"
			}
		},
		{
			"type": "Feature",
			"geometry": {
				"type": "Point",
				"coordinates": [121.543092, 25.051971]
			},
			"properties": {
				"行政區": "中山區",
				"地址": "南京東路3段217號前",
				"備註": "嚴禁投入家用垃圾，違者重罰新臺幣6000元"
			}
		},
		{
			"type": "Feature",
			"geometry": {
				"type": "Point",
				"coordinates": [121.5366714, 25.0520273]
			},
			"properties": {
				"行政區": "中山區",
				"地址": "南京東路2段167號對角橋下",
				"備註": "嚴禁投入家用垃圾，違者重罰新臺幣6000元"
			}
		},
		{
			"type": "Feature",
			"geometry": {
				"type": "Point",
				"coordinates": [121.543468, 25.051956]
			},
			"properties": {
				"行政區": "中山區",
				"地址": "南京東路3段223巷口",
				"備註": "嚴禁投入家用垃圾，違者重罰新臺幣6000元"
			}
		},
		{
			"type": "Feature",
			"geometry": {
				"type": "Point",
				"coordinates": [121.541322, 25.05204]
			},
			"properties": {
				"行政區": "中山區",
				"地址": "南京東路3段133號",
				"備註": "嚴禁投入家用垃圾，違者重罰新臺幣6000元"
			}
		},
		{
			"type": "Feature",
			"geometry": {
				"type": "Point",
				"coordinates": [121.541969, 25.051996]
			},
			"properties": {
				"行政區": "中山區",
				"地址": "南京東路3段與遼寧街口（近南京東路3段133號)",
				"備註": "嚴禁投入家用垃圾，違者重罰新臺幣6000元"
			}
		},
		{
			"type": "Feature",
			"geometry": {
				"type": "Point",
				"coordinates": [121.5332, 25.055367]
			},
			"properties": {
				"行政區": "中山區",
				"地址": "松江路139號（公車站旁）",
				"備註": "嚴禁投入家用垃圾，違者重罰新臺幣6000元"
			}
		},
		{
			"type": "Feature",
			"geometry": {
				"type": "Point",
				"coordinates": [121.537726, 25.052123]
			},
			"properties": {
				"行政區": "中山區",
				"地址": "南京東路3段29號",
				"備註": "嚴禁投入家用垃圾，違者重罰新臺幣6000元"
			}
		},
		{
			"type": "Feature",
			"geometry": {
				"type": "Point",
				"coordinates": [121.5238361, 25.0684376]
			},
			"properties": {
				"行政區": "中山區",
				"地址": "民族東路東往西，大同大學(美術公園)公車站，海霸王旁",
				"備註": "嚴禁投入家用垃圾，違者重罰新臺幣6000元"
			}
		},
		{
			"type": "Feature",
			"geometry": {
				"type": "Point",
				"coordinates": [121.528756, 25.07094]
			},
			"properties": {
				"行政區": "中山區",
				"地址": "濱江街3號，新生建國抽水站人行道，近新生北路",
				"備註": "嚴禁投入家用垃圾，違者重罰新臺幣6000元"
			}
		},
		{
			"type": "Feature",
			"geometry": {
				"type": "Point",
				"coordinates": [121.527659, 25.068859]
			},
			"properties": {
				"行政區": "中山區",
				"地址": "新生北路3段，民族公園人行道-3",
				"備註": "嚴禁投入家用垃圾，違者重罰新臺幣6000元"
			}
		},
		{
			"type": "Feature",
			"geometry": {
				"type": "Point",
				"coordinates": [121.527039, 25.071799]
			},
			"properties": {
				"行政區": "中山區",
				"地址": "新生北路3段，圓山抽水站人行道",
				"備註": "嚴禁投入家用垃圾，違者重罰新臺幣6000元"
			}
		},
		{
			"type": "Feature",
			"geometry": {
				"type": "Point",
				"coordinates": [121.527707, 25.071038]
			},
			"properties": {
				"行政區": "中山區",
				"地址": "新生北路3段，民族公園人行道，近濱江街口",
				"備註": "嚴禁投入家用垃圾，違者重罰新臺幣6000元"
			}
		},
		{
			"type": "Feature",
			"geometry": {
				"type": "Point",
				"coordinates": [121.529204, 25.071077]
			},
			"properties": {
				"行政區": "中山區",
				"地址": "濱江街3號，新生建國抽水站人行道，景興宮對面",
				"備註": "嚴禁投入家用垃圾，違者重罰新臺幣6000元"
			}
		},
		{
			"type": "Feature",
			"geometry": {
				"type": "Point",
				"coordinates": [121.529928, 25.071417]
			},
			"properties": {
				"行政區": "中山區",
				"地址": "濱江街3號，新生建國抽水站人行道，近林安泰古厝",
				"備註": "嚴禁投入家用垃圾，違者重罰新臺幣6000元"
			}
		},
		{
			"type": "Feature",
			"geometry": {
				"type": "Point",
				"coordinates": [121.524728, 25.073278]
			},
			"properties": {
				"行政區": "中山區",
				"地址": "新生北路3段，臺北市立美術館人行道",
				"備註": "嚴禁投入家用垃圾，違者重罰新臺幣6000元"
			}
		},
		{
			"type": "Feature",
			"geometry": {
				"type": "Point",
				"coordinates": [121.525833, 25.072316]
			},
			"properties": {
				"行政區": "中山區",
				"地址": "新生北路3段，中山計程車服務站人行道",
				"備註": "嚴禁投入家用垃圾，違者重罰新臺幣6000元"
			}
		},
		{
			"type": "Feature",
			"geometry": {
				"type": "Point",
				"coordinates": [121.521405, 25.049781]
			},
			"properties": {
				"行政區": "中山區",
				"地址": "中山北路1段108號",
				"備註": "嚴禁投入家用垃圾，違者重罰新臺幣6000元"
			}
		},
		{
			"type": "Feature",
			"geometry": {
				"type": "Point",
				"coordinates": [121.527678, 25.065806]
			},
			"properties": {
				"行政區": "中山區",
				"地址": " 新生北路3段臨51-3號",
				"備註": "嚴禁投入家用垃圾，違者重罰新臺幣6000元"
			}
		},
		{
			"type": "Feature",
			"geometry": {
				"type": "Point",
				"coordinates": [121.523482, 25.071245]
			},
			"properties": {
				"行政區": "中山區",
				"地址": "中山北路3段，北往南，花博公園圓山園區人行道",
				"備註": "嚴禁投入家用垃圾，違者重罰新臺幣6000元"
			}
		},
		{
			"type": "Feature",
			"geometry": {
				"type": "Point",
				"coordinates": [121.523556, 25.070642]
			},
			"properties": {
				"行政區": "中山區",
				"地址": "中山北路3段，南往北，美術公園入口",
				"備註": "嚴禁投入家用垃圾，違者重罰新臺幣6000元"
			}
		},
		{
			"type": "Feature",
			"geometry": {
				"type": "Point",
				"coordinates": [121.52395, 25.073223]
			},
			"properties": {
				"行政區": "中山區",
				"地址": "中山北路3段，北往南，花博公園圓山園區人行道，近圓山派出所",
				"備註": "嚴禁投入家用垃圾，違者重罰新臺幣6000元"
			}
		},
		{
			"type": "Feature",
			"geometry": {
				"type": "Point",
				"coordinates": [121.523936, 25.072717]
			},
			"properties": {
				"行政區": "中山區",
				"地址": "中山北路3段62號，圓山派出所外",
				"備註": "嚴禁投入家用垃圾，違者重罰新臺幣6000元"
			}
		},
		{
			"type": "Feature",
			"geometry": {
				"type": "Point",
				"coordinates": [121.52384, 25.072529]
			},
			"properties": {
				"行政區": "中山區",
				"地址": "中山北路3段62-2號，圓山派出所左側，地下道口",
				"備註": "嚴禁投入家用垃圾，違者重罰新臺幣6000元"
			}
		},
		{
			"type": "Feature",
			"geometry": {
				"type": "Point",
				"coordinates": [121.523372, 25.069811]
			},
			"properties": {
				"行政區": "中山區",
				"地址": "中山北段3段59號海霸王往北約100公尺",
				"備註": "嚴禁投入家用垃圾，違者重罰新臺幣6000元"
			}
		},
		{
			"type": "Feature",
			"geometry": {
				"type": "Point",
				"coordinates": [121.51995, 25.063062]
			},
			"properties": {
				"行政區": "中山區",
				"地址": "民權西路71號",
				"備註": "嚴禁投入家用垃圾，違者重罰新臺幣6000元"
			}
		},
		{
			"type": "Feature",
			"geometry": {
				"type": "Point",
				"coordinates": [121.522232, 25.062662]
			},
			"properties": {
				"行政區": "中山區",
				"地址": "民權西路西往東，民權中山路口公車站(公車專用道)-1",
				"備註": "嚴禁投入家用垃圾，違者重罰新臺幣6000元"
			}
		},
		{
			"type": "Feature",
			"geometry": {
				"type": "Point",
				"coordinates": [121.522234, 25.062662]
			},
			"properties": {
				"行政區": "中山區",
				"地址": "民權西路西往東，民權中山路口公車站(公車專用道)-2",
				"備註": "嚴禁投入家用垃圾，違者重罰新臺幣6000元"
			}
		},
		{
			"type": "Feature",
			"geometry": {
				"type": "Point",
				"coordinates": [121.5231384, 25.06275459]
			},
			"properties": {
				"行政區": "中山區",
				"地址": "民權東路東往西，民權中山路口公車站(公車專用道)-1",
				"備註": "嚴禁投入家用垃圾，違者重罰新臺幣6000元"
			}
		},
		{
			"type": "Feature",
			"geometry": {
				"type": "Point",
				"coordinates": [121.523204, 25.062843]
			},
			"properties": {
				"行政區": "中山區",
				"地址": "民權東路東往西，民權中山路口公車站(公車專用道)-2",
				"備註": "嚴禁投入家用垃圾，違者重罰新臺幣6000元"
			}
		},
		{
			"type": "Feature",
			"geometry": {
				"type": "Point",
				"coordinates": [121.523464, 25.070127]
			},
			"properties": {
				"行政區": "中山區",
				"地址": "中山北路3段(北往南，臺北市立美術館公車站牌) 對面",
				"備註": "嚴禁投入家用垃圾，違者重罰新臺幣6000元"
			}
		},
		{
			"type": "Feature",
			"geometry": {
				"type": "Point",
				"coordinates": [121.527667, 25.069841]
			},
			"properties": {
				"行政區": "中山區",
				"地址": "新生北路3段，民族公園人行道-2",
				"備註": "嚴禁投入家用垃圾，違者重罰新臺幣6000元"
			}
		},
		{
			"type": "Feature",
			"geometry": {
				"type": "Point",
				"coordinates": [121.527711, 25.0706]
			},
			"properties": {
				"行政區": "中山區",
				"地址": "新生北路3段，民族公園人行道-1",
				"備註": "嚴禁投入家用垃圾，違者重罰新臺幣6000元"
			}
		},
		{
			"type": "Feature",
			"geometry": {
				"type": "Point",
				"coordinates": [121.523945, 25.072079]
			},
			"properties": {
				"行政區": "中山區",
				"地址": "中山北路3段，南往北，臺北市立美術館公車站牌-1",
				"備註": "嚴禁投入家用垃圾，違者重罰新臺幣6000元"
			}
		},
		{
			"type": "Feature",
			"geometry": {
				"type": "Point",
				"coordinates": [121.523947, 25.072079]
			},
			"properties": {
				"行政區": "中山區",
				"地址": "中山北路3段，南往北，臺北市立美術館公車站牌-2",
				"備註": "嚴禁投入家用垃圾，違者重罰新臺幣6000元"
			}
		},
		{
			"type": "Feature",
			"geometry": {
				"type": "Point",
				"coordinates": [121.522393, 25.067189]
			},
			"properties": {
				"行政區": "中山區",
				"地址": "中山北路3段40號，大同大學公車站",
				"備註": "嚴禁投入家用垃圾，違者重罰新臺幣6000元"
			}
		},
		{
			"type": "Feature",
			"geometry": {
				"type": "Point",
				"coordinates": [121.525864, 25.062727]
			},
			"properties": {
				"行政區": "中山區",
				"地址": "民權東路西往東，捷運中山國小公車站(公車專用道)-1",
				"備註": "嚴禁投入家用垃圾，違者重罰新臺幣6000元"
			}
		},
		{
			"type": "Feature",
			"geometry": {
				"type": "Point",
				"coordinates": [121.525404, 25.062609]
			},
			"properties": {
				"行政區": "中山區",
				"地址": "民權東路西往東，捷運中山國小公車站(公車專用道)-2",
				"備註": "嚴禁投入家用垃圾，違者重罰新臺幣6000元"
			}
		},
		{
			"type": "Feature",
			"geometry": {
				"type": "Point",
				"coordinates": [121.525982, 25.062723]
			},
			"properties": {
				"行政區": "中山區",
				"地址": "民權東路東往西，捷運中山國小公車站(公車專用道)-1",
				"備註": "嚴禁投入家用垃圾，違者重罰新臺幣6000元"
			}
		},
		{
			"type": "Feature",
			"geometry": {
				"type": "Point",
				"coordinates": [121.525119, 25.062662]
			},
			"properties": {
				"行政區": "中山區",
				"地址": "民權東路東往西，捷運中山國小公車站(公車專用道)-2",
				"備註": "嚴禁投入家用垃圾，違者重罰新臺幣6000元"
			}
		},
		{
			"type": "Feature",
			"geometry": {
				"type": "Point",
				"coordinates": [121.53658, 25.05212]
			},
			"properties": {
				"行政區": "中山區",
				"地址": "建國北路2段與南京東路2段交叉口(橋下西北側)",
				"備註": "嚴禁投入家用垃圾，違者重罰新臺幣6000元"
			}
		},
		{
			"type": "Feature",
			"geometry": {
				"type": "Point",
				"coordinates": [121.536774, 25.057798]
			},
			"properties": {
				"行政區": "中山區",
				"地址": "建國北路與民生東路2段交叉口(橋下西南側)",
				"備註": "嚴禁投入家用垃圾，違者重罰新臺幣6000元"
			}
		},
		{
			"type": "Feature",
			"geometry": {
				"type": "Point",
				"coordinates": [121.537335, 25.063374]
			},
			"properties": {
				"行政區": "中山區",
				"地址": "建國北路3段(榮星公園旁公車站牌)",
				"備註": "嚴禁投入家用垃圾，違者重罰新臺幣6000元"
			}
		},
		{
			"type": "Feature",
			"geometry": {
				"type": "Point",
				"coordinates": [121.536965, 25.060279]
			},
			"properties": {
				"行政區": "中山區",
				"地址": "錦州街臨306號-1",
				"備註": "嚴禁投入家用垃圾，違者重罰新臺幣6000元"
			}
		},
		{
			"type": "Feature",
			"geometry": {
				"type": "Point",
				"coordinates": [121.533316, 25.063651]
			},
			"properties": {
				"行政區": "中山區",
				"地址": "松江路361號",
				"備註": "嚴禁投入家用垃圾，違者重罰新臺幣6000元"
			}
		},
		{
			"type": "Feature",
			"geometry": {
				"type": "Point",
				"coordinates": [121.538241, 25.057967]
			},
			"properties": {
				"行政區": "中山區",
				"地址": "民生東路3段15號",
				"備註": "嚴禁投入家用垃圾，違者重罰新臺幣6000元"
			}
		},
		{
			"type": "Feature",
			"geometry": {
				"type": "Point",
				"coordinates": [121.552649, 25.080052]
			},
			"properties": {
				"行政區": "中山區",
				"地址": "樂群二路明水路口(明水路公車站，東往西方向)",
				"備註": "嚴禁投入家用垃圾，違者重罰新臺幣6000元"
			}
		},
		{
			"type": "Feature",
			"geometry": {
				"type": "Point",
				"coordinates": [121.541474, 25.077667]
			},
			"properties": {
				"行政區": "中山區",
				"地址": "明水路325號前(北安國中公車站，東往西方向)",
				"備註": "嚴禁投入家用垃圾，違者重罰新臺幣6000元"
			}
		},
		{
			"type": "Feature",
			"geometry": {
				"type": "Point",
				"coordinates": [121.536738, 25.054837]
			},
			"properties": {
				"行政區": "中山區",
				"地址": "建國北路2段與長春路口建國高架橋下(建國北路2段72號對面)",
				"備註": "嚴禁投入家用垃圾，違者重罰新臺幣6000元"
			}
		},
		{
			"type": "Feature",
			"geometry": {
				"type": "Point",
				"coordinates": [121.565344, 25.049896]
			},
			"properties": {
				"行政區": "松山區",
				"地址": "東興路12號",
				"備註": "嚴禁投入家用垃圾，違者重罰新臺幣6000元"
			}
		},
		{
			"type": "Feature",
			"geometry": {
				"type": "Point",
				"coordinates": [121.565449, 25.049692]
			},
			"properties": {
				"行政區": "松山區",
				"地址": "東興路21號",
				"備註": "嚴禁投入家用垃圾，違者重罰新臺幣6000元"
			}
		},
		{
			"type": "Feature",
			"geometry": {
				"type": "Point",
				"coordinates": [121.557926, 25.048602]
			},
			"properties": {
				"行政區": "松山區",
				"地址": "光復北路3號",
				"備註": "嚴禁投入家用垃圾，違者重罰新臺幣6000元"
			}
		},
		{
			"type": "Feature",
			"geometry": {
				"type": "Point",
				"coordinates": [121.557973, 25.049273]
			},
			"properties": {
				"行政區": "松山區",
				"地址": "光復北路13號",
				"備註": "嚴禁投入家用垃圾，違者重罰新臺幣6000元"
			}
		},
		{
			"type": "Feature",
			"geometry": {
				"type": "Point",
				"coordinates": [121.560214, 25.051473]
			},
			"properties": {
				"行政區": "松山區",
				"地址": "南京東路5段64號(公車站內)前",
				"備註": "嚴禁投入家用垃圾，違者重罰新臺幣6000元"
			}
		},
		{
			"type": "Feature",
			"geometry": {
				"type": "Point",
				"coordinates": [121.563703, 25.048843]
			},
			"properties": {
				"行政區": "松山區",
				"地址": "八德路4段199號",
				"備註": "嚴禁投入家用垃圾，違者重罰新臺幣6000元"
			}
		},
		{
			"type": "Feature",
			"geometry": {
				"type": "Point",
				"coordinates": [121.564789, 25.051295]
			},
			"properties": {
				"行政區": "松山區",
				"地址": "南京東路5段202號",
				"備註": "嚴禁投入家用垃圾，違者重罰新臺幣6000元"
			}
		},
		{
			"type": "Feature",
			"geometry": {
				"type": "Point",
				"coordinates": [121.566717, 25.051259]
			},
			"properties": {
				"行政區": "松山區",
				"地址": "南京東路5段268號",
				"備註": "嚴禁投入家用垃圾，違者重罰新臺幣6000元"
			}
		},
		{
			"type": "Feature",
			"geometry": {
				"type": "Point",
				"coordinates": [121.569171, 25.05145]
			},
			"properties": {
				"行政區": "松山區",
				"地址": "南京東路5段385號",
				"備註": "嚴禁投入家用垃圾，違者重罰新臺幣6000元"
			}
		},
		{
			"type": "Feature",
			"geometry": {
				"type": "Point",
				"coordinates": [121.5648, 25.051507]
			},
			"properties": {
				"行政區": "松山區",
				"地址": "南京東路5段237號",
				"備註": "嚴禁投入家用垃圾，違者重罰新臺幣6000元"
			}
		},
		{
			"type": "Feature",
			"geometry": {
				"type": "Point",
				"coordinates": [121.563881, 25.053151]
			},
			"properties": {
				"行政區": "松山區",
				"地址": "三民路36號",
				"備註": "嚴禁投入家用垃圾，違者重罰新臺幣6000元"
			}
		},
		{
			"type": "Feature",
			"geometry": {
				"type": "Point",
				"coordinates": [121.563839, 25.054841]
			},
			"properties": {
				"行政區": "松山區",
				"地址": "三民路64號",
				"備註": "嚴禁投入家用垃圾，違者重罰新臺幣6000元"
			}
		},
		{
			"type": "Feature",
			"geometry": {
				"type": "Point",
				"coordinates": [121.563731, 25.055304]
			},
			"properties": {
				"行政區": "松山區",
				"地址": "三民路33號",
				"備註": "嚴禁投入家用垃圾，違者重罰新臺幣6000元"
			}
		},
		{
			"type": "Feature",
			"geometry": {
				"type": "Point",
				"coordinates": [121.562265, 25.054147]
			},
			"properties": {
				"行政區": "松山區",
				"地址": "健康路195號",
				"備註": "嚴禁投入家用垃圾，違者重罰新臺幣6000元"
			}
		},
		{
			"type": "Feature",
			"geometry": {
				"type": "Point",
				"coordinates": [121.559286, 25.048394]
			},
			"properties": {
				"行政區": "松山區",
				"地址": "八德路4段21號",
				"備註": "嚴禁投入家用垃圾，違者重罰新臺幣6000元"
			}
		},
		{
			"type": "Feature",
			"geometry": {
				"type": "Point",
				"coordinates": [121.573891, 25.04992]
			},
			"properties": {
				"行政區": "松山區",
				"地址": "八德路4段622號",
				"備註": "嚴禁投入家用垃圾，違者重罰新臺幣6000元"
			}
		},
		{
			"type": "Feature",
			"geometry": {
				"type": "Point",
				"coordinates": [121.577748, 25.05054]
			},
			"properties": {
				"行政區": "松山區",
				"地址": "八德路4段746號(松山國小)(捷運松山站5號出口)",
				"備註": "嚴禁投入家用垃圾，違者重罰新臺幣6000元"
			}
		},
		{
			"type": "Feature",
			"geometry": {
				"type": "Point",
				"coordinates": [121.577251, 25.05014]
			},
			"properties": {
				"行政區": "松山區",
				"地址": "八德路4段723號(捷運松山站1號出口)",
				"備註": "嚴禁投入家用垃圾，違者重罰新臺幣6000元"
			}
		},
		{
			"type": "Feature",
			"geometry": {
				"type": "Point",
				"coordinates": [121.560168, 25.048479]
			},
			"properties": {
				"行政區": "松山區",
				"地址": "八德路4段83號",
				"備註": "嚴禁投入家用垃圾，違者重罰新臺幣6000元"
			}
		},
		{
			"type": "Feature",
			"geometry": {
				"type": "Point",
				"coordinates": [121.569174, 25.051142]
			},
			"properties": {
				"行政區": "松山區",
				"地址": "南京東路5段348號",
				"備註": "嚴禁投入家用垃圾，違者重罰新臺幣6000元"
			}
		},
		{
			"type": "Feature",
			"geometry": {
				"type": "Point",
				"coordinates": [121.569927, 25.053122]
			},
			"properties": {
				"行政區": "松山區",
				"地址": "塔悠路82號",
				"備註": "嚴禁投入家用垃圾，違者重罰新臺幣6000元"
			}
		},
		{
			"type": "Feature",
			"geometry": {
				"type": "Point",
				"coordinates": [121.563599, 25.051343]
			},
			"properties": {
				"行政區": "松山區",
				"地址": "南京東路5段182號(捷運站)",
				"備註": "嚴禁投入家用垃圾，違者重罰新臺幣6000元"
			}
		},
		{
			"type": "Feature",
			"geometry": {
				"type": "Point",
				"coordinates": [121.57641, 25.050118]
			},
			"properties": {
				"行政區": "松山區",
				"地址": "八德路4段689號(捷運站)",
				"備註": "嚴禁投入家用垃圾，違者重罰新臺幣6000元"
			}
		},
		{
			"type": "Feature",
			"geometry": {
				"type": "Point",
				"coordinates": [121.577765, 25.050933]
			},
			"properties": {
				"行政區": "松山區",
				"地址": "八德路4段746號",
				"備註": "嚴禁投入家用垃圾，違者重罰新臺幣6000元"
			}
		},
		{
			"type": "Feature",
			"geometry": {
				"type": "Point",
				"coordinates": [121.569757, 25.053904]
			},
			"properties": {
				"行政區": "松山區",
				"地址": "塔悠路塔悠路與健康路口",
				"備註": "嚴禁投入家用垃圾，違者重罰新臺幣6000元"
			}
		},
		{
			"type": "Feature",
			"geometry": {
				"type": "Point",
				"coordinates": [121.548611, 25.054722]
			},
			"properties": {
				"行政區": "松山區",
				"地址": "敦化北路150號(S-HOTEL前)",
				"備註": "嚴禁投入家用垃圾，違者重罰新臺幣6000元"
			}
		},
		{
			"type": "Feature",
			"geometry": {
				"type": "Point",
				"coordinates": [121.548888, 25.054444]
			},
			"properties": {
				"行政區": "松山區",
				"地址": "敦化北路長春敦化路口公車專用道/前",
				"備註": "嚴禁投入家用垃圾，違者重罰新臺幣6000元"
			}
		},
		{
			"type": "Feature",
			"geometry": {
				"type": "Point",
				"coordinates": [121.548853, 25.054966]
			},
			"properties": {
				"行政區": "松山區",
				"地址": "敦化北路長春敦化路口公車專用道/後",
				"備註": "嚴禁投入家用垃圾，違者重罰新臺幣6000元"
			}
		},
		{
			"type": "Feature",
			"geometry": {
				"type": "Point",
				"coordinates": [121.548692, 25.053955]
			},
			"properties": {
				"行政區": "松山區",
				"地址": "敦化北路122號",
				"備註": "嚴禁投入家用垃圾，違者重罰新臺幣6000元"
			}
		},
		{
			"type": "Feature",
			"geometry": {
				"type": "Point",
				"coordinates": [121.5486111, 25.053333]
			},
			"properties": {
				"行政區": "松山區",
				"地址": "敦化北路102號",
				"備註": "嚴禁投入家用垃圾，違者重罰新臺幣6000元"
			}
		},
		{
			"type": "Feature",
			"geometry": {
				"type": "Point",
				"coordinates": [121.548611, 25.052777]
			},
			"properties": {
				"行政區": "松山區",
				"地址": "敦化北路100號",
				"備註": "嚴禁投入家用垃圾，違者重罰新臺幣6000元"
			}
		},
		{
			"type": "Feature",
			"geometry": {
				"type": "Point",
				"coordinates": [121.548888, 25.052222]
			},
			"properties": {
				"行政區": "松山區",
				"地址": "敦化北路南京敦化路口公車專用道/前",
				"備註": "嚴禁投入家用垃圾，違者重罰新臺幣6000元"
			}
		},
		{
			"type": "Feature",
			"geometry": {
				"type": "Point",
				"coordinates": [121.54889, 25.052506]
			},
			"properties": {
				"行政區": "松山區",
				"地址": "敦化北路南京敦化路口公車專用道/後",
				"備註": "嚴禁投入家用垃圾，違者重罰新臺幣6000元"
			}
		},
		{
			"type": "Feature",
			"geometry": {
				"type": "Point",
				"coordinates": [121.548611, 25.051111]
			},
			"properties": {
				"行政區": "松山區",
				"地址": "敦化北路62號",
				"備註": "嚴禁投入家用垃圾，違者重罰新臺幣6000元"
			}
		},
		{
			"type": "Feature",
			"geometry": {
				"type": "Point",
				"coordinates": [121.548656, 25.050203]
			},
			"properties": {
				"行政區": "松山區",
				"地址": "敦化北路4巷口",
				"備註": "嚴禁投入家用垃圾，違者重罰新臺幣6000元"
			}
		},
		{
			"type": "Feature",
			"geometry": {
				"type": "Point",
				"coordinates": [121.548807, 25.048856]
			},
			"properties": {
				"行政區": "松山區",
				"地址": "敦化北路敦化國小校門對面",
				"備註": "嚴禁投入家用垃圾，違者重罰新臺幣6000元"
			}
		},
		{
			"type": "Feature",
			"geometry": {
				"type": "Point",
				"coordinates": [121.5486111, 25.048611]
			},
			"properties": {
				"行政區": "松山區",
				"地址": "敦化北路敦化北路與八德路交叉口",
				"備註": "嚴禁投入家用垃圾，違者重罰新臺幣6000元"
			}
		},
		{
			"type": "Feature",
			"geometry": {
				"type": "Point",
				"coordinates": [121.548801, 25.048332]
			},
			"properties": {
				"行政區": "松山區",
				"地址": "敦化北路八德敦化路口公車專用道/前",
				"備註": "嚴禁投入家用垃圾，違者重罰新臺幣6000元"
			}
		},
		{
			"type": "Feature",
			"geometry": {
				"type": "Point",
				"coordinates": [121.548812, 25.048742]
			},
			"properties": {
				"行政區": "松山區",
				"地址": "敦化北路八德敦化路口公車專用道/後",
				"備註": "嚴禁投入家用垃圾，違者重罰新臺幣6000元"
			}
		},
		{
			"type": "Feature",
			"geometry": {
				"type": "Point",
				"coordinates": [121.5486111, 25.046944]
			},
			"properties": {
				"行政區": "松山區",
				"地址": "敦化南路1段88號",
				"備註": "嚴禁投入家用垃圾，違者重罰新臺幣6000元"
			}
		},
		{
			"type": "Feature",
			"geometry": {
				"type": "Point",
				"coordinates": [121.545602, 25.047994]
			},
			"properties": {
				"行政區": "松山區",
				"地址": "八德路2段356號對面人行道",
				"備註": "嚴禁投入家用垃圾，違者重罰新臺幣6000元"
			}
		},
		{
			"type": "Feature",
			"geometry": {
				"type": "Point",
				"coordinates": [121.54878, 25.045244]
			},
			"properties": {
				"行政區": "松山區",
				"地址": "敦化南路市民敦南路口公車專用道/前",
				"備註": "嚴禁投入家用垃圾，違者重罰新臺幣6000元"
			}
		},
		{
			"type": "Feature",
			"geometry": {
				"type": "Point",
				"coordinates": [121.548775, 25.045689]
			},
			"properties": {
				"行政區": "松山區",
				"地址": "敦化南路市民敦南路口公車專用道/後",
				"備註": "嚴禁投入家用垃圾，違者重罰新臺幣6000元"
			}
		},
		{
			"type": "Feature",
			"geometry": {
				"type": "Point",
				"coordinates": [121.544326, 25.047642]
			},
			"properties": {
				"行政區": "松山區",
				"地址": "八德路2段342號(國土署門口右側)",
				"備註": "嚴禁投入家用垃圾，違者重罰新臺幣6000元"
			}
		},
		{
			"type": "Feature",
			"geometry": {
				"type": "Point",
				"coordinates": [121.544449, 25.051891]
			},
			"properties": {
				"行政區": "松山區",
				"地址": "南京東路南京復興站公車專用道/前(兄弟飯店)",
				"備註": "嚴禁投入家用垃圾，違者重罰新臺幣6000元"
			}
		},
		{
			"type": "Feature",
			"geometry": {
				"type": "Point",
				"coordinates": [121.544757, 25.051894]
			},
			"properties": {
				"行政區": "松山區",
				"地址": "南京東路南京復興站公車專用道/後(兄弟飯店)",
				"備註": "嚴禁投入家用垃圾，違者重罰新臺幣6000元"
			}
		},
		{
			"type": "Feature",
			"geometry": {
				"type": "Point",
				"coordinates": [121.548123, 25.051769]
			},
			"properties": {
				"行政區": "松山區",
				"地址": "南京東路3段340號對面南京敦化站公車專用道",
				"備註": "嚴禁投入家用垃圾，違者重罰新臺幣6000元"
			}
		},
		{
			"type": "Feature",
			"geometry": {
				"type": "Point",
				"coordinates": [121.548456, 25.051778]
			},
			"properties": {
				"行政區": "松山區",
				"地址": "南京東路3段350號對面南京敦化站公車專用道",
				"備註": "嚴禁投入家用垃圾，違者重罰新臺幣6000元"
			}
		},
		{
			"type": "Feature",
			"geometry": {
				"type": "Point",
				"coordinates": [121.549303, 25.051593]
			},
			"properties": {
				"行政區": "松山區",
				"地址": "南京東路4段與敦化北路口(大樹下)",
				"備註": "嚴禁投入家用垃圾，違者重罰新臺幣6000元"
			}
		},
		{
			"type": "Feature",
			"geometry": {
				"type": "Point",
				"coordinates": [121.550016, 25.051606]
			},
			"properties": {
				"行政區": "松山區",
				"地址": "南京東路4段2號人行道",
				"備註": "嚴禁投入家用垃圾，違者重罰新臺幣6000元"
			}
		},
		{
			"type": "Feature",
			"geometry": {
				"type": "Point",
				"coordinates": [121.550835, 25.051581]
			},
			"properties": {
				"行政區": "松山區",
				"地址": "南京東路4段2號(捷運小巨蛋2號出口)",
				"備註": "嚴禁投入家用垃圾，違者重罰新臺幣6000元"
			}
		},
		{
			"type": "Feature",
			"geometry": {
				"type": "Point",
				"coordinates": [121.5525, 25.05156]
			},
			"properties": {
				"行政區": "松山區",
				"地址": "南京東路4段10號(捷運小巨蛋3號出口)",
				"備註": "嚴禁投入家用垃圾，違者重罰新臺幣6000元"
			}
		},
		{
			"type": "Feature",
			"geometry": {
				"type": "Point",
				"coordinates": [121.553332, 25.051546]
			},
			"properties": {
				"行政區": "松山區",
				"地址": "南京東路4段18號(捷運小巨蛋4號出口)",
				"備註": "嚴禁投入家用垃圾，違者重罰新臺幣6000元"
			}
		},
		{
			"type": "Feature",
			"geometry": {
				"type": "Point",
				"coordinates": [121.554167, 25.051535]
			},
			"properties": {
				"行政區": "松山區",
				"地址": "南京東路4段102號",
				"備註": "嚴禁投入家用垃圾，違者重罰新臺幣6000元"
			}
		},
		{
			"type": "Feature",
			"geometry": {
				"type": "Point",
				"coordinates": [121.554739, 25.051508]
			},
			"properties": {
				"行政區": "松山區",
				"地址": "南京東路4段114號",
				"備註": "嚴禁投入家用垃圾，違者重罰新臺幣6000元"
			}
		},
		{
			"type": "Feature",
			"geometry": {
				"type": "Point",
				"coordinates": [121.5547, 25.05158]
			},
			"properties": {
				"行政區": "松山區",
				"地址": "南京東路南京寧安站公車專用道/前",
				"備註": "嚴禁投入家用垃圾，違者重罰新臺幣6000元"
			}
		},
		{
			"type": "Feature",
			"geometry": {
				"type": "Point",
				"coordinates": [121.554396, 25.051585]
			},
			"properties": {
				"行政區": "松山區",
				"地址": "南京東路南京寧安站公車專用道/後",
				"備註": "嚴禁投入家用垃圾，違者重罰新臺幣6000元"
			}
		},
		{
			"type": "Feature",
			"geometry": {
				"type": "Point",
				"coordinates": [121.55525, 25.051507]
			},
			"properties": {
				"行政區": "松山區",
				"地址": "南京東路4段126號彰化銀行前",
				"備註": "嚴禁投入家用垃圾，違者重罰新臺幣6000元"
			}
		},
		{
			"type": "Feature",
			"geometry": {
				"type": "Point",
				"coordinates": [121.556109, 25.051468]
			},
			"properties": {
				"行政區": "松山區",
				"地址": "南京東路4段156號艾捷天麗大飯店前",
				"備註": "嚴禁投入家用垃圾，違者重罰新臺幣6000元"
			}
		},
		{
			"type": "Feature",
			"geometry": {
				"type": "Point",
				"coordinates": [121.5491667, 25.045833]
			},
			"properties": {
				"行政區": "松山區",
				"地址": "敦化南路1段57號",
				"備註": "嚴禁投入家用垃圾，違者重罰新臺幣6000元"
			}
		},
		{
			"type": "Feature",
			"geometry": {
				"type": "Point",
				"coordinates": [121.549198, 25.047034]
			},
			"properties": {
				"行政區": "松山區",
				"地址": "敦化南路1段5號",
				"備註": "嚴禁投入家用垃圾，違者重罰新臺幣6000元"
			}
		},
		{
			"type": "Feature",
			"geometry": {
				"type": "Point",
				"coordinates": [121.5491667, 25.0475]
			},
			"properties": {
				"行政區": "松山區",
				"地址": "敦化南路1段3號(八德路與敦化北路口)",
				"備註": "嚴禁投入家用垃圾，違者重罰新臺幣6000元"
			}
		},
		{
			"type": "Feature",
			"geometry": {
				"type": "Point",
				"coordinates": [121.551187, 25.048132]
			},
			"properties": {
				"行政區": "松山區",
				"地址": "八德路3段20號(7-11前台視公車站)",
				"備註": "嚴禁投入家用垃圾，違者重罰新臺幣6000元"
			}
		},
		{
			"type": "Feature",
			"geometry": {
				"type": "Point",
				"coordinates": [121.552493, 25.04831]
			},
			"properties": {
				"行政區": "松山區",
				"地址": "八德路3段25號(八德路與北寧路口)",
				"備註": "嚴禁投入家用垃圾，違者重罰新臺幣6000元"
			}
		},
		{
			"type": "Feature",
			"geometry": {
				"type": "Point",
				"coordinates": [121.550315, 25.048248]
			},
			"properties": {
				"行政區": "松山區",
				"地址": "八德路3段10號對面(松山運動中心)",
				"備註": "嚴禁投入家用垃圾，違者重罰新臺幣6000元"
			}
		},
		{
			"type": "Feature",
			"geometry": {
				"type": "Point",
				"coordinates": [121.549398, 25.048249]
			},
			"properties": {
				"行政區": "松山區",
				"地址": "八德路3段8巷對面",
				"備註": "嚴禁投入家用垃圾，違者重罰新臺幣6000元"
			}
		},
		{
			"type": "Feature",
			"geometry": {
				"type": "Point",
				"coordinates": [121.5491667, 25.049166]
			},
			"properties": {
				"行政區": "松山區",
				"地址": "敦化北路市立體育場公車站牌",
				"備註": "嚴禁投入家用垃圾，違者重罰新臺幣6000元"
			}
		},
		{
			"type": "Feature",
			"geometry": {
				"type": "Point",
				"coordinates": [121.5491667, 25.049444]
			},
			"properties": {
				"行政區": "松山區",
				"地址": "敦化北路台北田徑場敦北出口",
				"備註": "嚴禁投入家用垃圾，違者重罰新臺幣6000元"
			}
		},
		{
			"type": "Feature",
			"geometry": {
				"type": "Point",
				"coordinates": [121.5491667, 25.050277]
			},
			"properties": {
				"行政區": "松山區",
				"地址": "敦化北路5號小巨蛋周邊",
				"備註": "嚴禁投入家用垃圾，違者重罰新臺幣6000元"
			}
		},
		{
			"type": "Feature",
			"geometry": {
				"type": "Point",
				"coordinates": [121.5491667, 25.051111]
			},
			"properties": {
				"行政區": "松山區",
				"地址": "敦化北路5號7-11前小巨蛋周邊",
				"備註": "嚴禁投入家用垃圾，違者重罰新臺幣6000元"
			}
		},
		{
			"type": "Feature",
			"geometry": {
				"type": "Point",
				"coordinates": [121.551431, 25.048248]
			},
			"properties": {
				"行政區": "松山區",
				"地址": "八德路3段30號對面",
				"備註": "嚴禁投入家用垃圾，違者重罰新臺幣6000元"
			}
		},
		{
			"type": "Feature",
			"geometry": {
				"type": "Point",
				"coordinates": [121.548342, 25.05762]
			},
			"properties": {
				"行政區": "松山區",
				"地址": "民生東路3段158號",
				"備註": "嚴禁投入家用垃圾，違者重罰新臺幣6000元"
			}
		},
		{
			"type": "Feature",
			"geometry": {
				"type": "Point",
				"coordinates": [121.547603, 25.051756]
			},
			"properties": {
				"行政區": "松山區",
				"地址": "南京東路3段342號公車專用道",
				"備註": "嚴禁投入家用垃圾，違者重罰新臺幣6000元"
			}
		},
		{
			"type": "Feature",
			"geometry": {
				"type": "Point",
				"coordinates": [121.553895, 25.051595]
			},
			"properties": {
				"行政區": "松山區",
				"地址": "南京東路4段70號",
				"備註": "嚴禁投入家用垃圾，違者重罰新臺幣6000元"
			}
		},
		{
			"type": "Feature",
			"geometry": {
				"type": "Point",
				"coordinates": [121.555558, 25.056088]
			},
			"properties": {
				"行政區": "松山區",
				"地址": "光復北路226號前(光復北路與光復北路230巷路口)",
				"備註": "嚴禁投入家用垃圾，違者重罰新臺幣6000元"
			}
		},
		{
			"type": "Feature",
			"geometry": {
				"type": "Point",
				"coordinates": [121.5532223, 25.055756]
			},
			"properties": {
				"行政區": "松山區",
				"地址": "光復北路220號(松山新城公車站)",
				"備註": "嚴禁投入家用垃圾，違者重罰新臺幣6000元"
			}
		},
		{
			"type": "Feature",
			"geometry": {
				"type": "Point",
				"coordinates": [121.5567241, 25.0535179]
			},
			"properties": {
				"行政區": "松山區",
				"地址": "光復北路口與健康路",
				"備註": "嚴禁投入家用垃圾，違者重罰新臺幣6000元"
			}
		},
		{
			"type": "Feature",
			"geometry": {
				"type": "Point",
				"coordinates": [121.5572703, 25.0536691]
			},
			"properties": {
				"行政區": "松山區",
				"地址": "健康路158號(健康21世紀大樓)",
				"備註": "嚴禁投入家用垃圾，違者重罰新臺幣6000元"
			}
		},
		{
			"type": "Feature",
			"geometry": {
				"type": "Point",
				"coordinates": [121.5588892, 25.0537893]
			},
			"properties": {
				"行政區": "松山區",
				"地址": "健康路170號/長壽公園(南京東路5段59巷旁)",
				"備註": "嚴禁投入家用垃圾，違者重罰新臺幣6000元"
			}
		},
		{
			"type": "Feature",
			"geometry": {
				"type": "Point",
				"coordinates": [121.550248, 25.059761]
			},
			"properties": {
				"行政區": "松山區",
				"地址": "三民路5號(西松國小前公車站牌)",
				"備註": "嚴禁投入家用垃圾，違者重罰新臺幣6000元"
			}
		},
		{
			"type": "Feature",
			"geometry": {
				"type": "Point",
				"coordinates": [121.564, 25.053]
			},
			"properties": {
				"行政區": "松山區",
				"地址": "三民路5號(西松國小圍牆旁)",
				"備註": "嚴禁投入家用垃圾，違者重罰新臺幣6000元"
			}
		},
		{
			"type": "Feature",
			"geometry": {
				"type": "Point",
				"coordinates": [121.560889, 25.051524]
			},
			"properties": {
				"行政區": "松山區",
				"地址": "南京東路5段125號(公車南京三民路口站)1",
				"備註": "嚴禁投入家用垃圾，違者重罰新臺幣6000元"
			}
		},
		{
			"type": "Feature",
			"geometry": {
				"type": "Point",
				"coordinates": [121.5609766, 25.051544]
			},
			"properties": {
				"行政區": "松山區",
				"地址": "南京東路5段125號(公車南京三民路口站)2",
				"備註": "嚴禁投入家用垃圾，違者重罰新臺幣6000元"
			}
		},
		{
			"type": "Feature",
			"geometry": {
				"type": "Point",
				"coordinates": [121.548764, 25.057936]
			},
			"properties": {
				"行政區": "松山區",
				"地址": "南京東路5段123巷斜對面(公車南京三民路口3)",
				"備註": "嚴禁投入家用垃圾，違者重罰新臺幣6000元"
			}
		},
		{
			"type": "Feature",
			"geometry": {
				"type": "Point",
				"coordinates": [121.5598664, 25.0515853]
			},
			"properties": {
				"行政區": "松山區",
				"地址": "南京東路5段79號",
				"備註": "嚴禁投入家用垃圾，違者重罰新臺幣6000元"
			}
		},
		{
			"type": "Feature",
			"geometry": {
				"type": "Point",
				"coordinates": [121.5568949, 25.0516596]
			},
			"properties": {
				"行政區": "松山區",
				"地址": "南京東路4段189號",
				"備註": "嚴禁投入家用垃圾，違者重罰新臺幣6000元"
			}
		},
		{
			"type": "Feature",
			"geometry": {
				"type": "Point",
				"coordinates": [121.555317, 25.0516966]
			},
			"properties": {
				"行政區": "松山區",
				"地址": "南京東路4段137號",
				"備註": "嚴禁投入家用垃圾，違者重罰新臺幣6000元"
			}
		},
		{
			"type": "Feature",
			"geometry": {
				"type": "Point",
				"coordinates": [121.555268, 25.051635]
			},
			"properties": {
				"行政區": "松山區",
				"地址": "南京東路4段139號(公車南京寧安街口站1)",
				"備註": "嚴禁投入家用垃圾，違者重罰新臺幣6000元"
			}
		},
		{
			"type": "Feature",
			"geometry": {
				"type": "Point",
				"coordinates": [121.5553131, 25.0516999]
			},
			"properties": {
				"行政區": "松山區",
				"地址": "南京東路4段139號(公車南京寧安街口站2)",
				"備註": "嚴禁投入家用垃圾，違者重罰新臺幣6000元"
			}
		},
		{
			"type": "Feature",
			"geometry": {
				"type": "Point",
				"coordinates": [121.5496122, 25.057706]
			},
			"properties": {
				"行政區": "松山區",
				"地址": "南京東路4段139號(公車南京寧安街口站3）",
				"備註": "嚴禁投入家用垃圾，違者重罰新臺幣6000元"
			}
		},
		{
			"type": "Feature",
			"geometry": {
				"type": "Point",
				"coordinates": [121.55223, 25.05183]
			},
			"properties": {
				"行政區": "松山區",
				"地址": "南京東路4段55-1號(捷運台北小巨蛋5號出口附近)",
				"備註": "嚴禁投入家用垃圾，違者重罰新臺幣6000元"
			}
		},
		{
			"type": "Feature",
			"geometry": {
				"type": "Point",
				"coordinates": [121.5501235, 25.0516476]
			},
			"properties": {
				"行政區": "松山區",
				"地址": "南京東路4段(捷運台北小巨蛋1號出口附近)",
				"備註": "嚴禁投入家用垃圾，違者重罰新臺幣6000元"
			}
		},
		{
			"type": "Feature",
			"geometry": {
				"type": "Point",
				"coordinates": [121.551, 25.052]
			},
			"properties": {
				"行政區": "松山區",
				"地址": "南京東路4段53巷口",
				"備註": "嚴禁投入家用垃圾，違者重罰新臺幣6000元"
			}
		},
		{
			"type": "Feature",
			"geometry": {
				"type": "Point",
				"coordinates": [121.5468404, 25.0516475]
			},
			"properties": {
				"行政區": "松山區",
				"地址": "南京東路4段17號對面公車道",
				"備註": "嚴禁投入家用垃圾，違者重罰新臺幣6000元"
			}
		},
		{
			"type": "Feature",
			"geometry": {
				"type": "Point",
				"coordinates": [121.5514156, 25.0517642]
			},
			"properties": {
				"行政區": "松山區",
				"地址": "南京東路4段13巷口對面(公車南京敦化路口小巨蛋站2)",
				"備註": "嚴禁投入家用垃圾，違者重罰新臺幣6000元"
			}
		},
		{
			"type": "Feature",
			"geometry": {
				"type": "Point",
				"coordinates": [121.549258, 25.051795]
			},
			"properties": {
				"行政區": "松山區",
				"地址": "南京東路4段1號對面(公車南京敦化路口小巨蛋站1)",
				"備註": "嚴禁投入家用垃圾，違者重罰新臺幣6000元"
			}
		},
		{
			"type": "Feature",
			"geometry": {
				"type": "Point",
				"coordinates": [121.5467666, 25.0518318]
			},
			"properties": {
				"行政區": "松山區",
				"地址": "敦化北路129號(南京東路4段與敦化北路口)",
				"備註": "嚴禁投入家用垃圾，違者重罰新臺幣6000元"
			}
		},
		{
			"type": "Feature",
			"geometry": {
				"type": "Point",
				"coordinates": [121.549352, 25.056717]
			},
			"properties": {
				"行政區": "松山區",
				"地址": "敦化北路201號(長庚醫院公車站)",
				"備註": "嚴禁投入家用垃圾，違者重罰新臺幣6000元"
			}
		},
		{
			"type": "Feature",
			"geometry": {
				"type": "Point",
				"coordinates": [121.5492475, 25.0566419]
			},
			"properties": {
				"行政區": "松山區",
				"地址": "敦化北路201號(長庚醫院公車站旁)",
				"備註": "嚴禁投入家用垃圾，違者重罰新臺幣6000元"
			}
		},
		{
			"type": "Feature",
			"geometry": {
				"type": "Point",
				"coordinates": [121.5492902, 25.0575074]
			},
			"properties": {
				"行政區": "松山區",
				"地址": "民生東路4段與敦化北路口(台灣銀行旁)",
				"備註": "嚴禁投入家用垃圾，違者重罰新臺幣6000元"
			}
		},
		{
			"type": "Feature",
			"geometry": {
				"type": "Point",
				"coordinates": [121.5464887, 25.0580245]
			},
			"properties": {
				"行政區": "松山區",
				"地址": "民生東路4段133號(光復北路與民生東路交叉口)",
				"備註": "嚴禁投入家用垃圾，違者重罰新臺幣6000元"
			}
		},
		{
			"type": "Feature",
			"geometry": {
				"type": "Point",
				"coordinates": [121.5525071, 25.0614863]
			},
			"properties": {
				"行政區": "松山區",
				"地址": "民權東路4段36號(國防部軍營)",
				"備註": "嚴禁投入家用垃圾，違者重罰新臺幣6000元"
			}
		},
		{
			"type": "Feature",
			"geometry": {
				"type": "Point",
				"coordinates": [121.552463, 25.061566]
			},
			"properties": {
				"行政區": "松山區",
				"地址": "民權東路4段與富錦街107巷口",
				"備註": "嚴禁投入家用垃圾，違者重罰新臺幣6000元"
			}
		},
		{
			"type": "Feature",
			"geometry": {
				"type": "Point",
				"coordinates": [121.549392, 25.05802]
			},
			"properties": {
				"行政區": "松山區",
				"地址": "民權東路敦北公園（民權東路公車站）",
				"備註": "嚴禁投入家用垃圾，違者重罰新臺幣6000元"
			}
		},
		{
			"type": "Feature",
			"geometry": {
				"type": "Point",
				"coordinates": [121.5509801, 25.0613602]
			},
			"properties": {
				"行政區": "松山區",
				"地址": "民權東路4段口(白色涼亭)",
				"備註": "嚴禁投入家用垃圾，違者重罰新臺幣6000元"
			}
		},
		{
			"type": "Feature",
			"geometry": {
				"type": "Point",
				"coordinates": [121.548636, 25.057825]
			},
			"properties": {
				"行政區": "松山區",
				"地址": "敦北公園旁",
				"備註": "嚴禁投入家用垃圾，違者重罰新臺幣6000元"
			}
		},
		{
			"type": "Feature",
			"geometry": {
				"type": "Point",
				"coordinates": [121.549018, 25.058038]
			},
			"properties": {
				"行政區": "松山區",
				"地址": "敦化北路333巷口(公車富錦街口站)",
				"備註": "嚴禁投入家用垃圾，違者重罰新臺幣6000元"
			}
		},
		{
			"type": "Feature",
			"geometry": {
				"type": "Point",
				"coordinates": [121.548993, 25.05796]
			},
			"properties": {
				"行政區": "松山區",
				"地址": "敦化北路207號",
				"備註": "嚴禁投入家用垃圾，違者重罰新臺幣6000元"
			}
		},
		{
			"type": "Feature",
			"geometry": {
				"type": "Point",
				"coordinates": [121.544605, 25.062169]
			},
			"properties": {
				"行政區": "松山區",
				"地址": "敦化北路214號(公車民生敦化路口站)1/敦北218號對面",
				"備註": "嚴禁投入家用垃圾，違者重罰新臺幣6000元"
			}
		},
		{
			"type": "Feature",
			"geometry": {
				"type": "Point",
				"coordinates": [121.548163, 25.062054]
			},
			"properties": {
				"行政區": "松山區",
				"地址": "敦化北路214號(公車民生敦化路口站)2",
				"備註": "嚴禁投入家用垃圾，違者重罰新臺幣6000元"
			}
		},
		{
			"type": "Feature",
			"geometry": {
				"type": "Point",
				"coordinates": [121.545318, 25.057898]
			},
			"properties": {
				"行政區": "松山區",
				"地址": "敦化北路214號",
				"備註": "嚴禁投入家用垃圾，違者重罰新臺幣6000元"
			}
		},
		{
			"type": "Feature",
			"geometry": {
				"type": "Point",
				"coordinates": [121.5485744, 25.061466]
			},
			"properties": {
				"行政區": "松山區",
				"地址": "民生東路3段135號(麥當勞)",
				"備註": "嚴禁投入家用垃圾，違者重罰新臺幣6000元"
			}
		},
		{
			"type": "Feature",
			"geometry": {
				"type": "Point",
				"coordinates": [121.5469201, 25.0578008]
			},
			"properties": {
				"行政區": "松山區",
				"地址": "民生東路3段117號(公車民生敦化路口站/玉山銀行)",
				"備註": "嚴禁投入家用垃圾，違者重罰新臺幣6000元"
			}
		},
		{
			"type": "Feature",
			"geometry": {
				"type": "Point",
				"coordinates": [121.5504746, 25.0616679]
			},
			"properties": {
				"行政區": "松山區",
				"地址": "民生東路3段109號(公車站民生復興路口-西華飯店站/聯邦銀行)",
				"備註": "嚴禁投入家用垃圾，違者重罰新臺幣6000元"
			}
		},
		{
			"type": "Feature",
			"geometry": {
				"type": "Point",
				"coordinates": [121.5445252, 25.0582262]
			},
			"properties": {
				"行政區": "松山區",
				"地址": "復興北路301號(公車復興民生東路口站)",
				"備註": "嚴禁投入家用垃圾，違者重罰新臺幣6000元"
			}
		},
		{
			"type": "Feature",
			"geometry": {
				"type": "Point",
				"coordinates": [121.544374, 25.062021]
			},
			"properties": {
				"行政區": "松山區",
				"地址": "復興北路與民權東路口",
				"備註": "嚴禁投入家用垃圾，違者重罰新臺幣6000元"
			}
		},
		{
			"type": "Feature",
			"geometry": {
				"type": "Point",
				"coordinates": [121.5458459, 25.0621845]
			},
			"properties": {
				"行政區": "松山區",
				"地址": "民權東路3段102號(公車民權復興路口站1)",
				"備註": "嚴禁投入家用垃圾，違者重罰新臺幣6000元"
			}
		},
		{
			"type": "Feature",
			"geometry": {
				"type": "Point",
				"coordinates": [121.5426259, 25.0617968]
			},
			"properties": {
				"行政區": "松山區",
				"地址": "民權東路3段103巷口(公車民權復興路口站2)",
				"備註": "嚴禁投入家用垃圾，違者重罰新臺幣6000元"
			}
		},
		{
			"type": "Feature",
			"geometry": {
				"type": "Point",
				"coordinates": [121.5458459, 25.0621845]
			},
			"properties": {
				"行政區": "松山區",
				"地址": "民權東路3段102號(公車民權復興路口站3)",
				"備註": "嚴禁投入家用垃圾，違者重罰新臺幣6000元"
			}
		},
		{
			"type": "Feature",
			"geometry": {
				"type": "Point",
				"coordinates": [121.5458813, 25.0617954]
			},
			"properties": {
				"行政區": "松山區",
				"地址": "民權東路3段156號(公車民權敦化路口站1)",
				"備註": "嚴禁投入家用垃圾，違者重罰新臺幣6000元"
			}
		},
		{
			"type": "Feature",
			"geometry": {
				"type": "Point",
				"coordinates": [121.54771, 25.06188]
			},
			"properties": {
				"行政區": "松山區",
				"地址": "民權東路3段156號(公車民權敦化路口站2)",
				"備註": "嚴禁投入家用垃圾，違者重罰新臺幣6000元"
			}
		},
		{
			"type": "Feature",
			"geometry": {
				"type": "Point",
				"coordinates": [121.548218, 25.0620799]
			},
			"properties": {
				"行政區": "松山區",
				"地址": "民權東路3段181號(公車民權敦化路口站1/民有派出所對面)",
				"備註": "嚴禁投入家用垃圾，違者重罰新臺幣6000元"
			}
		},
		{
			"type": "Feature",
			"geometry": {
				"type": "Point",
				"coordinates": [121.5422677, 25.0581844]
			},
			"properties": {
				"行政區": "松山區",
				"地址": "民權東路3段181號(公車民權敦化路口站2/民有派出所對面)",
				"備註": "嚴禁投入家用垃圾，違者重罰新臺幣6000元"
			}
		},
		{
			"type": "Feature",
			"geometry": {
				"type": "Point",
				"coordinates": [121.5507528, 25.0582324]
			},
			"properties": {
				"行政區": "松山區",
				"地址": "民權東路與敦化北路口(敦化北路262號)",
				"備註": "嚴禁投入家用垃圾，違者重罰新臺幣6000元"
			}
		},
		{
			"type": "Feature",
			"geometry": {
				"type": "Point",
				"coordinates": [121.56361, 25.0575]
			},
			"properties": {
				"行政區": "松山區",
				"地址": "三民路108之2號前",
				"備註": "嚴禁投入家用垃圾，違者重罰新臺幣6000元"
			}
		},
		{
			"type": "Feature",
			"geometry": {
				"type": "Point",
				"coordinates": [121.56306, 25.060833]
			},
			"properties": {
				"行政區": "松山區",
				"地址": "三民路140號前",
				"備註": "嚴禁投入家用垃圾，違者重罰新臺幣6000元"
			}
		},
		{
			"type": "Feature",
			"geometry": {
				"type": "Point",
				"coordinates": [121.55639, 25.058611]
			},
			"properties": {
				"行政區": "松山區",
				"地址": "民生東路5段25號左側前",
				"備註": "嚴禁投入家用垃圾，違者重罰新臺幣6000元"
			}
		},
		{
			"type": "Feature",
			"geometry": {
				"type": "Point",
				"coordinates": [121.5575, 25.058611]
			},
			"properties": {
				"行政區": "松山區",
				"地址": "民生東路5段40號前",
				"備註": "嚴禁投入家用垃圾，違者重罰新臺幣6000元"
			}
		},
		{
			"type": "Feature",
			"geometry": {
				"type": "Point",
				"coordinates": [121.55917, 25.058611]
			},
			"properties": {
				"行政區": "松山區",
				"地址": "民生東路5段82號右側前",
				"備註": "嚴禁投入家用垃圾，違者重罰新臺幣6000元"
			}
		},
		{
			"type": "Feature",
			"geometry": {
				"type": "Point",
				"coordinates": [121.56111, 25.058611]
			},
			"properties": {
				"行政區": "松山區",
				"地址": "民生東路5段120號右側前",
				"備註": "嚴禁投入家用垃圾，違者重罰新臺幣6000元"
			}
		},
		{
			"type": "Feature",
			"geometry": {
				"type": "Point",
				"coordinates": [121.5597693, 25.058611]
			},
			"properties": {
				"行政區": "松山區",
				"地址": "三民路113巷口",
				"備註": "嚴禁投入家用垃圾，違者重罰新臺幣6000元"
			}
		},
		{
			"type": "Feature",
			"geometry": {
				"type": "Point",
				"coordinates": [121.563605, 25.058502]
			},
			"properties": {
				"行政區": "松山區",
				"地址": "民生東路5段186號前",
				"備註": "嚴禁投入家用垃圾，違者重罰新臺幣6000元"
			}
		},
		{
			"type": "Feature",
			"geometry": {
				"type": "Point",
				"coordinates": [121.56389, 25.058611]
			},
			"properties": {
				"行政區": "松山區",
				"地址": "民生東路5段188號前",
				"備註": "嚴禁投入家用垃圾，違者重罰新臺幣6000元"
			}
		},
		{
			"type": "Feature",
			"geometry": {
				"type": "Point",
				"coordinates": [121.565, 25.058889]
			},
			"properties": {
				"行政區": "松山區",
				"地址": "民生東路5段206-2號前",
				"備註": "嚴禁投入家用垃圾，違者重罰新臺幣6000元"
			}
		},
		{
			"type": "Feature",
			"geometry": {
				"type": "Point",
				"coordinates": [121.56517, 25.058889]
			},
			"properties": {
				"行政區": "松山區",
				"地址": "民生東路5段163之1號左側前",
				"備註": "嚴禁投入家用垃圾，違者重罰新臺幣6000元"
			}
		},
		{
			"type": "Feature",
			"geometry": {
				"type": "Point",
				"coordinates": [121.563599, 25.062786]
			},
			"properties": {
				"行政區": "松山區",
				"地址": "民權東路5段10號",
				"備註": "嚴禁投入家用垃圾，違者重罰新臺幣6000元"
			}
		},
		{
			"type": "Feature",
			"geometry": {
				"type": "Point",
				"coordinates": [121.56833, 25.058539]
			},
			"properties": {
				"行政區": "松山區",
				"地址": "民生東路5段180號前",
				"備註": "嚴禁投入家用垃圾，違者重罰新臺幣6000元"
			}
		},
		{
			"type": "Feature",
			"geometry": {
				"type": "Point",
				"coordinates": [121.55528, 25.058611]
			},
			"properties": {
				"行政區": "松山區",
				"地址": "民生東路5段2號左側前",
				"備註": "嚴禁投入家用垃圾，違者重罰新臺幣6000元"
			}
		},
		{
			"type": "Feature",
			"geometry": {
				"type": "Point",
				"coordinates": [121.56111, 25.0625]
			},
			"properties": {
				"行政區": "松山區",
				"地址": "民權東路4段200號左側公車站前",
				"備註": "嚴禁投入家用垃圾，違者重罰新臺幣6000元"
			}
		},
		{
			"type": "Feature",
			"geometry": {
				"type": "Point",
				"coordinates": [121.56278, 25.062778]
			},
			"properties": {
				"行政區": "松山區",
				"地址": "民權東路4段200號右側前",
				"備註": "嚴禁投入家用垃圾，違者重罰新臺幣6000元"
			}
		},
		{
			"type": "Feature",
			"geometry": {
				"type": "Point",
				"coordinates": [121.56333, 25.063056]
			},
			"properties": {
				"行政區": "松山區",
				"地址": "民權東路5段1號右側公車站前",
				"備註": "嚴禁投入家用垃圾，違者重罰新臺幣6000元"
			}
		},
		{
			"type": "Feature",
			"geometry": {
				"type": "Point",
				"coordinates": [121.56, 25.0625]
			},
			"properties": {
				"行政區": "松山區",
				"地址": "民權東路4段123號左側公車站前",
				"備註": "嚴禁投入家用垃圾，違者重罰新臺幣6000元"
			}
		},
		{
			"type": "Feature",
			"geometry": {
				"type": "Point",
				"coordinates": [121.5553, 25.061944]
			},
			"properties": {
				"行政區": "松山區",
				"地址": "民權東路4段100號左側公車站前",
				"備註": "嚴禁投入家用垃圾，違者重罰新臺幣6000元"
			}
		},
		{
			"type": "Feature",
			"geometry": {
				"type": "Point",
				"coordinates": [121.55528, 25.057222]
			},
			"properties": {
				"行政區": "松山區",
				"地址": "光復北路167號左側過巷口前",
				"備註": "嚴禁投入家用垃圾，違者重罰新臺幣6000元"
			}
		},
		{
			"type": "Feature",
			"geometry": {
				"type": "Point",
				"coordinates": [121.55722, 25.056389]
			},
			"properties": {
				"行政區": "松山區",
				"地址": "延壽街401號左側前",
				"備註": "嚴禁投入家用垃圾，違者重罰新臺幣6000元"
			}
		},
		{
			"type": "Feature",
			"geometry": {
				"type": "Point",
				"coordinates": [121.5703338, 25.0523223]
			},
			"properties": {
				"行政區": "松山區",
				"地址": "塔悠路93號前",
				"備註": "嚴禁投入家用垃圾，違者重罰新臺幣6000元"
			}
		},
		{
			"type": "Feature",
			"geometry": {
				"type": "Point",
				"coordinates": [121.56972, 25.054722]
			},
			"properties": {
				"行政區": "松山區",
				"地址": "塔悠路157號左側公車站前",
				"備註": "嚴禁投入家用垃圾，違者重罰新臺幣6000元"
			}
		},
		{
			"type": "Feature",
			"geometry": {
				"type": "Point",
				"coordinates": [121.56806, 25.059444]
			},
			"properties": {
				"行政區": "松山區",
				"地址": "撫遠街234號前",
				"備註": "嚴禁投入家用垃圾，違者重罰新臺幣6000元"
			}
		},
		{
			"type": "Feature",
			"geometry": {
				"type": "Point",
				"coordinates": [121.56639, 25.062222]
			},
			"properties": {
				"行政區": "松山區",
				"地址": "撫遠街348號右側過巷口公車站前",
				"備註": "嚴禁投入家用垃圾，違者重罰新臺幣6000元"
			}
		},
		{
			"type": "Feature",
			"geometry": {
				"type": "Point",
				"coordinates": [121.55722, 25.061944]
			},
			"properties": {
				"行政區": "松山區",
				"地址": "民權東路4段100號右側前",
				"備註": "嚴禁投入家用垃圾，違者重罰新臺幣6000元"
			}
		},
		{
			"type": "Feature",
			"geometry": {
				"type": "Point",
				"coordinates": [121.5601784, 25.0625]
			},
			"properties": {
				"行政區": "松山區",
				"地址": "民權東路4段與新中街口",
				"備註": "嚴禁投入家用垃圾，違者重罰新臺幣6000元"
			}
		},
		{
			"type": "Feature",
			"geometry": {
				"type": "Point",
				"coordinates": [121.5532225, 25.0584051]
			},
			"properties": {
				"行政區": "松山區",
				"地址": "民生東路5段81號左側公車站前",
				"備註": "嚴禁投入家用垃圾，違者重罰新臺幣6000元"
			}
		},
		{
			"type": "Feature",
			"geometry": {
				"type": "Point",
				"coordinates": [121.5594018, 25.0588704]
			},
			"properties": {
				"行政區": "松山區",
				"地址": "民生東路5段165號右側社區門口前",
				"備註": "嚴禁投入家用垃圾，違者重罰新臺幣6000元"
			}
		},
		{
			"type": "Feature",
			"geometry": {
				"type": "Point",
				"coordinates": [121.5619346, 25.0592944]
			},
			"properties": {
				"行政區": "松山區",
				"地址": "民生東路5段165號前",
				"備註": "嚴禁投入家用垃圾，違者重罰新臺幣6000元"
			}
		},
		{
			"type": "Feature",
			"geometry": {
				"type": "Point",
				"coordinates": [121.5658519, 25.0591079]
			},
			"properties": {
				"行政區": "松山區",
				"地址": "民生東路5段191號左側前(郵局)",
				"備註": "嚴禁投入家用垃圾，違者重罰新臺幣6000元"
			}
		},
		{
			"type": "Feature",
			"geometry": {
				"type": "Point",
				"coordinates": [121.5659657, 25.0589699]
			},
			"properties": {
				"行政區": "松山區",
				"地址": "民生東路5段280號右側公園門口前(新東公園)",
				"備註": "嚴禁投入家用垃圾，違者重罰新臺幣6000元"
			}
		},
		{
			"type": "Feature",
			"geometry": {
				"type": "Point",
				"coordinates": [121.5690483, 25.0590256]
			},
			"properties": {
				"行政區": "松山區",
				"地址": "塔悠路217號前(5號水門)",
				"備註": "嚴禁投入家用垃圾，違者重罰新臺幣6000元"
			}
		},
		{
			"type": "Feature",
			"geometry": {
				"type": "Point",
				"coordinates": [121.5644498, 25.0635393]
			},
			"properties": {
				"行政區": "松山區",
				"地址": "民權東路5段35號前(自來水加壓站前)",
				"備註": "嚴禁投入家用垃圾，違者重罰新臺幣6000元"
			}
		},
		{
			"type": "Feature",
			"geometry": {
				"type": "Point",
				"coordinates": [121.5650215, 25.0637162]
			},
			"properties": {
				"行政區": "松山區",
				"地址": "民權東路5段41號前(靠近撫遠公園)",
				"備註": "嚴禁投入家用垃圾，違者重罰新臺幣6000元"
			}
		},
		{
			"type": "Feature",
			"geometry": {
				"type": "Point",
				"coordinates": [121.5649527, 25.0632185]
			},
			"properties": {
				"行政區": "松山區",
				"地址": "民權東路5段臨94號(分隊後方)",
				"備註": "嚴禁投入家用垃圾，違者重罰新臺幣6000元"
			}
		},
		{
			"type": "Feature",
			"geometry": {
				"type": "Point",
				"coordinates": [121.5607142, 25.0593199]
			},
			"properties": {
				"行政區": "松山區",
				"地址": "民生東路5段163號前(寶雅前)",
				"備註": "嚴禁投入家用垃圾，違者重罰新臺幣6000元"
			}
		},
		{
			"type": "Feature",
			"geometry": {
				"type": "Point",
				"coordinates": [121.5606604, 25.0585858]
			},
			"properties": {
				"行政區": "松山區",
				"地址": "民生東路5段158號前(靠近星巴克)",
				"備註": "嚴禁投入家用垃圾，違者重罰新臺幣6000元"
			}
		},
		{
			"type": "Feature",
			"geometry": {
				"type": "Point",
				"coordinates": [121.565226, 25.063205]
			},
			"properties": {
				"行政區": "松山區",
				"地址": "民權東路5段臨94號（分隊後方）",
				"備註": "嚴禁投入家用垃圾，違者重罰新臺幣6000元"
			}
		},
		{
			"type": "Feature",
			"geometry": {
				"type": "Point",
				"coordinates": [121.554469, 25.0618286]
			},
			"properties": {
				"行政區": "松山區",
				"地址": "光復北路(富錦街軍營門口前)",
				"備註": "嚴禁投入家用垃圾，違者重罰新臺幣6000元"
			}
		},
		{
			"type": "Feature",
			"geometry": {
				"type": "Point",
				"coordinates": [121.5558286, 25.0620141]
			},
			"properties": {
				"行政區": "松山區",
				"地址": "民權東路4段100號(公車站前)",
				"備註": "嚴禁投入家用垃圾，違者重罰新臺幣6000元"
			}
		},
		{
			"type": "Feature",
			"geometry": {
				"type": "Point",
				"coordinates": [121.5650323, 25.0637162]
			},
			"properties": {
				"行政區": "松山區",
				"地址": "民權東路4段100號(民權公園口)",
				"備註": "嚴禁投入家用垃圾，違者重罰新臺幣6000元"
			}
		},
		{
			"type": "Feature",
			"geometry": {
				"type": "Point",
				"coordinates": [121.5674389, 25.0635793]
			},
			"properties": {
				"行政區": "松山區",
				"地址": "民權東路5段41號(自來水加壓站)",
				"備註": "嚴禁投入家用垃圾，違者重罰新臺幣6000元"
			}
		},
		{
			"type": "Feature",
			"geometry": {
				"type": "Point",
				"coordinates": [121.5669362, 25.0635084]
			},
			"properties": {
				"行政區": "松山區",
				"地址": "民權東路5段41號(撫遠公園)",
				"備註": "嚴禁投入家用垃圾，違者重罰新臺幣6000元"
			}
		},
		{
			"type": "Feature",
			"geometry": {
				"type": "Point",
				"coordinates": [121.567964, 25.064678]
			},
			"properties": {
				"行政區": "松山區",
				"地址": "民權東路5段41-1號(塔悠路上微笑單車)",
				"備註": "嚴禁投入家用垃圾，違者重罰新臺幣6000元"
			}
		},
		{
			"type": "Feature",
			"geometry": {
				"type": "Point",
				"coordinates": [121.568122, 25.063785]
			},
			"properties": {
				"行政區": "松山區",
				"地址": "民權東路5段41-1號(塔悠路口)",
				"備註": "嚴禁投入家用垃圾，違者重罰新臺幣6000元"
			}
		},
		{
			"type": "Feature",
			"geometry": {
				"type": "Point",
				"coordinates": [121.568078, 25.065224]
			},
			"properties": {
				"行政區": "松山區",
				"地址": "塔悠路塔悠路6號水門(公車站旁)",
				"備註": "嚴禁投入家用垃圾，違者重罰新臺幣6000元"
			}
		},
		{
			"type": "Feature",
			"geometry": {
				"type": "Point",
				"coordinates": [121.551809, 25.072444]
			},
			"properties": {
				"行政區": "松山區",
				"地址": "濱江街濱江街373號(7號水門中油加油站前)",
				"備註": "嚴禁投入家用垃圾，違者重罰新臺幣6000元"
			}
		},
		{
			"type": "Feature",
			"geometry": {
				"type": "Point",
				"coordinates": [121.568612, 25.062371]
			},
			"properties": {
				"行政區": "松山區",
				"地址": "塔悠路塔悠路351號(撫遠抽水站前)",
				"備註": "嚴禁投入家用垃圾，違者重罰新臺幣6000元"
			}
		},
		{
			"type": "Feature",
			"geometry": {
				"type": "Point",
				"coordinates": [121.568023, 25.066392]
			},
			"properties": {
				"行政區": "松山區",
				"地址": "塔悠路塔悠路6號水門(斜坡車道處)",
				"備註": "嚴禁投入家用垃圾，違者重罰新臺幣6000元"
			}
		},
		{
			"type": "Feature",
			"geometry": {
				"type": "Point",
				"coordinates": [121.5577934, 25.037799]
			},
			"properties": {
				"行政區": "信義區",
				"地址": "仁愛路4段光復南路口1",
				"備註": "嚴禁投入家用垃圾，違者重罰新臺幣6000元"
			}
		},
		{
			"type": "Feature",
			"geometry": {
				"type": "Point",
				"coordinates": [121.5578921, 25.0377966]
			},
			"properties": {
				"行政區": "信義區",
				"地址": "仁愛路4段光復南路口2",
				"備註": "嚴禁投入家用垃圾，違者重罰新臺幣6000元"
			}
		},
		{
			"type": "Feature",
			"geometry": {
				"type": "Point",
				"coordinates": [121.5589422, 25.0377402]
			},
			"properties": {
				"行政區": "信義區",
				"地址": "仁愛路4段國館大門左側",
				"備註": "嚴禁投入家用垃圾，違者重罰新臺幣6000元"
			}
		},
		{
			"type": "Feature",
			"geometry": {
				"type": "Point",
				"coordinates": [121.561691, 25.03761]
			},
			"properties": {
				"行政區": "信義區",
				"地址": "仁愛路4段市議會前逸仙路口",
				"備註": "嚴禁投入家用垃圾，違者重罰新臺幣6000元"
			}
		},
		{
			"type": "Feature",
			"geometry": {
				"type": "Point",
				"coordinates": [121.562072, 25.03764]
			},
			"properties": {
				"行政區": "信義區",
				"地址": "仁愛路4段市議會與市府廣場前",
				"備註": "嚴禁投入家用垃圾，違者重罰新臺幣6000元"
			}
		},
		{
			"type": "Feature",
			"geometry": {
				"type": "Point",
				"coordinates": [121.558149, 25.037741]
			},
			"properties": {
				"行政區": "信義區",
				"地址": "仁愛路4段國館光復南路口往西公車專用道",
				"備註": "嚴禁投入家用垃圾，違者重罰新臺幣6000元"
			}
		},
		{
			"type": "Feature",
			"geometry": {
				"type": "Point",
				"coordinates": [121.5609365, 25.0375992]
			},
			"properties": {
				"行政區": "信義區",
				"地址": "仁愛路4段國館逸仙路口往西公車專用道",
				"備註": "嚴禁投入家用垃圾，違者重罰新臺幣6000元"
			}
		},
		{
			"type": "Feature",
			"geometry": {
				"type": "Point",
				"coordinates": [121.5610361, 25.0375966]
			},
			"properties": {
				"行政區": "信義區",
				"地址": "仁愛路4段504號逸仙路口往東公車專用道",
				"備註": "嚴禁投入家用垃圾，違者重罰新臺幣6000元"
			}
		},
		{
			"type": "Feature",
			"geometry": {
				"type": "Point",
				"coordinates": [121.579155, 25.04903099]
			},
			"properties": {
				"行政區": "信義區",
				"地址": "市民大道6段與松隆路329巷交叉口",
				"備註": "嚴禁投入家用垃圾，違者重罰新臺幣6000元"
			}
		},
		{
			"type": "Feature",
			"geometry": {
				"type": "Point",
				"coordinates": [121.5784438, 25.04899609]
			},
			"properties": {
				"行政區": "信義區",
				"地址": "市民大道6段與松山車站西門對面",
				"備註": "嚴禁投入家用垃圾，違者重罰新臺幣6000元"
			}
		},
		{
			"type": "Feature",
			"geometry": {
				"type": "Point",
				"coordinates": [121.56366, 25.0381]
			},
			"properties": {
				"行政區": "信義區",
				"地址": "市府路1號大門左邊公車站",
				"備註": "嚴禁投入家用垃圾，違者重罰新臺幣6000元"
			}
		},
		{
			"type": "Feature",
			"geometry": {
				"type": "Point",
				"coordinates": [121.563671, 25.035613]
			},
			"properties": {
				"行政區": "信義區",
				"地址": "市府路世貿3館右YOUBIKE旁",
				"備註": "嚴禁投入家用垃圾，違者重罰新臺幣6000元"
			}
		},
		{
			"type": "Feature",
			"geometry": {
				"type": "Point",
				"coordinates": [121.5634316, 25.0343891]
			},
			"properties": {
				"行政區": "信義區",
				"地址": "市府路世貿1館8號牌前",
				"備註": "嚴禁投入家用垃圾，違者重罰新臺幣6000元"
			}
		},
		{
			"type": "Feature",
			"geometry": {
				"type": "Point",
				"coordinates": [121.5634405, 25.0344195]
			},
			"properties": {
				"行政區": "信義區",
				"地址": "市府路世貿1館9號牌前",
				"備註": "嚴禁投入家用垃圾，違者重罰新臺幣6000元"
			}
		},
		{
			"type": "Feature",
			"geometry": {
				"type": "Point",
				"coordinates": [121.5577379, 25.0403813]
			},
			"properties": {
				"行政區": "信義區",
				"地址": "光復南路光復國小-1",
				"備註": "嚴禁投入家用垃圾，違者重罰新臺幣6000元"
			}
		},
		{
			"type": "Feature",
			"geometry": {
				"type": "Point",
				"coordinates": [121.5577139, 25.0395536]
			},
			"properties": {
				"行政區": "信義區",
				"地址": "光復南路國父紀念館第一停車場旁-1",
				"備註": "嚴禁投入家用垃圾，違者重罰新臺幣6000元"
			}
		},
		{
			"type": "Feature",
			"geometry": {
				"type": "Point",
				"coordinates": [121.5577262, 25.0399236]
			},
			"properties": {
				"行政區": "信義區",
				"地址": "光復南路國父紀念館第一停車場旁-2",
				"備註": "嚴禁投入家用垃圾，違者重罰新臺幣6000元"
			}
		},
		{
			"type": "Feature",
			"geometry": {
				"type": "Point",
				"coordinates": [121.5577038, 25.0390067]
			},
			"properties": {
				"行政區": "信義區",
				"地址": "光復南路國館旁國館公車站前-1",
				"備註": "嚴禁投入家用垃圾，違者重罰新臺幣6000元"
			}
		},
		{
			"type": "Feature",
			"geometry": {
				"type": "Point",
				"coordinates": [121.557731, 25.03938]
			},
			"properties": {
				"行政區": "信義區",
				"地址": "光復南路國館旁國館公車站前-2",
				"備註": "嚴禁投入家用垃圾，違者重罰新臺幣6000元"
			}
		},
		{
			"type": "Feature",
			"geometry": {
				"type": "Point",
				"coordinates": [121.5585222, 25.041185]
			},
			"properties": {
				"行政區": "信義區",
				"地址": "忠孝東路4段捷運國父紀念館站4號出口",
				"備註": "嚴禁投入家用垃圾，違者重罰新臺幣6000元"
			}
		},
		{
			"type": "Feature",
			"geometry": {
				"type": "Point",
				"coordinates": [121.561983, 25.041342]
			},
			"properties": {
				"行政區": "信義區",
				"地址": "忠孝東路4段547號旁(財政部財政資訊中心)",
				"備註": "嚴禁投入家用垃圾，違者重罰新臺幣6000元"
			}
		},
		{
			"type": "Feature",
			"geometry": {
				"type": "Point",
				"coordinates": [121.5598202, 25.0411741]
			},
			"properties": {
				"行政區": "信義區",
				"地址": "忠孝東路4段國館第2停車場",
				"備註": "嚴禁投入家用垃圾，違者重罰新臺幣6000元"
			}
		},
		{
			"type": "Feature",
			"geometry": {
				"type": "Point",
				"coordinates": [121.5593535, 25.04118381]
			},
			"properties": {
				"行政區": "信義區",
				"地址": "忠孝東路4段捷運國父紀念館站(忠孝)",
				"備註": "嚴禁投入家用垃圾，違者重罰新臺幣6000元"
			}
		},
		{
			"type": "Feature",
			"geometry": {
				"type": "Point",
				"coordinates": [121.561509, 25.041137]
			},
			"properties": {
				"行政區": "信義區",
				"地址": "忠孝東路4段與逸仙路口",
				"備註": "嚴禁投入家用垃圾，違者重罰新臺幣6000元"
			}
		},
		{
			"type": "Feature",
			"geometry": {
				"type": "Point",
				"coordinates": [121.566488, 25.041057]
			},
			"properties": {
				"行政區": "信義區",
				"地址": "忠孝東路5段捷運市府站3出口1",
				"備註": "嚴禁投入家用垃圾，違者重罰新臺幣6000元"
			}
		},
		{
			"type": "Feature",
			"geometry": {
				"type": "Point",
				"coordinates": [121.567466, 25.040975]
			},
			"properties": {
				"行政區": "信義區",
				"地址": "忠孝東路5段捷運市府站3出口2",
				"備註": "嚴禁投入家用垃圾，違者重罰新臺幣6000元"
			}
		},
		{
			"type": "Feature",
			"geometry": {
				"type": "Point",
				"coordinates": [121.5810434, 25.0418611]
			},
			"properties": {
				"行政區": "信義區",
				"地址": "大道路28巷17號對面(春光公園)",
				"備註": "嚴禁投入家用垃圾，違者重罰新臺幣6000元"
			}
		},
		{
			"type": "Feature",
			"geometry": {
				"type": "Point",
				"coordinates": [121.5793168, 25.03538074]
			},
			"properties": {
				"行政區": "信義區",
				"地址": "松山路640巷對面松隆綠地人行道",
				"備註": "嚴禁投入家用垃圾，違者重罰新臺幣6000元"
			}
		},
		{
			"type": "Feature",
			"geometry": {
				"type": "Point",
				"coordinates": [121.57062, 25.041543]
			},
			"properties": {
				"行政區": "信義區",
				"地址": "忠孝東路5段257號後方",
				"備註": "嚴禁投入家用垃圾，違者重罰新臺幣6000元"
			}
		},
		{
			"type": "Feature",
			"geometry": {
				"type": "Point",
				"coordinates": [121.57045, 25.040897]
			},
			"properties": {
				"行政區": "信義區",
				"地址": "忠孝東路5段210號",
				"備註": "嚴禁投入家用垃圾，違者重罰新臺幣6000元"
			}
		},
		{
			"type": "Feature",
			"geometry": {
				"type": "Point",
				"coordinates": [121.58078, 25.03409]
			},
			"properties": {
				"行政區": "信義區",
				"地址": "松山路657號對面永春波濕地",
				"備註": "嚴禁投入家用垃圾，違者重罰新臺幣6000元"
			}
		},
		{
			"type": "Feature",
			"geometry": {
				"type": "Point",
				"coordinates": [121.57895, 25.03182]
			},
			"properties": {
				"行政區": "信義區",
				"地址": "松山路650巷15弄18之18號前",
				"備註": "嚴禁投入家用垃圾，違者重罰新臺幣6000元"
			}
		},
		{
			"type": "Feature",
			"geometry": {
				"type": "Point",
				"coordinates": [121.57993, 25.03368]
			},
			"properties": {
				"行政區": "信義區",
				"地址": "松山路永春高中站牌",
				"備註": "嚴禁投入家用垃圾，違者重罰新臺幣6000元"
			}
		},
		{
			"type": "Feature",
			"geometry": {
				"type": "Point",
				"coordinates": [121.5791936, 25.0329088]
			},
			"properties": {
				"行政區": "信義區",
				"地址": "松山路655號",
				"備註": "嚴禁投入家用垃圾，違者重罰新臺幣6000元"
			}
		},
		{
			"type": "Feature",
			"geometry": {
				"type": "Point",
				"coordinates": [121.5683544, 25.0388399]
			},
			"properties": {
				"行政區": "信義區",
				"地址": "松仁路32號",
				"備註": "嚴禁投入家用垃圾，違者重罰新臺幣6000元"
			}
		},
		{
			"type": "Feature",
			"geometry": {
				"type": "Point",
				"coordinates": [121.568249, 25.034726]
			},
			"properties": {
				"行政區": "信義區",
				"地址": "松仁路南山大樓門口步道兩側",
				"備註": "嚴禁投入家用垃圾，違者重罰新臺幣6000元"
			}
		},
		{
			"type": "Feature",
			"geometry": {
				"type": "Point",
				"coordinates": [121.567474, 25.039011]
			},
			"properties": {
				"行政區": "信義區",
				"地址": "松高路寒舍艾美酒店前2",
				"備註": "嚴禁投入家用垃圾，違者重罰新臺幣6000元"
			}
		},
		{
			"type": "Feature",
			"geometry": {
				"type": "Point",
				"coordinates": [121.564644, 25.039158]
			},
			"properties": {
				"行政區": "信義區",
				"地址": "松高路市府北門地下道出口前",
				"備註": "嚴禁投入家用垃圾，違者重罰新臺幣6000元"
			}
		},
		{
			"type": "Feature",
			"geometry": {
				"type": "Point",
				"coordinates": [121.565403, 25.036667]
			},
			"properties": {
				"行政區": "信義區",
				"地址": "松智路市府大樓近松壽路口公車站牌旁",
				"備註": "嚴禁投入家用垃圾，違者重罰新臺幣6000元"
			}
		},
		{
			"type": "Feature",
			"geometry": {
				"type": "Point",
				"coordinates": [121.56533, 25.03562]
			},
			"properties": {
				"行政區": "信義區",
				"地址": "松智路世貿三館近松壽路口",
				"備註": "嚴禁投入家用垃圾，違者重罰新臺幣6000元"
			}
		},
		{
			"type": "Feature",
			"geometry": {
				"type": "Point",
				"coordinates": [121.565302, 25.03528]
			},
			"properties": {
				"行政區": "信義區",
				"地址": "松智路世貿三館停車場旁",
				"備註": "嚴禁投入家用垃圾，違者重罰新臺幣6000元"
			}
		},
		{
			"type": "Feature",
			"geometry": {
				"type": "Point",
				"coordinates": [121.565588, 25.037783]
			},
			"properties": {
				"行政區": "信義區",
				"地址": "松智路松壽廣場前1",
				"備註": "嚴禁投入家用垃圾，違者重罰新臺幣6000元"
			}
		},
		{
			"type": "Feature",
			"geometry": {
				"type": "Point",
				"coordinates": [121.565592, 25.037252]
			},
			"properties": {
				"行政區": "信義區",
				"地址": "松智路松壽廣場前2",
				"備註": "嚴禁投入家用垃圾，違者重罰新臺幣6000元"
			}
		},
		{
			"type": "Feature",
			"geometry": {
				"type": "Point",
				"coordinates": [121.565544, 25.036811]
			},
			"properties": {
				"行政區": "信義區",
				"地址": "松智路新舞台公車站",
				"備註": "嚴禁投入家用垃圾，違者重罰新臺幣6000元"
			}
		},
		{
			"type": "Feature",
			"geometry": {
				"type": "Point",
				"coordinates": [121.565542, 25.036051]
			},
			"properties": {
				"行政區": "信義區",
				"地址": "松智路松壽路口",
				"備註": "嚴禁投入家用垃圾，違者重罰新臺幣6000元"
			}
		},
		{
			"type": "Feature",
			"geometry": {
				"type": "Point",
				"coordinates": [121.565492, 25.033955]
			},
			"properties": {
				"行政區": "信義區",
				"地址": "松智路信義廣場與松廉路口",
				"備註": "嚴禁投入家用垃圾，違者重罰新臺幣6000元"
			}
		},
		{
			"type": "Feature",
			"geometry": {
				"type": "Point",
				"coordinates": [121.565524, 25.038399]
			},
			"properties": {
				"行政區": "信義區",
				"地址": "松智路youbike東北旁",
				"備註": "嚴禁投入家用垃圾，違者重罰新臺幣6000元"
			}
		},
		{
			"type": "Feature",
			"geometry": {
				"type": "Point",
				"coordinates": [121.5782491, 25.0481072]
			},
			"properties": {
				"行政區": "信義區",
				"地址": "松隆路327號左",
				"備註": "嚴禁投入家用垃圾，違者重罰新臺幣6000元"
			}
		},
		{
			"type": "Feature",
			"geometry": {
				"type": "Point",
				"coordinates": [121.578875, 25.048221]
			},
			"properties": {
				"行政區": "信義區",
				"地址": "松隆路松山車站公車站牌前",
				"備註": "嚴禁投入家用垃圾，違者重罰新臺幣6000元"
			}
		},
		{
			"type": "Feature",
			"geometry": {
				"type": "Point",
				"coordinates": [121.5646, 25.035969]
			},
			"properties": {
				"行政區": "信義區",
				"地址": "松壽路市府南門",
				"備註": "嚴禁投入家用垃圾，違者重罰新臺幣6000元"
			}
		},
		{
			"type": "Feature",
			"geometry": {
				"type": "Point",
				"coordinates": [121.566869, 25.035938]
			},
			"properties": {
				"行政區": "信義區",
				"地址": "松壽路新光三越A9館前1",
				"備註": "嚴禁投入家用垃圾，違者重罰新臺幣6000元"
			}
		},
		{
			"type": "Feature",
			"geometry": {
				"type": "Point",
				"coordinates": [121.566571, 25.035934]
			},
			"properties": {
				"行政區": "信義區",
				"地址": "松壽路新光三越A9館前2",
				"備註": "嚴禁投入家用垃圾，違者重罰新臺幣6000元"
			}
		},
		{
			"type": "Feature",
			"geometry": {
				"type": "Point",
				"coordinates": [121.564815, 25.035792]
			},
			"properties": {
				"行政區": "信義區",
				"地址": "松壽路世貿三館(市政府)公車站前",
				"備註": "嚴禁投入家用垃圾，違者重罰新臺幣6000元"
			}
		},
		{
			"type": "Feature",
			"geometry": {
				"type": "Point",
				"coordinates": [121.56733, 25.03575]
			},
			"properties": {
				"行政區": "信義區",
				"地址": "松壽路華納威秀手機門市前公車站",
				"備註": "嚴禁投入家用垃圾，違者重罰新臺幣6000元"
			}
		},
		{
			"type": "Feature",
			"geometry": {
				"type": "Point",
				"coordinates": [121.5668012, 25.0357446]
			},
			"properties": {
				"行政區": "信義區",
				"地址": "松壽路18號",
				"備註": "嚴禁投入家用垃圾，違者重罰新臺幣6000元"
			}
		},
		{
			"type": "Feature",
			"geometry": {
				"type": "Point",
				"coordinates": [121.563737, 25.035849]
			},
			"properties": {
				"行政區": "信義區",
				"地址": "松壽路市府路轉角路燈10公尺處",
				"備註": "嚴禁投入家用垃圾，違者重罰新臺幣6000元"
			}
		},
		{
			"type": "Feature",
			"geometry": {
				"type": "Point",
				"coordinates": [121.5641049, 25.0327734]
			},
			"properties": {
				"行政區": "信義區",
				"地址": "信義路5段18號旁公車旁",
				"備註": "嚴禁投入家用垃圾，違者重罰新臺幣6000元"
			}
		},
		{
			"type": "Feature",
			"geometry": {
				"type": "Point",
				"coordinates": [121.560315, 25.032894]
			},
			"properties": {
				"行政區": "信義區",
				"地址": "信義路5段6號",
				"備註": "嚴禁投入家用垃圾，違者重罰新臺幣6000元"
			}
		},
		{
			"type": "Feature",
			"geometry": {
				"type": "Point",
				"coordinates": [121.5663764, 25.0327616]
			},
			"properties": {
				"行政區": "信義區",
				"地址": "信義路5段106號",
				"備註": "嚴禁投入家用垃圾，違者重罰新臺幣6000元"
			}
		},
		{
			"type": "Feature",
			"geometry": {
				"type": "Point",
				"coordinates": [121.5645667, 25.032758]
			},
			"properties": {
				"行政區": "信義區",
				"地址": "信義路5段100號之1號",
				"備註": "嚴禁投入家用垃圾，違者重罰新臺幣6000元"
			}
		},
		{
			"type": "Feature",
			"geometry": {
				"type": "Point",
				"coordinates": [121.5674563, 25.0326914]
			},
			"properties": {
				"行政區": "信義區",
				"地址": "信義路5段108號(公車站牌1)",
				"備註": "嚴禁投入家用垃圾，違者重罰新臺幣6000元"
			}
		},
		{
			"type": "Feature",
			"geometry": {
				"type": "Point",
				"coordinates": [121.5690814, 25.0326291]
			},
			"properties": {
				"行政區": "信義區",
				"地址": "信義路5段126號",
				"備註": "嚴禁投入家用垃圾，違者重罰新臺幣6000元"
			}
		},
		{
			"type": "Feature",
			"geometry": {
				"type": "Point",
				"coordinates": [121.566517, 25.033045]
			},
			"properties": {
				"行政區": "信義區",
				"地址": "信義路5段15號(信義廣場停車場入口)",
				"備註": "嚴禁投入家用垃圾，違者重罰新臺幣6000元"
			}
		},
		{
			"type": "Feature",
			"geometry": {
				"type": "Point",
				"coordinates": [121.56704, 25.033007]
			},
			"properties": {
				"行政區": "信義區",
				"地址": "信義路5段15號",
				"備註": "嚴禁投入家用垃圾，違者重罰新臺幣6000元"
			}
		},
		{
			"type": "Feature",
			"geometry": {
				"type": "Point",
				"coordinates": [121.560303, 25.033878]
			},
			"properties": {
				"行政區": "信義區",
				"地址": "基隆路基隆路1段428號對面",
				"備註": "嚴禁投入家用垃圾，違者重罰新臺幣6000元"
			}
		},
		{
			"type": "Feature",
			"geometry": {
				"type": "Point",
				"coordinates": [121.566364, 25.044686]
			},
			"properties": {
				"行政區": "信義區",
				"地址": "基隆路1段松山高中右1",
				"備註": "嚴禁投入家用垃圾，違者重罰新臺幣6000元"
			}
		},
		{
			"type": "Feature",
			"geometry": {
				"type": "Point",
				"coordinates": [121.56627, 25.044518]
			},
			"properties": {
				"行政區": "信義區",
				"地址": "基隆路1段松山高中右2",
				"備註": "嚴禁投入家用垃圾，違者重罰新臺幣6000元"
			}
		},
		{
			"type": "Feature",
			"geometry": {
				"type": "Point",
				"coordinates": [121.5591208, 25.0319925]
			},
			"properties": {
				"行政區": "信義區",
				"地址": "基隆路2段21號",
				"備註": "嚴禁投入家用垃圾，違者重罰新臺幣6000元"
			}
		},
		{
			"type": "Feature",
			"geometry": {
				"type": "Point",
				"coordinates": [121.5571393, 25.0288242]
			},
			"properties": {
				"行政區": "信義區",
				"地址": "基隆路2段113號",
				"備註": "嚴禁投入家用垃圾，違者重罰新臺幣6000元"
			}
		},
		{
			"type": "Feature",
			"geometry": {
				"type": "Point",
				"coordinates": [121.566414, 25.044174]
			},
			"properties": {
				"行政區": "信義區",
				"地址": "基隆路1段133號",
				"備註": "嚴禁投入家用垃圾，違者重罰新臺幣6000元"
			}
		},
		{
			"type": "Feature",
			"geometry": {
				"type": "Point",
				"coordinates": [121.5601864, 25.033541]
			},
			"properties": {
				"行政區": "信義區",
				"地址": "基隆路世貿中心公車站牌前",
				"備註": "嚴禁投入家用垃圾，違者重罰新臺幣6000元"
			}
		},
		{
			"type": "Feature",
			"geometry": {
				"type": "Point",
				"coordinates": [121.561502, 25.041008]
			},
			"properties": {
				"行政區": "信義區",
				"地址": "逸仙路忠孝東路口",
				"備註": "嚴禁投入家用垃圾，違者重罰新臺幣6000元"
			}
		},
		{
			"type": "Feature",
			"geometry": {
				"type": "Point",
				"coordinates": [121.561481, 25.040249]
			},
			"properties": {
				"行政區": "信義區",
				"地址": "逸仙路逸仙42巷口對面",
				"備註": "嚴禁投入家用垃圾，違者重罰新臺幣6000元"
			}
		},
		{
			"type": "Feature",
			"geometry": {
				"type": "Point",
				"coordinates": [121.561489, 25.039809]
			},
			"properties": {
				"行政區": "信義區",
				"地址": "逸仙路逸仙32巷口對面",
				"備註": "嚴禁投入家用垃圾，違者重罰新臺幣6000元"
			}
		},
		{
			"type": "Feature",
			"geometry": {
				"type": "Point",
				"coordinates": [121.561459, 25.03908]
			},
			"properties": {
				"行政區": "信義區",
				"地址": "逸仙路松高路口",
				"備註": "嚴禁投入家用垃圾，違者重罰新臺幣6000元"
			}
		},
		{
			"type": "Feature",
			"geometry": {
				"type": "Point",
				"coordinates": [121.56145, 25.03799]
			},
			"properties": {
				"行政區": "信義區",
				"地址": "逸仙路近仁愛路口",
				"備註": "嚴禁投入家用垃圾，違者重罰新臺幣6000元"
			}
		},
		{
			"type": "Feature",
			"geometry": {
				"type": "Point",
				"coordinates": [121.57079, 25.042312]
			},
			"properties": {
				"行政區": "信義區",
				"地址": "虎林街120巷270號對面",
				"備註": "嚴禁投入家用垃圾，違者重罰新臺幣6000元"
			}
		},
		{
			"type": "Feature",
			"geometry": {
				"type": "Point",
				"coordinates": [121.5585485, 25.0312808]
			},
			"properties": {
				"行政區": "信義區",
				"地址": "基隆路2段41號前(十字路口)",
				"備註": "嚴禁投入家用垃圾，違者重罰新臺幣6000元"
			}
		},
		{
			"type": "Feature",
			"geometry": {
				"type": "Point",
				"coordinates": [121.5544007, 25.02581795]
			},
			"properties": {
				"行政區": "信義區",
				"地址": "基隆路2段155號前(公車站)",
				"備註": "嚴禁投入家用垃圾，違者重罰新臺幣6000元"
			}
		},
		{
			"type": "Feature",
			"geometry": {
				"type": "Point",
				"coordinates": [121.5682724, 25.0318402]
			},
			"properties": {
				"行政區": "信義區",
				"地址": "松仁路與松勤街(十字路)",
				"備註": "嚴禁投入家用垃圾，違者重罰新臺幣6000元"
			}
		},
		{
			"type": "Feature",
			"geometry": {
				"type": "Point",
				"coordinates": [121.5681279, 25.0303444]
			},
			"properties": {
				"行政區": "信義區",
				"地址": "松仁路與松平路(十字路)",
				"備註": "嚴禁投入家用垃圾，違者重罰新臺幣6000元"
			}
		},
		{
			"type": "Feature",
			"geometry": {
				"type": "Point",
				"coordinates": [121.5671961, 25.0309337]
			},
			"properties": {
				"行政區": "信義區",
				"地址": "松平路公車站牌旁",
				"備註": "嚴禁投入家用垃圾，違者重罰新臺幣6000元"
			}
		},
		{
			"type": "Feature",
			"geometry": {
				"type": "Point",
				"coordinates": [121.5623752, 25.0327552]
			},
			"properties": {
				"行政區": "信義區",
				"地址": "信義路5段捷運101站2號出口前",
				"備註": "嚴禁投入家用垃圾，違者重罰新臺幣6000元"
			}
		},
		{
			"type": "Feature",
			"geometry": {
				"type": "Point",
				"coordinates": [121.5874483, 25.0364279]
			},
			"properties": {
				"行政區": "信義區",
				"地址": "福德街251巷30號虎山溪入口",
				"備註": "嚴禁投入家用垃圾，違者重罰新臺幣6000元"
			}
		},
		{
			"type": "Feature",
			"geometry": {
				"type": "Point",
				"coordinates": [121.5784292, 25.0308913]
			},
			"properties": {
				"行政區": "信義區",
				"地址": "松山路656號對面(象山登山口)",
				"備註": "嚴禁投入家用垃圾，違者重罰新臺幣6000元"
			}
		},
		{
			"type": "Feature",
			"geometry": {
				"type": "Point",
				"coordinates": [121.5834034, 25.03797928]
			},
			"properties": {
				"行政區": "信義區",
				"地址": "福德街(奉天宮公車站)\n",
				"備註": "嚴禁投入家用垃圾，違者重罰新臺幣6000元"
			}
		},
		{
			"type": "Feature",
			"geometry": {
				"type": "Point",
				"coordinates": [121.503376, 25.04556]
			},
			"properties": {
				"行政區": "萬華區",
				"地址": "武昌街2段(400號公園前)",
				"備註": "嚴禁投入家用垃圾，違者重罰新臺幣6000元"
			}
		},
		{
			"type": "Feature",
			"geometry": {
				"type": "Point",
				"coordinates": [121.503654, 25.045579]
			},
			"properties": {
				"行政區": "萬華區",
				"地址": "武昌街2段124-23號",
				"備註": "嚴禁投入家用垃圾，違者重罰新臺幣6000元"
			}
		},
		{
			"type": "Feature",
			"geometry": {
				"type": "Point",
				"coordinates": [121.504199, 25.0452379]
			},
			"properties": {
				"行政區": "萬華區",
				"地址": "武昌街2段118-4號",
				"備註": "嚴禁投入家用垃圾，違者重罰新臺幣6000元"
			}
		},
		{
			"type": "Feature",
			"geometry": {
				"type": "Point",
				"coordinates": [121.503804, 25.045391]
			},
			"properties": {
				"行政區": "萬華區",
				"地址": "武昌街2段124-1號",
				"備註": "嚴禁投入家用垃圾，違者重罰新臺幣6000元"
			}
		},
		{
			"type": "Feature",
			"geometry": {
				"type": "Point",
				"coordinates": [121.504221, 25.045317]
			},
			"properties": {
				"行政區": "萬華區",
				"地址": "武昌街2段118-3號",
				"備註": "嚴禁投入家用垃圾，違者重罰新臺幣6000元"
			}
		},
		{
			"type": "Feature",
			"geometry": {
				"type": "Point",
				"coordinates": [121.504389, 25.045291]
			},
			"properties": {
				"行政區": "萬華區",
				"地址": "武昌街2段118-5號",
				"備註": "嚴禁投入家用垃圾，違者重罰新臺幣6000元"
			}
		},
		{
			"type": "Feature",
			"geometry": {
				"type": "Point",
				"coordinates": [121.504408, 25.045248]
			},
			"properties": {
				"行政區": "萬華區",
				"地址": "武昌街2段118號",
				"備註": "嚴禁投入家用垃圾，違者重罰新臺幣6000元"
			}
		},
		{
			"type": "Feature",
			"geometry": {
				"type": "Point",
				"coordinates": [121.504786, 25.045186]
			},
			"properties": {
				"行政區": "萬華區",
				"地址": "武昌街2段114-2號",
				"備註": "嚴禁投入家用垃圾，違者重罰新臺幣6000元"
			}
		},
		{
			"type": "Feature",
			"geometry": {
				"type": "Point",
				"coordinates": [121.504838, 25.045244]
			},
			"properties": {
				"行政區": "萬華區",
				"地址": "武昌街2段114-4號",
				"備註": "嚴禁投入家用垃圾，違者重罰新臺幣6000元"
			}
		},
		{
			"type": "Feature",
			"geometry": {
				"type": "Point",
				"coordinates": [121.504893, 25.045162]
			},
			"properties": {
				"行政區": "萬華區",
				"地址": "武昌街2段106號",
				"備註": "嚴禁投入家用垃圾，違者重罰新臺幣6000元"
			}
		},
		{
			"type": "Feature",
			"geometry": {
				"type": "Point",
				"coordinates": [121.505165, 25.045096]
			},
			"properties": {
				"行政區": "萬華區",
				"地址": "武昌街2段104號",
				"備註": "嚴禁投入家用垃圾，違者重罰新臺幣6000元"
			}
		},
		{
			"type": "Feature",
			"geometry": {
				"type": "Point",
				"coordinates": [121.505314, 25.043904]
			},
			"properties": {
				"行政區": "萬華區",
				"地址": "峨眉街81號",
				"備註": "嚴禁投入家用垃圾，違者重罰新臺幣6000元"
			}
		},
		{
			"type": "Feature",
			"geometry": {
				"type": "Point",
				"coordinates": [121.505536, 25.04507]
			},
			"properties": {
				"行政區": "萬華區",
				"地址": "武昌街2段77號(2)",
				"備註": "嚴禁投入家用垃圾，違者重罰新臺幣6000元"
			}
		},
		{
			"type": "Feature",
			"geometry": {
				"type": "Point",
				"coordinates": [121.505632, 25.044996]
			},
			"properties": {
				"行政區": "萬華區",
				"地址": "武昌街2段96號",
				"備註": "嚴禁投入家用垃圾，違者重罰新臺幣6000元"
			}
		},
		{
			"type": "Feature",
			"geometry": {
				"type": "Point",
				"coordinates": [121.505783, 25.045013]
			},
			"properties": {
				"行政區": "萬華區",
				"地址": "武昌街2段77號(1)",
				"備註": "嚴禁投入家用垃圾，違者重罰新臺幣6000元"
			}
		},
		{
			"type": "Feature",
			"geometry": {
				"type": "Point",
				"coordinates": [121.505804, 25.044946]
			},
			"properties": {
				"行政區": "萬華區",
				"地址": "武昌街2段86號",
				"備註": "嚴禁投入家用垃圾，違者重罰新臺幣6000元"
			}
		},
		{
			"type": "Feature",
			"geometry": {
				"type": "Point",
				"coordinates": [121.506099, 25.044896]
			},
			"properties": {
				"行政區": "萬華區",
				"地址": "武昌街2段78號",
				"備註": "嚴禁投入家用垃圾，違者重罰新臺幣6000元"
			}
		},
		{
			"type": "Feature",
			"geometry": {
				"type": "Point",
				"coordinates": [121.506118, 25.044941]
			},
			"properties": {
				"行政區": "萬華區",
				"地址": "西寧南路36-27號",
				"備註": "嚴禁投入家用垃圾，違者重罰新臺幣6000元"
			}
		},
		{
			"type": "Feature",
			"geometry": {
				"type": "Point",
				"coordinates": [121.506179, 25.045761]
			},
			"properties": {
				"行政區": "萬華區",
				"地址": "漢口街2段52號",
				"備註": "嚴禁投入家用垃圾，違者重罰新臺幣6000元"
			}
		},
		{
			"type": "Feature",
			"geometry": {
				"type": "Point",
				"coordinates": [121.506222, 25.044836]
			},
			"properties": {
				"行政區": "萬華區",
				"地址": "武昌街2段72號",
				"備註": "嚴禁投入家用垃圾，違者重罰新臺幣6000元"
			}
		},
		{
			"type": "Feature",
			"geometry": {
				"type": "Point",
				"coordinates": [121.506317, 25.044176]
			},
			"properties": {
				"行政區": "萬華區",
				"地址": "西寧南路52號",
				"備註": "嚴禁投入家用垃圾，違者重罰新臺幣6000元"
			}
		},
		{
			"type": "Feature",
			"geometry": {
				"type": "Point",
				"coordinates": [121.50644, 25.044045]
			},
			"properties": {
				"行政區": "萬華區",
				"地址": "西寧南路141號",
				"備註": "嚴禁投入家用垃圾，違者重罰新臺幣6000元"
			}
		},
		{
			"type": "Feature",
			"geometry": {
				"type": "Point",
				"coordinates": [121.506353, 25.044897]
			},
			"properties": {
				"行政區": "萬華區",
				"地址": "西寧南路36-25號",
				"備註": "嚴禁投入家用垃圾，違者重罰新臺幣6000元"
			}
		},
		{
			"type": "Feature",
			"geometry": {
				"type": "Point",
				"coordinates": [121.506511, 25.043675]
			},
			"properties": {
				"行政區": "萬華區",
				"地址": "峨眉街55號",
				"備註": "嚴禁投入家用垃圾，違者重罰新臺幣6000元"
			}
		},
		{
			"type": "Feature",
			"geometry": {
				"type": "Point",
				"coordinates": [121.506522, 25.043557]
			},
			"properties": {
				"行政區": "萬華區",
				"地址": "峨眉街42號",
				"備註": "嚴禁投入家用垃圾，違者重罰新臺幣6000元"
			}
		},
		{
			"type": "Feature",
			"geometry": {
				"type": "Point",
				"coordinates": [121.50658, 25.043644]
			},
			"properties": {
				"行政區": "萬華區",
				"地址": "峨眉街51號",
				"備註": "嚴禁投入家用垃圾，違者重罰新臺幣6000元"
			}
		},
		{
			"type": "Feature",
			"geometry": {
				"type": "Point",
				"coordinates": [121.506584, 25.044833]
			},
			"properties": {
				"行政區": "萬華區",
				"地址": "西寧南路117號",
				"備註": "嚴禁投入家用垃圾，違者重罰新臺幣6000元"
			}
		},
		{
			"type": "Feature",
			"geometry": {
				"type": "Point",
				"coordinates": [121.506593, 25.045226]
			},
			"properties": {
				"行政區": "萬華區",
				"地址": "西寧南路36號",
				"備註": "嚴禁投入家用垃圾，違者重罰新臺幣6000元"
			}
		},
		{
			"type": "Feature",
			"geometry": {
				"type": "Point",
				"coordinates": [121.50666, 25.04481]
			},
			"properties": {
				"行政區": "萬華區",
				"地址": "武昌街2段71號",
				"備註": "嚴禁投入家用垃圾，違者重罰新臺幣6000元"
			}
		},
		{
			"type": "Feature",
			"geometry": {
				"type": "Point",
				"coordinates": [121.506691, 25.045621]
			},
			"properties": {
				"行政區": "萬華區",
				"地址": "西寧南路36之67號",
				"備註": "嚴禁投入家用垃圾，違者重罰新臺幣6000元"
			}
		},
		{
			"type": "Feature",
			"geometry": {
				"type": "Point",
				"coordinates": [121.506705, 25.044711]
			},
			"properties": {
				"行政區": "萬華區",
				"地址": "武昌街2段71號對面",
				"備註": "嚴禁投入家用垃圾，違者重罰新臺幣6000元"
			}
		},
		{
			"type": "Feature",
			"geometry": {
				"type": "Point",
				"coordinates": [121.506706, 25.043474]
			},
			"properties": {
				"行政區": "萬華區",
				"地址": "峨眉街28-1號",
				"備註": "嚴禁投入家用垃圾，違者重罰新臺幣6000元"
			}
		},
		{
			"type": "Feature",
			"geometry": {
				"type": "Point",
				"coordinates": [121.506707, 25.043535]
			},
			"properties": {
				"行政區": "萬華區",
				"地址": "峨眉街34號",
				"備註": "嚴禁投入家用垃圾，違者重罰新臺幣6000元"
			}
		},
		{
			"type": "Feature",
			"geometry": {
				"type": "Point",
				"coordinates": [121.506839, 25.043584]
			},
			"properties": {
				"行政區": "萬華區",
				"地址": "峨眉街47號",
				"備註": "嚴禁投入家用垃圾，違者重罰新臺幣6000元"
			}
		},
		{
			"type": "Feature",
			"geometry": {
				"type": "Point",
				"coordinates": [121.506976, 25.044746]
			},
			"properties": {
				"行政區": "萬華區",
				"地址": "武昌街2段63號",
				"備註": "嚴禁投入家用垃圾，違者重罰新臺幣6000元"
			}
		},
		{
			"type": "Feature",
			"geometry": {
				"type": "Point",
				"coordinates": [121.507046, 25.044667]
			},
			"properties": {
				"行政區": "萬華區",
				"地址": "武昌街2段52號",
				"備註": "嚴禁投入家用垃圾，違者重罰新臺幣6000元"
			}
		},
		{
			"type": "Feature",
			"geometry": {
				"type": "Point",
				"coordinates": [121.507145, 25.044656]
			},
			"properties": {
				"行政區": "萬華區",
				"地址": "武昌街2段48-1號",
				"備註": "嚴禁投入家用垃圾，違者重罰新臺幣6000元"
			}
		},
		{
			"type": "Feature",
			"geometry": {
				"type": "Point",
				"coordinates": [121.507183, 25.044721]
			},
			"properties": {
				"行政區": "萬華區",
				"地址": "武昌街2段57號",
				"備註": "嚴禁投入家用垃圾，違者重罰新臺幣6000元"
			}
		},
		{
			"type": "Feature",
			"geometry": {
				"type": "Point",
				"coordinates": [121.507217, 25.047363]
			},
			"properties": {
				"行政區": "萬華區",
				"地址": "西寧南路6-1號公車站牌",
				"備註": "嚴禁投入家用垃圾，違者重罰新臺幣6000元"
			}
		},
		{
			"type": "Feature",
			"geometry": {
				"type": "Point",
				"coordinates": [121.507262, 25.043584]
			},
			"properties": {
				"行政區": "萬華區",
				"地址": "漢中街69號",
				"備註": "嚴禁投入家用垃圾，違者重罰新臺幣6000元"
			}
		},
		{
			"type": "Feature",
			"geometry": {
				"type": "Point",
				"coordinates": [121.507269, 25.044638]
			},
			"properties": {
				"行政區": "萬華區",
				"地址": "武昌街2段38號",
				"備註": "嚴禁投入家用垃圾，違者重罰新臺幣6000元"
			}
		},
		{
			"type": "Feature",
			"geometry": {
				"type": "Point",
				"coordinates": [121.507278, 25.043669]
			},
			"properties": {
				"行政區": "萬華區",
				"地址": "漢中街65號",
				"備註": "嚴禁投入家用垃圾，違者重罰新臺幣6000元"
			}
		},
		{
			"type": "Feature",
			"geometry": {
				"type": "Point",
				"coordinates": [121.507283, 25.043215]
			},
			"properties": {
				"行政區": "萬華區",
				"地址": "漢中街108號",
				"備註": "嚴禁投入家用垃圾，違者重罰新臺幣6000元"
			}
		},
		{
			"type": "Feature",
			"geometry": {
				"type": "Point",
				"coordinates": [121.507292, 25.043704]
			},
			"properties": {
				"行政區": "萬華區",
				"地址": "漢中街63號",
				"備註": "嚴禁投入家用垃圾，違者重罰新臺幣6000元"
			}
		},
		{
			"type": "Feature",
			"geometry": {
				"type": "Point",
				"coordinates": [121.507305, 25.044735]
			},
			"properties": {
				"行政區": "萬華區",
				"地址": "武昌街2段51號",
				"備註": "嚴禁投入家用垃圾，違者重罰新臺幣6000元"
			}
		},
		{
			"type": "Feature",
			"geometry": {
				"type": "Point",
				"coordinates": [121.507323, 25.043828]
			},
			"properties": {
				"行政區": "萬華區",
				"地址": "漢中街59號",
				"備註": "嚴禁投入家用垃圾，違者重罰新臺幣6000元"
			}
		},
		{
			"type": "Feature",
			"geometry": {
				"type": "Point",
				"coordinates": [121.507335, 25.043301]
			},
			"properties": {
				"行政區": "萬華區",
				"地址": "漢中街105號",
				"備註": "嚴禁投入家用垃圾，違者重罰新臺幣6000元"
			}
		},
		{
			"type": "Feature",
			"geometry": {
				"type": "Point",
				"coordinates": [121.50734, 25.044063]
			},
			"properties": {
				"行政區": "萬華區",
				"地址": "漢中街48號",
				"備註": "嚴禁投入家用垃圾，違者重罰新臺幣6000元"
			}
		},
		{
			"type": "Feature",
			"geometry": {
				"type": "Point",
				"coordinates": [121.507351, 25.043918]
			},
			"properties": {
				"行政區": "萬華區",
				"地址": "漢中街53號",
				"備註": "嚴禁投入家用垃圾，違者重罰新臺幣6000元"
			}
		},
		{
			"type": "Feature",
			"geometry": {
				"type": "Point",
				"coordinates": [121.507362, 25.043274]
			},
			"properties": {
				"行政區": "萬華區",
				"地址": "漢中街107號",
				"備註": "嚴禁投入家用垃圾，違者重罰新臺幣6000元"
			}
		},
		{
			"type": "Feature",
			"geometry": {
				"type": "Point",
				"coordinates": [121.507391, 25.044191]
			},
			"properties": {
				"行政區": "萬華區",
				"地址": "漢中街42號",
				"備註": "嚴禁投入家用垃圾，違者重罰新臺幣6000元"
			}
		},
		{
			"type": "Feature",
			"geometry": {
				"type": "Point",
				"coordinates": [121.507393, 25.04318]
			},
			"properties": {
				"行政區": "萬華區",
				"地址": "漢中街109-1號",
				"備註": "嚴禁投入家用垃圾，違者重罰新臺幣6000元"
			}
		},
		{
			"type": "Feature",
			"geometry": {
				"type": "Point",
				"coordinates": [121.507405, 25.044064]
			},
			"properties": {
				"行政區": "萬華區",
				"地址": "漢中街51號",
				"備註": "嚴禁投入家用垃圾，違者重罰新臺幣6000元"
			}
		},
		{
			"type": "Feature",
			"geometry": {
				"type": "Point",
				"coordinates": [121.507426, 25.043486]
			},
			"properties": {
				"行政區": "萬華區",
				"地址": "峨眉街21號",
				"備註": "嚴禁投入家用垃圾，違者重罰新臺幣6000元"
			}
		},
		{
			"type": "Feature",
			"geometry": {
				"type": "Point",
				"coordinates": [121.507433, 25.044971]
			},
			"properties": {
				"行政區": "萬華區",
				"地址": "漢中街39號",
				"備註": "嚴禁投入家用垃圾，違者重罰新臺幣6000元"
			}
		},
		{
			"type": "Feature",
			"geometry": {
				"type": "Point",
				"coordinates": [121.50745, 25.044158]
			},
			"properties": {
				"行政區": "萬華區",
				"地址": "漢中街49號",
				"備註": "嚴禁投入家用垃圾，違者重罰新臺幣6000元"
			}
		},
		{
			"type": "Feature",
			"geometry": {
				"type": "Point",
				"coordinates": [121.507502, 25.04299]
			},
			"properties": {
				"行政區": "萬華區",
				"地址": "漢中街117號",
				"備註": "嚴禁投入家用垃圾，違者重罰新臺幣6000元"
			}
		},
		{
			"type": "Feature",
			"geometry": {
				"type": "Point",
				"coordinates": [121.507506, 25.045073]
			},
			"properties": {
				"行政區": "萬華區",
				"地址": "漢中街30號",
				"備註": "嚴禁投入家用垃圾，違者重罰新臺幣6000元"
			}
		},
		{
			"type": "Feature",
			"geometry": {
				"type": "Point",
				"coordinates": [121.507508, 25.042863]
			},
			"properties": {
				"行政區": "萬華區",
				"地址": "漢中街116號",
				"備註": "嚴禁投入家用垃圾，違者重罰新臺幣6000元"
			}
		},
		{
			"type": "Feature",
			"geometry": {
				"type": "Point",
				"coordinates": [121.507514, 25.043396]
			},
			"properties": {
				"行政區": "萬華區",
				"地址": "峨眉街12號",
				"備註": "嚴禁投入家用垃圾，違者重罰新臺幣6000元"
			}
		},
		{
			"type": "Feature",
			"geometry": {
				"type": "Point",
				"coordinates": [121.507528, 25.045025]
			},
			"properties": {
				"行政區": "萬華區",
				"地址": "漢中街35號",
				"備註": "嚴禁投入家用垃圾，違者重罰新臺幣6000元"
			}
		},
		{
			"type": "Feature",
			"geometry": {
				"type": "Point",
				"coordinates": [121.507583, 25.043543]
			},
			"properties": {
				"行政區": "萬華區",
				"地址": "峨眉街15號",
				"備註": "嚴禁投入家用垃圾，違者重罰新臺幣6000元"
			}
		},
		{
			"type": "Feature",
			"geometry": {
				"type": "Point",
				"coordinates": [121.507599, 25.044997]
			},
			"properties": {
				"行政區": "萬華區",
				"地址": "漢中街34-1號",
				"備註": "嚴禁投入家用垃圾，違者重罰新臺幣6000元"
			}
		},
		{
			"type": "Feature",
			"geometry": {
				"type": "Point",
				"coordinates": [121.5077, 25.044617]
			},
			"properties": {
				"行政區": "萬華區",
				"地址": "武昌街2段37號",
				"備註": "嚴禁投入家用垃圾，違者重罰新臺幣6000元"
			}
		},
		{
			"type": "Feature",
			"geometry": {
				"type": "Point",
				"coordinates": [121.507711, 25.044502]
			},
			"properties": {
				"行政區": "萬華區",
				"地址": "武昌街2段32號",
				"備註": "嚴禁投入家用垃圾，違者重罰新臺幣6000元"
			}
		},
		{
			"type": "Feature",
			"geometry": {
				"type": "Point",
				"coordinates": [121.507718, 25.04509]
			},
			"properties": {
				"行政區": "萬華區",
				"地址": "漢中街25號",
				"備註": "嚴禁投入家用垃圾，違者重罰新臺幣6000元"
			}
		},
		{
			"type": "Feature",
			"geometry": {
				"type": "Point",
				"coordinates": [121.507793, 25.043426]
			},
			"properties": {
				"行政區": "萬華區",
				"地址": "峨眉街7號",
				"備註": "嚴禁投入家用垃圾，違者重罰新臺幣6000元"
			}
		},
		{
			"type": "Feature",
			"geometry": {
				"type": "Point",
				"coordinates": [121.507859, 25.044887]
			},
			"properties": {
				"行政區": "萬華區",
				"地址": "漢中街34號",
				"備註": "嚴禁投入家用垃圾，違者重罰新臺幣6000元"
			}
		},
		{
			"type": "Feature",
			"geometry": {
				"type": "Point",
				"coordinates": [121.507892, 25.044492]
			},
			"properties": {
				"行政區": "萬華區",
				"地址": "武昌街2段24號",
				"備註": "嚴禁投入家用垃圾，違者重罰新臺幣6000元"
			}
		},
		{
			"type": "Feature",
			"geometry": {
				"type": "Point",
				"coordinates": [121.50794, 25.044539]
			},
			"properties": {
				"行政區": "萬華區",
				"地址": "武昌街2段25-1號",
				"備註": "嚴禁投入家用垃圾，違者重罰新臺幣6000元"
			}
		},
		{
			"type": "Feature",
			"geometry": {
				"type": "Point",
				"coordinates": [121.508066, 25.044435]
			},
			"properties": {
				"行政區": "萬華區",
				"地址": "武昌街2段14號",
				"備註": "嚴禁投入家用垃圾，違者重罰新臺幣6000元"
			}
		},
		{
			"type": "Feature",
			"geometry": {
				"type": "Point",
				"coordinates": [121.508106, 25.045354]
			},
			"properties": {
				"行政區": "萬華區",
				"地址": "漢口街2段18號",
				"備註": "嚴禁投入家用垃圾，違者重罰新臺幣6000元"
			}
		},
		{
			"type": "Feature",
			"geometry": {
				"type": "Point",
				"coordinates": [121.508141, 25.043258]
			},
			"properties": {
				"行政區": "萬華區",
				"地址": "峨眉街2號",
				"備註": "嚴禁投入家用垃圾，違者重罰新臺幣6000元"
			}
		},
		{
			"type": "Feature",
			"geometry": {
				"type": "Point",
				"coordinates": [121.508175, 25.044487]
			},
			"properties": {
				"行政區": "萬華區",
				"地址": "武昌街2段15號",
				"備註": "嚴禁投入家用垃圾，違者重罰新臺幣6000元"
			}
		},
		{
			"type": "Feature",
			"geometry": {
				"type": "Point",
				"coordinates": [121.508221, 25.042747]
			},
			"properties": {
				"行政區": "萬華區",
				"地址": "中華路1段152號前",
				"備註": "嚴禁投入家用垃圾，違者重罰新臺幣6000元"
			}
		},
		{
			"type": "Feature",
			"geometry": {
				"type": "Point",
				"coordinates": [121.5085846, 25.044614]
			},
			"properties": {
				"行政區": "萬華區",
				"地址": "中華路1段94號",
				"備註": "嚴禁投入家用垃圾，違者重罰新臺幣6000元"
			}
		},
		{
			"type": "Feature",
			"geometry": {
				"type": "Point",
				"coordinates": [121.508312, 25.043326]
			},
			"properties": {
				"行政區": "萬華區",
				"地址": "峨眉街1號",
				"備註": "嚴禁投入家用垃圾，違者重罰新臺幣6000元"
			}
		},
		{
			"type": "Feature",
			"geometry": {
				"type": "Point",
				"coordinates": [121.508356, 25.043129]
			},
			"properties": {
				"行政區": "萬華區",
				"地址": "中華路1段144-3號前",
				"備註": "嚴禁投入家用垃圾，違者重罰新臺幣6000元"
			}
		},
		{
			"type": "Feature",
			"geometry": {
				"type": "Point",
				"coordinates": [121.508366, 25.042683]
			},
			"properties": {
				"行政區": "萬華區",
				"地址": "中華路1段152號-2對面",
				"備註": "嚴禁投入家用垃圾，違者重罰新臺幣6000元"
			}
		},
		{
			"type": "Feature",
			"geometry": {
				"type": "Point",
				"coordinates": [121.508388, 25.044443]
			},
			"properties": {
				"行政區": "萬華區",
				"地址": "武昌街2段3號",
				"備註": "嚴禁投入家用垃圾，違者重罰新臺幣6000元"
			}
		},
		{
			"type": "Feature",
			"geometry": {
				"type": "Point",
				"coordinates": [121.50839, 25.04334]
			},
			"properties": {
				"行政區": "萬華區",
				"地址": "中華路1段136號前",
				"備註": "嚴禁投入家用垃圾，違者重罰新臺幣6000元"
			}
		},
		{
			"type": "Feature",
			"geometry": {
				"type": "Point",
				"coordinates": [121.508392, 25.04434]
			},
			"properties": {
				"行政區": "萬華區",
				"地址": "武昌街2段4號",
				"備註": "嚴禁投入家用垃圾，違者重罰新臺幣6000元"
			}
		},
		{
			"type": "Feature",
			"geometry": {
				"type": "Point",
				"coordinates": [121.508402, 25.042805]
			},
			"properties": {
				"行政區": "萬華區",
				"地址": "中華路1段150號對面",
				"備註": "嚴禁投入家用垃圾，違者重罰新臺幣6000元"
			}
		},
		{
			"type": "Feature",
			"geometry": {
				"type": "Point",
				"coordinates": [121.508617, 25.044154]
			},
			"properties": {
				"行政區": "萬華區",
				"地址": "中華路1段100號前",
				"備註": "嚴禁投入家用垃圾，違者重罰新臺幣6000元"
			}
		},
		{
			"type": "Feature",
			"geometry": {
				"type": "Point",
				"coordinates": [121.508771, 25.044512]
			},
			"properties": {
				"行政區": "萬華區",
				"地址": "中華路1段94號前",
				"備註": "嚴禁投入家用垃圾，違者重罰新臺幣6000元"
			}
		},
		{
			"type": "Feature",
			"geometry": {
				"type": "Point",
				"coordinates": [121.508858, 25.044854]
			},
			"properties": {
				"行政區": "萬華區",
				"地址": "中華路1段88號",
				"備註": "嚴禁投入家用垃圾，違者重罰新臺幣6000元"
			}
		},
		{
			"type": "Feature",
			"geometry": {
				"type": "Point",
				"coordinates": [121.508939, 25.045404]
			},
			"properties": {
				"行政區": "萬華區",
				"地址": "中華路1段80號對面",
				"備註": "嚴禁投入家用垃圾，違者重罰新臺幣6000元"
			}
		},
		{
			"type": "Feature",
			"geometry": {
				"type": "Point",
				"coordinates": [121.509009, 25.045412]
			},
			"properties": {
				"行政區": "萬華區",
				"地址": "中華路1段80號前",
				"備註": "嚴禁投入家用垃圾，違者重罰新臺幣6000元"
			}
		},
		{
			"type": "Feature",
			"geometry": {
				"type": "Point",
				"coordinates": [121.50925, 25.046128]
			},
			"properties": {
				"行政區": "萬華區",
				"地址": "中華路1段與開封街口",
				"備註": "嚴禁投入家用垃圾，違者重罰新臺幣6000元"
			}
		},
		{
			"type": "Feature",
			"geometry": {
				"type": "Point",
				"coordinates": [121.509095, 25.045923]
			},
			"properties": {
				"行政區": "萬華區",
				"地址": "中華路1段66號前",
				"備註": "嚴禁投入家用垃圾，違者重罰新臺幣6000元"
			}
		},
		{
			"type": "Feature",
			"geometry": {
				"type": "Point",
				"coordinates": [121.50917, 25.046002]
			},
			"properties": {
				"行政區": "萬華區",
				"地址": "中華路1段68號前",
				"備註": "嚴禁投入家用垃圾，違者重罰新臺幣6000元"
			}
		},
		{
			"type": "Feature",
			"geometry": {
				"type": "Point",
				"coordinates": [121.5076384, 25.0429304]
			},
			"properties": {
				"行政區": "萬華區",
				"地址": "漢中街121-1號",
				"備註": "嚴禁投入家用垃圾，違者重罰新臺幣6000元"
			}
		},
		{
			"type": "Feature",
			"geometry": {
				"type": "Point",
				"coordinates": [121.508311, 25.045335]
			},
			"properties": {
				"行政區": "萬華區",
				"地址": "中華路1段90號",
				"備註": "嚴禁投入家用垃圾，違者重罰新臺幣6000元"
			}
		},
		{
			"type": "Feature",
			"geometry": {
				"type": "Point",
				"coordinates": [121.499565, 25.041535]
			},
			"properties": {
				"行政區": "萬華區",
				"地址": "環河南路1段280之3號",
				"備註": "嚴禁投入家用垃圾，違者重罰新臺幣6000元"
			}
		},
		{
			"type": "Feature",
			"geometry": {
				"type": "Point",
				"coordinates": [121.49964, 25.03977]
			},
			"properties": {
				"行政區": "萬華區",
				"地址": "西園路1段70號前",
				"備註": "嚴禁投入家用垃圾，違者重罰新臺幣6000元"
			}
		},
		{
			"type": "Feature",
			"geometry": {
				"type": "Point",
				"coordinates": [121.499825, 25.041761]
			},
			"properties": {
				"行政區": "萬華區",
				"地址": "環河南路1段280-1號前",
				"備註": "嚴禁投入家用垃圾，違者重罰新臺幣6000元"
			}
		},
		{
			"type": "Feature",
			"geometry": {
				"type": "Point",
				"coordinates": [121.49984, 25.041505]
			},
			"properties": {
				"行政區": "萬華區",
				"地址": "環河南路1段280-1號對面",
				"備註": "嚴禁投入家用垃圾，違者重罰新臺幣6000元"
			}
		},
		{
			"type": "Feature",
			"geometry": {
				"type": "Point",
				"coordinates": [121.49985, 25.041506]
			},
			"properties": {
				"行政區": "萬華區",
				"地址": "環河南路1段280-1號對面2",
				"備註": "嚴禁投入家用垃圾，違者重罰新臺幣6000元"
			}
		},
		{
			"type": "Feature",
			"geometry": {
				"type": "Point",
				"coordinates": [121.502561, 25.042682]
			},
			"properties": {
				"行政區": "萬華區",
				"地址": "康定路72號對面",
				"備註": "嚴禁投入家用垃圾，違者重罰新臺幣6000元"
			}
		},
		{
			"type": "Feature",
			"geometry": {
				"type": "Point",
				"coordinates": [121.506792, 25.038097]
			},
			"properties": {
				"行政區": "萬華區",
				"地址": "中華路1段180號",
				"備註": "嚴禁投入家用垃圾，違者重罰新臺幣6000元"
			}
		},
		{
			"type": "Feature",
			"geometry": {
				"type": "Point",
				"coordinates": [121.50682, 25.03835]
			},
			"properties": {
				"行政區": "萬華區",
				"地址": "中華路1段198號前",
				"備註": "嚴禁投入家用垃圾，違者重罰新臺幣6000元"
			}
		},
		{
			"type": "Feature",
			"geometry": {
				"type": "Point",
				"coordinates": [121.506978, 25.038627]
			},
			"properties": {
				"行政區": "萬華區",
				"地址": "中華路1段196號",
				"備註": "嚴禁投入家用垃圾，違者重罰新臺幣6000元"
			}
		},
		{
			"type": "Feature",
			"geometry": {
				"type": "Point",
				"coordinates": [121.507014, 25.042574]
			},
			"properties": {
				"行政區": "萬華區",
				"地址": "成都路21號",
				"備註": "嚴禁投入家用垃圾，違者重罰新臺幣6000元"
			}
		},
		{
			"type": "Feature",
			"geometry": {
				"type": "Point",
				"coordinates": [121.507224, 25.039416]
			},
			"properties": {
				"行政區": "萬華區",
				"地址": "中華路1段176之1號前",
				"備註": "嚴禁投入家用垃圾，違者重罰新臺幣6000元"
			}
		},
		{
			"type": "Feature",
			"geometry": {
				"type": "Point",
				"coordinates": [121.507416, 25.039949]
			},
			"properties": {
				"行政區": "萬華區",
				"地址": "中華路1段174-314號前",
				"備註": "嚴禁投入家用垃圾，違者重罰新臺幣6000元"
			}
		},
		{
			"type": "Feature",
			"geometry": {
				"type": "Point",
				"coordinates": [121.507529, 25.040344]
			},
			"properties": {
				"行政區": "萬華區",
				"地址": "中華路1段174之23號",
				"備註": "嚴禁投入家用垃圾，違者重罰新臺幣6000元"
			}
		},
		{
			"type": "Feature",
			"geometry": {
				"type": "Point",
				"coordinates": [121.507661, 25.040762]
			},
			"properties": {
				"行政區": "萬華區",
				"地址": "中華路1段170號",
				"備註": "嚴禁投入家用垃圾，違者重罰新臺幣6000元"
			}
		},
		{
			"type": "Feature",
			"geometry": {
				"type": "Point",
				"coordinates": [121.507902, 25.041762]
			},
			"properties": {
				"行政區": "萬華區",
				"地址": "中華路1段160號",
				"備註": "嚴禁投入家用垃圾，違者重罰新臺幣6000元"
			}
		},
		{
			"type": "Feature",
			"geometry": {
				"type": "Point",
				"coordinates": [121.507891, 25.041911]
			},
			"properties": {
				"行政區": "萬華區",
				"地址": "中華路1段158號轉角捷運站出口後側",
				"備註": "嚴禁投入家用垃圾，違者重罰新臺幣6000元"
			}
		},
		{
			"type": "Feature",
			"geometry": {
				"type": "Point",
				"coordinates": [121.507981, 25.041958]
			},
			"properties": {
				"行政區": "萬華區",
				"地址": "中華路1段158號",
				"備註": "嚴禁投入家用垃圾，違者重罰新臺幣6000元"
			}
		},
		{
			"type": "Feature",
			"geometry": {
				"type": "Point",
				"coordinates": [121.499959, 25.035157]
			},
			"properties": {
				"行政區": "萬華區",
				"地址": "和平西路3段120號旁",
				"備註": "嚴禁投入家用垃圾，違者重罰新臺幣6000元"
			}
		},
		{
			"type": "Feature",
			"geometry": {
				"type": "Point",
				"coordinates": [121.496264, 25.035463]
			},
			"properties": {
				"行政區": "萬華區",
				"地址": "拆: 和平西路3段251號（UBIKE站旁）",
				"備註": "嚴禁投入家用垃圾，違者重罰新臺幣6000元"
			}
		},
		{
			"type": "Feature",
			"geometry": {
				"type": "Point",
				"coordinates": [121.494857, 25.035785]
			},
			"properties": {
				"行政區": "萬華區",
				"地址": "拆:和平西路3段251號天橋旁",
				"備註": "嚴禁投入家用垃圾，違者重罰新臺幣6000元"
			}
		},
		{
			"type": "Feature",
			"geometry": {
				"type": "Point",
				"coordinates": [121.494798, 25.036053]
			},
			"properties": {
				"行政區": "萬華區",
				"地址": "環河南路2段140號前",
				"備註": "嚴禁投入家用垃圾，違者重罰新臺幣6000元"
			}
		},
		{
			"type": "Feature",
			"geometry": {
				"type": "Point",
				"coordinates": [121.495205, 25.036181]
			},
			"properties": {
				"行政區": "萬華區",
				"地址": "環河南路2段91號公車站牌旁",
				"備註": "嚴禁投入家用垃圾，違者重罰新臺幣6000元"
			}
		},
		{
			"type": "Feature",
			"geometry": {
				"type": "Point",
				"coordinates": [121.495266, 25.036543]
			},
			"properties": {
				"行政區": "萬華區",
				"地址": "環河南路2段122號（鄰近隊本部）",
				"備註": "嚴禁投入家用垃圾，違者重罰新臺幣6000元"
			}
		},
		{
			"type": "Feature",
			"geometry": {
				"type": "Point",
				"coordinates": [121.496197, 25.03728]
			},
			"properties": {
				"行政區": "萬華區",
				"地址": "環河南路2段75號黃氏大宗祖祠前",
				"備註": "嚴禁投入家用垃圾，違者重罰新臺幣6000元"
			}
		},
		{
			"type": "Feature",
			"geometry": {
				"type": "Point",
				"coordinates": [121.504148, 25.037901]
			},
			"properties": {
				"行政區": "萬華區",
				"地址": "桂林路52號（桂林路40巷口）",
				"備註": "嚴禁投入家用垃圾，違者重罰新臺幣6000元"
			}
		},
		{
			"type": "Feature",
			"geometry": {
				"type": "Point",
				"coordinates": [121.504092, 25.037921]
			},
			"properties": {
				"行政區": "萬華區",
				"地址": "桂林路58號",
				"備註": "嚴禁投入家用垃圾，違者重罰新臺幣6000元"
			}
		},
		{
			"type": "Feature",
			"geometry": {
				"type": "Point",
				"coordinates": [121.498589, 25.038415]
			},
			"properties": {
				"行政區": "萬華區",
				"地址": "桂林路140號（華西街口）",
				"備註": "嚴禁投入家用垃圾，違者重罰新臺幣6000元"
			}
		},
		{
			"type": "Feature",
			"geometry": {
				"type": "Point",
				"coordinates": [121.497573, 25.038467]
			},
			"properties": {
				"行政區": "萬華區",
				"地址": "桂林路164號前",
				"備註": "嚴禁投入家用垃圾，違者重罰新臺幣6000元"
			}
		},
		{
			"type": "Feature",
			"geometry": {
				"type": "Point",
				"coordinates": [121.49771, 25.03246]
			},
			"properties": {
				"行政區": "萬華區",
				"地址": "西園路2段南往北方向西園29服飾基地公車站",
				"備註": "嚴禁投入家用垃圾，違者重罰新臺幣6000元"
			}
		},
		{
			"type": "Feature",
			"geometry": {
				"type": "Point",
				"coordinates": [121.5027627, 25.0310535]
			},
			"properties": {
				"行政區": "萬華區",
				"地址": "莒光路171號(莒光派出所前)",
				"備註": "嚴禁投入家用垃圾，違者重罰新臺幣6000元"
			}
		},
		{
			"type": "Feature",
			"geometry": {
				"type": "Point",
				"coordinates": [121.49742, 25.03241]
			},
			"properties": {
				"行政區": "萬華區",
				"地址": "西園路2段北往南方向西園29服飾基地公車站",
				"備註": "嚴禁投入家用垃圾，違者重罰新臺幣6000元"
			}
		},
		{
			"type": "Feature",
			"geometry": {
				"type": "Point",
				"coordinates": [121.492075, 25.029693]
			},
			"properties": {
				"行政區": "萬華區",
				"地址": "艋舺大道大理高中側面",
				"備註": "嚴禁投入家用垃圾，違者重罰新臺幣6000元"
			}
		},
		{
			"type": "Feature",
			"geometry": {
				"type": "Point",
				"coordinates": [121.48915, 25.03318]
			},
			"properties": {
				"行政區": "萬華區",
				"地址": "長順街131號",
				"備註": "嚴禁投入家用垃圾，違者重罰新臺幣6000元"
			}
		},
		{
			"type": "Feature",
			"geometry": {
				"type": "Point",
				"coordinates": [121.4986187, 25.0326076]
			},
			"properties": {
				"行政區": "萬華區",
				"地址": "艋舺大道248號",
				"備註": "嚴禁投入家用垃圾，違者重罰新臺幣6000元"
			}
		},
		{
			"type": "Feature",
			"geometry": {
				"type": "Point",
				"coordinates": [121.491666, 25.022763]
			},
			"properties": {
				"行政區": "萬華區",
				"地址": "德昌街與環河南路交界口",
				"備註": "嚴禁投入家用垃圾，違者重罰新臺幣6000元"
			}
		},
		{
			"type": "Feature",
			"geometry": {
				"type": "Point",
				"coordinates": [121.492206, 25.021489]
			},
			"properties": {
				"行政區": "萬華區",
				"地址": "環河南路3段203號",
				"備註": "嚴禁投入家用垃圾，違者重罰新臺幣6000元"
			}
		},
		{
			"type": "Feature",
			"geometry": {
				"type": "Point",
				"coordinates": [121.495152, 25.020872]
			},
			"properties": {
				"行政區": "萬華區",
				"地址": "萬大路486巷83號對面",
				"備註": "嚴禁投入家用垃圾，違者重罰新臺幣6000元"
			}
		},
		{
			"type": "Feature",
			"geometry": {
				"type": "Point",
				"coordinates": [121.494998, 25.021031]
			},
			"properties": {
				"行政區": "萬華區",
				"地址": "萬大路424巷112-2號對面",
				"備註": "嚴禁投入家用垃圾，違者重罰新臺幣6000元"
			}
		},
		{
			"type": "Feature",
			"geometry": {
				"type": "Point",
				"coordinates": [121.493408, 25.018847]
			},
			"properties": {
				"行政區": "萬華區",
				"地址": "環河南路3段與武成街101巷交接口(公佈欄旁)",
				"備註": "嚴禁投入家用垃圾，違者重罰新臺幣6000元"
			}
		},
		{
			"type": "Feature",
			"geometry": {
				"type": "Point",
				"coordinates": [121.493464, 25.018757]
			},
			"properties": {
				"行政區": "萬華區",
				"地址": "環河南路3段287號",
				"備註": "嚴禁投入家用垃圾，違者重罰新臺幣6000元"
			}
		},
		{
			"type": "Feature",
			"geometry": {
				"type": "Point",
				"coordinates": [121.495739, 25.022752]
			},
			"properties": {
				"行政區": "萬華區",
				"地址": "寶興街199號",
				"備註": "嚴禁投入家用垃圾，違者重罰新臺幣6000元"
			}
		},
		{
			"type": "Feature",
			"geometry": {
				"type": "Point",
				"coordinates": [121.496021, 25.021752]
			},
			"properties": {
				"行政區": "萬華區",
				"地址": "長泰街202號旁",
				"備註": "嚴禁投入家用垃圾，違者重罰新臺幣6000元"
			}
		},
		{
			"type": "Feature",
			"geometry": {
				"type": "Point",
				"coordinates": [121.496189, 25.028727]
			},
			"properties": {
				"行政區": "萬華區",
				"地址": "西藏路213號旁",
				"備註": "嚴禁投入家用垃圾，違者重罰新臺幣6000元"
			}
		},
		{
			"type": "Feature",
			"geometry": {
				"type": "Point",
				"coordinates": [121.496958, 25.029097]
			},
			"properties": {
				"行政區": "萬華區",
				"地址": "西藏路446號對面(華江高中人行道一側)",
				"備註": "嚴禁投入家用垃圾，違者重罰新臺幣6000元"
			}
		},
		{
			"type": "Feature",
			"geometry": {
				"type": "Point",
				"coordinates": [121.497594, 25.023544]
			},
			"properties": {
				"行政區": "萬華區",
				"地址": "東園街144號對面",
				"備註": "嚴禁投入家用垃圾，違者重罰新臺幣6000元"
			}
		},
		{
			"type": "Feature",
			"geometry": {
				"type": "Point",
				"coordinates": [121.498064, 25.029204]
			},
			"properties": {
				"行政區": "萬華區",
				"地址": "西藏路華江高中後門",
				"備註": "嚴禁投入家用垃圾，違者重罰新臺幣6000元"
			}
		},
		{
			"type": "Feature",
			"geometry": {
				"type": "Point",
				"coordinates": [121.498981, 25.029234]
			},
			"properties": {
				"行政區": "萬華區",
				"地址": "西藏路萬華國中",
				"備註": "嚴禁投入家用垃圾，違者重罰新臺幣6000元"
			}
		},
		{
			"type": "Feature",
			"geometry": {
				"type": "Point",
				"coordinates": [121.500164, 25.024219]
			},
			"properties": {
				"行政區": "萬華區",
				"地址": "萬大路322巷口",
				"備註": "嚴禁投入家用垃圾，違者重罰新臺幣6000元"
			}
		},
		{
			"type": "Feature",
			"geometry": {
				"type": "Point",
				"coordinates": [121.49109, 25.024009]
			},
			"properties": {
				"行政區": "萬華區",
				"地址": "環河南路3段121號旁",
				"備註": "嚴禁投入家用垃圾，違者重罰新臺幣6000元"
			}
		},
		{
			"type": "Feature",
			"geometry": {
				"type": "Point",
				"coordinates": [121.502613, 25.021751]
			},
			"properties": {
				"行政區": "萬華區",
				"地址": "青年路140號對面",
				"備註": "嚴禁投入家用垃圾，違者重罰新臺幣6000元"
			}
		},
		{
			"type": "Feature",
			"geometry": {
				"type": "Point",
				"coordinates": [121.502667, 25.021279]
			},
			"properties": {
				"行政區": "萬華區",
				"地址": "青年路160號對面",
				"備註": "嚴禁投入家用垃圾，違者重罰新臺幣6000元"
			}
		},
		{
			"type": "Feature",
			"geometry": {
				"type": "Point",
				"coordinates": [121.502763, 25.023253]
			},
			"properties": {
				"行政區": "萬華區",
				"地址": "青年路90號對面",
				"備註": "嚴禁投入家用垃圾，違者重罰新臺幣6000元"
			}
		},
		{
			"type": "Feature",
			"geometry": {
				"type": "Point",
				"coordinates": [121.503296, 25.020652]
			},
			"properties": {
				"行政區": "萬華區",
				"地址": "青年路184號對面(汽車停車格，編號：40號)",
				"備註": "嚴禁投入家用垃圾，違者重罰新臺幣6000元"
			}
		},
		{
			"type": "Feature",
			"geometry": {
				"type": "Point",
				"coordinates": [121.503676, 25.020367]
			},
			"properties": {
				"行政區": "萬華區",
				"地址": "青年路186之1號對面",
				"備註": "嚴禁投入家用垃圾，違者重罰新臺幣6000元"
			}
		},
		{
			"type": "Feature",
			"geometry": {
				"type": "Point",
				"coordinates": [121.504606, 25.020327]
			},
			"properties": {
				"行政區": "萬華區",
				"地址": "水源路汽車停車格(編號：80號)",
				"備註": "嚴禁投入家用垃圾，違者重罰新臺幣6000元"
			}
		},
		{
			"type": "Feature",
			"geometry": {
				"type": "Point",
				"coordinates": [121.505261, 25.020713]
			},
			"properties": {
				"行政區": "萬華區",
				"地址": "水源路汽車停車格，編號：67號",
				"備註": "嚴禁投入家用垃圾，違者重罰新臺幣6000元"
			}
		},
		{
			"type": "Feature",
			"geometry": {
				"type": "Point",
				"coordinates": [121.505472, 25.020949]
			},
			"properties": {
				"行政區": "萬華區",
				"地址": "水源路汽車停車格，編號：66號",
				"備註": "嚴禁投入家用垃圾，違者重罰新臺幣6000元"
			}
		},
		{
			"type": "Feature",
			"geometry": {
				"type": "Point",
				"coordinates": [121.506075, 25.021308]
			},
			"properties": {
				"行政區": "萬華區",
				"地址": "水源路一號門右側",
				"備註": "嚴禁投入家用垃圾，違者重罰新臺幣6000元"
			}
		},
		{
			"type": "Feature",
			"geometry": {
				"type": "Point",
				"coordinates": [121.506527, 25.021634]
			},
			"properties": {
				"行政區": "萬華區",
				"地址": "水源路一號門左側",
				"備註": "嚴禁投入家用垃圾，違者重罰新臺幣6000元"
			}
		},
		{
			"type": "Feature",
			"geometry": {
				"type": "Point",
				"coordinates": [121.507943, 25.022344]
			},
			"properties": {
				"行政區": "萬華區",
				"地址": "水源路199號前",
				"備註": "嚴禁投入家用垃圾，違者重罰新臺幣6000元"
			}
		},
		{
			"type": "Feature",
			"geometry": {
				"type": "Point",
				"coordinates": [121.507258, 25.083019]
			},
			"properties": {
				"行政區": "士林區",
				"地址": "環河北路3段跨堤路橋入口處",
				"備註": "嚴禁投入家用垃圾，違者重罰新臺幣6000元"
			}
		},
		{
			"type": "Feature",
			"geometry": {
				"type": "Point",
				"coordinates": [121.513168, 25.081529]
			},
			"properties": {
				"行政區": "士林區",
				"地址": "重慶北路4段60號",
				"備註": "嚴禁投入家用垃圾，違者重罰新臺幣6000元"
			}
		},
		{
			"type": "Feature",
			"geometry": {
				"type": "Point",
				"coordinates": [121.507463, 25.082431]
			},
			"properties": {
				"行政區": "士林區",
				"地址": "環河北路3段與海光公園交叉口",
				"備註": "嚴禁投入家用垃圾，違者重罰新臺幣6000元"
			}
		},
		{
			"type": "Feature",
			"geometry": {
				"type": "Point",
				"coordinates": [121.5070208, 25.0835808]
			},
			"properties": {
				"行政區": "士林區",
				"地址": "環河北路3段95號前左側樓梯下",
				"備註": "嚴禁投入家用垃圾，違者重罰新臺幣6000元"
			}
		},
		{
			"type": "Feature",
			"geometry": {
				"type": "Point",
				"coordinates": [121.5075006, 25.082586]
			},
			"properties": {
				"行政區": "士林區",
				"地址": "環河北路與葫蘆街街口",
				"備註": "嚴禁投入家用垃圾，違者重罰新臺幣6000元"
			}
		},
		{
			"type": "Feature",
			"geometry": {
				"type": "Point",
				"coordinates": [121.506804, 25.083908]
			},
			"properties": {
				"行政區": "士林區",
				"地址": "環河北路3段與延平北路5段285巷口",
				"備註": "嚴禁投入家用垃圾，違者重罰新臺幣6000元"
			}
		},
		{
			"type": "Feature",
			"geometry": {
				"type": "Point",
				"coordinates": [121.512409, 25.083578]
			},
			"properties": {
				"行政區": "士林區",
				"地址": "重慶北路4段146號",
				"備註": "嚴禁投入家用垃圾，違者重罰新臺幣6000元"
			}
		},
		{
			"type": "Feature",
			"geometry": {
				"type": "Point",
				"coordinates": [121.5123681, 25.0835017]
			},
			"properties": {
				"行政區": "士林區",
				"地址": "重慶北路4段138號",
				"備註": "嚴禁投入家用垃圾，違者重罰新臺幣6000元"
			}
		},
		{
			"type": "Feature",
			"geometry": {
				"type": "Point",
				"coordinates": [121.511385, 25.079]
			},
			"properties": {
				"行政區": "士林區",
				"地址": "延平北路5段2之一號(福德綠地前右邊4公尺)",
				"備註": "嚴禁投入家用垃圾，違者重罰新臺幣6000元"
			}
		},
		{
			"type": "Feature",
			"geometry": {
				"type": "Point",
				"coordinates": [121.512991, 25.081878]
			},
			"properties": {
				"行政區": "士林區",
				"地址": "重慶北路4段74號",
				"備註": "嚴禁投入家用垃圾，違者重罰新臺幣6000元"
			}
		},
		{
			"type": "Feature",
			"geometry": {
				"type": "Point",
				"coordinates": [121.468015, 25.109685]
			},
			"properties": {
				"行政區": "士林區",
				"地址": "延平北路9段底倒頭公園路燈192號右旁20公尺處",
				"備註": "嚴禁投入家用垃圾，違者重罰新臺幣6000元"
			}
		},
		{
			"type": "Feature",
			"geometry": {
				"type": "Point",
				"coordinates": [121.502947, 25.089556]
			},
			"properties": {
				"行政區": "士林區",
				"地址": "延平北路6段308號(社子國小大門左對面公車亭旁)",
				"備註": "嚴禁投入家用垃圾，違者重罰新臺幣6000元"
			}
		},
		{
			"type": "Feature",
			"geometry": {
				"type": "Point",
				"coordinates": [121.466454, 25.109766]
			},
			"properties": {
				"行政區": "士林區",
				"地址": "延平北路9段底島頭公園路燈196號右旁約20公尺處",
				"備註": "嚴禁投入家用垃圾，違者重罰新臺幣6000元"
			}
		},
		{
			"type": "Feature",
			"geometry": {
				"type": "Point",
				"coordinates": [121.488801, 25.102074]
			},
			"properties": {
				"行政區": "士林區",
				"地址": "延平北路7段250號福安國中(左側公車亭左旁)",
				"備註": "嚴禁投入家用垃圾，違者重罰新臺幣6000元"
			}
		},
		{
			"type": "Feature",
			"geometry": {
				"type": "Point",
				"coordinates": [121.466894, 25.109968]
			},
			"properties": {
				"行政區": "士林區",
				"地址": "延平北路9段底島頭公園路燈197號右旁",
				"備註": "嚴禁投入家用垃圾，違者重罰新臺幣6000元"
			}
		},
		{
			"type": "Feature",
			"geometry": {
				"type": "Point",
				"coordinates": [121.487286, 25.103342]
			},
			"properties": {
				"行政區": "士林區",
				"地址": "延平北路延平北路7段250號福安國中(右側公車亭左旁)",
				"備註": "嚴禁投入家用垃圾，違者重罰新臺幣6000元"
			}
		},
		{
			"type": "Feature",
			"geometry": {
				"type": "Point",
				"coordinates": [121.466267, 25.109023]
			},
			"properties": {
				"行政區": "士林區",
				"地址": "延平北路9段底島頭公園路燈193號右旁 ",
				"備註": "嚴禁投入家用垃圾，違者重罰新臺幣6000元"
			}
		},
		{
			"type": "Feature",
			"geometry": {
				"type": "Point",
				"coordinates": [121.5019082, 25.0901375]
			},
			"properties": {
				"行政區": "士林區",
				"地址": "延平北路6段308號(社子國小大門右對面約60公尺處公車亭旁)",
				"備註": "嚴禁投入家用垃圾，違者重罰新臺幣6000元"
			}
		},
		{
			"type": "Feature",
			"geometry": {
				"type": "Point",
				"coordinates": [121.487919, 25.102825]
			},
			"properties": {
				"行政區": "士林區",
				"地址": "延平北路7段250號福安國中大門(右前)",
				"備註": "嚴禁投入家用垃圾，違者重罰新臺幣6000元"
			}
		},
		{
			"type": "Feature",
			"geometry": {
				"type": "Point",
				"coordinates": [121.497398, 25.094041]
			},
			"properties": {
				"行政區": "士林區",
				"地址": "延平北路7段3號公車站牌旁",
				"備註": "嚴禁投入家用垃圾，違者重罰新臺幣6000元"
			}
		},
		{
			"type": "Feature",
			"geometry": {
				"type": "Point",
				"coordinates": [121.497089, 25.096407]
			},
			"properties": {
				"行政區": "士林區",
				"地址": "延平北路7段42-7號(福安消防隊又斜對面)",
				"備註": "嚴禁投入家用垃圾，違者重罰新臺幣6000元"
			}
		},
		{
			"type": "Feature",
			"geometry": {
				"type": "Point",
				"coordinates": [121.467662, 25.109768]
			},
			"properties": {
				"行政區": "士林區",
				"地址": "延平北路9段底島頭公園路燈192號右旁",
				"備註": "嚴禁投入家用垃圾，違者重罰新臺幣6000元"
			}
		},
		{
			"type": "Feature",
			"geometry": {
				"type": "Point",
				"coordinates": [121.46655, 25.108857]
			},
			"properties": {
				"行政區": "士林區",
				"地址": "延平北路9段底島頭公園路燈198號右旁",
				"備註": "嚴禁投入家用垃圾，違者重罰新臺幣6000元"
			}
		},
		{
			"type": "Feature",
			"geometry": {
				"type": "Point",
				"coordinates": [121.526948, 25.113262]
			},
			"properties": {
				"行政區": "士林區",
				"地址": "中山北路6段392號 (一)",
				"備註": "嚴禁投入家用垃圾，違者重罰新臺幣6000元"
			}
		},
		{
			"type": "Feature",
			"geometry": {
				"type": "Point",
				"coordinates": [121.5270663, 25.11363294]
			},
			"properties": {
				"行政區": "士林區",
				"地址": "中山北路6段420號(新生活書局旁)",
				"備註": "嚴禁投入家用垃圾，違者重罰新臺幣6000元"
			}
		},
		{
			"type": "Feature",
			"geometry": {
				"type": "Point",
				"coordinates": [121.527911, 25.115575]
			},
			"properties": {
				"行政區": "士林區",
				"地址": "中山北路6段763巷口",
				"備註": "嚴禁投入家用垃圾，違者重罰新臺幣6000元"
			}
		},
		{
			"type": "Feature",
			"geometry": {
				"type": "Point",
				"coordinates": [121.529841, 25.118191]
			},
			"properties": {
				"行政區": "士林區",
				"地址": "中山北路6段785號(日本學校)(一)",
				"備註": "嚴禁投入家用垃圾，違者重罰新臺幣6000元"
			}
		},
		{
			"type": "Feature",
			"geometry": {
				"type": "Point",
				"coordinates": [121.5288233, 25.11697322]
			},
			"properties": {
				"行政區": "士林區",
				"地址": "中山北路6段785號(日本學校)(二)",
				"備註": "嚴禁投入家用垃圾，違者重罰新臺幣6000元"
			}
		},
		{
			"type": "Feature",
			"geometry": {
				"type": "Point",
				"coordinates": [121.5292551, 25.11752694]
			},
			"properties": {
				"行政區": "士林區",
				"地址": "中山北路6段785號(日本學校)(三)",
				"備註": "嚴禁投入家用垃圾，違者重罰新臺幣6000元"
			}
		},
		{
			"type": "Feature",
			"geometry": {
				"type": "Point",
				"coordinates": [121.5266871, 25.11326209]
			},
			"properties": {
				"行政區": "士林區",
				"地址": "中山北路6段天壽2號公園(中山北路6段面對405巷口右側)",
				"備註": "嚴禁投入家用垃圾，違者重罰新臺幣6000元"
			}
		},
		{
			"type": "Feature",
			"geometry": {
				"type": "Point",
				"coordinates": [121.5264996, 25.11291038]
			},
			"properties": {
				"行政區": "士林區",
				"地址": "中山北路6段天壽2號公園(中山北路6段面對405巷口左側)",
				"備註": "嚴禁投入家用垃圾，違者重罰新臺幣6000元"
			}
		},
		{
			"type": "Feature",
			"geometry": {
				"type": "Point",
				"coordinates": [121.527318, 25.11443]
			},
			"properties": {
				"行政區": "士林區",
				"地址": "中山北路6段435號",
				"備註": "嚴禁投入家用垃圾，違者重罰新臺幣6000元"
			}
		},
		{
			"type": "Feature",
			"geometry": {
				"type": "Point",
				"coordinates": [121.530602, 25.119244]
			},
			"properties": {
				"行政區": "士林區",
				"地址": "中山北路7段27號  ",
				"備註": "嚴禁投入家用垃圾，違者重罰新臺幣6000元"
			}
		},
		{
			"type": "Feature",
			"geometry": {
				"type": "Point",
				"coordinates": [121.531881, 25.122737]
			},
			"properties": {
				"行政區": "士林區",
				"地址": "中山北路7段123號前",
				"備註": "嚴禁投入家用垃圾，違者重罰新臺幣6000元"
			}
		},
		{
			"type": "Feature",
			"geometry": {
				"type": "Point",
				"coordinates": [121.530194, 25.124294]
			},
			"properties": {
				"行政區": "士林區",
				"地址": "中山北路7段141巷43號 (下方公園旁一)",
				"備註": "嚴禁投入家用垃圾，違者重罰新臺幣6000元"
			}
		},
		{
			"type": "Feature",
			"geometry": {
				"type": "Point",
				"coordinates": [121.530527, 25.124852]
			},
			"properties": {
				"行政區": "士林區",
				"地址": "中山北路7段141巷43號 (體惠幼稚園旁一)",
				"備註": "嚴禁投入家用垃圾，違者重罰新臺幣6000元"
			}
		},
		{
			"type": "Feature",
			"geometry": {
				"type": "Point",
				"coordinates": [121.530243, 25.124275]
			},
			"properties": {
				"行政區": "士林區",
				"地址": "中山北路7段141巷43號 (下方公園對面)",
				"備註": "嚴禁投入家用垃圾，違者重罰新臺幣6000元"
			}
		},
		{
			"type": "Feature",
			"geometry": {
				"type": "Point",
				"coordinates": [121.530584, 25.124834]
			},
			"properties": {
				"行政區": "士林區",
				"地址": "中山北路7段141巷43號 (天母公園牌樓對面)",
				"備註": "嚴禁投入家用垃圾，違者重罰新臺幣6000元"
			}
		},
		{
			"type": "Feature",
			"geometry": {
				"type": "Point",
				"coordinates": [121.5325023, 25.1242482]
			},
			"properties": {
				"行政區": "士林區",
				"地址": "中山北路7段171號（天母公車站）",
				"備註": "嚴禁投入家用垃圾，違者重罰新臺幣6000元"
			}
		},
		{
			"type": "Feature",
			"geometry": {
				"type": "Point",
				"coordinates": [121.532582, 25.124567]
			},
			"properties": {
				"行政區": "士林區",
				"地址": "中山北路7段175號",
				"備註": "嚴禁投入家用垃圾，違者重罰新臺幣6000元"
			}
		},
		{
			"type": "Feature",
			"geometry": {
				"type": "Point",
				"coordinates": [121.533613, 25.127568]
			},
			"properties": {
				"行政區": "士林區",
				"地址": "中山北路7段232巷1弄口（天母古道口一）",
				"備註": "嚴禁投入家用垃圾，違者重罰新臺幣6000元"
			}
		},
		{
			"type": "Feature",
			"geometry": {
				"type": "Point",
				"coordinates": [121.533389, 25.127829]
			},
			"properties": {
				"行政區": "士林區",
				"地址": "中山北路7段232巷1弄口（天母古道口二）",
				"備註": "嚴禁投入家用垃圾，違者重罰新臺幣6000元"
			}
		},
		{
			"type": "Feature",
			"geometry": {
				"type": "Point",
				"coordinates": [121.5326783, 25.1143713]
			},
			"properties": {
				"行政區": "士林區",
				"地址": "忠誠路2段140巷對面",
				"備註": "嚴禁投入家用垃圾，違者重罰新臺幣6000元"
			}
		},
		{
			"type": "Feature",
			"geometry": {
				"type": "Point",
				"coordinates": [121.5322559, 25.11386128]
			},
			"properties": {
				"行政區": "士林區",
				"地址": "忠誠路2段130巷對面",
				"備註": "嚴禁投入家用垃圾，違者重罰新臺幣6000元"
			}
		},
		{
			"type": "Feature",
			"geometry": {
				"type": "Point",
				"coordinates": [121.531615, 25.112977]
			},
			"properties": {
				"行政區": "士林區",
				"地址": "忠誠路2段104號對面",
				"備註": "嚴禁投入家用垃圾，違者重罰新臺幣6000元"
			}
		},
		{
			"type": "Feature",
			"geometry": {
				"type": "Point",
				"coordinates": [121.5314705, 25.1128502]
			},
			"properties": {
				"行政區": "士林區",
				"地址": "忠誠路2段98巷對面天母棒球場士東路忠誠路交口",
				"備註": "嚴禁投入家用垃圾，違者重罰新臺幣6000元"
			}
		},
		{
			"type": "Feature",
			"geometry": {
				"type": "Point",
				"coordinates": [121.5319005, 25.11343137]
			},
			"properties": {
				"行政區": "士林區",
				"地址": "忠誠路2段118巷口對面",
				"備註": "嚴禁投入家用垃圾，違者重罰新臺幣6000元"
			}
		},
		{
			"type": "Feature",
			"geometry": {
				"type": "Point",
				"coordinates": [121.533045, 25.114855]
			},
			"properties": {
				"行政區": "士林區",
				"地址": "忠誠路2段154巷對面 (公車站)",
				"備註": "嚴禁投入家用垃圾，違者重罰新臺幣6000元"
			}
		},
		{
			"type": "Feature",
			"geometry": {
				"type": "Point",
				"coordinates": [121.533314, 25.11518]
			},
			"properties": {
				"行政區": "士林區",
				"地址": "忠誠路2段166巷對面",
				"備註": "嚴禁投入家用垃圾，違者重罰新臺幣6000元"
			}
		},
		{
			"type": "Feature",
			"geometry": {
				"type": "Point",
				"coordinates": [121.533636, 25.115594]
			},
			"properties": {
				"行政區": "士林區",
				"地址": "忠誠路2段170號對面(全家對面)",
				"備註": "嚴禁投入家用垃圾，違者重罰新臺幣6000元"
			}
		},
		{
			"type": "Feature",
			"geometry": {
				"type": "Point",
				"coordinates": [121.533543, 25.115912]
			},
			"properties": {
				"行政區": "士林區",
				"地址": "忠誠路2段176號前",
				"備註": "嚴禁投入家用垃圾，違者重罰新臺幣6000元"
			}
		},
		{
			"type": "Feature",
			"geometry": {
				"type": "Point",
				"coordinates": [121.5338114, 25.11589606]
			},
			"properties": {
				"行政區": "士林區",
				"地址": "忠誠路2段178巷對面",
				"備註": "嚴禁投入家用垃圾，違者重罰新臺幣6000元"
			}
		},
		{
			"type": "Feature",
			"geometry": {
				"type": "Point",
				"coordinates": [121.534217, 25.116393]
			},
			"properties": {
				"行政區": "士林區",
				"地址": "忠誠路2段207巷口",
				"備註": "嚴禁投入家用垃圾，違者重罰新臺幣6000元"
			}
		},
		{
			"type": "Feature",
			"geometry": {
				"type": "Point",
				"coordinates": [121.5320202, 25.1126108]
			},
			"properties": {
				"行政區": "士林區",
				"地址": "士東路180號對面(大葉高島屋停車場出口正對面)",
				"備註": "嚴禁投入家用垃圾，違者重罰新臺幣6000元"
			}
		},
		{
			"type": "Feature",
			"geometry": {
				"type": "Point",
				"coordinates": [121.5324072, 25.11269023]
			},
			"properties": {
				"行政區": "士林區",
				"地址": "士東路180號對面(天母棒球場公車站(士東)靠棒球場那側)",
				"備註": "嚴禁投入家用垃圾，違者重罰新臺幣6000元"
			}
		},
		{
			"type": "Feature",
			"geometry": {
				"type": "Point",
				"coordinates": [121.533473, 25.112856]
			},
			"properties": {
				"行政區": "士林區",
				"地址": "士東路200巷對面",
				"備註": "嚴禁投入家用垃圾，違者重罰新臺幣6000元"
			}
		},
		{
			"type": "Feature",
			"geometry": {
				"type": "Point",
				"coordinates": [121.533681, 25.112873]
			},
			"properties": {
				"行政區": "士林區",
				"地址": "士東路208號對面",
				"備註": "嚴禁投入家用垃圾，違者重罰新臺幣6000元"
			}
		},
		{
			"type": "Feature",
			"geometry": {
				"type": "Point",
				"coordinates": [121.5326927, 25.11272353]
			},
			"properties": {
				"行政區": "士林區",
				"地址": "士東路190號對面(法院停車場出口正對面)",
				"備註": "嚴禁投入家用垃圾，違者重罰新臺幣6000元"
			}
		},
		{
			"type": "Feature",
			"geometry": {
				"type": "Point",
				"coordinates": [121.5328219, 25.11461225]
			},
			"properties": {
				"行政區": "士林區",
				"地址": "忠誠路2段148巷對面",
				"備註": "嚴禁投入家用垃圾，違者重罰新臺幣6000元"
			}
		},
		{
			"type": "Feature",
			"geometry": {
				"type": "Point",
				"coordinates": [121.533809, 25.115795]
			},
			"properties": {
				"行政區": "士林區",
				"地址": "忠誠路176號對面",
				"備註": "嚴禁投入家用垃圾，違者重罰新臺幣6000元"
			}
		},
		{
			"type": "Feature",
			"geometry": {
				"type": "Point",
				"coordinates": [121.525218, 25.118442]
			},
			"properties": {
				"行政區": "士林區",
				"地址": "天母西路46之3號",
				"備註": "嚴禁投入家用垃圾，違者重罰新臺幣6000元"
			}
		},
		{
			"type": "Feature",
			"geometry": {
				"type": "Point",
				"coordinates": [121.5254688, 25.0823123]
			},
			"properties": {
				"行政區": "士林區",
				"地址": "中山北路5段6號圓山保齡球館停車入口南側",
				"備註": "嚴禁投入家用垃圾，違者重罰新臺幣6000元"
			}
		},
		{
			"type": "Feature",
			"geometry": {
				"type": "Point",
				"coordinates": [121.52563, 25.082801]
			},
			"properties": {
				"行政區": "士林區",
				"地址": "中山北路5段6號圓山保齡球館停車出口北側",
				"備註": "嚴禁投入家用垃圾，違者重罰新臺幣6000元"
			}
		},
		{
			"type": "Feature",
			"geometry": {
				"type": "Point",
				"coordinates": [121.55574, 25.099308]
			},
			"properties": {
				"行政區": "士林區",
				"地址": "劍南路199巷口(圓明寺旁)3",
				"備註": "嚴禁投入家用垃圾，違者重罰新臺幣6000元"
			}
		},
		{
			"type": "Feature",
			"geometry": {
				"type": "Point",
				"coordinates": [121.526502, 25.086786]
			},
			"properties": {
				"行政區": "士林區",
				"地址": "中山北路5段190巷口",
				"備註": "嚴禁投入家用垃圾，違者重罰新臺幣6000元"
			}
		},
		{
			"type": "Feature",
			"geometry": {
				"type": "Point",
				"coordinates": [121.5254938, 25.087944]
			},
			"properties": {
				"行政區": "士林區",
				"地址": "中山北路5段190巷對面",
				"備註": "嚴禁投入家用垃圾，違者重罰新臺幣6000元"
			}
		},
		{
			"type": "Feature",
			"geometry": {
				"type": "Point",
				"coordinates": [121.531594, 25.096571]
			},
			"properties": {
				"行政區": "士林區",
				"地址": "中正路官邸(中正)公車站右側",
				"備註": "嚴禁投入家用垃圾，違者重罰新臺幣6000元"
			}
		},
		{
			"type": "Feature",
			"geometry": {
				"type": "Point",
				"coordinates": [121.5250622, 25.0843761]
			},
			"properties": {
				"行政區": "士林區",
				"地址": "中山北路劍潭1號出口北側",
				"備註": "嚴禁投入家用垃圾，違者重罰新臺幣6000元"
			}
		},
		{
			"type": "Feature",
			"geometry": {
				"type": "Point",
				"coordinates": [121.5250622, 25.0843762]
			},
			"properties": {
				"行政區": "士林區",
				"地址": "中山北路劍潭1號出口南側",
				"備註": "嚴禁投入家用垃圾，違者重罰新臺幣6000元"
			}
		},
		{
			"type": "Feature",
			"geometry": {
				"type": "Point",
				"coordinates": [121.5242498, 25.0834601]
			},
			"properties": {
				"行政區": "士林區",
				"地址": "中山北路劍潭2號出口北側",
				"備註": "嚴禁投入家用垃圾，違者重罰新臺幣6000元"
			}
		},
		{
			"type": "Feature",
			"geometry": {
				"type": "Point",
				"coordinates": [121.5242498, 25.0834602]
			},
			"properties": {
				"行政區": "士林區",
				"地址": "中山北路劍潭2號出口南側(一)",
				"備註": "嚴禁投入家用垃圾，違者重罰新臺幣6000元"
			}
		},
		{
			"type": "Feature",
			"geometry": {
				"type": "Point",
				"coordinates": [121.5242498, 25.0834603]
			},
			"properties": {
				"行政區": "士林區",
				"地址": "中山北路劍潭2號出口南側(二)",
				"備註": "嚴禁投入家用垃圾，違者重罰新臺幣6000元"
			}
		},
		{
			"type": "Feature",
			"geometry": {
				"type": "Point",
				"coordinates": [121.52674, 25.087151]
			},
			"properties": {
				"行政區": "士林區",
				"地址": "中山北路5段250號銘傳大學中側",
				"備註": "嚴禁投入家用垃圾，違者重罰新臺幣6000元"
			}
		},
		{
			"type": "Feature",
			"geometry": {
				"type": "Point",
				"coordinates": [121.526824, 25.087265]
			},
			"properties": {
				"行政區": "士林區",
				"地址": "中山北路5段250號銘傳大學北側",
				"備註": "嚴禁投入家用垃圾，違者重罰新臺幣6000元"
			}
		},
		{
			"type": "Feature",
			"geometry": {
				"type": "Point",
				"coordinates": [121.527629, 25.090682]
			},
			"properties": {
				"行政區": "士林區",
				"地址": "中山北路5段380號北側",
				"備註": "嚴禁投入家用垃圾，違者重罰新臺幣6000元"
			}
		},
		{
			"type": "Feature",
			"geometry": {
				"type": "Point",
				"coordinates": [121.527804, 25.091622]
			},
			"properties": {
				"行政區": "士林區",
				"地址": "中山北路5段455號對面",
				"備註": "嚴禁投入家用垃圾，違者重罰新臺幣6000元"
			}
		},
		{
			"type": "Feature",
			"geometry": {
				"type": "Point",
				"coordinates": [121.52822, 25.093772]
			},
			"properties": {
				"行政區": "士林區",
				"地址": "中山北路5段與福林路交叉口",
				"備註": "嚴禁投入家用垃圾，違者重罰新臺幣6000元"
			}
		},
		{
			"type": "Feature",
			"geometry": {
				"type": "Point",
				"coordinates": [121.528314, 25.094508]
			},
			"properties": {
				"行政區": "士林區",
				"地址": "中山北路5段雙號士林官邸(中山)公車站旁",
				"備註": "嚴禁投入家用垃圾，違者重罰新臺幣6000元"
			}
		},
		{
			"type": "Feature",
			"geometry": {
				"type": "Point",
				"coordinates": [121.52861, 25.09568]
			},
			"properties": {
				"行政區": "士林區",
				"地址": "中正路115號",
				"備註": "嚴禁投入家用垃圾，違者重罰新臺幣6000元"
			}
		},
		{
			"type": "Feature",
			"geometry": {
				"type": "Point",
				"coordinates": [121.5299716, 25.0961918]
			},
			"properties": {
				"行政區": "士林區",
				"地址": "中正路福林公園停車場",
				"備註": "嚴禁投入家用垃圾，違者重罰新臺幣6000元"
			}
		},
		{
			"type": "Feature",
			"geometry": {
				"type": "Point",
				"coordinates": [121.531296, 25.096266]
			},
			"properties": {
				"行政區": "士林區",
				"地址": "至善路1段單號東吳大學(錢穆故居)站牌2",
				"備註": "嚴禁投入家用垃圾，違者重罰新臺幣6000元"
			}
		},
		{
			"type": "Feature",
			"geometry": {
				"type": "Point",
				"coordinates": [121.5315987, 25.0963745]
			},
			"properties": {
				"行政區": "士林區",
				"地址": "中正路官邸(中正)公車站旁(左側)",
				"備註": "嚴禁投入家用垃圾，違者重罰新臺幣6000元"
			}
		},
		{
			"type": "Feature",
			"geometry": {
				"type": "Point",
				"coordinates": [121.529595, 25.096197]
			},
			"properties": {
				"行政區": "士林區",
				"地址": "中正路104巷福林國小公車站北側",
				"備註": "嚴禁投入家用垃圾，違者重罰新臺幣6000元"
			}
		},
		{
			"type": "Feature",
			"geometry": {
				"type": "Point",
				"coordinates": [121.5415568, 25.0971772]
			},
			"properties": {
				"行政區": "士林區",
				"地址": "至善路1段軍營側門口",
				"備註": "嚴禁投入家用垃圾，違者重罰新臺幣6000元"
			}
		},
		{
			"type": "Feature",
			"geometry": {
				"type": "Point",
				"coordinates": [121.542136, 25.097049]
			},
			"properties": {
				"行政區": "士林區",
				"地址": "至善路1段東吳大學(錢穆故居)公車站南側",
				"備註": "嚴禁投入家用垃圾，違者重罰新臺幣6000元"
			}
		},
		{
			"type": "Feature",
			"geometry": {
				"type": "Point",
				"coordinates": [121.533216, 25.0971]
			},
			"properties": {
				"行政區": "士林區",
				"地址": "福林路240號泰北中學公車站(右側)",
				"備註": "嚴禁投入家用垃圾，違者重罰新臺幣6000元"
			}
		},
		{
			"type": "Feature",
			"geometry": {
				"type": "Point",
				"coordinates": [121.533477, 25.09726]
			},
			"properties": {
				"行政區": "士林區",
				"地址": "福林路240號泰北中學公車站(左側)",
				"備註": "嚴禁投入家用垃圾，違者重罰新臺幣6000元"
			}
		},
		{
			"type": "Feature",
			"geometry": {
				"type": "Point",
				"coordinates": [121.546724, 25.097417]
			},
			"properties": {
				"行政區": "士林區",
				"地址": "故宮路外雙溪(故宮)公車站旁",
				"備註": "嚴禁投入家用垃圾，違者重罰新臺幣6000元"
			}
		},
		{
			"type": "Feature",
			"geometry": {
				"type": "Point",
				"coordinates": [121.552664, 25.10177]
			},
			"properties": {
				"行政區": "士林區",
				"地址": "至善路2段322巷口衛理女中(原住民文化主題公園)公車站旁",
				"備註": "嚴禁投入家用垃圾，違者重罰新臺幣6000元"
			}
		},
		{
			"type": "Feature",
			"geometry": {
				"type": "Point",
				"coordinates": [121.555748, 25.103824]
			},
			"properties": {
				"行政區": "士林區",
				"地址": "至善路2段360號至善國中公車站旁",
				"備註": "嚴禁投入家用垃圾，違者重罰新臺幣6000元"
			}
		},
		{
			"type": "Feature",
			"geometry": {
				"type": "Point",
				"coordinates": [121.5575265, 25.1071651]
			},
			"properties": {
				"行政區": "士林區",
				"地址": "至善路2段雙號劍南橋公車站旁",
				"備註": "嚴禁投入家用垃圾，違者重罰新臺幣6000元"
			}
		},
		{
			"type": "Feature",
			"geometry": {
				"type": "Point",
				"coordinates": [121.571194, 25.107801]
			},
			"properties": {
				"行政區": "士林區",
				"地址": "中社路2段185巷口旁",
				"備註": "嚴禁投入家用垃圾，違者重罰新臺幣6000元"
			}
		},
		{
			"type": "Feature",
			"geometry": {
				"type": "Point",
				"coordinates": [121.571327, 25.107892]
			},
			"properties": {
				"行政區": "士林區",
				"地址": "中社路2段185巷口旁1",
				"備註": "嚴禁投入家用垃圾，違者重罰新臺幣6000元"
			}
		},
		{
			"type": "Feature",
			"geometry": {
				"type": "Point",
				"coordinates": [121.551098, 25.100787]
			},
			"properties": {
				"行政區": "士林區",
				"地址": "至善路2段274號對面",
				"備註": "嚴禁投入家用垃圾，違者重罰新臺幣6000元"
			}
		},
		{
			"type": "Feature",
			"geometry": {
				"type": "Point",
				"coordinates": [121.550355, 25.100302]
			},
			"properties": {
				"行政區": "士林區",
				"地址": "至善路2段250號對面",
				"備註": "嚴禁投入家用垃圾，違者重罰新臺幣6000元"
			}
		},
		{
			"type": "Feature",
			"geometry": {
				"type": "Point",
				"coordinates": [121.549797, 25.100279]
			},
			"properties": {
				"行政區": "士林區",
				"地址": "至善路2段321號故宮2",
				"備註": "嚴禁投入家用垃圾，違者重罰新臺幣6000元"
			}
		},
		{
			"type": "Feature",
			"geometry": {
				"type": "Point",
				"coordinates": [121.549599, 25.10024]
			},
			"properties": {
				"行政區": "士林區",
				"地址": "至善路2段321號故宮3",
				"備註": "嚴禁投入家用垃圾，違者重罰新臺幣6000元"
			}
		},
		{
			"type": "Feature",
			"geometry": {
				"type": "Point",
				"coordinates": [121.547662, 25.098839]
			},
			"properties": {
				"行政區": "士林區",
				"地址": "至善路2段143巷口外雙溪公車站牌旁",
				"備註": "嚴禁投入家用垃圾，違者重罰新臺幣6000元"
			}
		},
		{
			"type": "Feature",
			"geometry": {
				"type": "Point",
				"coordinates": [121.534054, 25.097738]
			},
			"properties": {
				"行政區": "士林區",
				"地址": "福林路單號泰北中學公車站旁",
				"備註": "嚴禁投入家用垃圾，違者重罰新臺幣6000元"
			}
		},
		{
			"type": "Feature",
			"geometry": {
				"type": "Point",
				"coordinates": [121.527637, 25.092467]
			},
			"properties": {
				"行政區": "士林區",
				"地址": "中山北路5段463號",
				"備註": "嚴禁投入家用垃圾，違者重罰新臺幣6000元"
			}
		},
		{
			"type": "Feature",
			"geometry": {
				"type": "Point",
				"coordinates": [121.533927, 25.097649]
			},
			"properties": {
				"行政區": "士林區",
				"地址": "福林路209號",
				"備註": "嚴禁投入家用垃圾，違者重罰新臺幣6000元"
			}
		},
		{
			"type": "Feature",
			"geometry": {
				"type": "Point",
				"coordinates": [121.5575265, 25.1071651]
			},
			"properties": {
				"行政區": "士林區",
				"地址": "至善路2段劍南橋入口",
				"備註": "嚴禁投入家用垃圾，違者重罰新臺幣6000元"
			}
		},
		{
			"type": "Feature",
			"geometry": {
				"type": "Point",
				"coordinates": [121.550027, 25.100123]
			},
			"properties": {
				"行政區": "士林區",
				"地址": "至善路2段321號故宮1",
				"備註": "嚴禁投入家用垃圾，違者重罰新臺幣6000元"
			}
		},
		{
			"type": "Feature",
			"geometry": {
				"type": "Point",
				"coordinates": [121.549311, 25.099844]
			},
			"properties": {
				"行政區": "士林區",
				"地址": "至善路2段321號故宮4",
				"備註": "嚴禁投入家用垃圾，違者重罰新臺幣6000元"
			}
		},
		{
			"type": "Feature",
			"geometry": {
				"type": "Point",
				"coordinates": [121.555517, 25.099313]
			},
			"properties": {
				"行政區": "士林區",
				"地址": "劍南路199巷口(圓明寺旁)1",
				"備註": "嚴禁投入家用垃圾，違者重罰新臺幣6000元"
			}
		},
		{
			"type": "Feature",
			"geometry": {
				"type": "Point",
				"coordinates": [121.555614, 25.099339]
			},
			"properties": {
				"行政區": "士林區",
				"地址": "劍南路199巷口(圓明寺旁)2",
				"備註": "嚴禁投入家用垃圾，違者重罰新臺幣6000元"
			}
		},
		{
			"type": "Feature",
			"geometry": {
				"type": "Point",
				"coordinates": [121.554691, 25.096939]
			},
			"properties": {
				"行政區": "士林區",
				"地址": "劍南路登山步道口1",
				"備註": "嚴禁投入家用垃圾，違者重罰新臺幣6000元"
			}
		},
		{
			"type": "Feature",
			"geometry": {
				"type": "Point",
				"coordinates": [121.554716, 25.097107]
			},
			"properties": {
				"行政區": "士林區",
				"地址": "劍南路登山步道口2",
				"備註": "嚴禁投入家用垃圾，違者重罰新臺幣6000元"
			}
		},
		{
			"type": "Feature",
			"geometry": {
				"type": "Point",
				"coordinates": [121.554487, 25.097078]
			},
			"properties": {
				"行政區": "士林區",
				"地址": "劍南路登山步道口3",
				"備註": "嚴禁投入家用垃圾，違者重罰新臺幣6000元"
			}
		},
		{
			"type": "Feature",
			"geometry": {
				"type": "Point",
				"coordinates": [121.587919, 25.126994]
			},
			"properties": {
				"行政區": "士林區",
				"地址": "至善路聖人瀑布前1",
				"備註": "嚴禁投入家用垃圾，違者重罰新臺幣6000元"
			}
		},
		{
			"type": "Feature",
			"geometry": {
				"type": "Point",
				"coordinates": [121.587917, 25.127078]
			},
			"properties": {
				"行政區": "士林區",
				"地址": "至善路聖人瀑布前2",
				"備註": "嚴禁投入家用垃圾，違者重罰新臺幣6000元"
			}
		},
		{
			"type": "Feature",
			"geometry": {
				"type": "Point",
				"coordinates": [121.587995, 25.127103]
			},
			"properties": {
				"行政區": "士林區",
				"地址": "至善路聖人瀑布前3",
				"備註": "嚴禁投入家用垃圾，違者重罰新臺幣6000元"
			}
		},
		{
			"type": "Feature",
			"geometry": {
				"type": "Point",
				"coordinates": [121.588069, 25.127112]
			},
			"properties": {
				"行政區": "士林區",
				"地址": "至善路聖人瀑布前4",
				"備註": "嚴禁投入家用垃圾，違者重罰新臺幣6000元"
			}
		},
		{
			"type": "Feature",
			"geometry": {
				"type": "Point",
				"coordinates": [121.541346, 25.097431]
			},
			"properties": {
				"行政區": "士林區",
				"地址": "至善路1段單號東吳大學(錢穆故居)站牌1",
				"備註": "嚴禁投入家用垃圾，違者重罰新臺幣6000元"
			}
		},
		{
			"type": "Feature",
			"geometry": {
				"type": "Point",
				"coordinates": [121.540296, 25.097541]
			},
			"properties": {
				"行政區": "士林區",
				"地址": "至善路1段單號梅林新村站牌1",
				"備註": "嚴禁投入家用垃圾，違者重罰新臺幣6000元"
			}
		},
		{
			"type": "Feature",
			"geometry": {
				"type": "Point",
				"coordinates": [121.540028, 25.097578]
			},
			"properties": {
				"行政區": "士林區",
				"地址": "至善路1段單號梅林新村站牌2",
				"備註": "嚴禁投入家用垃圾，違者重罰新臺幣6000元"
			}
		},
		{
			"type": "Feature",
			"geometry": {
				"type": "Point",
				"coordinates": [121.581736, 25.122863]
			},
			"properties": {
				"行政區": "士林區",
				"地址": "至善路3段371巷土地公廟前",
				"備註": "嚴禁投入家用垃圾，違者重罰新臺幣6000元"
			}
		},
		{
			"type": "Feature",
			"geometry": {
				"type": "Point",
				"coordinates": [121.581841, 25.122867]
			},
			"properties": {
				"行政區": "士林區",
				"地址": "至善路3段371巷土地公廟前1",
				"備註": "嚴禁投入家用垃圾，違者重罰新臺幣6000元"
			}
		},
		{
			"type": "Feature",
			"geometry": {
				"type": "Point",
				"coordinates": [121.581955, 25.122871]
			},
			"properties": {
				"行政區": "士林區",
				"地址": "至善路3段371巷土地公廟前2",
				"備註": "嚴禁投入家用垃圾，違者重罰新臺幣6000元"
			}
		},
		{
			"type": "Feature",
			"geometry": {
				"type": "Point",
				"coordinates": [121.527602, 25.092227]
			},
			"properties": {
				"行政區": "士林區",
				"地址": "中山北路5段467號",
				"備註": "嚴禁投入家用垃圾，違者重罰新臺幣6000元"
			}
		},
		{
			"type": "Feature",
			"geometry": {
				"type": "Point",
				"coordinates": [121.52729, 25.090586]
			},
			"properties": {
				"行政區": "士林區",
				"地址": "中山北路5段(單號)台電台北北區營業處公車站南側)",
				"備註": "嚴禁投入家用垃圾，違者重罰新臺幣6000元"
			}
		},
		{
			"type": "Feature",
			"geometry": {
				"type": "Point",
				"coordinates": [121.5314369, 25.0963783]
			},
			"properties": {
				"行政區": "士林區",
				"地址": "(單號)士林官邸(中正)公車站右側",
				"備註": "嚴禁投入家用垃圾，違者重罰新臺幣6000元"
			}
		},
		{
			"type": "Feature",
			"geometry": {
				"type": "Point",
				"coordinates": [121.5312987, 25.0964382]
			},
			"properties": {
				"行政區": "士林區",
				"地址": "中正路志成公園前",
				"備註": "嚴禁投入家用垃圾，違者重罰新臺幣6000元"
			}
		},
		{
			"type": "Feature",
			"geometry": {
				"type": "Point",
				"coordinates": [121.524317, 25.081383]
			},
			"properties": {
				"行政區": "士林區",
				"地址": "劍潭公車站(一)",
				"備註": "嚴禁投入家用垃圾，違者重罰新臺幣6000元"
			}
		},
		{
			"type": "Feature",
			"geometry": {
				"type": "Point",
				"coordinates": [121.254119, 25.080673]
			},
			"properties": {
				"行政區": "士林區",
				"地址": "劍潭公車站(二)",
				"備註": "嚴禁投入家用垃圾，違者重罰新臺幣6000元"
			}
		},
		{
			"type": "Feature",
			"geometry": {
				"type": "Point",
				"coordinates": [121.52478, 25.08628]
			},
			"properties": {
				"行政區": "士林區",
				"地址": "基河路劍潭捷運站1號出口(公車站牌中間電線桿旁)-1",
				"備註": "嚴禁投入家用垃圾，違者重罰新臺幣6000元"
			}
		},
		{
			"type": "Feature",
			"geometry": {
				"type": "Point",
				"coordinates": [121.52506, 25.08583]
			},
			"properties": {
				"行政區": "士林區",
				"地址": "基河路劍潭捷運站1號十字路口 (1807水泥柱)",
				"備註": "嚴禁投入家用垃圾，違者重罰新臺幣6000元"
			}
		},
		{
			"type": "Feature",
			"geometry": {
				"type": "Point",
				"coordinates": [121.52507, 25.08557]
			},
			"properties": {
				"行政區": "士林區",
				"地址": "基河路劍潭捷運站1號十字路口 (1806D水泥柱)",
				"備註": "嚴禁投入家用垃圾，違者重罰新臺幣6000元"
			}
		},
		{
			"type": "Feature",
			"geometry": {
				"type": "Point",
				"coordinates": [121.52481, 25.08518]
			},
			"properties": {
				"行政區": "士林區",
				"地址": "基河路劍潭捷運站1號出口(公車站旁)",
				"備註": "嚴禁投入家用垃圾，違者重罰新臺幣6000元"
			}
		},
		{
			"type": "Feature",
			"geometry": {
				"type": "Point",
				"coordinates": [121.52343, 25.08851]
			},
			"properties": {
				"行政區": "士林區",
				"地址": "基河路劍潭捷運站1號出口(公車站後方)-2",
				"備註": "嚴禁投入家用垃圾，違者重罰新臺幣6000元"
			}
		},
		{
			"type": "Feature",
			"geometry": {
				"type": "Point",
				"coordinates": [121.51759, 25.09552]
			},
			"properties": {
				"行政區": "士林區",
				"地址": "基河路中正路418號-側1",
				"備註": "嚴禁投入家用垃圾，違者重罰新臺幣6000元"
			}
		},
		{
			"type": "Feature",
			"geometry": {
				"type": "Point",
				"coordinates": [121.519944, 25.093503]
			},
			"properties": {
				"行政區": "士林區",
				"地址": "基河路中正路418號-側2",
				"備註": "嚴禁投入家用垃圾，違者重罰新臺幣6000元"
			}
		},
		{
			"type": "Feature",
			"geometry": {
				"type": "Point",
				"coordinates": [121.51994, 25.09364]
			},
			"properties": {
				"行政區": "士林區",
				"地址": "基河路中正路418號-側3",
				"備註": "嚴禁投入家用垃圾，違者重罰新臺幣6000元"
			}
		},
		{
			"type": "Feature",
			"geometry": {
				"type": "Point",
				"coordinates": [121.51931, 25.09379]
			},
			"properties": {
				"行政區": "士林區",
				"地址": "基河路中正路418號-側4",
				"備註": "嚴禁投入家用垃圾，違者重罰新臺幣6000元"
			}
		},
		{
			"type": "Feature",
			"geometry": {
				"type": "Point",
				"coordinates": [121.52471, 25.08614]
			},
			"properties": {
				"行政區": "士林區",
				"地址": "基河路台北表演藝術中心-1",
				"備註": "嚴禁投入家用垃圾，違者重罰新臺幣6000元"
			}
		},
		{
			"type": "Feature",
			"geometry": {
				"type": "Point",
				"coordinates": [121.52497, 25.08547]
			},
			"properties": {
				"行政區": "士林區",
				"地址": "基河路台北表演藝術中心-2",
				"備註": "嚴禁投入家用垃圾，違者重罰新臺幣6000元"
			}
		},
		{
			"type": "Feature",
			"geometry": {
				"type": "Point",
				"coordinates": [121.51931, 25.09379]
			},
			"properties": {
				"行政區": "士林區",
				"地址": "基河路中正路418號-側4",
				"備註": "嚴禁投入家用垃圾，違者重罰新臺幣6000元"
			}
		},
		{
			"type": "Feature",
			"geometry": {
				"type": "Point",
				"coordinates": [121.52471, 25.08614]
			},
			"properties": {
				"行政區": "士林區",
				"地址": "基河路台北表演藝術中心-1",
				"備註": "嚴禁投入家用垃圾，違者重罰新臺幣6000元"
			}
		},
		{
			"type": "Feature",
			"geometry": {
				"type": "Point",
				"coordinates": [121.52497, 25.08547]
			},
			"properties": {
				"行政區": "士林區",
				"地址": "基河路台北表演藝術中心-2",
				"備註": "嚴禁投入家用垃圾，違者重罰新臺幣6000元"
			}
		},
		{
			"type": "Feature",
			"geometry": {
				"type": "Point",
				"coordinates": [121.524902, 25.085035]
			},
			"properties": {
				"行政區": "士林區",
				"地址": "基河路基河路台北表演藝術中心右3",
				"備註": "嚴禁投入家用垃圾，違者重罰新臺幣6000元"
			}
		},
		{
			"type": "Feature",
			"geometry": {
				"type": "Point",
				"coordinates": [121.524834, 25.084798]
			},
			"properties": {
				"行政區": "士林區",
				"地址": "基河路台北表演藝術中心右4",
				"備註": "嚴禁投入家用垃圾，違者重罰新臺幣6000元"
			}
		},
		{
			"type": "Feature",
			"geometry": {
				"type": "Point",
				"coordinates": [121.52423, 25.08723]
			},
			"properties": {
				"行政區": "士林區",
				"地址": "基河路台北表演藝術中心-5(公車站牌前電線桿旁)",
				"備註": "嚴禁投入家用垃圾，違者重罰新臺幣6000元"
			}
		},
		{
			"type": "Feature",
			"geometry": {
				"type": "Point",
				"coordinates": [121.5249, 25.0942]
			},
			"properties": {
				"行政區": "士林區",
				"地址": "文林路文林路587巷-兒童樂園停車場出口右1",
				"備註": "嚴禁投入家用垃圾，違者重罰新臺幣6000元"
			}
		},
		{
			"type": "Feature",
			"geometry": {
				"type": "Point",
				"coordinates": [121.52297, 25.09467]
			},
			"properties": {
				"行政區": "士林區",
				"地址": "中正路文林路587巷-兒童樂園停車場出口右2",
				"備註": "嚴禁投入家用垃圾，違者重罰新臺幣6000元"
			}
		},
		{
			"type": "Feature",
			"geometry": {
				"type": "Point",
				"coordinates": [121.52319, 25.09468]
			},
			"properties": {
				"行政區": "士林區",
				"地址": "中正路文林路587巷-兒童樂園停車場出口右3",
				"備註": "嚴禁投入家用垃圾，違者重罰新臺幣6000元"
			}
		},
		{
			"type": "Feature",
			"geometry": {
				"type": "Point",
				"coordinates": [121.52114, 25.09422]
			},
			"properties": {
				"行政區": "士林區",
				"地址": "中正路文林路587巷-兒童樂園停車場出口右4",
				"備註": "嚴禁投入家用垃圾，違者重罰新臺幣6000元"
			}
		},
		{
			"type": "Feature",
			"geometry": {
				"type": "Point",
				"coordinates": [121.52107, 25.09171]
			},
			"properties": {
				"行政區": "士林區",
				"地址": "基河路250號新光會館前",
				"備註": "嚴禁投入家用垃圾，違者重罰新臺幣6000元"
			}
		},
		{
			"type": "Feature",
			"geometry": {
				"type": "Point",
				"coordinates": [121.51764, 25.0953]
			},
			"properties": {
				"行政區": "士林區",
				"地址": "基河路420號 郵局門口",
				"備註": "嚴禁投入家用垃圾，違者重罰新臺幣6000元"
			}
		},
		{
			"type": "Feature",
			"geometry": {
				"type": "Point",
				"coordinates": [121.52066, 25.0926]
			},
			"properties": {
				"行政區": "士林區",
				"地址": "基河路中正路324號(士林國中對面7-11)",
				"備註": "嚴禁投入家用垃圾，違者重罰新臺幣6000元"
			}
		},
		{
			"type": "Feature",
			"geometry": {
				"type": "Point",
				"coordinates": [121.52316, 25.0894]
			},
			"properties": {
				"行政區": "士林區",
				"地址": "基河路基河路173號(詹士)",
				"備註": "嚴禁投入家用垃圾，違者重罰新臺幣6000元"
			}
		},
		{
			"type": "Feature",
			"geometry": {
				"type": "Point",
				"coordinates": [121.52275, 25.09447]
			},
			"properties": {
				"行政區": "士林區",
				"地址": "中正路中正路282號",
				"備註": "嚴禁投入家用垃圾，違者重罰新臺幣6000元"
			}
		},
		{
			"type": "Feature",
			"geometry": {
				"type": "Point",
				"coordinates": [121.52095, 25.09405]
			},
			"properties": {
				"行政區": "士林區",
				"地址": "中正路409號對面",
				"備註": "嚴禁投入家用垃圾，違者重罰新臺幣6000元"
			}
		},
		{
			"type": "Feature",
			"geometry": {
				"type": "Point",
				"coordinates": [121.52062, 25.09246]
			},
			"properties": {
				"行政區": "士林區",
				"地址": "基河路與中正路435巷口對面(特立屋)",
				"備註": "嚴禁投入家用垃圾，違者重罰新臺幣6000元"
			}
		},
		{
			"type": "Feature",
			"geometry": {
				"type": "Point",
				"coordinates": [121.5231, 25.08958]
			},
			"properties": {
				"行政區": "士林區",
				"地址": "大南路138號(福德宮前)",
				"備註": "嚴禁投入家用垃圾，違者重罰新臺幣6000元"
			}
		},
		{
			"type": "Feature",
			"geometry": {
				"type": "Point",
				"coordinates": [121.520765, 25.093966]
			},
			"properties": {
				"行政區": "士林區",
				"地址": "中正路405號對面 公車站牌旁(士林區行政中心-中正)",
				"備註": "嚴禁投入家用垃圾，違者重罰新臺幣6000元"
			}
		},
		{
			"type": "Feature",
			"geometry": {
				"type": "Point",
				"coordinates": [121.5181, 25.0945]
			},
			"properties": {
				"行政區": "士林區",
				"地址": "基河路366號前(7-11)",
				"備註": "嚴禁投入家用垃圾，違者重罰新臺幣6000元"
			}
		},
		{
			"type": "Feature",
			"geometry": {
				"type": "Point",
				"coordinates": [121.51806, 25.09538]
			},
			"properties": {
				"行政區": "士林區",
				"地址": "基河路396巷2號對面(科教館-2)",
				"備註": "嚴禁投入家用垃圾，違者重罰新臺幣6000元"
			}
		},
		{
			"type": "Feature",
			"geometry": {
				"type": "Point",
				"coordinates": [121.51759, 25.09552]
			},
			"properties": {
				"行政區": "士林區",
				"地址": "基河路基河路公車站牌(科教館-1)",
				"備註": "嚴禁投入家用垃圾，違者重罰新臺幣6000元"
			}
		},
		{
			"type": "Feature",
			"geometry": {
				"type": "Point",
				"coordinates": [121.520463, 25.09293]
			},
			"properties": {
				"行政區": "士林區",
				"地址": "基河路258號(特力屋)對面公車站牌(綠地)",
				"備註": "嚴禁投入家用垃圾，違者重罰新臺幣6000元"
			}
		},
		{
			"type": "Feature",
			"geometry": {
				"type": "Point",
				"coordinates": [121.51854, 25.09533]
			},
			"properties": {
				"行政區": "士林區",
				"地址": "基河路基河路382號前(天文館前-1)",
				"備註": "嚴禁投入家用垃圾，違者重罰新臺幣6000元"
			}
		},
		{
			"type": "Feature",
			"geometry": {
				"type": "Point",
				"coordinates": [121.52107, 25.092058]
			},
			"properties": {
				"行政區": "士林區",
				"地址": "基河路350號對面(公車站出口旁)",
				"備註": "嚴禁投入家用垃圾，違者重罰新臺幣6000元"
			}
		},
		{
			"type": "Feature",
			"geometry": {
				"type": "Point",
				"coordinates": [121.52107, 25.092058]
			},
			"properties": {
				"行政區": "士林區",
				"地址": "基河路366號對面(公車站出口)",
				"備註": "嚴禁投入家用垃圾，違者重罰新臺幣6000元"
			}
		},
		{
			"type": "Feature",
			"geometry": {
				"type": "Point",
				"coordinates": [121.524656, 25.08355]
			},
			"properties": {
				"行政區": "士林區",
				"地址": "基河路28號捷運劍潭站2號出口(右側)",
				"備註": "嚴禁投入家用垃圾，違者重罰新臺幣6000元"
			}
		},
		{
			"type": "Feature",
			"geometry": {
				"type": "Point",
				"coordinates": [121.514536, 25.096283]
			},
			"properties": {
				"行政區": "士林區",
				"地址": "承德路5段55號兒童新樂園公車站",
				"備註": "嚴禁投入家用垃圾，違者重罰新臺幣6000元"
			}
		},
		{
			"type": "Feature",
			"geometry": {
				"type": "Point",
				"coordinates": [121.515708, 25.096309]
			},
			"properties": {
				"行政區": "士林區",
				"地址": "士商路189號科教館(左側)",
				"備註": "嚴禁投入家用垃圾，違者重罰新臺幣6000元"
			}
		},
		{
			"type": "Feature",
			"geometry": {
				"type": "Point",
				"coordinates": [121.516028, 25.095847]
			},
			"properties": {
				"行政區": "士林區",
				"地址": "士商路189號科教館(右側)",
				"備註": "嚴禁投入家用垃圾，違者重罰新臺幣6000元"
			}
		},
		{
			"type": "Feature",
			"geometry": {
				"type": "Point",
				"coordinates": [121.517258, 25.095291]
			},
			"properties": {
				"行政區": "士林區",
				"地址": "士商路189號科教館(靠基河路396巷右側公車站) ",
				"備註": "嚴禁投入家用垃圾，違者重罰新臺幣6000元"
			}
		},
		{
			"type": "Feature",
			"geometry": {
				"type": "Point",
				"coordinates": [121.5241634, 25.08048323]
			},
			"properties": {
				"行政區": "士林區",
				"地址": "中山北路4段67號公車站對面左側",
				"備註": "嚴禁投入家用垃圾，違者重罰新臺幣6000元"
			}
		},
		{
			"type": "Feature",
			"geometry": {
				"type": "Point",
				"coordinates": [121.524406, 25.079211]
			},
			"properties": {
				"行政區": "士林區",
				"地址": "中山北路4段4號(劍潭活動青年海外中心前人行道後段)",
				"備註": "嚴禁投入家用垃圾，違者重罰新臺幣6000元"
			}
		},
		{
			"type": "Feature",
			"geometry": {
				"type": "Point",
				"coordinates": [121.5247256, 25.07809817]
			},
			"properties": {
				"行政區": "士林區",
				"地址": "中山北路4段4號(劍潭活動青年海外中心前人行道末段)",
				"備註": "嚴禁投入家用垃圾，違者重罰新臺幣6000元"
			}
		},
		{
			"type": "Feature",
			"geometry": {
				"type": "Point",
				"coordinates": [121.5241851, 25.0805325]
			},
			"properties": {
				"行政區": "士林區",
				"地址": "中山北路4段67號公車站對面右側",
				"備註": "嚴禁投入家用垃圾，違者重罰新臺幣6000元"
			}
		},
		{
			"type": "Feature",
			"geometry": {
				"type": "Point",
				"coordinates": [121.524572, 25.07971436]
			},
			"properties": {
				"行政區": "士林區",
				"地址": "中山北路4段4號劍潭活動青年海外中心對面",
				"備註": "嚴禁投入家用垃圾，違者重罰新臺幣6000元"
			}
		},
		{
			"type": "Feature",
			"geometry": {
				"type": "Point",
				"coordinates": [121.52338, 25.084094]
			},
			"properties": {
				"行政區": "士林區",
				"地址": "劍潭路11號旁公園",
				"備註": "嚴禁投入家用垃圾，違者重罰新臺幣6000元"
			}
		},
		{
			"type": "Feature",
			"geometry": {
				"type": "Point",
				"coordinates": [121.524371, 25.080584]
			},
			"properties": {
				"行政區": "士林區",
				"地址": "中山北路4段67號(公車站旁)(一)",
				"備註": "嚴禁投入家用垃圾，違者重罰新臺幣6000元"
			}
		},
		{
			"type": "Feature",
			"geometry": {
				"type": "Point",
				"coordinates": [121.524373, 25.080554]
			},
			"properties": {
				"行政區": "士林區",
				"地址": "中山北路4段67號(公車站旁靠福正宮)",
				"備註": "嚴禁投入家用垃圾，違者重罰新臺幣6000元"
			}
		},
		{
			"type": "Feature",
			"geometry": {
				"type": "Point",
				"coordinates": [121.51461, 25.09626]
			},
			"properties": {
				"行政區": "士林區",
				"地址": "承德路5段55號兒童新樂園公車站(左側)",
				"備註": "嚴禁投入家用垃圾，違者重罰新臺幣6000元"
			}
		},
		{
			"type": "Feature",
			"geometry": {
				"type": "Point",
				"coordinates": [121.524384, 25.080436]
			},
			"properties": {
				"行政區": "士林區",
				"地址": "中山北路4段67號(左側)",
				"備註": "嚴禁投入家用垃圾，違者重罰新臺幣6000元"
			}
		},
		{
			"type": "Feature",
			"geometry": {
				"type": "Point",
				"coordinates": [121.524385, 25.080388]
			},
			"properties": {
				"行政區": "士林區",
				"地址": "中山北路4段67號(右側)",
				"備註": "嚴禁投入家用垃圾，違者重罰新臺幣6000元"
			}
		},
		{
			"type": "Feature",
			"geometry": {
				"type": "Point",
				"coordinates": [121.523328, 25.083402]
			},
			"properties": {
				"行政區": "士林區",
				"地址": "承德路4段118號",
				"備註": "嚴禁投入家用垃圾，違者重罰新臺幣6000元"
			}
		},
		{
			"type": "Feature",
			"geometry": {
				"type": "Point",
				"coordinates": [121.524641, 25.083431]
			},
			"properties": {
				"行政區": "士林區",
				"地址": "基河路18號對面(左側)",
				"備註": "嚴禁投入家用垃圾，違者重罰新臺幣6000元"
			}
		},
		{
			"type": "Feature",
			"geometry": {
				"type": "Point",
				"coordinates": [121.524652, 25.083487]
			},
			"properties": {
				"行政區": "士林區",
				"地址": "基河路18號對面(右側)",
				"備註": "嚴禁投入家用垃圾，違者重罰新臺幣6000元"
			}
		},
		{
			"type": "Feature",
			"geometry": {
				"type": "Point",
				"coordinates": [121.523371, 25.083803]
			},
			"properties": {
				"行政區": "士林區",
				"地址": "承德路4段120號",
				"備註": "嚴禁投入家用垃圾，違者重罰新臺幣6000元"
			}
		},
		{
			"type": "Feature",
			"geometry": {
				"type": "Point",
				"coordinates": [121.51461, 25.09627]
			},
			"properties": {
				"行政區": "士林區",
				"地址": "承德路5段55號兒童新樂園公車站(右側)",
				"備註": "嚴禁投入家用垃圾，違者重罰新臺幣6000元"
			}
		},
		{
			"type": "Feature",
			"geometry": {
				"type": "Point",
				"coordinates": [121.516139, 25.09583]
			},
			"properties": {
				"行政區": "士林區",
				"地址": "士商路189號",
				"備註": "嚴禁投入家用垃圾，違者重罰新臺幣6000元"
			}
		},
		{
			"type": "Feature",
			"geometry": {
				"type": "Point",
				"coordinates": [121.524161, 25.080415]
			},
			"properties": {
				"行政區": "士林區",
				"地址": "中山北路4段67號對面人行道(靠捷運站)",
				"備註": "嚴禁投入家用垃圾，違者重罰新臺幣6000元"
			}
		},
		{
			"type": "Feature",
			"geometry": {
				"type": "Point",
				"coordinates": [121.524157, 25.080312]
			},
			"properties": {
				"行政區": "士林區",
				"地址": "中山北路4段67號對面人行道(靠通河街)",
				"備註": "嚴禁投入家用垃圾，違者重罰新臺幣6000元"
			}
		},
		{
			"type": "Feature",
			"geometry": {
				"type": "Point",
				"coordinates": [121.517373, 25.095349]
			},
			"properties": {
				"行政區": "士林區",
				"地址": "士商路189號科教館(靠基河路396巷左側公車站)",
				"備註": "嚴禁投入家用垃圾，違者重罰新臺幣6000元"
			}
		},
		{
			"type": "Feature",
			"geometry": {
				"type": "Point",
				"coordinates": [121.5246579, 25.0835886]
			},
			"properties": {
				"行政區": "士林區",
				"地址": "基河路28號捷運劍潭站2號出口(左側)",
				"備註": "嚴禁投入家用垃圾，違者重罰新臺幣6000元"
			}
		},
		{
			"type": "Feature",
			"geometry": {
				"type": "Point",
				"coordinates": [121.514594, 25.095185]
			},
			"properties": {
				"行政區": "士林區",
				"地址": "承德路5段80號(士林監理站對面公車站)",
				"備註": "嚴禁投入家用垃圾，違者重罰新臺幣6000元"
			}
		},
		{
			"type": "Feature",
			"geometry": {
				"type": "Point",
				"coordinates": [121.524353, 25.079407]
			},
			"properties": {
				"行政區": "士林區",
				"地址": "中山北路4段4號(劍潭活動青年海外中心前人行道前段)",
				"備註": "嚴禁投入家用垃圾，違者重罰新臺幣6000元"
			}
		},
		{
			"type": "Feature",
			"geometry": {
				"type": "Point",
				"coordinates": [121.524378, 25.079319]
			},
			"properties": {
				"行政區": "士林區",
				"地址": "中山北路4段4號(劍潭活動青年海外中心前人行道中段)",
				"備註": "嚴禁投入家用垃圾，違者重罰新臺幣6000元"
			}
		},
		{
			"type": "Feature",
			"geometry": {
				"type": "Point",
				"coordinates": [121.533212, 25.103981]
			},
			"properties": {
				"行政區": "士林區",
				"地址": "雨聲街情報局側門對面人行道",
				"備註": "嚴禁投入家用垃圾，違者重罰新臺幣6000元"
			}
		},
		{
			"type": "Feature",
			"geometry": {
				"type": "Point",
				"coordinates": [121.5218614, 25.1017007]
			},
			"properties": {
				"行政區": "士林區",
				"地址": "福國路95之15號",
				"備註": "嚴禁投入家用垃圾，違者重罰新臺幣6000元"
			}
		},
		{
			"type": "Feature",
			"geometry": {
				"type": "Point",
				"coordinates": [121.5218664, 25.1017009]
			},
			"properties": {
				"行政區": "士林區",
				"地址": "福國路95之20號",
				"備註": "嚴禁投入家用垃圾，違者重罰新臺幣6000元"
			}
		},
		{
			"type": "Feature",
			"geometry": {
				"type": "Point",
				"coordinates": [121.530108, 25.104532]
			},
			"properties": {
				"行政區": "士林區",
				"地址": "雨聲街90號旁",
				"備註": "嚴禁投入家用垃圾，違者重罰新臺幣6000元"
			}
		},
		{
			"type": "Feature",
			"geometry": {
				"type": "Point",
				"coordinates": [121.518479, 25.102112]
			},
			"properties": {
				"行政區": "士林區",
				"地址": "福國路戲曲中心後門",
				"備註": "嚴禁投入家用垃圾，違者重罰新臺幣6000元"
			}
		},
		{
			"type": "Feature",
			"geometry": {
				"type": "Point",
				"coordinates": [121.518122, 25.100137]
			},
			"properties": {
				"行政區": "士林區",
				"地址": "福國路法官學院後門",
				"備註": "嚴禁投入家用垃圾，違者重罰新臺幣6000元"
			}
		},
		{
			"type": "Feature",
			"geometry": {
				"type": "Point",
				"coordinates": [121.537492, 25.102211]
			},
			"properties": {
				"行政區": "士林區",
				"地址": "仰德大道1段24巷號對面公車站牌",
				"備註": "嚴禁投入家用垃圾，違者重罰新臺幣6000元"
			}
		},
		{
			"type": "Feature",
			"geometry": {
				"type": "Point",
				"coordinates": [121.533539, 25.102416]
			},
			"properties": {
				"行政區": "士林區",
				"地址": "雨聲街165巷口",
				"備註": "嚴禁投入家用垃圾，違者重罰新臺幣6000元"
			}
		},
		{
			"type": "Feature",
			"geometry": {
				"type": "Point",
				"coordinates": [121.529003, 25.105851]
			},
			"properties": {
				"行政區": "士林區",
				"地址": "忠誠路1段126號旁  ",
				"備註": "嚴禁投入家用垃圾，違者重罰新臺幣6000元"
			}
		},
		{
			"type": "Feature",
			"geometry": {
				"type": "Point",
				"coordinates": [121.536218, 25.101491]
			},
			"properties": {
				"行政區": "士林區",
				"地址": "至誠路1段62巷對面 ",
				"備註": "嚴禁投入家用垃圾，違者重罰新臺幣6000元"
			}
		},
		{
			"type": "Feature",
			"geometry": {
				"type": "Point",
				"coordinates": [121.536453, 25.101421]
			},
			"properties": {
				"行政區": "士林區",
				"地址": "至誠路1段30號對面 ",
				"備註": "嚴禁投入家用垃圾，違者重罰新臺幣6000元"
			}
		},
		{
			"type": "Feature",
			"geometry": {
				"type": "Point",
				"coordinates": [121.533566, 25.101788]
			},
			"properties": {
				"行政區": "士林區",
				"地址": "雨聲街203之1號對面人行道",
				"備註": "嚴禁投入家用垃圾，違者重罰新臺幣6000元"
			}
		},
		{
			"type": "Feature",
			"geometry": {
				"type": "Point",
				"coordinates": [121.532399, 25.101741]
			},
			"properties": {
				"行政區": "士林區",
				"地址": "至誠路1段名山公園對面人行道",
				"備註": "嚴禁投入家用垃圾，違者重罰新臺幣6000元"
			}
		},
		{
			"type": "Feature",
			"geometry": {
				"type": "Point",
				"coordinates": [121.532844, 25.101629]
			},
			"properties": {
				"行政區": "士林區",
				"地址": "至誠路芝山公園百二崁入口處右側人行道",
				"備註": "嚴禁投入家用垃圾，違者重罰新臺幣6000元"
			}
		},
		{
			"type": "Feature",
			"geometry": {
				"type": "Point",
				"coordinates": [121.519174, 25.100134]
			},
			"properties": {
				"行政區": "士林區",
				"地址": "福國路103號法官學院",
				"備註": "嚴禁投入家用垃圾，違者重罰新臺幣6000元"
			}
		},
		{
			"type": "Feature",
			"geometry": {
				"type": "Point",
				"coordinates": [121.525617, 25.102598]
			},
			"properties": {
				"行政區": "士林區",
				"地址": "中山北路6段1號對面公園",
				"備註": "嚴禁投入家用垃圾，違者重罰新臺幣6000元"
			}
		},
		{
			"type": "Feature",
			"geometry": {
				"type": "Point",
				"coordinates": [121.532074, 25.101876]
			},
			"properties": {
				"行政區": "士林區",
				"地址": "雨聲街120號對面人行道",
				"備註": "嚴禁投入家用垃圾，違者重罰新臺幣6000元"
			}
		},
		{
			"type": "Feature",
			"geometry": {
				"type": "Point",
				"coordinates": [121.520499, 25.100088]
			},
			"properties": {
				"行政區": "士林區",
				"地址": "文昌路234號旁人行道",
				"備註": "嚴禁投入家用垃圾，違者重罰新臺幣6000元"
			}
		},
		{
			"type": "Feature",
			"geometry": {
				"type": "Point",
				"coordinates": [121.530193, 25.104574]
			},
			"properties": {
				"行政區": "士林區",
				"地址": "雨聲街石頭公園前方50公尺處",
				"備註": "嚴禁投入家用垃圾，違者重罰新臺幣6000元"
			}
		},
		{
			"type": "Feature",
			"geometry": {
				"type": "Point",
				"coordinates": [121.537495, 25.102215]
			},
			"properties": {
				"行政區": "士林區",
				"地址": "仰德大道1段28號對面",
				"備註": "嚴禁投入家用垃圾，違者重罰新臺幣6000元"
			}
		},
		{
			"type": "Feature",
			"geometry": {
				"type": "Point",
				"coordinates": [121.530261, 25.104619]
			},
			"properties": {
				"行政區": "士林區",
				"地址": "忠義街1號雨農國小後門對面公車站牌",
				"備註": "嚴禁投入家用垃圾，違者重罰新臺幣6000元"
			}
		},
		{
			"type": "Feature",
			"geometry": {
				"type": "Point",
				"coordinates": [121.520312, 25.099756]
			},
			"properties": {
				"行政區": "士林區",
				"地址": "文昌路211之3號文昌橋下",
				"備註": "嚴禁投入家用垃圾，違者重罰新臺幣6000元"
			}
		},
		{
			"type": "Feature",
			"geometry": {
				"type": "Point",
				"coordinates": [121.520583, 25.10029]
			},
			"properties": {
				"行政區": "士林區",
				"地址": "文昌路211之3號",
				"備註": "嚴禁投入家用垃圾，違者重罰新臺幣6000元"
			}
		},
		{
			"type": "Feature",
			"geometry": {
				"type": "Point",
				"coordinates": [121.520861, 25.099549]
			},
			"properties": {
				"行政區": "士林區",
				"地址": "文林路615巷20號文昌國小前",
				"備註": "嚴禁投入家用垃圾，違者重罰新臺幣6000元"
			}
		},
		{
			"type": "Feature",
			"geometry": {
				"type": "Point",
				"coordinates": [121.519806, 25.102056]
			},
			"properties": {
				"行政區": "士林區",
				"地址": "福國路文林橋戲曲中心旁",
				"備註": "嚴禁投入家用垃圾，違者重罰新臺幣6000元"
			}
		},
		{
			"type": "Feature",
			"geometry": {
				"type": "Point",
				"coordinates": [121.521135, 25.101745]
			},
			"properties": {
				"行政區": "士林區",
				"地址": "福國路福國路文林路口",
				"備註": "嚴禁投入家用垃圾，違者重罰新臺幣6000元"
			}
		},
		{
			"type": "Feature",
			"geometry": {
				"type": "Point",
				"coordinates": [121.576452, 25.13134]
			},
			"properties": {
				"行政區": "士林區",
				"地址": "平菁街86號旁平等駐在所流動廁所旁",
				"備註": "嚴禁投入家用垃圾，違者重罰新臺幣6000元"
			}
		},
		{
			"type": "Feature",
			"geometry": {
				"type": "Point",
				"coordinates": [121.576618, 25.131219]
			},
			"properties": {
				"行政區": "士林區",
				"地址": "平菁街88號對面(左前方)",
				"備註": "嚴禁投入家用垃圾，違者重罰新臺幣6000元"
			}
		},
		{
			"type": "Feature",
			"geometry": {
				"type": "Point",
				"coordinates": [121.546522, 25.13802]
			},
			"properties": {
				"行政區": "士林區",
				"地址": "愛富一街旁公車站牌旁(一)文化大學公車站",
				"備註": "嚴禁投入家用垃圾，違者重罰新臺幣6000元"
			}
		},
		{
			"type": "Feature",
			"geometry": {
				"type": "Point",
				"coordinates": [121.546615, 25.138377]
			},
			"properties": {
				"行政區": "士林區",
				"地址": "愛富一街旁公車站牌旁(二)文化大學公車站",
				"備註": "嚴禁投入家用垃圾，違者重罰新臺幣6000元"
			}
		},
		{
			"type": "Feature",
			"geometry": {
				"type": "Point",
				"coordinates": [121.546582, 25.138675]
			},
			"properties": {
				"行政區": "士林區",
				"地址": "和平路10號旁(一)文化大學公車站",
				"備註": "嚴禁投入家用垃圾，違者重罰新臺幣6000元"
			}
		},
		{
			"type": "Feature",
			"geometry": {
				"type": "Point",
				"coordinates": [121.546485, 25.138401]
			},
			"properties": {
				"行政區": "士林區",
				"地址": "和平路10號旁(二)文化大學公車站",
				"備註": "嚴禁投入家用垃圾，違者重罰新臺幣6000元"
			}
		},
		{
			"type": "Feature",
			"geometry": {
				"type": "Point",
				"coordinates": [121.574896, 25.130235]
			},
			"properties": {
				"行政區": "士林區",
				"地址": "平菁街106巷18號對面(涼亭旁)",
				"備註": "嚴禁投入家用垃圾，違者重罰新臺幣6000元"
			}
		},
		{
			"type": "Feature",
			"geometry": {
				"type": "Point",
				"coordinates": [121.574594, 25.128862]
			},
			"properties": {
				"行政區": "士林區",
				"地址": "平菁街106巷口21弄口小19福德祠公車站旁",
				"備註": "嚴禁投入家用垃圾，違者重罰新臺幣6000元"
			}
		},
		{
			"type": "Feature",
			"geometry": {
				"type": "Point",
				"coordinates": [121.573598, 25.122243]
			},
			"properties": {
				"行政區": "士林區",
				"地址": "平菁街小19大平尾一公車站旁",
				"備註": "嚴禁投入家用垃圾，違者重罰新臺幣6000元"
			}
		},
		{
			"type": "Feature",
			"geometry": {
				"type": "Point",
				"coordinates": [121.539387, 25.133984]
			},
			"properties": {
				"行政區": "士林區",
				"地址": "凱旋路觀景台(一)",
				"備註": "嚴禁投入家用垃圾，違者重罰新臺幣6000元"
			}
		},
		{
			"type": "Feature",
			"geometry": {
				"type": "Point",
				"coordinates": [121.539613, 25.133994]
			},
			"properties": {
				"行政區": "士林區",
				"地址": "凱旋路觀景台(二)",
				"備註": "嚴禁投入家用垃圾，違者重罰新臺幣6000元"
			}
		},
		{
			"type": "Feature",
			"geometry": {
				"type": "Point",
				"coordinates": [121.546946, 25.130802]
			},
			"properties": {
				"行政區": "士林區",
				"地址": "仰德大道4段格致中學公車站旁",
				"備註": "嚴禁投入家用垃圾，違者重罰新臺幣6000元"
			}
		},
		{
			"type": "Feature",
			"geometry": {
				"type": "Point",
				"coordinates": [121.547184, 25.109544]
			},
			"properties": {
				"行政區": "士林區",
				"地址": "仰德大道2段永福(林語堂故居)公車站旁",
				"備註": "嚴禁投入家用垃圾，違者重罰新臺幣6000元"
			}
		},
		{
			"type": "Feature",
			"geometry": {
				"type": "Point",
				"coordinates": [121.546956, 25.130871]
			},
			"properties": {
				"行政區": "士林區",
				"地址": "仰德大道4段75號格致國中公車站旁(下山方向) ",
				"備註": "嚴禁投入家用垃圾，違者重罰新臺幣6000元"
			}
		},
		{
			"type": "Feature",
			"geometry": {
				"type": "Point",
				"coordinates": [121.546599, 25.138621]
			},
			"properties": {
				"行政區": "士林區",
				"地址": "仰德大道文化大學公車站旁(上山方向)",
				"備註": "嚴禁投入家用垃圾，違者重罰新臺幣6000元"
			}
		},
		{
			"type": "Feature",
			"geometry": {
				"type": "Point",
				"coordinates": [121.546946, 25.130802]
			},
			"properties": {
				"行政區": "士林區",
				"地址": "菁山路山豬湖山公車站旁(菁山路)",
				"備註": "嚴禁投入家用垃圾，違者重罰新臺幣6000元"
			}
		},
		{
			"type": "Feature",
			"geometry": {
				"type": "Point",
				"coordinates": [121.515601, 25.105121]
			},
			"properties": {
				"行政區": "北投區",
				"地址": "文承路文林國小圍牆旁",
				"備註": "嚴禁投入家用垃圾，違者重罰新臺幣6000元"
			}
		},
		{
			"type": "Feature",
			"geometry": {
				"type": "Point",
				"coordinates": [121.515619, 25.105076]
			},
			"properties": {
				"行政區": "北投區",
				"地址": "文承路中正高中圍牆旁",
				"備註": "嚴禁投入家用垃圾，違者重罰新臺幣6000元"
			}
		},
		{
			"type": "Feature",
			"geometry": {
				"type": "Point",
				"coordinates": [121.516033, 25.105013]
			},
			"properties": {
				"行政區": "北投區",
				"地址": "文林北路中正高中圍牆旁",
				"備註": "嚴禁投入家用垃圾，違者重罰新臺幣6000元"
			}
		},
		{
			"type": "Feature",
			"geometry": {
				"type": "Point",
				"coordinates": [121.501961, 25.118842]
			},
			"properties": {
				"行政區": "北投區",
				"地址": "承德路7段單號(承德公館路口站)",
				"備註": "嚴禁投入家用垃圾，違者重罰新臺幣6000元"
			}
		},
		{
			"type": "Feature",
			"geometry": {
				"type": "Point",
				"coordinates": [121.50147, 25.119765]
			},
			"properties": {
				"行政區": "北投區",
				"地址": "承德路7段雙號(承德公館路口站2)",
				"備註": "嚴禁投入家用垃圾，違者重罰新臺幣6000元"
			}
		},
		{
			"type": "Feature",
			"geometry": {
				"type": "Point",
				"coordinates": [121.50122, 25.12002]
			},
			"properties": {
				"行政區": "北投區",
				"地址": "承德路7段雙號(承德公館路口站)",
				"備註": "嚴禁投入家用垃圾，違者重罰新臺幣6000元"
			}
		},
		{
			"type": "Feature",
			"geometry": {
				"type": "Point",
				"coordinates": [121.503387, 25.117519]
			},
			"properties": {
				"行政區": "北投區",
				"地址": "承德路7段單號(立農國小站)",
				"備註": "嚴禁投入家用垃圾，違者重罰新臺幣6000元"
			}
		},
		{
			"type": "Feature",
			"geometry": {
				"type": "Point",
				"coordinates": [121.503702, 25.117274]
			},
			"properties": {
				"行政區": "北投區",
				"地址": "承德路7段單號(立農國小站2)",
				"備註": "嚴禁投入家用垃圾，違者重罰新臺幣6000元"
			}
		},
		{
			"type": "Feature",
			"geometry": {
				"type": "Point",
				"coordinates": [121.502064, 25.120388]
			},
			"properties": {
				"行政區": "北投區",
				"地址": "公館路433號對面",
				"備註": "嚴禁投入家用垃圾，違者重罰新臺幣6000元"
			}
		},
		{
			"type": "Feature",
			"geometry": {
				"type": "Point",
				"coordinates": [121.50238, 25.12087]
			},
			"properties": {
				"行政區": "北投區",
				"地址": "公館路423巷口對面",
				"備註": "嚴禁投入家用垃圾，違者重罰新臺幣6000元"
			}
		},
		{
			"type": "Feature",
			"geometry": {
				"type": "Point",
				"coordinates": [121.522003, 25.11831]
			},
			"properties": {
				"行政區": "北投區",
				"地址": "振興街19號對面",
				"備註": "嚴禁投入家用垃圾，違者重罰新臺幣6000元"
			}
		},
		{
			"type": "Feature",
			"geometry": {
				"type": "Point",
				"coordinates": [121.512229, 25.104149]
			},
			"properties": {
				"行政區": "北投區",
				"地址": "承德路6段120號旁(公車站：創富中心站)",
				"備註": "嚴禁投入家用垃圾，違者重罰新臺幣6000元"
			}
		},
		{
			"type": "Feature",
			"geometry": {
				"type": "Point",
				"coordinates": [121.520304, 25.118669]
			},
			"properties": {
				"行政區": "北投區",
				"地址": "石牌路2段單號(榮總站2)",
				"備註": "嚴禁投入家用垃圾，違者重罰新臺幣6000元"
			}
		},
		{
			"type": "Feature",
			"geometry": {
				"type": "Point",
				"coordinates": [121.51961, 25.11862]
			},
			"properties": {
				"行政區": "北投區",
				"地址": "石牌路2段雙號(榮總站2)",
				"備註": "嚴禁投入家用垃圾，違者重罰新臺幣6000元"
			}
		},
		{
			"type": "Feature",
			"geometry": {
				"type": "Point",
				"coordinates": [121.51948, 25.11863]
			},
			"properties": {
				"行政區": "北投區",
				"地址": "石牌路2段雙號(榮總站)",
				"備註": "嚴禁投入家用垃圾，違者重罰新臺幣6000元"
			}
		},
		{
			"type": "Feature",
			"geometry": {
				"type": "Point",
				"coordinates": [121.52085, 25.11891]
			},
			"properties": {
				"行政區": "北投區",
				"地址": "石牌路2段單號(榮總站)",
				"備註": "嚴禁投入家用垃圾，違者重罰新臺幣6000元"
			}
		},
		{
			"type": "Feature",
			"geometry": {
				"type": "Point",
				"coordinates": [121.52261, 25.1198]
			},
			"properties": {
				"行政區": "北投區",
				"地址": "石牌路2段單號(榮光新村站)",
				"備註": "嚴禁投入家用垃圾，違者重罰新臺幣6000元"
			}
		},
		{
			"type": "Feature",
			"geometry": {
				"type": "Point",
				"coordinates": [121.514826, 25.107359]
			},
			"properties": {
				"行政區": "北投區",
				"地址": "文林北路公車站(文林國小站2)",
				"備註": "嚴禁投入家用垃圾，違者重罰新臺幣6000元"
			}
		},
		{
			"type": "Feature",
			"geometry": {
				"type": "Point",
				"coordinates": [121.52275, 25.11979]
			},
			"properties": {
				"行政區": "北投區",
				"地址": "石牌路2段322號旁(榮光新村站)往右側移5公尺",
				"備註": "嚴禁投入家用垃圾，違者重罰新臺幣6000元"
			}
		},
		{
			"type": "Feature",
			"geometry": {
				"type": "Point",
				"coordinates": [121.50254, 25.1214]
			},
			"properties": {
				"行政區": "北投區",
				"地址": "北投路1段與公館路口",
				"備註": "嚴禁投入家用垃圾，違者重罰新臺幣6000元"
			}
		},
		{
			"type": "Feature",
			"geometry": {
				"type": "Point",
				"coordinates": [121.52335, 25.11876]
			},
			"properties": {
				"行政區": "北投區",
				"地址": "天母西路107號對面(振興公園站)",
				"備註": "嚴禁投入家用垃圾，違者重罰新臺幣6000元"
			}
		},
		{
			"type": "Feature",
			"geometry": {
				"type": "Point",
				"coordinates": [121.51199, 25.109803]
			},
			"properties": {
				"行政區": "北投區",
				"地址": "文林北路296號對面(石牌站)",
				"備註": "嚴禁投入家用垃圾，違者重罰新臺幣6000元"
			}
		},
		{
			"type": "Feature",
			"geometry": {
				"type": "Point",
				"coordinates": [121.512521, 25.109381]
			},
			"properties": {
				"行政區": "北投區",
				"地址": "文林北路296號對面(石牌站2)",
				"備註": "嚴禁投入家用垃圾，違者重罰新臺幣6000元"
			}
		},
		{
			"type": "Feature",
			"geometry": {
				"type": "Point",
				"coordinates": [121.514361, 25.104982]
			},
			"properties": {
				"行政區": "北投區",
				"地址": "文承路文林國小圍牆旁2",
				"備註": "嚴禁投入家用垃圾，違者重罰新臺幣6000元"
			}
		},
		{
			"type": "Feature",
			"geometry": {
				"type": "Point",
				"coordinates": [121.514431, 25.104765]
			},
			"properties": {
				"行政區": "北投區",
				"地址": "文承路中正高中圍牆旁2",
				"備註": "嚴禁投入家用垃圾，違者重罰新臺幣6000元"
			}
		},
		{
			"type": "Feature",
			"geometry": {
				"type": "Point",
				"coordinates": [121.512099, 25.105202]
			},
			"properties": {
				"行政區": "北投區",
				"地址": "承德路6段與文承路口(公車站：建民里一)",
				"備註": "嚴禁投入家用垃圾，違者重罰新臺幣6000元"
			}
		},
		{
			"type": "Feature",
			"geometry": {
				"type": "Point",
				"coordinates": [121.51562, 25.105341]
			},
			"properties": {
				"行政區": "北投區",
				"地址": "文林北路75巷文承路交叉口",
				"備註": "嚴禁投入家用垃圾，違者重罰新臺幣6000元"
			}
		},
		{
			"type": "Feature",
			"geometry": {
				"type": "Point",
				"coordinates": [121.514592, 25.107545]
			},
			"properties": {
				"行政區": "北投區",
				"地址": "文林北路公車站(文林國小站)",
				"備註": "嚴禁投入家用垃圾，違者重罰新臺幣6000元"
			}
		},
		{
			"type": "Feature",
			"geometry": {
				"type": "Point",
				"coordinates": [121.516238, 25.105688]
			},
			"properties": {
				"行政區": "北投區",
				"地址": "文承路靠近文林北路口",
				"備註": "嚴禁投入家用垃圾，違者重罰新臺幣6000元"
			}
		},
		{
			"type": "Feature",
			"geometry": {
				"type": "Point",
				"coordinates": [121.512467, 25.138577]
			},
			"properties": {
				"行政區": "北投區",
				"地址": "溫泉路144號旁電杆",
				"備註": "嚴禁投入家用垃圾，違者重罰新臺幣6000元"
			}
		},
		{
			"type": "Feature",
			"geometry": {
				"type": "Point",
				"coordinates": [121.496815, 25.129797]
			},
			"properties": {
				"行政區": "北投區",
				"地址": "大業路大興街口公車站牌(往台北方向)",
				"備註": "嚴禁投入家用垃圾，違者重罰新臺幣6000元"
			}
		},
		{
			"type": "Feature",
			"geometry": {
				"type": "Point",
				"coordinates": [121.499656, 25.137138]
			},
			"properties": {
				"行政區": "北投區",
				"地址": "大業路673號旁站牌",
				"備註": "嚴禁投入家用垃圾，違者重罰新臺幣6000元"
			}
		},
		{
			"type": "Feature",
			"geometry": {
				"type": "Point",
				"coordinates": [121.49608, 25.131942]
			},
			"properties": {
				"行政區": "北投區",
				"地址": "大業路(捷運北投站)站牌",
				"備註": "嚴禁投入家用垃圾，違者重罰新臺幣6000元"
			}
		},
		{
			"type": "Feature",
			"geometry": {
				"type": "Point",
				"coordinates": [121.49677, 25.130484]
			},
			"properties": {
				"行政區": "北投區",
				"地址": "大業路420號",
				"備註": "嚴禁投入家用垃圾，違者重罰新臺幣6000元"
			}
		},
		{
			"type": "Feature",
			"geometry": {
				"type": "Point",
				"coordinates": [121.499012, 25.123495]
			},
			"properties": {
				"行政區": "北投區",
				"地址": "大業路65巷口路旁路口",
				"備註": "嚴禁投入家用垃圾，違者重罰新臺幣6000元"
			}
		},
		{
			"type": "Feature",
			"geometry": {
				"type": "Point",
				"coordinates": [121.496084, 25.13379]
			},
			"properties": {
				"行政區": "北投區",
				"地址": "大業路514號前",
				"備註": "嚴禁投入家用垃圾，違者重罰新臺幣6000元"
			}
		},
		{
			"type": "Feature",
			"geometry": {
				"type": "Point",
				"coordinates": [121.499134, 25.122876]
			},
			"properties": {
				"行政區": "北投區",
				"地址": "大業路37號旁公車站牌",
				"備註": "嚴禁投入家用垃圾，違者重罰新臺幣6000元"
			}
		},
		{
			"type": "Feature",
			"geometry": {
				"type": "Point",
				"coordinates": [121.497415, 25.129146]
			},
			"properties": {
				"行政區": "北投區",
				"地址": "大業路368號旁公車站牌",
				"備註": "嚴禁投入家用垃圾，違者重罰新臺幣6000元"
			}
		},
		{
			"type": "Feature",
			"geometry": {
				"type": "Point",
				"coordinates": [121.499581, 25.1222242]
			},
			"properties": {
				"行政區": "北投區",
				"地址": "大業路10號人行道",
				"備註": "嚴禁投入家用垃圾，違者重罰新臺幣6000元"
			}
		},
		{
			"type": "Feature",
			"geometry": {
				"type": "Point",
				"coordinates": [121.51142, 25.138382]
			},
			"properties": {
				"行政區": "北投區",
				"地址": "中山路31號前(公車站牌)",
				"備註": "嚴禁投入家用垃圾，違者重罰新臺幣6000元"
			}
		},
		{
			"type": "Feature",
			"geometry": {
				"type": "Point",
				"coordinates": [121.496777, 25.134187]
			},
			"properties": {
				"行政區": "北投區",
				"地址": "北投路2段豐年路口公車站牌",
				"備註": "嚴禁投入家用垃圾，違者重罰新臺幣6000元"
			}
		},
		{
			"type": "Feature",
			"geometry": {
				"type": "Point",
				"coordinates": [121.492611, 25.138099]
			},
			"properties": {
				"行政區": "北投區",
				"地址": "中央北路2段70號前",
				"備註": "嚴禁投入家用垃圾，違者重罰新臺幣6000元"
			}
		},
		{
			"type": "Feature",
			"geometry": {
				"type": "Point",
				"coordinates": [121.497595, 25.131827]
			},
			"properties": {
				"行政區": "北投區",
				"地址": "北投路2段3號公園後左側",
				"備註": "嚴禁投入家用垃圾，違者重罰新臺幣6000元"
			}
		},
		{
			"type": "Feature",
			"geometry": {
				"type": "Point",
				"coordinates": [121.497503, 25.132503]
			},
			"properties": {
				"行政區": "北投區",
				"地址": "北投路2段3號公園後右側",
				"備註": "嚴禁投入家用垃圾，違者重罰新臺幣6000元"
			}
		},
		{
			"type": "Feature",
			"geometry": {
				"type": "Point",
				"coordinates": [121.497987, 25.132064]
			},
			"properties": {
				"行政區": "北投區",
				"地址": "北投路2段3號公園前(左側)",
				"備註": "嚴禁投入家用垃圾，違者重罰新臺幣6000元"
			}
		},
		{
			"type": "Feature",
			"geometry": {
				"type": "Point",
				"coordinates": [121.49841, 25.131504]
			},
			"properties": {
				"行政區": "北投區",
				"地址": "北投路2段3號公園前(右側)",
				"備註": "嚴禁投入家用垃圾，違者重罰新臺幣6000元"
			}
		},
		{
			"type": "Feature",
			"geometry": {
				"type": "Point",
				"coordinates": [121.497725, 25.12762]
			},
			"properties": {
				"行政區": "北投區",
				"地址": "大業路292號對面公車站牌",
				"備註": "嚴禁投入家用垃圾，違者重罰新臺幣6000元"
			}
		},
		{
			"type": "Feature",
			"geometry": {
				"type": "Point",
				"coordinates": [121.498073, 25.1268]
			},
			"properties": {
				"行政區": "北投區",
				"地址": "大業路263號(人行道)",
				"備註": "嚴禁投入家用垃圾，違者重罰新臺幣6000元"
			}
		},
		{
			"type": "Feature",
			"geometry": {
				"type": "Point",
				"coordinates": [121.498369, 25.126434]
			},
			"properties": {
				"行政區": "北投區",
				"地址": "大業路260號前",
				"備註": "嚴禁投入家用垃圾，違者重罰新臺幣6000元"
			}
		},
		{
			"type": "Feature",
			"geometry": {
				"type": "Point",
				"coordinates": [121.4994, 25.12333]
			},
			"properties": {
				"行政區": "北投區",
				"地址": "大業路20號前",
				"備註": "嚴禁投入家用垃圾，違者重罰新臺幣6000元"
			}
		},
		{
			"type": "Feature",
			"geometry": {
				"type": "Point",
				"coordinates": [121.498795, 25.124356]
			},
			"properties": {
				"行政區": "北投區",
				"地址": "大業路151號(人行道)",
				"備註": "嚴禁投入家用垃圾，違者重罰新臺幣6000元"
			}
		},
		{
			"type": "Feature",
			"geometry": {
				"type": "Point",
				"coordinates": [121.500849, 25.133877]
			},
			"properties": {
				"行政區": "北投區",
				"地址": "中央北路1段73號公車站牌旁",
				"備註": "嚴禁投入家用垃圾，違者重罰新臺幣6000元"
			}
		},
		{
			"type": "Feature",
			"geometry": {
				"type": "Point",
				"coordinates": [121.496094, 25.131222]
			},
			"properties": {
				"行政區": "北投區",
				"地址": "大業路452巷口(往台北方向)",
				"備註": "嚴禁投入家用垃圾，違者重罰新臺幣6000元"
			}
		},
		{
			"type": "Feature",
			"geometry": {
				"type": "Point",
				"coordinates": [121.499517, 25.1228]
			},
			"properties": {
				"行政區": "北投區",
				"地址": "大業路12號前",
				"備註": "嚴禁投入家用垃圾，違者重罰新臺幣6000元"
			}
		},
		{
			"type": "Feature",
			"geometry": {
				"type": "Point",
				"coordinates": [121.501446, 25.137165]
			},
			"properties": {
				"行政區": "北投區",
				"地址": "大業路中庸二號公園(168號車格)",
				"備註": "嚴禁投入家用垃圾，違者重罰新臺幣6000元"
			}
		},
		{
			"type": "Feature",
			"geometry": {
				"type": "Point",
				"coordinates": [121.492368, 25.144768]
			},
			"properties": {
				"行政區": "北投區",
				"地址": "稻香路108巷巷底",
				"備註": "嚴禁投入家用垃圾，違者重罰新臺幣6000元"
			}
		},
		{
			"type": "Feature",
			"geometry": {
				"type": "Point",
				"coordinates": [121.498367, 25.125723]
			},
			"properties": {
				"行政區": "北投區",
				"地址": "大業路245號路口",
				"備註": "嚴禁投入家用垃圾，違者重罰新臺幣6000元"
			}
		},
		{
			"type": "Feature",
			"geometry": {
				"type": "Point",
				"coordinates": [121.498543, 25.125877]
			},
			"properties": {
				"行政區": "北投區",
				"地址": "大業路三合街2段路口(1號車格)",
				"備註": "嚴禁投入家用垃圾，違者重罰新臺幣6000元"
			}
		},
		{
			"type": "Feature",
			"geometry": {
				"type": "Point",
				"coordinates": [121.467033, 25.123461]
			},
			"properties": {
				"行政區": "北投區",
				"地址": "大度路3段250號與3段270巷交叉路口旁",
				"備註": "嚴禁投入家用垃圾，違者重罰新臺幣6000元"
			}
		},
		{
			"type": "Feature",
			"geometry": {
				"type": "Point",
				"coordinates": [121.467431, 25.123381]
			},
			"properties": {
				"行政區": "北投區",
				"地址": "大度路3段250號旁",
				"備註": "嚴禁投入家用垃圾，違者重罰新臺幣6000元"
			}
		},
		{
			"type": "Feature",
			"geometry": {
				"type": "Point",
				"coordinates": [121.468244, 25.123329]
			},
			"properties": {
				"行政區": "北投區",
				"地址": "大度路3段168號旁",
				"備註": "嚴禁投入家用垃圾，違者重罰新臺幣6000元"
			}
		},
		{
			"type": "Feature",
			"geometry": {
				"type": "Point",
				"coordinates": [121.468736, 25.123297]
			},
			"properties": {
				"行政區": "北投區",
				"地址": "大度路3段168號前",
				"備註": "嚴禁投入家用垃圾，違者重罰新臺幣6000元"
			}
		},
		{
			"type": "Feature",
			"geometry": {
				"type": "Point",
				"coordinates": [121.47012, 25.123069]
			},
			"properties": {
				"行政區": "北投區",
				"地址": "大度路大度立德路口公車站牌旁(往北)",
				"備註": "嚴禁投入家用垃圾，違者重罰新臺幣6000元"
			}
		},
		{
			"type": "Feature",
			"geometry": {
				"type": "Point",
				"coordinates": [121.470616, 25.122791]
			},
			"properties": {
				"行政區": "北投區",
				"地址": "大度路大度立德路口公車站牌旁靠近賓士公司前(往北)",
				"備註": "嚴禁投入家用垃圾，違者重罰新臺幣6000元"
			}
		},
		{
			"type": "Feature",
			"geometry": {
				"type": "Point",
				"coordinates": [121.470915, 25.123104]
			},
			"properties": {
				"行政區": "北投區",
				"地址": "大度路大度立德路口公車站牌旁(往南)",
				"備註": "嚴禁投入家用垃圾，違者重罰新臺幣6000元"
			}
		},
		{
			"type": "Feature",
			"geometry": {
				"type": "Point",
				"coordinates": [121.46895, 25.12316]
			},
			"properties": {
				"行政區": "北投區",
				"地址": "大度路立功街口",
				"備註": "嚴禁投入家用垃圾，違者重罰新臺幣6000元"
			}
		},
		{
			"type": "Feature",
			"geometry": {
				"type": "Point",
				"coordinates": [121.468902, 25.123585]
			},
			"properties": {
				"行政區": "北投區",
				"地址": "立功街立功街口",
				"備註": "嚴禁投入家用垃圾，違者重罰新臺幣6000元"
			}
		},
		{
			"type": "Feature",
			"geometry": {
				"type": "Point",
				"coordinates": [121.471048, 25.125493]
			},
			"properties": {
				"行政區": "北投區",
				"地址": "立功街立功立德公車站旁",
				"備註": "嚴禁投入家用垃圾，違者重罰新臺幣6000元"
			}
		},
		{
			"type": "Feature",
			"geometry": {
				"type": "Point",
				"coordinates": [121.470566, 25.12572]
			},
			"properties": {
				"行政區": "北投區",
				"地址": "立功街一德停車場前",
				"備註": "嚴禁投入家用垃圾，違者重罰新臺幣6000元"
			}
		},
		{
			"type": "Feature",
			"geometry": {
				"type": "Point",
				"coordinates": [121.471458, 25.123868]
			},
			"properties": {
				"行政區": "北投區",
				"地址": "立德路大愛電視台公車站旁",
				"備註": "嚴禁投入家用垃圾，違者重罰新臺幣6000元"
			}
		},
		{
			"type": "Feature",
			"geometry": {
				"type": "Point",
				"coordinates": [121.471635, 25.12371]
			},
			"properties": {
				"行政區": "北投區",
				"地址": "立德路慈濟志業中心公車站旁台電公司斜對面",
				"備註": "嚴禁投入家用垃圾，違者重罰新臺幣6000元"
			}
		},
		{
			"type": "Feature",
			"geometry": {
				"type": "Point",
				"coordinates": [121.471365, 25.12353]
			},
			"properties": {
				"行政區": "北投區",
				"地址": "立德路大愛電視台公車站旁靠近台電前",
				"備註": "嚴禁投入家用垃圾，違者重罰新臺幣6000元"
			}
		},
		{
			"type": "Feature",
			"geometry": {
				"type": "Point",
				"coordinates": [121.47161, 25.123832]
			},
			"properties": {
				"行政區": "北投區",
				"地址": "立德路慈濟志業中心公車站",
				"備註": "嚴禁投入家用垃圾，違者重罰新臺幣6000元"
			}
		},
		{
			"type": "Feature",
			"geometry": {
				"type": "Point",
				"coordinates": [121.471414, 25.123024]
			},
			"properties": {
				"行政區": "北投區",
				"地址": "立德路立德大度路口",
				"備註": "嚴禁投入家用垃圾，違者重罰新臺幣6000元"
			}
		},
		{
			"type": "Feature",
			"geometry": {
				"type": "Point",
				"coordinates": [121.469959, 25.122786]
			},
			"properties": {
				"行政區": "北投區",
				"地址": "關渡路關渡路口公車站(北側)",
				"備註": "嚴禁投入家用垃圾，違者重罰新臺幣6000元"
			}
		},
		{
			"type": "Feature",
			"geometry": {
				"type": "Point",
				"coordinates": [121.467117, 25.12394]
			},
			"properties": {
				"行政區": "北投區",
				"地址": "大度路3段270巷(Ubike據點旁)",
				"備註": "嚴禁投入家用垃圾，違者重罰新臺幣6000元"
			}
		},
		{
			"type": "Feature",
			"geometry": {
				"type": "Point",
				"coordinates": [121.47169, 25.1253]
			},
			"properties": {
				"行政區": "北投區",
				"地址": "關渡路立功街立德路口",
				"備註": "嚴禁投入家用垃圾，違者重罰新臺幣6000元"
			}
		},
		{
			"type": "Feature",
			"geometry": {
				"type": "Point",
				"coordinates": [121.522556, 25.142548]
			},
			"properties": {
				"行政區": "北投區",
				"地址": "立功街9號對面",
				"備註": "嚴禁投入家用垃圾，違者重罰新臺幣6000元"
			}
		},
		{
			"type": "Feature",
			"geometry": {
				"type": "Point",
				"coordinates": [121.526621, 25.143879]
			},
			"properties": {
				"行政區": "北投區",
				"地址": "泉源路大磺嘴公車站牌旁",
				"備註": "嚴禁投入家用垃圾，違者重罰新臺幣6000元"
			}
		},
		{
			"type": "Feature",
			"geometry": {
				"type": "Point",
				"coordinates": [121.528164, 25.137621]
			},
			"properties": {
				"行政區": "北投區",
				"地址": "行義路與陽投公路交口旁",
				"備註": "嚴禁投入家用垃圾，違者重罰新臺幣6000元"
			}
		},
		{
			"type": "Feature",
			"geometry": {
				"type": "Point",
				"coordinates": [121.527136, 25.144342]
			},
			"properties": {
				"行政區": "北投區",
				"地址": "行義路椰林公車站牌旁",
				"備註": "嚴禁投入家用垃圾，違者重罰新臺幣6000元"
			}
		},
		{
			"type": "Feature",
			"geometry": {
				"type": "Point",
				"coordinates": [121.527283, 25.143518]
			},
			"properties": {
				"行政區": "北投區",
				"地址": "幽雅路杏林巷口旁",
				"備註": "嚴禁投入家用垃圾，違者重罰新臺幣6000元"
			}
		},
		{
			"type": "Feature",
			"geometry": {
				"type": "Point",
				"coordinates": [121.527202, 25.143263]
			},
			"properties": {
				"行政區": "北投區",
				"地址": "東昇路34號對面",
				"備註": "嚴禁投入家用垃圾，違者重罰新臺幣6000元"
			}
		},
		{
			"type": "Feature",
			"geometry": {
				"type": "Point",
				"coordinates": [121.528826, 25.154351]
			},
			"properties": {
				"行政區": "北投區",
				"地址": "泉源路惇敘工商(泉源)公車站牌旁(左側)",
				"備註": "嚴禁投入家用垃圾，違者重罰新臺幣6000元"
			}
		},
		{
			"type": "Feature",
			"geometry": {
				"type": "Point",
				"coordinates": [121.514185, 25.138683]
			},
			"properties": {
				"行政區": "北投區",
				"地址": "泉源路惇敘工商(泉源)公車站牌旁(右側)",
				"備註": "嚴禁投入家用垃圾，違者重罰新臺幣6000元"
			}
		},
		{
			"type": "Feature",
			"geometry": {
				"type": "Point",
				"coordinates": [121.547252, 25.143556]
			},
			"properties": {
				"行政區": "北投區",
				"地址": "行義路惇敘工商(行義)公車站牌旁(左側)",
				"備註": "嚴禁投入家用垃圾，違者重罰新臺幣6000元"
			}
		},
		{
			"type": "Feature",
			"geometry": {
				"type": "Point",
				"coordinates": [121.527136, 25.144342]
			},
			"properties": {
				"行政區": "北投區",
				"地址": "行義路惇敘工商(行義)公車站牌旁(右側)",
				"備註": "嚴禁投入家用垃圾，違者重罰新臺幣6000元"
			}
		},
		{
			"type": "Feature",
			"geometry": {
				"type": "Point",
				"coordinates": [121.532301, 25.151096]
			},
			"properties": {
				"行政區": "北投區",
				"地址": "東昇路12巷口旁(面向大同之家公車站牌左側)",
				"備註": "嚴禁投入家用垃圾，違者重罰新臺幣6000元"
			}
		},
		{
			"type": "Feature",
			"geometry": {
				"type": "Point",
				"coordinates": [121.545919, 25.15149]
			},
			"properties": {
				"行政區": "北投區",
				"地址": "東昇路12巷口旁(面向大同之家公車站牌右側)",
				"備註": "嚴禁投入家用垃圾，違者重罰新臺幣6000元"
			}
		},
		{
			"type": "Feature",
			"geometry": {
				"type": "Point",
				"coordinates": [121.532076, 25.159966]
			},
			"properties": {
				"行政區": "北投區",
				"地址": "紗帽路143號旁(左側)",
				"備註": "嚴禁投入家用垃圾，違者重罰新臺幣6000元"
			}
		},
		{
			"type": "Feature",
			"geometry": {
				"type": "Point",
				"coordinates": [121.545919, 25.151486]
			},
			"properties": {
				"行政區": "北投區",
				"地址": "紗帽路143號旁(右側)",
				"備註": "嚴禁投入家用垃圾，違者重罰新臺幣6000元"
			}
		},
		{
			"type": "Feature",
			"geometry": {
				"type": "Point",
				"coordinates": [121.545045, 25.151938]
			},
			"properties": {
				"行政區": "北投區",
				"地址": "東昇路風尾公車站牌旁",
				"備註": "嚴禁投入家用垃圾，違者重罰新臺幣6000元"
			}
		},
		{
			"type": "Feature",
			"geometry": {
				"type": "Point",
				"coordinates": [121.523085, 25.145939]
			},
			"properties": {
				"行政區": "北投區",
				"地址": "紗帽路第一展望台公車站牌旁",
				"備註": "嚴禁投入家用垃圾，違者重罰新臺幣6000元"
			}
		},
		{
			"type": "Feature",
			"geometry": {
				"type": "Point",
				"coordinates": [121.530064, 25.156227]
			},
			"properties": {
				"行政區": "北投區",
				"地址": "東昇路197號圳內公車站牌旁",
				"備註": "嚴禁投入家用垃圾，違者重罰新臺幣6000元"
			}
		},
		{
			"type": "Feature",
			"geometry": {
				"type": "Point",
				"coordinates": [121.515756, 25.141497]
			},
			"properties": {
				"行政區": "北投區",
				"地址": "紗帽路141巷23號前",
				"備註": "嚴禁投入家用垃圾，違者重罰新臺幣6000元"
			}
		},
		{
			"type": "Feature",
			"geometry": {
				"type": "Point",
				"coordinates": [121.535586, 25.143121]
			},
			"properties": {
				"行政區": "北投區",
				"地址": "東昇路108之2號前",
				"備註": "嚴禁投入家用垃圾，違者重罰新臺幣6000元"
			}
		},
		{
			"type": "Feature",
			"geometry": {
				"type": "Point",
				"coordinates": [121.468997, 25.12448]
			},
			"properties": {
				"行政區": "北投區",
				"地址": "紗帽路大埔(明玄宮)公車站牌旁",
				"備註": "嚴禁投入家用垃圾，違者重罰新臺幣6000元"
			}
		},
		{
			"type": "Feature",
			"geometry": {
				"type": "Point",
				"coordinates": [121.613929, 25.056552]
			},
			"properties": {
				"行政區": "南港區",
				"地址": "三重路19之2號前公車站北側",
				"備註": "嚴禁投入家用垃圾，違者重罰新臺幣6000元"
			}
		},
		{
			"type": "Feature",
			"geometry": {
				"type": "Point",
				"coordinates": [121.613954, 25.056443]
			},
			"properties": {
				"行政區": "南港區",
				"地址": "三重路19之2號前公車站南側",
				"備註": "嚴禁投入家用垃圾，違者重罰新臺幣6000元"
			}
		},
		{
			"type": "Feature",
			"geometry": {
				"type": "Point",
				"coordinates": [121.614029, 25.056453]
			},
			"properties": {
				"行政區": "南港區",
				"地址": "三重路36號旁公車站",
				"備註": "嚴禁投入家用垃圾，違者重罰新臺幣6000元"
			}
		},
		{
			"type": "Feature",
			"geometry": {
				"type": "Point",
				"coordinates": [121.614165, 25.059647]
			},
			"properties": {
				"行政區": "南港區",
				"地址": "三重路39號前",
				"備註": "嚴禁投入家用垃圾，違者重罰新臺幣6000元"
			}
		},
		{
			"type": "Feature",
			"geometry": {
				"type": "Point",
				"coordinates": [121.60442, 25.052745]
			},
			"properties": {
				"行政區": "南港區",
				"地址": "市民大道8段(CITYLINK南港店C1.C2棟中間人行道)1",
				"備註": "嚴禁投入家用垃圾，違者重罰新臺幣6000元"
			}
		},
		{
			"type": "Feature",
			"geometry": {
				"type": "Point",
				"coordinates": [121.603857, 25.052675]
			},
			"properties": {
				"行政區": "南港區",
				"地址": "市民大道8段(CITYLINK南港店C1.C2棟中間人行道)2",
				"備註": "嚴禁投入家用垃圾，違者重罰新臺幣6000元"
			}
		},
		{
			"type": "Feature",
			"geometry": {
				"type": "Point",
				"coordinates": [121.598246, 25.052147]
			},
			"properties": {
				"行政區": "南港區",
				"地址": "市民大道8段99號(北流公車站西側1)",
				"備註": "嚴禁投入家用垃圾，違者重罰新臺幣6000元"
			}
		},
		{
			"type": "Feature",
			"geometry": {
				"type": "Point",
				"coordinates": [121.599195, 25.052229]
			},
			"properties": {
				"行政區": "南港區",
				"地址": "市民大道8段99號(北流公車站東側1)",
				"備註": "嚴禁投入家用垃圾，違者重罰新臺幣6000元"
			}
		},
		{
			"type": "Feature",
			"geometry": {
				"type": "Point",
				"coordinates": [121.596255, 25.051511]
			},
			"properties": {
				"行政區": "南港區",
				"地址": "市民大道8段99號(北流西往東方向公車站1)",
				"備註": "嚴禁投入家用垃圾，違者重罰新臺幣6000元"
			}
		},
		{
			"type": "Feature",
			"geometry": {
				"type": "Point",
				"coordinates": [121.597574, 25.051729]
			},
			"properties": {
				"行政區": "南港區",
				"地址": "市民大道8段99號(北流西往東方向公車站2)",
				"備註": "嚴禁投入家用垃圾，違者重罰新臺幣6000元"
			}
		},
		{
			"type": "Feature",
			"geometry": {
				"type": "Point",
				"coordinates": [121.598168, 25.051826]
			},
			"properties": {
				"行政區": "南港區",
				"地址": "市民大道8段99號(北流西往東方向公車站3)",
				"備註": "嚴禁投入家用垃圾，違者重罰新臺幣6000元"
			}
		},
		{
			"type": "Feature",
			"geometry": {
				"type": "Point",
				"coordinates": [121.598759, 25.051902]
			},
			"properties": {
				"行政區": "南港區",
				"地址": "市民大道8段99號(北流西往東方向公車站4)",
				"備註": "嚴禁投入家用垃圾，違者重罰新臺幣6000元"
			}
		},
		{
			"type": "Feature",
			"geometry": {
				"type": "Point",
				"coordinates": [121.600589, 25.052147]
			},
			"properties": {
				"行政區": "南港區",
				"地址": "市民大道8段99號(北流西往東方向公車站5)",
				"備註": "嚴禁投入家用垃圾，違者重罰新臺幣6000元"
			}
		},
		{
			"type": "Feature",
			"geometry": {
				"type": "Point",
				"coordinates": [121.602585, 25.052439]
			},
			"properties": {
				"行政區": "南港區",
				"地址": "市民大道8段99號(北流西往東方向公車站6)",
				"備註": "嚴禁投入家用垃圾，違者重罰新臺幣6000元"
			}
		},
		{
			"type": "Feature",
			"geometry": {
				"type": "Point",
				"coordinates": [121.599619, 25.05326]
			},
			"properties": {
				"行政區": "南港區",
				"地址": "市民大道8段北流旁無名巷上1",
				"備註": "嚴禁投入家用垃圾，違者重罰新臺幣6000元"
			}
		},
		{
			"type": "Feature",
			"geometry": {
				"type": "Point",
				"coordinates": [121.599582, 25.052225]
			},
			"properties": {
				"行政區": "南港區",
				"地址": "市民大道8段北流旁無名巷上2",
				"備註": "嚴禁投入家用垃圾，違者重罰新臺幣6000元"
			}
		},
		{
			"type": "Feature",
			"geometry": {
				"type": "Point",
				"coordinates": [121.595361, 25.052463]
			},
			"properties": {
				"行政區": "南港區",
				"地址": "向陽路80號南側",
				"備註": "嚴禁投入家用垃圾，違者重罰新臺幣6000元"
			}
		},
		{
			"type": "Feature",
			"geometry": {
				"type": "Point",
				"coordinates": [121.595261, 25.052936]
			},
			"properties": {
				"行政區": "南港區",
				"地址": "向陽路84號旁公車站(台電工程部前)",
				"備註": "嚴禁投入家用垃圾，違者重罰新臺幣6000元"
			}
		},
		{
			"type": "Feature",
			"geometry": {
				"type": "Point",
				"coordinates": [121.595589, 25.051796]
			},
			"properties": {
				"行政區": "南港區",
				"地址": "向陽路市民大道交叉口(台電)",
				"備註": "嚴禁投入家用垃圾，違者重罰新臺幣6000元"
			}
		},
		{
			"type": "Feature",
			"geometry": {
				"type": "Point",
				"coordinates": [121.595708, 25.051325]
			},
			"properties": {
				"行政區": "南港區",
				"地址": "向陽路與市民大道交叉口(向陽路上)",
				"備註": "嚴禁投入家用垃圾，違者重罰新臺幣6000元"
			}
		},
		{
			"type": "Feature",
			"geometry": {
				"type": "Point",
				"coordinates": [121.588031, 25.049166]
			},
			"properties": {
				"行政區": "南港區",
				"地址": "忠孝東路6段209號旁公車站（國華新村站）1",
				"備註": "嚴禁投入家用垃圾，違者重罰新臺幣6000元"
			}
		},
		{
			"type": "Feature",
			"geometry": {
				"type": "Point",
				"coordinates": [121.58758, 25.049042]
			},
			"properties": {
				"行政區": "南港區",
				"地址": "忠孝東路6段209號旁公車站（國華新村站）2",
				"備註": "嚴禁投入家用垃圾，違者重罰新臺幣6000元"
			}
		},
		{
			"type": "Feature",
			"geometry": {
				"type": "Point",
				"coordinates": [121.583332, 25.046332]
			},
			"properties": {
				"行政區": "南港區",
				"地址": "忠孝東路6段21號(合心公園旁公車站)",
				"備註": "嚴禁投入家用垃圾，違者重罰新臺幣6000元"
			}
		},
		{
			"type": "Feature",
			"geometry": {
				"type": "Point",
				"coordinates": [121.595019, 25.050818]
			},
			"properties": {
				"行政區": "南港區",
				"地址": "忠孝東路6段481號公車站旁",
				"備註": "嚴禁投入家用垃圾，違者重罰新臺幣6000元"
			}
		},
		{
			"type": "Feature",
			"geometry": {
				"type": "Point",
				"coordinates": [121.584253, 25.047449]
			},
			"properties": {
				"行政區": "南港區",
				"地址": "忠孝東路6段61號前公車站",
				"備註": "嚴禁投入家用垃圾，違者重罰新臺幣6000元"
			}
		},
		{
			"type": "Feature",
			"geometry": {
				"type": "Point",
				"coordinates": [121.584526, 25.047715]
			},
			"properties": {
				"行政區": "南港區",
				"地址": "忠孝東路6段77號前公車站",
				"備註": "嚴禁投入家用垃圾，違者重罰新臺幣6000元"
			}
		},
		{
			"type": "Feature",
			"geometry": {
				"type": "Point",
				"coordinates": [121.592769, 25.050263]
			},
			"properties": {
				"行政區": "南港區",
				"地址": "忠孝東路6段捷運昆陽站1號出口(捷運站)",
				"備註": "嚴禁投入家用垃圾，違者重罰新臺幣6000元"
			}
		},
		{
			"type": "Feature",
			"geometry": {
				"type": "Point",
				"coordinates": [121.59328, 25.050407]
			},
			"properties": {
				"行政區": "南港區",
				"地址": "忠孝東路6段捷運昆陽站公車亭旁1",
				"備註": "嚴禁投入家用垃圾，違者重罰新臺幣6000元"
			}
		},
		{
			"type": "Feature",
			"geometry": {
				"type": "Point",
				"coordinates": [121.593811, 25.050521]
			},
			"properties": {
				"行政區": "南港區",
				"地址": "忠孝東路6段捷運昆陽站公車亭旁2",
				"備註": "嚴禁投入家用垃圾，違者重罰新臺幣6000元"
			}
		},
		{
			"type": "Feature",
			"geometry": {
				"type": "Point",
				"coordinates": [121.604576, 25.051904]
			},
			"properties": {
				"行政區": "南港區",
				"地址": "忠孝東路7段124巷17弄口對面1",
				"備註": "嚴禁投入家用垃圾，違者重罰新臺幣6000元"
			}
		},
		{
			"type": "Feature",
			"geometry": {
				"type": "Point",
				"coordinates": [121.605349, 25.052021]
			},
			"properties": {
				"行政區": "南港區",
				"地址": "忠孝東路7段325巷口旁(十字路口)",
				"備註": "嚴禁投入家用垃圾，違者重罰新臺幣6000元"
			}
		},
		{
			"type": "Feature",
			"geometry": {
				"type": "Point",
				"coordinates": [121.605515, 25.051792]
			},
			"properties": {
				"行政區": "南港區",
				"地址": "忠孝東路7段325巷口對面避車灣旁",
				"備註": "嚴禁投入家用垃圾，違者重罰新臺幣6000元"
			}
		},
		{
			"type": "Feature",
			"geometry": {
				"type": "Point",
				"coordinates": [121.606927, 25.052181]
			},
			"properties": {
				"行政區": "南港區",
				"地址": "忠孝東路7段369號前人行道",
				"備註": "嚴禁投入家用垃圾，違者重罰新臺幣6000元"
			}
		},
		{
			"type": "Feature",
			"geometry": {
				"type": "Point",
				"coordinates": [121.607121, 25.052]
			},
			"properties": {
				"行政區": "南港區",
				"地址": "忠孝東路7段382號極限運動中心前",
				"備註": "嚴禁投入家用垃圾，違者重罰新臺幣6000元"
			}
		},
		{
			"type": "Feature",
			"geometry": {
				"type": "Point",
				"coordinates": [121.611939, 25.052555]
			},
			"properties": {
				"行政區": "南港區",
				"地址": "忠孝東路7段528號(公車站)",
				"備註": "嚴禁投入家用垃圾，違者重罰新臺幣6000元"
			}
		},
		{
			"type": "Feature",
			"geometry": {
				"type": "Point",
				"coordinates": [121.611134, 25.052434]
			},
			"properties": {
				"行政區": "南港區",
				"地址": "忠孝東路7段528號前公車站(洛基飯店)",
				"備註": "嚴禁投入家用垃圾，違者重罰新臺幣6000元"
			}
		},
		{
			"type": "Feature",
			"geometry": {
				"type": "Point",
				"coordinates": [121.610458, 25.05265]
			},
			"properties": {
				"行政區": "南港區",
				"地址": "忠孝東路7段528號對面公車站",
				"備註": "嚴禁投入家用垃圾，違者重罰新臺幣6000元"
			}
		},
		{
			"type": "Feature",
			"geometry": {
				"type": "Point",
				"coordinates": [121.61375, 25.052744]
			},
			"properties": {
				"行政區": "南港區",
				"地址": "忠孝東路7段576號旁公車站",
				"備註": "嚴禁投入家用垃圾，違者重罰新臺幣6000元"
			}
		},
		{
			"type": "Feature",
			"geometry": {
				"type": "Point",
				"coordinates": [121.601179, 25.051612]
			},
			"properties": {
				"行政區": "南港區",
				"地址": "忠孝東路7段東往西方向北流中心公車站",
				"備註": "嚴禁投入家用垃圾，違者重罰新臺幣6000元"
			}
		},
		{
			"type": "Feature",
			"geometry": {
				"type": "Point",
				"coordinates": [121.599951, 25.051452]
			},
			"properties": {
				"行政區": "南港區",
				"地址": "忠孝東路7段東往西方向北流中心避車彎1",
				"備註": "嚴禁投入家用垃圾，違者重罰新臺幣6000元"
			}
		},
		{
			"type": "Feature",
			"geometry": {
				"type": "Point",
				"coordinates": [121.60618, 25.051915]
			},
			"properties": {
				"行政區": "南港區",
				"地址": "忠孝東路7段捷運南港站1號出口旁",
				"備註": "嚴禁投入家用垃圾，違者重罰新臺幣6000元"
			}
		},
		{
			"type": "Feature",
			"geometry": {
				"type": "Point",
				"coordinates": [121.620706, 25.037139]
			},
			"properties": {
				"行政區": "南港區",
				"地址": "南深路31號(巴黎春天旁公車站)",
				"備註": "嚴禁投入家用垃圾，違者重罰新臺幣6000元"
			}
		},
		{
			"type": "Feature",
			"geometry": {
				"type": "Point",
				"coordinates": [121.612173, 25.062127]
			},
			"properties": {
				"行政區": "南港區",
				"地址": "南港抽水站後方",
				"備註": "嚴禁投入家用垃圾，違者重罰新臺幣6000元"
			}
		},
		{
			"type": "Feature",
			"geometry": {
				"type": "Point",
				"coordinates": [121.606802, 25.054291]
			},
			"properties": {
				"行政區": "南港區",
				"地址": "南港路1段360號對面南興公園前西側",
				"備註": "嚴禁投入家用垃圾，違者重罰新臺幣6000元"
			}
		},
		{
			"type": "Feature",
			"geometry": {
				"type": "Point",
				"coordinates": [121.607292, 25.05443]
			},
			"properties": {
				"行政區": "南港區",
				"地址": "南港路1段360號對面南興公園前東側",
				"備註": "嚴禁投入家用垃圾，違者重罰新臺幣6000元"
			}
		},
		{
			"type": "Feature",
			"geometry": {
				"type": "Point",
				"coordinates": [121.615531, 25.055331]
			},
			"properties": {
				"行政區": "南港區",
				"地址": "南港路1段77號對面公車站(南港展覽館站)",
				"備註": "嚴禁投入家用垃圾，違者重罰新臺幣6000元"
			}
		},
		{
			"type": "Feature",
			"geometry": {
				"type": "Point",
				"coordinates": [121.615292, 25.055355]
			},
			"properties": {
				"行政區": "南港區",
				"地址": "南港路1段中南街口對面",
				"備註": "嚴禁投入家用垃圾，違者重罰新臺幣6000元"
			}
		},
		{
			"type": "Feature",
			"geometry": {
				"type": "Point",
				"coordinates": [121.600727, 25.053442]
			},
			"properties": {
				"行政區": "南港區",
				"地址": "南港路2段142號前公車站1",
				"備註": "嚴禁投入家用垃圾，違者重罰新臺幣6000元"
			}
		},
		{
			"type": "Feature",
			"geometry": {
				"type": "Point",
				"coordinates": [121.600274, 25.053466]
			},
			"properties": {
				"行政區": "南港區",
				"地址": "南港路2段142號前公車站2",
				"備註": "嚴禁投入家用垃圾，違者重罰新臺幣6000元"
			}
		},
		{
			"type": "Feature",
			"geometry": {
				"type": "Point",
				"coordinates": [121.599745, 25.052516]
			},
			"properties": {
				"行政區": "南港區",
				"地址": "南港路2段178巷對面巷內(市民大道口)",
				"備註": "嚴禁投入家用垃圾，違者重罰新臺幣6000元"
			}
		},
		{
			"type": "Feature",
			"geometry": {
				"type": "Point",
				"coordinates": [121.598829, 25.053609]
			},
			"properties": {
				"行政區": "南港區",
				"地址": "南港路2段212巷口對面",
				"備註": "嚴禁投入家用垃圾，違者重罰新臺幣6000元"
			}
		},
		{
			"type": "Feature",
			"geometry": {
				"type": "Point",
				"coordinates": [121.598285, 25.053722]
			},
			"properties": {
				"行政區": "南港區",
				"地址": "南港路2段232號對面(北流出入口)",
				"備註": "嚴禁投入家用垃圾，違者重罰新臺幣6000元"
			}
		},
		{
			"type": "Feature",
			"geometry": {
				"type": "Point",
				"coordinates": [121.603603, 25.053876]
			},
			"properties": {
				"行政區": "南港區",
				"地址": "南港路2段78號郵局旁",
				"備註": "嚴禁投入家用垃圾，違者重罰新臺幣6000元"
			}
		},
		{
			"type": "Feature",
			"geometry": {
				"type": "Point",
				"coordinates": [121.585211, 25.052581]
			},
			"properties": {
				"行政區": "南港區",
				"地址": "南港路3段139號",
				"備註": "嚴禁投入家用垃圾，違者重罰新臺幣6000元"
			}
		},
		{
			"type": "Feature",
			"geometry": {
				"type": "Point",
				"coordinates": [121.58771, 25.053099]
			},
			"properties": {
				"行政區": "南港區",
				"地址": "南港路3段168號前",
				"備註": "嚴禁投入家用垃圾，違者重罰新臺幣6000元"
			}
		},
		{
			"type": "Feature",
			"geometry": {
				"type": "Point",
				"coordinates": [121.587537, 25.053038]
			},
			"properties": {
				"行政區": "南港區",
				"地址": "南港路3段168號旁",
				"備註": "嚴禁投入家用垃圾，違者重罰新臺幣6000元"
			}
		},
		{
			"type": "Feature",
			"geometry": {
				"type": "Point",
				"coordinates": [121.584982, 25.052677]
			},
			"properties": {
				"行政區": "南港區",
				"地址": "南港路3段252號前",
				"備註": "嚴禁投入家用垃圾，違者重罰新臺幣6000元"
			}
		},
		{
			"type": "Feature",
			"geometry": {
				"type": "Point",
				"coordinates": [121.587702, 25.052925]
			},
			"properties": {
				"行政區": "南港區",
				"地址": "南港路3段95號前",
				"備註": "嚴禁投入家用垃圾，違者重罰新臺幣6000元"
			}
		},
		{
			"type": "Feature",
			"geometry": {
				"type": "Point",
				"coordinates": [121.615873, 25.051819]
			},
			"properties": {
				"行政區": "南港區",
				"地址": "研究院路1段112號",
				"備註": "嚴禁投入家用垃圾，違者重罰新臺幣6000元"
			}
		},
		{
			"type": "Feature",
			"geometry": {
				"type": "Point",
				"coordinates": [121.61779, 25.054905]
			},
			"properties": {
				"行政區": "南港區",
				"地址": "南港路1段捷運展覽館站6號出口",
				"備註": "嚴禁投入家用垃圾，違者重罰新臺幣6000元"
			}
		},
		{
			"type": "Feature",
			"geometry": {
				"type": "Point",
				"coordinates": [121.615852, 25.051225]
			},
			"properties": {
				"行政區": "南港區",
				"地址": "研究院路1段112號對面公車站(誠正國中)",
				"備註": "嚴禁投入家用垃圾，違者重罰新臺幣6000元"
			}
		},
		{
			"type": "Feature",
			"geometry": {
				"type": "Point",
				"coordinates": [121.615677, 25.04922]
			},
			"properties": {
				"行政區": "南港區",
				"地址": "研究院路1段與研究院路1段130巷交叉口旁(十字路口)",
				"備註": "嚴禁投入家用垃圾，違者重罰新臺幣6000元"
			}
		},
		{
			"type": "Feature",
			"geometry": {
				"type": "Point",
				"coordinates": [121.615998, 25.048649]
			},
			"properties": {
				"行政區": "南港區",
				"地址": "研究院路2段1號",
				"備註": "嚴禁投入家用垃圾，違者重罰新臺幣6000元"
			}
		},
		{
			"type": "Feature",
			"geometry": {
				"type": "Point",
				"coordinates": [121.615426, 25.045505]
			},
			"properties": {
				"行政區": "南港區",
				"地址": "研究院路2段37巷口(公車亭旁)",
				"備註": "嚴禁投入家用垃圾，違者重罰新臺幣6000元"
			}
		},
		{
			"type": "Feature",
			"geometry": {
				"type": "Point",
				"coordinates": [121.615666, 25.044647]
			},
			"properties": {
				"行政區": "南港區",
				"地址": "研究院路2段90號前公車站",
				"備註": "嚴禁投入家用垃圾，違者重罰新臺幣6000元"
			}
		},
		{
			"type": "Feature",
			"geometry": {
				"type": "Point",
				"coordinates": [121.611135, 25.034398]
			},
			"properties": {
				"行政區": "南港區",
				"地址": "研究院路3段130號對面人行道(軍人公墓中間)",
				"備註": "嚴禁投入家用垃圾，違者重罰新臺幣6000元"
			}
		},
		{
			"type": "Feature",
			"geometry": {
				"type": "Point",
				"coordinates": [121.611476, 25.034386]
			},
			"properties": {
				"行政區": "南港區",
				"地址": "研究院路3段130號對面人行道(軍人公墓右側)",
				"備註": "嚴禁投入家用垃圾，違者重罰新臺幣6000元"
			}
		},
		{
			"type": "Feature",
			"geometry": {
				"type": "Point",
				"coordinates": [121.610554, 25.034425]
			},
			"properties": {
				"行政區": "南港區",
				"地址": "研究院路3段130號對面人行道(軍人公墓左側)",
				"備註": "嚴禁投入家用垃圾，違者重罰新臺幣6000元"
			}
		},
		{
			"type": "Feature",
			"geometry": {
				"type": "Point",
				"coordinates": [121.616887, 25.035662]
			},
			"properties": {
				"行政區": "南港區",
				"地址": "研究院路3段1號旁公車站",
				"備註": "嚴禁投入家用垃圾，違者重罰新臺幣6000元"
			}
		},
		{
			"type": "Feature",
			"geometry": {
				"type": "Point",
				"coordinates": [121.611089, 25.033527]
			},
			"properties": {
				"行政區": "南港區",
				"地址": "研究院路3段223號(公車總站對面)",
				"備註": "嚴禁投入家用垃圾，違者重罰新臺幣6000元"
			}
		},
		{
			"type": "Feature",
			"geometry": {
				"type": "Point",
				"coordinates": [121.61646, 25.035031]
			},
			"properties": {
				"行政區": "南港區",
				"地址": "研究院路3段25巷旁",
				"備註": "嚴禁投入家用垃圾，違者重罰新臺幣6000元"
			}
		},
		{
			"type": "Feature",
			"geometry": {
				"type": "Point",
				"coordinates": [121.616078, 25.0348]
			},
			"properties": {
				"行政區": "南港區",
				"地址": "研究院路3段37號前公車站",
				"備註": "嚴禁投入家用垃圾，違者重罰新臺幣6000元"
			}
		},
		{
			"type": "Feature",
			"geometry": {
				"type": "Point",
				"coordinates": [121.614787, 25.03469]
			},
			"properties": {
				"行政區": "南港區",
				"地址": "研究院路3段50號(公車站)旁",
				"備註": "嚴禁投入家用垃圾，違者重罰新臺幣6000元"
			}
		},
		{
			"type": "Feature",
			"geometry": {
				"type": "Point",
				"coordinates": [121.612295, 25.033389]
			},
			"properties": {
				"行政區": "南港區",
				"地址": "研究院路3段臨168號公車總站旁人行道",
				"備註": "嚴禁投入家用垃圾，違者重罰新臺幣6000元"
			}
		},
		{
			"type": "Feature",
			"geometry": {
				"type": "Point",
				"coordinates": [121.612253, 25.03323]
			},
			"properties": {
				"行政區": "南港區",
				"地址": "研究院路3段臨168號對面公車站",
				"備註": "嚴禁投入家用垃圾，違者重罰新臺幣6000元"
			}
		},
		{
			"type": "Feature",
			"geometry": {
				"type": "Point",
				"coordinates": [121.603453, 25.057557]
			},
			"properties": {
				"行政區": "南港區",
				"地址": "重陽路258巷口",
				"備註": "嚴禁投入家用垃圾，違者重罰新臺幣6000元"
			}
		},
		{
			"type": "Feature",
			"geometry": {
				"type": "Point",
				"coordinates": [121.596794, 25.055534]
			},
			"properties": {
				"行政區": "南港區",
				"地址": "重陽路66號旁公車站",
				"備註": "嚴禁投入家用垃圾，違者重罰新臺幣6000元"
			}
		},
		{
			"type": "Feature",
			"geometry": {
				"type": "Point",
				"coordinates": [121.603793, 25.057647]
			},
			"properties": {
				"行政區": "南港區",
				"地址": "重陽路興南街交叉口公車站",
				"備註": "嚴禁投入家用垃圾，違者重罰新臺幣6000元"
			}
		},
		{
			"type": "Feature",
			"geometry": {
				"type": "Point",
				"coordinates": [121.620132, 25.057285]
			},
			"properties": {
				"行政區": "南港區",
				"地址": "經貿一路展覽館1館機車道口旁",
				"備註": "嚴禁投入家用垃圾，違者重罰新臺幣6000元"
			}
		},
		{
			"type": "Feature",
			"geometry": {
				"type": "Point",
				"coordinates": [121.619653, 25.056653]
			},
			"properties": {
				"行政區": "南港區",
				"地址": "經貿一路展覽館停車場入口處",
				"備註": "嚴禁投入家用垃圾，違者重罰新臺幣6000元"
			}
		},
		{
			"type": "Feature",
			"geometry": {
				"type": "Point",
				"coordinates": [121.619188, 25.055885]
			},
			"properties": {
				"行政區": "南港區",
				"地址": "經貿一路展覽館停車場入口處北側",
				"備註": "嚴禁投入家用垃圾，違者重罰新臺幣6000元"
			}
		},
		{
			"type": "Feature",
			"geometry": {
				"type": "Point",
				"coordinates": [121.618893, 25.055448]
			},
			"properties": {
				"行政區": "南港區",
				"地址": "經貿一路捷運南港展覽館站4號口旁人行道(捷運站)",
				"備註": "嚴禁投入家用垃圾，違者重罰新臺幣6000元"
			}
		},
		{
			"type": "Feature",
			"geometry": {
				"type": "Point",
				"coordinates": [121.619453, 25.056439]
			},
			"properties": {
				"行政區": "南港區",
				"地址": "經貿一路與南港路1段2巷口",
				"備註": "嚴禁投入家用垃圾，違者重罰新臺幣6000元"
			}
		},
		{
			"type": "Feature",
			"geometry": {
				"type": "Point",
				"coordinates": [121.614367, 25.056911]
			},
			"properties": {
				"行政區": "南港區",
				"地址": "經貿二路62巷口(三重路)",
				"備註": "嚴禁投入家用垃圾，違者重罰新臺幣6000元"
			}
		},
		{
			"type": "Feature",
			"geometry": {
				"type": "Point",
				"coordinates": [121.616558, 25.056396]
			},
			"properties": {
				"行政區": "南港區",
				"地址": "經貿二路62巷口(南港展覽館2館旁)",
				"備註": "嚴禁投入家用垃圾，違者重罰新臺幣6000元"
			}
		},
		{
			"type": "Feature",
			"geometry": {
				"type": "Point",
				"coordinates": [121.61636, 25.056831]
			},
			"properties": {
				"行政區": "南港區",
				"地址": "經貿二路62巷內",
				"備註": "嚴禁投入家用垃圾，違者重罰新臺幣6000元"
			}
		},
		{
			"type": "Feature",
			"geometry": {
				"type": "Point",
				"coordinates": [121.616997, 25.057606]
			},
			"properties": {
				"行政區": "南港區",
				"地址": "經貿二路88巷口對面(捷運軌道下)",
				"備註": "嚴禁投入家用垃圾，違者重罰新臺幣6000元"
			}
		},
		{
			"type": "Feature",
			"geometry": {
				"type": "Point",
				"coordinates": [121.616876, 25.055991]
			},
			"properties": {
				"行政區": "南港區",
				"地址": "經貿二路展覽館大門前.右側",
				"備註": "嚴禁投入家用垃圾，違者重罰新臺幣6000元"
			}
		},
		{
			"type": "Feature",
			"geometry": {
				"type": "Point",
				"coordinates": [121.616903, 25.056523]
			},
			"properties": {
				"行政區": "南港區",
				"地址": "經貿二路展覽館正門捷運軌道下1",
				"備註": "嚴禁投入家用垃圾，違者重罰新臺幣6000元"
			}
		},
		{
			"type": "Feature",
			"geometry": {
				"type": "Point",
				"coordinates": [121.616981, 25.057014]
			},
			"properties": {
				"行政區": "南港區",
				"地址": "經貿二路展覽館正門捷運軌道下2",
				"備註": "嚴禁投入家用垃圾，違者重罰新臺幣6000元"
			}
		},
		{
			"type": "Feature",
			"geometry": {
				"type": "Point",
				"coordinates": [121.616182, 25.06257]
			},
			"properties": {
				"行政區": "南港區",
				"地址": "經園街58號對面1",
				"備註": "嚴禁投入家用垃圾，違者重罰新臺幣6000元"
			}
		},
		{
			"type": "Feature",
			"geometry": {
				"type": "Point",
				"coordinates": [121.616388, 25.062455]
			},
			"properties": {
				"行政區": "南港區",
				"地址": "經園街58號對面2",
				"備註": "嚴禁投入家用垃圾，違者重罰新臺幣6000元"
			}
		},
		{
			"type": "Feature",
			"geometry": {
				"type": "Point",
				"coordinates": [121.617093, 25.06208]
			},
			"properties": {
				"行政區": "南港區",
				"地址": "經園街與經貿一路口",
				"備註": "嚴禁投入家用垃圾，違者重罰新臺幣6000元"
			}
		},
		{
			"type": "Feature",
			"geometry": {
				"type": "Point",
				"coordinates": [121.53832, 25.00783]
			},
			"properties": {
				"行政區": "文山區",
				"地址": "羅斯福路5段27號公車專用道(1)",
				"備註": "嚴禁投入家用垃圾，違者重罰新臺幣6000元"
			}
		},
		{
			"type": "Feature",
			"geometry": {
				"type": "Point",
				"coordinates": [121.53809, 25.00817]
			},
			"properties": {
				"行政區": "文山區",
				"地址": "羅斯福路5段72號公車專用道(2)",
				"備註": "嚴禁投入家用垃圾，違者重罰新臺幣6000元"
			}
		},
		{
			"type": "Feature",
			"geometry": {
				"type": "Point",
				"coordinates": [121.53675, 24.99811]
			},
			"properties": {
				"行政區": "文山區",
				"地址": "羅斯福路6段142巷與景福街交叉口",
				"備註": "嚴禁投入家用垃圾，違者重罰新臺幣6000元"
			}
		},
		{
			"type": "Feature",
			"geometry": {
				"type": "Point",
				"coordinates": [121.53742, 25.00756]
			},
			"properties": {
				"行政區": "文山區",
				"地址": "汀洲路4段85號旁(1)",
				"備註": "嚴禁投入家用垃圾，違者重罰新臺幣6000元"
			}
		},
		{
			"type": "Feature",
			"geometry": {
				"type": "Point",
				"coordinates": [121.53592, 24.996542]
			},
			"properties": {
				"行政區": "文山區",
				"地址": "景福街131號對面",
				"備註": "嚴禁投入家用垃圾，違者重罰新臺幣6000元"
			}
		},
		{
			"type": "Feature",
			"geometry": {
				"type": "Point",
				"coordinates": [121.537587, 25.00768]
			},
			"properties": {
				"行政區": "文山區",
				"地址": "汀洲路4段85號旁(1)",
				"備註": "嚴禁投入家用垃圾，違者重罰新臺幣6000元"
			}
		},
		{
			"type": "Feature",
			"geometry": {
				"type": "Point",
				"coordinates": [121.5365, 24.99764]
			},
			"properties": {
				"行政區": "文山區",
				"地址": "景福街125號對面",
				"備註": "嚴禁投入家用垃圾，違者重罰新臺幣6000元"
			}
		},
		{
			"type": "Feature",
			"geometry": {
				"type": "Point",
				"coordinates": [121.53784, 25.00835]
			},
			"properties": {
				"行政區": "文山區",
				"地址": "羅斯福路5段72號",
				"備註": "嚴禁投入家用垃圾，違者重罰新臺幣6000元"
			}
		},
		{
			"type": "Feature",
			"geometry": {
				"type": "Point",
				"coordinates": [121.535712, 24.997928]
			},
			"properties": {
				"行政區": "文山區",
				"地址": "景福街120號後方、公車總站對面",
				"備註": "嚴禁投入家用垃圾，違者重罰新臺幣6000元"
			}
		},
		{
			"type": "Feature",
			"geometry": {
				"type": "Point",
				"coordinates": [121.547267, 25.000629]
			},
			"properties": {
				"行政區": "文山區",
				"地址": "景豐街48巷25弄對面(2)",
				"備註": "嚴禁投入家用垃圾，違者重罰新臺幣6000元"
			}
		},
		{
			"type": "Feature",
			"geometry": {
				"type": "Point",
				"coordinates": [121.563242, 24.984609]
			},
			"properties": {
				"行政區": "文山區",
				"地址": "忠順街2段22號全聯超市右側",
				"備註": "嚴禁投入家用垃圾，違者重罰新臺幣6000元"
			}
		},
		{
			"type": "Feature",
			"geometry": {
				"type": "Point",
				"coordinates": [121.562484, 24.988821]
			},
			"properties": {
				"行政區": "文山區",
				"地址": "木柵路2段133號前",
				"備註": "嚴禁投入家用垃圾，違者重罰新臺幣6000元"
			}
		},
		{
			"type": "Feature",
			"geometry": {
				"type": "Point",
				"coordinates": [121.588291, 24.970264]
			},
			"properties": {
				"行政區": "文山區",
				"地址": "指南路3段38巷23號旁",
				"備註": "嚴禁投入家用垃圾，違者重罰新臺幣6000元"
			}
		},
		{
			"type": "Feature",
			"geometry": {
				"type": "Point",
				"coordinates": [121.587202, 24.969724]
			},
			"properties": {
				"行政區": "文山區",
				"地址": "指南路3段38巷16-1號對面",
				"備註": "嚴禁投入家用垃圾，違者重罰新臺幣6000元"
			}
		},
		{
			"type": "Feature",
			"geometry": {
				"type": "Point",
				"coordinates": [121.564158, 24.989408]
			},
			"properties": {
				"行政區": "文山區",
				"地址": "秀明路1段(久康公園)",
				"備註": "嚴禁投入家用垃圾，違者重罰新臺幣6000元"
			}
		},
		{
			"type": "Feature",
			"geometry": {
				"type": "Point",
				"coordinates": [121.56296, 24.984566]
			},
			"properties": {
				"行政區": "文山區",
				"地址": "忠順街2段22號全聯超市左側",
				"備註": "嚴禁投入家用垃圾，違者重罰新臺幣6000元"
			}
		},
		{
			"type": "Feature",
			"geometry": {
				"type": "Point",
				"coordinates": [121.560819, 24.986698]
			},
			"properties": {
				"行政區": "文山區",
				"地址": "興隆路4段木柵游泳池公車站-1",
				"備註": "嚴禁投入家用垃圾，違者重罰新臺幣6000元"
			}
		},
		{
			"type": "Feature",
			"geometry": {
				"type": "Point",
				"coordinates": [121.543957, 24.98853]
			},
			"properties": {
				"行政區": "文山區",
				"地址": "木柵路1段-世新大學公車站",
				"備註": "嚴禁投入家用垃圾，違者重罰新臺幣6000元"
			}
		},
		{
			"type": "Feature",
			"geometry": {
				"type": "Point",
				"coordinates": [121.587764, 24.968699]
			},
			"properties": {
				"行政區": "文山區",
				"地址": "指南路3段38巷16-2號(緣續緣茶莊斜對面)",
				"備註": "嚴禁投入家用垃圾，違者重罰新臺幣6000元"
			}
		},
		{
			"type": "Feature",
			"geometry": {
				"type": "Point",
				"coordinates": [121.586901, 24.9703]
			},
			"properties": {
				"行政區": "文山區",
				"地址": "指南路3段38巷14號旁(田寮橋)-1",
				"備註": "嚴禁投入家用垃圾，違者重罰新臺幣6000元"
			}
		},
		{
			"type": "Feature",
			"geometry": {
				"type": "Point",
				"coordinates": [121.587059, 24.970234]
			},
			"properties": {
				"行政區": "文山區",
				"地址": "指南路3段38巷14號旁(田寮橋)-2",
				"備註": "嚴禁投入家用垃圾，違者重罰新臺幣6000元"
			}
		},
		{
			"type": "Feature",
			"geometry": {
				"type": "Point",
				"coordinates": [121.587032, 24.970253]
			},
			"properties": {
				"行政區": "文山區",
				"地址": "指南路3段38巷14號旁(田寮橋)-3",
				"備註": "嚴禁投入家用垃圾，違者重罰新臺幣6000元"
			}
		},
		{
			"type": "Feature",
			"geometry": {
				"type": "Point",
				"coordinates": [121.586898, 24.970353]
			},
			"properties": {
				"行政區": "文山區",
				"地址": "指南路3段38巷14號旁(田寮橋)-4",
				"備註": "嚴禁投入家用垃圾，違者重罰新臺幣6000元"
			}
		},
		{
			"type": "Feature",
			"geometry": {
				"type": "Point",
				"coordinates": [121.580207, 24.972586]
			},
			"properties": {
				"行政區": "文山區",
				"地址": "指南路3段38巷17號前30公尺轉彎處(田寮橋)-1",
				"備註": "嚴禁投入家用垃圾，違者重罰新臺幣6000元"
			}
		},
		{
			"type": "Feature",
			"geometry": {
				"type": "Point",
				"coordinates": [121.578648, 24.97277]
			},
			"properties": {
				"行政區": "文山區",
				"地址": "指南路3段38巷17號前30公尺轉彎處(田寮橋)-2",
				"備註": "嚴禁投入家用垃圾，違者重罰新臺幣6000元"
			}
		},
		{
			"type": "Feature",
			"geometry": {
				"type": "Point",
				"coordinates": [121.578943, 24.972704]
			},
			"properties": {
				"行政區": "文山區",
				"地址": "指南路3段38巷17號前30公尺轉彎處(田寮橋)-3",
				"備註": "嚴禁投入家用垃圾，違者重罰新臺幣6000元"
			}
		},
		{
			"type": "Feature",
			"geometry": {
				"type": "Point",
				"coordinates": [121.587178, 24.970748]
			},
			"properties": {
				"行政區": "文山區",
				"地址": "指南路3段38巷16-1號(樟湖橋)",
				"備註": "嚴禁投入家用垃圾，違者重罰新臺幣6000元"
			}
		},
		{
			"type": "Feature",
			"geometry": {
				"type": "Point",
				"coordinates": [121.587286, 24.970065]
			},
			"properties": {
				"行政區": "文山區",
				"地址": "指南路3段38巷16-1號(樟湖橋)-1",
				"備註": "嚴禁投入家用垃圾，違者重罰新臺幣6000元"
			}
		},
		{
			"type": "Feature",
			"geometry": {
				"type": "Point",
				"coordinates": [121.587445, 24.969188]
			},
			"properties": {
				"行政區": "文山區",
				"地址": "指南路3段38巷16-2號(緣續緣茶莊斜對面)",
				"備註": "嚴禁投入家用垃圾，違者重罰新臺幣6000元"
			}
		},
		{
			"type": "Feature",
			"geometry": {
				"type": "Point",
				"coordinates": [121.587896, 24.968292]
			},
			"properties": {
				"行政區": "文山區",
				"地址": "指南路3段38巷18-2號旁(貓空纜車站公車站牌對面)",
				"備註": "嚴禁投入家用垃圾，違者重罰新臺幣6000元"
			}
		},
		{
			"type": "Feature",
			"geometry": {
				"type": "Point",
				"coordinates": [121.587514, 24.970228]
			},
			"properties": {
				"行政區": "文山區",
				"地址": "指南路3段38巷16-1號(樟湖橋)-2",
				"備註": "嚴禁投入家用垃圾，違者重罰新臺幣6000元"
			}
		},
		{
			"type": "Feature",
			"geometry": {
				"type": "Point",
				"coordinates": [121.587436, 24.970177]
			},
			"properties": {
				"行政區": "文山區",
				"地址": "指南路3段38巷16-1號(樟湖橋)-3",
				"備註": "嚴禁投入家用垃圾，違者重罰新臺幣6000元"
			}
		},
		{
			"type": "Feature",
			"geometry": {
				"type": "Point",
				"coordinates": [121.587359, 24.96716]
			},
			"properties": {
				"行政區": "文山區",
				"地址": "指南路3段38巷22-1號(大觀園)斜對面",
				"備註": "嚴禁投入家用垃圾，違者重罰新臺幣6000元"
			}
		},
		{
			"type": "Feature",
			"geometry": {
				"type": "Point",
				"coordinates": [121.589731, 24.966635]
			},
			"properties": {
				"行政區": "文山區",
				"地址": "指南路3段38巷33號紅木屋前120公尺處(樟湖幹147A對面)",
				"備註": "嚴禁投入家用垃圾，違者重罰新臺幣6000元"
			}
		},
		{
			"type": "Feature",
			"geometry": {
				"type": "Point",
				"coordinates": [121.589696, 24.966631]
			},
			"properties": {
				"行政區": "文山區",
				"地址": "指南路3段38巷33號紅木屋前120公尺處(樟湖幹147A對面)-1",
				"備註": "嚴禁投入家用垃圾，違者重罰新臺幣6000元"
			}
		},
		{
			"type": "Feature",
			"geometry": {
				"type": "Point",
				"coordinates": [121.592337, 24.970737]
			},
			"properties": {
				"行政區": "文山區",
				"地址": "指南路3段38巷37-2號(天恩宮轉角)",
				"備註": "嚴禁投入家用垃圾，違者重罰新臺幣6000元"
			}
		},
		{
			"type": "Feature",
			"geometry": {
				"type": "Point",
				"coordinates": [121.592422, 24.970725]
			},
			"properties": {
				"行政區": "文山區",
				"地址": "指南路3段38巷37-2號(天恩宮轉角)-1",
				"備註": "嚴禁投入家用垃圾，違者重罰新臺幣6000元"
			}
		},
		{
			"type": "Feature",
			"geometry": {
				"type": "Point",
				"coordinates": [121.605581, 24.970444]
			},
			"properties": {
				"行政區": "文山區",
				"地址": "指南路3段40巷草湳橋",
				"備註": "嚴禁投入家用垃圾，違者重罰新臺幣6000元"
			}
		},
		{
			"type": "Feature",
			"geometry": {
				"type": "Point",
				"coordinates": [121.595573, 24.96889]
			},
			"properties": {
				"行政區": "文山區",
				"地址": "指南路3段40巷8-4號對面停車場 (貓空公車壺穴站)",
				"備註": "嚴禁投入家用垃圾，違者重罰新臺幣6000元"
			}
		},
		{
			"type": "Feature",
			"geometry": {
				"type": "Point",
				"coordinates": [121.595369, 24.968972]
			},
			"properties": {
				"行政區": "文山區",
				"地址": "指南路3段40巷8-4號對面停車場 (貓空公車壺穴站)-1",
				"備註": "嚴禁投入家用垃圾，違者重罰新臺幣6000元"
			}
		},
		{
			"type": "Feature",
			"geometry": {
				"type": "Point",
				"coordinates": [121.595365, 24.968069]
			},
			"properties": {
				"行政區": "文山區",
				"地址": "指南路3段40巷8號喜相逢對面天空小步道(貓空公車站)",
				"備註": "嚴禁投入家用垃圾，違者重罰新臺幣6000元"
			}
		},
		{
			"type": "Feature",
			"geometry": {
				"type": "Point",
				"coordinates": [121.595343, 24.967979]
			},
			"properties": {
				"行政區": "文山區",
				"地址": "指南路3段40巷8號喜相逢對面天空小步道(貓空公車站)-1",
				"備註": "嚴禁投入家用垃圾，違者重罰新臺幣6000元"
			}
		},
		{
			"type": "Feature",
			"geometry": {
				"type": "Point",
				"coordinates": [121.595465, 24.967923]
			},
			"properties": {
				"行政區": "文山區",
				"地址": "指南路3段40巷12-2號金盆茗茶對面天空小步道(公車貓空站)",
				"備註": "嚴禁投入家用垃圾，違者重罰新臺幣6000元"
			}
		},
		{
			"type": "Feature",
			"geometry": {
				"type": "Point",
				"coordinates": [121.595448, 24.967899]
			},
			"properties": {
				"行政區": "文山區",
				"地址": "指南路3段40巷12-2號金盆茗茶對面天空小步道(公車貓空站)-1",
				"備註": "嚴禁投入家用垃圾，違者重罰新臺幣6000元"
			}
		},
		{
			"type": "Feature",
			"geometry": {
				"type": "Point",
				"coordinates": [121.59733, 24.965694]
			},
			"properties": {
				"行政區": "文山區",
				"地址": "指南路3段40巷20-3號旁(公車涼亭站)",
				"備註": "嚴禁投入家用垃圾，違者重罰新臺幣6000元"
			}
		},
		{
			"type": "Feature",
			"geometry": {
				"type": "Point",
				"coordinates": [121.597392, 24.965761]
			},
			"properties": {
				"行政區": "文山區",
				"地址": "指南路3段40巷20-3號旁(公車涼亭站)-1",
				"備註": "嚴禁投入家用垃圾，違者重罰新臺幣6000元"
			}
		},
		{
			"type": "Feature",
			"geometry": {
				"type": "Point",
				"coordinates": [121.605469, 24.970077]
			},
			"properties": {
				"行政區": "文山區",
				"地址": "指南路3段40巷草湳橋-1",
				"備註": "嚴禁投入家用垃圾，違者重罰新臺幣6000元"
			}
		},
		{
			"type": "Feature",
			"geometry": {
				"type": "Point",
				"coordinates": [121.605584, 24.970096]
			},
			"properties": {
				"行政區": "文山區",
				"地址": "指南路3段40巷草湳橋-2",
				"備註": "嚴禁投入家用垃圾，違者重罰新臺幣6000元"
			}
		},
		{
			"type": "Feature",
			"geometry": {
				"type": "Point",
				"coordinates": [121.605453, 24.970108]
			},
			"properties": {
				"行政區": "文山區",
				"地址": "指南路3段40巷草湳橋-3",
				"備註": "嚴禁投入家用垃圾，違者重罰新臺幣6000元"
			}
		},
		{
			"type": "Feature",
			"geometry": {
				"type": "Point",
				"coordinates": [121.605389, 24.970465]
			},
			"properties": {
				"行政區": "文山區",
				"地址": "指南路3段40巷草湳橋-4",
				"備註": "嚴禁投入家用垃圾，違者重罰新臺幣6000元"
			}
		},
		{
			"type": "Feature",
			"geometry": {
				"type": "Point",
				"coordinates": [121.608427, 24.970035]
			},
			"properties": {
				"行政區": "文山區",
				"地址": "指南路3段197號斜對面(1)",
				"備註": "嚴禁投入家用垃圾，違者重罰新臺幣6000元"
			}
		},
		{
			"type": "Feature",
			"geometry": {
				"type": "Point",
				"coordinates": [121.608505, 24.969915]
			},
			"properties": {
				"行政區": "文山區",
				"地址": "指南路3段197號斜對面(2)",
				"備註": "嚴禁投入家用垃圾，違者重罰新臺幣6000元"
			}
		},
		{
			"type": "Feature",
			"geometry": {
				"type": "Point",
				"coordinates": [121.589617, 24.978638]
			},
			"properties": {
				"行政區": "文山區",
				"地址": "指南路3段3段157巷200號(纜車指南宮站)",
				"備註": "嚴禁投入家用垃圾，違者重罰新臺幣6000元"
			}
		},
		{
			"type": "Feature",
			"geometry": {
				"type": "Point",
				"coordinates": [121.589587, 24.978636]
			},
			"properties": {
				"行政區": "文山區",
				"地址": "指南路3段3段157巷200號(纜車指南宮站)-1",
				"備註": "嚴禁投入家用垃圾，違者重罰新臺幣6000元"
			}
		},
		{
			"type": "Feature",
			"geometry": {
				"type": "Point",
				"coordinates": [121.589485, 24.978579]
			},
			"properties": {
				"行政區": "文山區",
				"地址": "指南路3段3段157巷200號(纜車指南宮站)-2",
				"備註": "嚴禁投入家用垃圾，違者重罰新臺幣6000元"
			}
		},
		{
			"type": "Feature",
			"geometry": {
				"type": "Point",
				"coordinates": [121.585499, 24.981199]
			},
			"properties": {
				"行政區": "文山區",
				"地址": "萬壽路85號(指南宮車站候車亭旁)",
				"備註": "嚴禁投入家用垃圾，違者重罰新臺幣6000元"
			}
		},
		{
			"type": "Feature",
			"geometry": {
				"type": "Point",
				"coordinates": [121.597179, 24.967737]
			},
			"properties": {
				"行政區": "文山區",
				"地址": "指南路3段40巷12-2號金盆茗茶對面天空小步道(公車貓空站)-2",
				"備註": "嚴禁投入家用垃圾，違者重罰新臺幣6000元"
			}
		},
		{
			"type": "Feature",
			"geometry": {
				"type": "Point",
				"coordinates": [121.597179, 24.967737]
			},
			"properties": {
				"行政區": "文山區",
				"地址": "指南路3段40巷12-2號金盆茗茶對面天空小步道(公車貓空站)-3",
				"備註": "嚴禁投入家用垃圾，違者重罰新臺幣6000元"
			}
		},
		{
			"type": "Feature",
			"geometry": {
				"type": "Point",
				"coordinates": [121.580162, 24.998799]
			},
			"properties": {
				"行政區": "文山區",
				"地址": "新光路2段32號動物園站B1候車亭-1",
				"備註": "嚴禁投入家用垃圾，違者重罰新臺幣6000元"
			}
		},
		{
			"type": "Feature",
			"geometry": {
				"type": "Point",
				"coordinates": [121.576541, 24.996643]
			},
			"properties": {
				"行政區": "文山區",
				"地址": "新光路2段8號貓覽動物園站B2候車亭-1",
				"備註": "嚴禁投入家用垃圾，違者重罰新臺幣6000元"
			}
		},
		{
			"type": "Feature",
			"geometry": {
				"type": "Point",
				"coordinates": [121.57618, 24.996308]
			},
			"properties": {
				"行政區": "文山區",
				"地址": "新光路2段8號貓覽動物園站A1候車亭-1",
				"備註": "嚴禁投入家用垃圾，違者重罰新臺幣6000元"
			}
		},
		{
			"type": "Feature",
			"geometry": {
				"type": "Point",
				"coordinates": [121.580019, 24.998571]
			},
			"properties": {
				"行政區": "文山區",
				"地址": "新光路2段32號動物園站A3候車亭-1",
				"備註": "嚴禁投入家用垃圾，違者重罰新臺幣6000元"
			}
		},
		{
			"type": "Feature",
			"geometry": {
				"type": "Point",
				"coordinates": [121.580426, 24.998961]
			},
			"properties": {
				"行政區": "文山區",
				"地址": "新光路2段32號動物園站B1候車亭-2",
				"備註": "嚴禁投入家用垃圾，違者重罰新臺幣6000元"
			}
		},
		{
			"type": "Feature",
			"geometry": {
				"type": "Point",
				"coordinates": [121.574989, 24.995824]
			},
			"properties": {
				"行政區": "文山區",
				"地址": "新光路2段動物園汙水處理廠(河川側)",
				"備註": "嚴禁投入家用垃圾，違者重罰新臺幣6000元"
			}
		},
		{
			"type": "Feature",
			"geometry": {
				"type": "Point",
				"coordinates": [121.57667, 24.99671]
			},
			"properties": {
				"行政區": "文山區",
				"地址": "新光路2段8號貓覽動物園站B2候車亭-2",
				"備註": "嚴禁投入家用垃圾，違者重罰新臺幣6000元"
			}
		},
		{
			"type": "Feature",
			"geometry": {
				"type": "Point",
				"coordinates": [121.57541, 24.996069]
			},
			"properties": {
				"行政區": "文山區",
				"地址": "新光路2段8號貓纜動物園站水舞區(河川側)-1",
				"備註": "嚴禁投入家用垃圾，違者重罰新臺幣6000元"
			}
		},
		{
			"type": "Feature",
			"geometry": {
				"type": "Point",
				"coordinates": [121.5754, 24.996063]
			},
			"properties": {
				"行政區": "文山區",
				"地址": "新光路2段8號貓纜動物園站水舞區(河川側)-2",
				"備註": "嚴禁投入家用垃圾，違者重罰新臺幣6000元"
			}
		},
		{
			"type": "Feature",
			"geometry": {
				"type": "Point",
				"coordinates": [121.576009, 24.996204]
			},
			"properties": {
				"行政區": "文山區",
				"地址": "新光路2段8號貓纜動物園站A1候車亭-2",
				"備註": "嚴禁投入家用垃圾，違者重罰新臺幣6000元"
			}
		},
		{
			"type": "Feature",
			"geometry": {
				"type": "Point",
				"coordinates": [121.575884, 24.996131]
			},
			"properties": {
				"行政區": "文山區",
				"地址": "新光路2段8號貓覽動物園站A1候車亭-3",
				"備註": "嚴禁投入家用垃圾，違者重罰新臺幣6000元"
			}
		},
		{
			"type": "Feature",
			"geometry": {
				"type": "Point",
				"coordinates": [121.575779, 24.996298]
			},
			"properties": {
				"行政區": "文山區",
				"地址": "新光路2段8號貓纜動物園站(河川側)-1",
				"備註": "嚴禁投入家用垃圾，違者重罰新臺幣6000元"
			}
		},
		{
			"type": "Feature",
			"geometry": {
				"type": "Point",
				"coordinates": [121.575768, 24.996293]
			},
			"properties": {
				"行政區": "文山區",
				"地址": "新光路2段8號貓纜動物園站(河川側)-2",
				"備註": "嚴禁投入家用垃圾，違者重罰新臺幣6000元"
			}
		},
		{
			"type": "Feature",
			"geometry": {
				"type": "Point",
				"coordinates": [121.582164, 24.999737]
			},
			"properties": {
				"行政區": "文山區",
				"地址": "新光路2段30號動物園-1",
				"備註": "嚴禁投入家用垃圾，違者重罰新臺幣6000元"
			}
		},
		{
			"type": "Feature",
			"geometry": {
				"type": "Point",
				"coordinates": [121.574408, 24.995496]
			},
			"properties": {
				"行政區": "文山區",
				"地址": "新光路2段8號動物園汙水處理廠(河川側)-1",
				"備註": "嚴禁投入家用垃圾，違者重罰新臺幣6000元"
			}
		},
		{
			"type": "Feature",
			"geometry": {
				"type": "Point",
				"coordinates": [121.582341, 24.999842]
			},
			"properties": {
				"行政區": "文山區",
				"地址": "新光路2段30號動物園-2",
				"備註": "嚴禁投入家用垃圾，違者重罰新臺幣6000元"
			}
		},
		{
			"type": "Feature",
			"geometry": {
				"type": "Point",
				"coordinates": [121.57411, 24.995304]
			},
			"properties": {
				"行政區": "文山區",
				"地址": "新光路2段8號動物園汙水處理廠(河川側)-2",
				"備註": "嚴禁投入家用垃圾，違者重罰新臺幣6000元"
			}
		},
		{
			"type": "Feature",
			"geometry": {
				"type": "Point",
				"coordinates": [121.582622, 24.999891]
			},
			"properties": {
				"行政區": "文山區",
				"地址": "新光路2段30號動物園-3",
				"備註": "嚴禁投入家用垃圾，違者重罰新臺幣6000元"
			}
		},
		{
			"type": "Feature",
			"geometry": {
				"type": "Point",
				"coordinates": [121.579802, 24.998449]
			},
			"properties": {
				"行政區": "文山區",
				"地址": "新光路2段32號動物園站A3候車亭-2",
				"備註": "嚴禁投入家用垃圾，違者重罰新臺幣6000元"
			}
		},
		{
			"type": "Feature",
			"geometry": {
				"type": "Point",
				"coordinates": [121.57681, 24.99681]
			},
			"properties": {
				"行政區": "文山區",
				"地址": "新光路2段8號貓覽動物園站B2候車亭-3",
				"備註": "嚴禁投入家用垃圾，違者重罰新臺幣6000元"
			}
		},
		{
			"type": "Feature",
			"geometry": {
				"type": "Point",
				"coordinates": [121.57395, 24.998013]
			},
			"properties": {
				"行政區": "文山區",
				"地址": "木柵路4段135號捷運木柵站",
				"備註": "嚴禁投入家用垃圾，違者重罰新臺幣6000元"
			}
		},
		{
			"type": "Feature",
			"geometry": {
				"type": "Point",
				"coordinates": [121.573156, 24.998102]
			},
			"properties": {
				"行政區": "文山區",
				"地址": "木柵路4段135號捷運木柵站[近停車場出入口]",
				"備註": "嚴禁投入家用垃圾，違者重罰新臺幣6000元"
			}
		}
	]
}
