{
   "type": "FeatureCollection",
   "features": [
  {
    "type": "Feature",
    "geometry": {
       "type": "Point",
       "coordinates":  [ 121.5233244,25.0885079 ]
    },
    "properties": {
    "city":"台北市",
    "name":"7-11OPEN門市",
    "address":"111台北市士林區基河路128號"
    }
  },
  {
    "type": "Feature",
    "geometry": {
       "type": "Point",
       "coordinates":  [ 121.4684984,25.1281141 ]
    },
    "properties": {
    "city":"台北市",
    "name":"7-11一德門市",
    "address":"112台北市北投區中央北路4段513號"
    }
  },
  {
    "type": "Feature",
    "geometry": {
       "type": "Point",
       "coordinates":  [ 121.5185728,25.0652015 ]
    },
    "properties": {
    "city":"台北市",
    "name":"7-11三德門市",
    "address":"103台北市大同區承德路3段53號"
    }
  },
  {
    "type": "Feature",
    "geometry": {
       "type": "Point",
       "coordinates":  [ 121.5229133,25.084217 ]
    },
    "properties": {
    "city":"台北市",
    "name":"7-11三樂門市",
    "address":"111台北市士林區劍潭路15號"
    }
  },
  {
    "type": "Feature",
    "geometry": {
       "type": "Point",
       "coordinates":  [ 121.5607793,25.028975 ]
    },
    "properties": {
    "city":"台北市",
    "name":"7-11三興門市",
    "address":"110台北市信義區吳興街156巷16弄1號"
    }
  },
  {
    "type": "Feature",
    "geometry": {
       "type": "Point",
       "coordinates":  [ 121.5484948,25.05654 ]
    },
    "properties": {
    "city":"台北市",
    "name":"7-11上弘門市",
    "address":"105台北市松山區敦化北路168號B2"
    }
  },
  {
    "type": "Feature",
    "geometry": {
       "type": "Point",
       "coordinates":  [ 121.5228958,25.0437443 ]
    },
    "properties": {
    "city":"台北市",
    "name":"7-11千成門市",
    "address":"100台北市中正區林森南路4號之3"
    }
  },
  {
    "type": "Feature",
    "geometry": {
       "type": "Point",
       "coordinates":  [ 121.5170536,25.0452843 ]
    },
    "properties": {
    "city":"台北市",
    "name":"7-11千翔門市",
    "address":"100台北市中正區公園路18號"
    }
  },
  {
    "type": "Feature",
    "geometry": {
       "type": "Point",
       "coordinates":  [ 121.527792,25.1118827 ]
    },
    "properties": {
    "city":"台北市",
    "name":"7-11士東門市",
    "address":"111台北市士林區士東路48號"
    }
  },
  {
    "type": "Feature",
    "geometry": {
       "type": "Point",
       "coordinates":  [ 121.518016,25.0916964 ]
    },
    "properties": {
    "city":"台北市",
    "name":"7-11士陽門市",
    "address":"111台北市士林區中正路503號"
    }
  },
  {
    "type": "Feature",
    "geometry": {
       "type": "Point",
       "coordinates":  [ 121.5263786,25.0879467 ]
    },
    "properties": {
    "city":"台北市",
    "name":"7-11士鑽門市",
    "address":"111台北市士林區文林路102號B1"
    }
  },
  {
    "type": "Feature",
    "geometry": {
       "type": "Point",
       "coordinates":  [ 121.5010113,25.1305296 ]
    },
    "properties": {
    "city":"台北市",
    "name":"7-11大中門市",
    "address":"112台北市北投區中央南路一段114號"
    }
  },
  {
    "type": "Feature",
    "geometry": {
       "type": "Point",
       "coordinates":  [ 121.5330412,25.0175103 ]
    },
    "properties": {
    "city":"台北市",
    "name":"7-11大台門市",
    "address":"106台北市大安區新生南路3段94巷3號"
    }
  },
  {
    "type": "Feature",
    "geometry": {
       "type": "Point",
       "coordinates":  [ 121.5116173,25.0430652 ]
    },
    "properties": {
    "city":"台北市",
    "name":"7-11大永博門市",
    "address":"100台北市中正區博愛路97號1樓"
    }
  },
  {
    "type": "Feature",
    "geometry": {
       "type": "Point",
       "coordinates":  [ 121.5302755,25.0561553 ]
    },
    "properties": {
    "city":"台北市",
    "name":"7-11大吉門市",
    "address":"104台北市中山區吉林路101號"
    }
  },
  {
    "type": "Feature",
    "geometry": {
       "type": "Point",
       "coordinates":  [ 121.5474814,25.0419017 ]
    },
    "properties": {
    "city":"台北市",
    "name":"7-11大安門市",
    "address":"106台北市大安區忠孝東路四段77號(捷運地下街5號店鋪)"
    }
  },
  {
    "type": "Feature",
    "geometry": {
       "type": "Point",
       "coordinates":  [ 121.5574266,25.0518277 ]
    },
    "properties": {
    "city":"台北市",
    "name":"7-11大昇門市",
    "address":"105台北市松山區南京東路5段104號"
    }
  },
  {
    "type": "Feature",
    "geometry": {
       "type": "Point",
       "coordinates":  [ 121.5347045,25.0337884 ]
    },
    "properties": {
    "city":"台北市",
    "name":"7-11大信門市",
    "address":"106台北市大安區信義路三段33號"
    }
  },
  {
    "type": "Feature",
    "geometry": {
       "type": "Point",
       "coordinates":  [ 121.5049595,25.033026 ]
    },
    "properties": {
    "city":"台北市",
    "name":"7-11大埔門市",
    "address":"108台北市萬華區中華路2段34號"
    }
  },
  {
    "type": "Feature",
    "geometry": {
       "type": "Point",
       "coordinates":  [ 121.5747315,25.0728908 ]
    },
    "properties": {
    "city":"台北市",
    "name":"7-11大眾門市",
    "address":"114台北市內湖區陽光街298號"
    }
  },
  {
    "type": "Feature",
    "geometry": {
       "type": "Point",
       "coordinates":  [ 121.5504022,25.030885 ]
    },
    "properties": {
    "city":"台北市",
    "name":"7-11大敦門市",
    "address":"106台北市大安區敦化南路2段63巷24號"
    }
  },
  {
    "type": "Feature",
    "geometry": {
       "type": "Point",
       "coordinates":  [ 121.5001183,25.0240297 ]
    },
    "properties": {
    "city":"台北市",
    "name":"7-11大華門市",
    "address":"108台北市萬華區萬大路495.497號"
    }
  },
  {
    "type": "Feature",
    "geometry": {
       "type": "Point",
       "coordinates":  [ 121.5285607,25.1102439 ]
    },
    "properties": {
    "city":"台北市",
    "name":"7-11大葉門市",
    "address":"111台北市士林區德行東路109巷81號"
    }
  },
  {
    "type": "Feature",
    "geometry": {
       "type": "Point",
       "coordinates":  [ 121.546518,25.0808412 ]
    },
    "properties": {
    "city":"台北市",
    "name":"7-11大運門市",
    "address":"105台北市中山區大直街11號"
    }
  },
  {
    "type": "Feature",
    "geometry": {
       "type": "Point",
       "coordinates":  [ 121.5780439,25.0609508 ]
    },
    "properties": {
    "city":"台北市",
    "name":"7-11大潤發門市",
    "address":"114台北市內湖區舊宗路128號"
    }
  },
  {
    "type": "Feature",
    "geometry": {
       "type": "Point",
       "coordinates":  [ 121.5158444,25.0657981 ]
    },
    "properties": {
    "city":"台北市",
    "name":"7-11大龍門市",
    "address":"103台北市大同區昌吉街72.74.76號"
    }
  },
  {
    "type": "Feature",
    "geometry": {
       "type": "Point",
       "coordinates":  [ 121.5546859,25.0513931 ]
    },
    "properties": {
    "city":"台北市",
    "name":"7-11小巨蛋門市",
    "address":"105台北市松山區南京東路4段2號1樓第10櫃位"
    }
  },
  {
    "type": "Feature",
    "geometry": {
       "type": "Point",
       "coordinates":  [ 121.5383223,25.0147523 ]
    },
    "properties": {
    "city":"台北市",
    "name":"7-11小福樓門市",
    "address":"106台北市大安區羅斯福路4段1號2樓(台灣大學小福樓)"
    }
  },
  {
    "type": "Feature",
    "geometry": {
       "type": "Point",
       "coordinates":  [ 121.5829835,25.0434812 ]
    },
    "properties": {
    "city":"台北市",
    "name":"7-11中坡門市",
    "address":"115台北市南港區中坡南路15號"
    }
  },
  {
    "type": "Feature",
    "geometry": {
       "type": "Point",
       "coordinates":  [ 121.5224697,25.0427322 ]
    },
    "properties": {
    "city":"台北市",
    "name":"7-11中航門市",
    "address":"100台北市中正區林森南路12號"
    }
  },
  {
    "type": "Feature",
    "geometry": {
       "type": "Point",
       "coordinates":  [ 121.5527068,25.0482967 ]
    },
    "properties": {
    "city":"台北市",
    "name":"7-11中崙門市",
    "address":"105台北市松山區八德路3段27號"
    }
  },
  {
    "type": "Feature",
    "geometry": {
       "type": "Point",
       "coordinates":  [ 121.4866999,25.1385036 ]
    },
    "properties": {
    "city":"台北市",
    "name":"7-11中陽門市",
    "address":"112台北市北投區中央北路3段2號"
    }
  },
  {
    "type": "Feature",
    "geometry": {
       "type": "Point",
       "coordinates":  [ 121.5209023,25.032868 ]
    },
    "properties": {
    "city":"台北市",
    "name":"7-11中愛門市",
    "address":"100台北市中正區愛國東路102號"
    }
  },
  {
    "type": "Feature",
    "geometry": {
       "type": "Point",
       "coordinates":  [ 121.5099963,25.0245504 ]
    },
    "properties": {
    "city":"台北市",
    "name":"7-11中寧門市",
    "address":"108台北市萬華區中華路2段6(02)1-2號一樓"
    }
  },
  {
    "type": "Feature",
    "geometry": {
       "type": "Point",
       "coordinates":  [ 121.537442,25.0576301 ]
    },
    "properties": {
    "city":"台北市",
    "name":"7-11中福門市",
    "address":"104台北市中山區民生東路2段113號."
    }
  },
  {
    "type": "Feature",
    "geometry": {
       "type": "Point",
       "coordinates":  [ 121.5343006,25.0386117 ]
    },
    "properties": {
    "city":"台北市",
    "name":"7-11中廣門市",
    "address":"106台北市大安區仁愛路三段25-1.27號"
    }
  },
  {
    "type": "Feature",
    "geometry": {
       "type": "Point",
       "coordinates":  [ 121.5448055,25.0968984 ]
    },
    "properties": {
    "city":"台北市",
    "name":"7-11中影門市",
    "address":"111台北市士林區至善路二段34號"
    }
  },
  {
    "type": "Feature",
    "geometry": {
       "type": "Point",
       "coordinates":  [ 121.5105465,25.0449738 ]
    },
    "properties": {
    "city":"台北市",
    "name":"7-11中樂門市",
    "address":"100台北市中正區延平南路47號"
    }
  },
  {
    "type": "Feature",
    "geometry": {
       "type": "Point",
       "coordinates":  [ 121.5587018,25.0319867 ]
    },
    "properties": {
    "city":"台北市",
    "name":"7-11中興門市",
    "address":"110台北市信義區基隆路2段22號"
    }
  },
  {
    "type": "Feature",
    "geometry": {
       "type": "Point",
       "coordinates":  [ 121.5093209,25.0509696 ]
    },
    "properties": {
    "city":"台北市",
    "name":"7-11中興醫門市",
    "address":"103台北市大同區鄭州路145號B1"
    }
  },
  {
    "type": "Feature",
    "geometry": {
       "type": "Point",
       "coordinates":  [ 121.5226504,25.0598756 ]
    },
    "properties": {
    "city":"台北市",
    "name":"7-11中錦門市",
    "address":"104台北市中山區中山北路二段98號"
    }
  },
  {
    "type": "Feature",
    "geometry": {
       "type": "Point",
       "coordinates":  [ 121.5255747,25.0390643 ]
    },
    "properties": {
    "city":"台北市",
    "name":"7-11丹陽門市",
    "address":"100台北市中正區杭州南路一段83號"
    }
  },
  {
    "type": "Feature",
    "geometry": {
       "type": "Point",
       "coordinates":  [ 121.5241022,25.0972711 ]
    },
    "properties": {
    "city":"台北市",
    "name":"7-11丹樺門市",
    "address":"111台北市士林區文林路530號"
    }
  },
  {
    "type": "Feature",
    "geometry": {
       "type": "Point",
       "coordinates":  [ 121.545354,25.0387765 ]
    },
    "properties": {
    "city":"台北市",
    "name":"7-11仁安門市",
    "address":"106台北市大安區仁愛路四段27巷1號"
    }
  },
  {
    "type": "Feature",
    "geometry": {
       "type": "Point",
       "coordinates":  [ 121.558483,25.0365877 ]
    },
    "properties": {
    "city":"台北市",
    "name":"7-11仁和門市",
    "address":"110台北市信義區正和里光復南路419巷41號"
    }
  },
  {
    "type": "Feature",
    "geometry": {
       "type": "Point",
       "coordinates":  [ 121.5286089,25.0381398 ]
    },
    "properties": {
    "city":"台北市",
    "name":"7-11仁金門市",
    "address":"100台北市中正區仁愛路二段39.39-1號"
    }
  },
  {
    "type": "Feature",
    "geometry": {
       "type": "Point",
       "coordinates":  [ 121.5438183,25.0524549 ]
    },
    "properties": {
    "city":"台北市",
    "name":"7-11元大門市",
    "address":"104台北市中山區復興北路148號"
    }
  },
  {
    "type": "Feature",
    "geometry": {
       "type": "Point",
       "coordinates":  [ 121.5055312,25.0458925 ]
    },
    "properties": {
    "city":"台北市",
    "name":"7-11六福門市",
    "address":"108台北市萬華區漢口街二段56號"
    }
  },
  {
    "type": "Feature",
    "geometry": {
       "type": "Point",
       "coordinates":  [ 121.503131,25.1330734 ]
    },
    "properties": {
    "city":"台北市",
    "name":"7-11公館門市",
    "address":"112台北市北投區公館路31號"
    }
  },
  {
    "type": "Feature",
    "geometry": {
       "type": "Point",
       "coordinates":  [ 121.5085595,25.0911584 ]
    },
    "properties": {
    "city":"台北市",
    "name":"7-11友成門市",
    "address":"111台北市士林區社中街214號"
    }
  },
  {
    "type": "Feature",
    "geometry": {
       "type": "Point",
       "coordinates":  [ 121.5261856,25.119425 ]
    },
    "properties": {
    "city":"台北市",
    "name":"7-11天北門市",
    "address":"111台北市士林區天母北路12號"
    }
  },
  {
    "type": "Feature",
    "geometry": {
       "type": "Point",
       "coordinates":  [ 121.5331457,25.1156355 ]
    },
    "properties": {
    "city":"台北市",
    "name":"7-11天成門市",
    "address":"111台北市士林區忠誠路二段168號1樓"
    }
  },
  {
    "type": "Feature",
    "geometry": {
       "type": "Point",
       "coordinates":  [ 121.5311325,25.1186135 ]
    },
    "properties": {
    "city":"台北市",
    "name":"7-11天東門市",
    "address":"111台北市士林區中山北路7段14巷2-1號"
    }
  },
  {
    "type": "Feature",
    "geometry": {
       "type": "Point",
       "coordinates":  [ 121.5235964,25.0517568 ]
    },
    "properties": {
    "city":"台北市",
    "name":"7-11天津門市",
    "address":"104台北市中山區天津街65號"
    }
  },
  {
    "type": "Feature",
    "geometry": {
       "type": "Point",
       "coordinates":  [ 121.5300524,25.1143244 ]
    },
    "properties": {
    "city":"台北市",
    "name":"7-11天美門市",
    "address":"111台北市士林區天母東路8巷98號"
    }
  },
  {
    "type": "Feature",
    "geometry": {
       "type": "Point",
       "coordinates":  [ 121.5320369,25.1224409 ]
    },
    "properties": {
    "city":"台北市",
    "name":"7-11天真門市",
    "address":"111台北市士林區中山北路7段126號"
    }
  },
  {
    "type": "Feature",
    "geometry": {
       "type": "Point",
       "coordinates":  [ 121.5289639,25.1191069 ]
    },
    "properties": {
    "city":"台北市",
    "name":"7-11天麥門市",
    "address":"111台北市士林區天母西路5巷6號"
    }
  },
  {
    "type": "Feature",
    "geometry": {
       "type": "Point",
       "coordinates":  [ 121.5238292,25.1137272 ]
    },
    "properties": {
    "city":"台北市",
    "name":"7-11天富門市",
    "address":"112台北市北投區富貴一路3號1樓"
    }
  },
  {
    "type": "Feature",
    "geometry": {
       "type": "Point",
       "coordinates":  [ 121.5331867,25.1167722 ]
    },
    "properties": {
    "city":"台北市",
    "name":"7-11天越門市",
    "address":"111台北市士林區天母東路50巷25號"
    }
  },
  {
    "type": "Feature",
    "geometry": {
       "type": "Point",
       "coordinates":  [ 121.5326599,25.1238891 ]
    },
    "properties": {
    "city":"台北市",
    "name":"7-11天裕門市",
    "address":"111台北市士林區中山北路七段156號1樓"
    }
  },
  {
    "type": "Feature",
    "geometry": {
       "type": "Point",
       "coordinates":  [ 121.5318603,25.1167431 ]
    },
    "properties": {
    "city":"台北市",
    "name":"7-11天福門市",
    "address":"111台北市士林區天母東路8巷31弄2號"
    }
  },
  {
    "type": "Feature",
    "geometry": {
       "type": "Point",
       "coordinates":  [ 121.5366358,25.1183199 ]
    },
    "properties": {
    "city":"台北市",
    "name":"7-11天樂門市",
    "address":"111台北市士林區天利里天母東路109號一樓"
    }
  },
  {
    "type": "Feature",
    "geometry": {
       "type": "Point",
       "coordinates":  [ 121.5269699,25.119848 ]
    },
    "properties": {
    "city":"台北市",
    "name":"7-11天鑫門市",
    "address":"111台北市士林區天玉街8號"
    }
  },
  {
    "type": "Feature",
    "geometry": {
       "type": "Point",
       "coordinates":  [ 121.5417187,25.1377088 ]
    },
    "properties": {
    "city":"台北市",
    "name":"7-11太學門市",
    "address":"111台北市士林區華岡路47巷1號"
    }
  },
  {
    "type": "Feature",
    "geometry": {
       "type": "Point",
       "coordinates":  [ 121.556371,24.9804372 ]
    },
    "properties": {
    "city":"台北市",
    "name":"7-11文一門市",
    "address":"116台北市文山區木新路三段327號"
    }
  },
  {
    "type": "Feature",
    "geometry": {
       "type": "Point",
       "coordinates":  [ 121.5463451,25.1378537 ]
    },
    "properties": {
    "city":"台北市",
    "name":"7-11文大門市",
    "address":"111台北市士林區格致路57號"
    }
  },
  {
    "type": "Feature",
    "geometry": {
       "type": "Point",
       "coordinates":  [ 121.5705182,24.9864072 ]
    },
    "properties": {
    "city":"台北市",
    "name":"7-11文山門市",
    "address":"116台北市文山區木新路二段42號"
    }
  },
  {
    "type": "Feature",
    "geometry": {
       "type": "Point",
       "coordinates":  [ 121.5626602,24.9845533 ]
    },
    "properties": {
    "city":"台北市",
    "name":"7-11文忠門市",
    "address":"116台北市文山區忠順街二段16號"
    }
  },
  {
    "type": "Feature",
    "geometry": {
       "type": "Point",
       "coordinates":  [ 121.5268176,25.0895293 ]
    },
    "properties": {
    "city":"台北市",
    "name":"7-11文林門市",
    "address":"111台北市士林區文林路169號"
    }
  },
  {
    "type": "Feature",
    "geometry": {
       "type": "Point",
       "coordinates":  [ 121.5581964,24.9812083 ]
    },
    "properties": {
    "city":"台北市",
    "name":"7-11文新門市",
    "address":"116台北市文山區樟新里木新路三段276號"
    }
  },
  {
    "type": "Feature",
    "geometry": {
       "type": "Point",
       "coordinates":  [ 121.5595052,24.9814114 ]
    },
    "properties": {
    "city":"台北市",
    "name":"7-11文儀門市",
    "address":"116台北市文山區木新路三段54.56號"
    }
  },
  {
    "type": "Feature",
    "geometry": {
       "type": "Point",
       "coordinates":  [ 121.5803676,25.0702631 ]
    },
    "properties": {
    "city":"台北市",
    "name":"7-11日內瓦門市",
    "address":"114台北市內湖區瑞光路76巷59號1樓"
    }
  },
  {
    "type": "Feature",
    "geometry": {
       "type": "Point",
       "coordinates":  [ 121.5682525,24.9889175 ]
    },
    "properties": {
    "city":"台北市",
    "name":"7-11木柵門市",
    "address":"116台北市文山區木柵路2段157號"
    }
  },
  {
    "type": "Feature",
    "geometry": {
       "type": "Point",
       "coordinates":  [ 121.5669571,24.98841 ]
    },
    "properties": {
    "city":"台北市",
    "name":"7-11木盛門市",
    "address":"116台北市文山區木柵路三段88號"
    }
  },
  {
    "type": "Feature",
    "geometry": {
       "type": "Point",
       "coordinates":  [ 121.5666245,24.983049 ]
    },
    "properties": {
    "city":"台北市",
    "name":"7-11木新門市",
    "address":"116台北市文山區木新路2段255號"
    }
  },
  {
    "type": "Feature",
    "geometry": {
       "type": "Point",
       "coordinates":  [ 121.5561098,24.9802518 ]
    },
    "properties": {
    "city":"台北市",
    "name":"7-11世新大門市",
    "address":"116台北市文山區木柵路1段17巷1號"
    }
  },
  {
    "type": "Feature",
    "geometry": {
       "type": "Point",
       "coordinates":  [ 121.5046191,25.0422281 ]
    },
    "properties": {
    "city":"台北市",
    "name":"7-11世運門市",
    "address":"108台北市萬華區昆明街81.83號"
    }
  },
  {
    "type": "Feature",
    "geometry": {
       "type": "Point",
       "coordinates":  [ 121.553299,25.0437274 ]
    },
    "properties": {
    "city":"台北市",
    "name":"7-11仕吉門市",
    "address":"106台北市大安區忠孝東路4段223巷42號"
    }
  },
  {
    "type": "Feature",
    "geometry": {
       "type": "Point",
       "coordinates":  [ 121.5485464,24.9986041 ]
    },
    "properties": {
    "city":"台北市",
    "name":"7-11仙岩門市",
    "address":"116台北市文山區仙岩路18號"
    }
  },
  {
    "type": "Feature",
    "geometry": {
       "type": "Point",
       "coordinates":  [ 121.5197452,25.0971019 ]
    },
    "properties": {
    "city":"台北市",
    "name":"7-11冬樂門市",
    "address":"111台北市士林區美崙街112號一樓"
    }
  },
  {
    "type": "Feature",
    "geometry": {
       "type": "Point",
       "coordinates":  [ 121.5018704,25.1391154 ]
    },
    "properties": {
    "city":"台北市",
    "name":"7-11北投門市",
    "address":"112台北市北投區中和街222號"
    }
  },
  {
    "type": "Feature",
    "geometry": {
       "type": "Point",
       "coordinates":  [ 121.5681937,25.0278566 ]
    },
    "properties": {
    "city":"台北市",
    "name":"7-11北府門市",
    "address":"110台北市信義區松仁路160號"
    }
  },
  {
    "type": "Feature",
    "geometry": {
       "type": "Point",
       "coordinates":  [ 121.534399,25.0438884 ]
    },
    "properties": {
    "city":"台北市",
    "name":"7-11北科大門市",
    "address":"106台北市大安區忠孝東路3段1號(台北科技大學大川堂)"
    }
  },
  {
    "type": "Feature",
    "geometry": {
       "type": "Point",
       "coordinates":  [ 121.5173735,25.047702 ]
    },
    "properties": {
    "city":"台北市",
    "name":"7-11北高鐵門市",
    "address":"100台北市中正區北平西路3號B1"
    }
  },
  {
    "type": "Feature",
    "geometry": {
       "type": "Point",
       "coordinates":  [ 121.5201492,25.1197546 ]
    },
    "properties": {
    "city":"台北市",
    "name":"7-11北榮門市",
    "address":"112台北市北投區石牌路二段201號(榮民總醫院生活廣場)"
    }
  },
  {
    "type": "Feature",
    "geometry": {
       "type": "Point",
       "coordinates":  [ 121.5513814,25.0028891 ]
    },
    "properties": {
    "city":"台北市",
    "name":"7-11北福興門市",
    "address":"116台北市文山區興旺里福興路20號"
    }
  },
  {
    "type": "Feature",
    "geometry": {
       "type": "Point",
       "coordinates":  [ 121.5627674,25.0266828 ]
    },
    "properties": {
    "city":"台北市",
    "name":"7-11北醫大門市",
    "address":"110台北市信義區吳興街250號1樓"
    }
  },
  {
    "type": "Feature",
    "geometry": {
       "type": "Point",
       "coordinates":  [ 121.563012,25.0269555 ]
    },
    "properties": {
    "city":"台北市",
    "name":"7-11北醫門市",
    "address":"110台北市信義區吳興街252號"
    }
  },
  {
    "type": "Feature",
    "geometry": {
       "type": "Point",
       "coordinates":  [ 121.5529022,25.050862 ]
    },
    "properties": {
    "city":"台北市",
    "name":"7-11北體門市",
    "address":"105台北市松山區北寧路66號"
    }
  },
  {
    "type": "Feature",
    "geometry": {
       "type": "Point",
       "coordinates":  [ 121.5158055,25.0570388 ]
    },
    "properties": {
    "city":"台北市",
    "name":"7-11仟發門市",
    "address":"103台北市大同區民生西路95.97號"
    }
  },
  {
    "type": "Feature",
    "geometry": {
       "type": "Point",
       "coordinates":  [ 121.5236634,25.02239 ]
    },
    "properties": {
    "city":"台北市",
    "name":"7-11古亭門市",
    "address":"106台北市中正區汀州路2段216號"
    }
  },
  {
    "type": "Feature",
    "geometry": {
       "type": "Point",
       "coordinates":  [ 121.5214415,25.038485 ]
    },
    "properties": {
    "city":"台北市",
    "name":"7-11台大門市",
    "address":"100台北市中正區林森南路53.55號"
    }
  },
  {
    "type": "Feature",
    "geometry": {
       "type": "Point",
       "coordinates":  [ 121.5169554,25.0424877 ]
    },
    "properties": {
    "city":"台北市",
    "name":"7-11台大醫門市",
    "address":"100台北市中正區常德街1號"
    }
  },
  {
    "type": "Feature",
    "geometry": {
       "type": "Point",
       "coordinates":  [ 121.5176154,25.0468588 ]
    },
    "properties": {
    "city":"台北市",
    "name":"7-11台北1門市",
    "address":"100台北市中正區北平西路3號(東南站)"
    }
  },
  {
    "type": "Feature",
    "geometry": {
       "type": "Point",
       "coordinates":  [ 121.5176154,25.0468588 ]
    },
    "properties": {
    "city":"台北市",
    "name":"7-11台北2門市",
    "address":"100台北市中正區北平西路3號(西南站)"
    }
  },
  {
    "type": "Feature",
    "geometry": {
       "type": "Point",
       "coordinates":  [ 121.5176154,25.0468588 ]
    },
    "properties": {
    "city":"台北市",
    "name":"7-11台北3門市",
    "address":"100台北市中正區北平西路3號(西北站)"
    }
  },
  {
    "type": "Feature",
    "geometry": {
       "type": "Point",
       "coordinates":  [ 121.5176154,25.0468588 ]
    },
    "properties": {
    "city":"台北市",
    "name":"7-11台北4門市",
    "address":"100台北市中正區北平西路3號(東北站)"
    }
  },
  {
    "type": "Feature",
    "geometry": {
       "type": "Point",
       "coordinates":  [ 121.5176154,25.0468588 ]
    },
    "properties": {
    "city":"台北市",
    "name":"7-11台北五門市",
    "address":"100台北市中正區北平西路3號"
    }
  },
  {
    "type": "Feature",
    "geometry": {
       "type": "Point",
       "coordinates":  [ 121.5176154,25.0468588 ]
    },
    "properties": {
    "city":"台北市",
    "name":"7-11台北六門市",
    "address":"100台北市中正區北平西路3號"
    }
  },
  {
    "type": "Feature",
    "geometry": {
       "type": "Point",
       "coordinates":  [ 121.5648441,25.0342381 ]
    },
    "properties": {
    "city":"台北市",
    "name":"7-11台金門市",
    "address":"110台北市信義區松智路8號"
    }
  },
  {
    "type": "Feature",
    "geometry": {
       "type": "Point",
       "coordinates":  [ 121.5410802,25.0119407 ]
    },
    "properties": {
    "city":"台北市",
    "name":"7-11台科三門市",
    "address":"106台北市大安區基隆路四段43號第三餐廳"
    }
  },
  {
    "type": "Feature",
    "geometry": {
       "type": "Point",
       "coordinates":  [ 121.5533341,25.0444674 ]
    },
    "properties": {
    "city":"台北市",
    "name":"7-11市大門市",
    "address":"105台北市松山區市民大道路四段105號"
    }
  },
  {
    "type": "Feature",
    "geometry": {
       "type": "Point",
       "coordinates":  [ 121.5608832,25.0585789 ]
    },
    "properties": {
    "city":"台北市",
    "name":"7-11民北門市",
    "address":"105台北市松山區民生東路3段127巷6號"
    }
  },
  {
    "type": "Feature",
    "geometry": {
       "type": "Point",
       "coordinates":  [ 121.5408718,25.0624386 ]
    },
    "properties": {
    "city":"台北市",
    "name":"7-11民有門市",
    "address":"105台北市松山區民權東路3段108號"
    }
  },
  {
    "type": "Feature",
    "geometry": {
       "type": "Point",
       "coordinates":  [ 121.5858499,25.0687323 ]
    },
    "properties": {
    "city":"台北市",
    "name":"7-11民東門市",
    "address":"114台北市內湖區民權東路6段88號"
    }
  },
  {
    "type": "Feature",
    "geometry": {
       "type": "Point",
       "coordinates":  [ 121.5231709,25.068247 ]
    },
    "properties": {
    "city":"台北市",
    "name":"7-11民美門市",
    "address":"104台北市中山區圓山里中山北路3段57號"
    }
  },
  {
    "type": "Feature",
    "geometry": {
       "type": "Point",
       "coordinates":  [ 121.5550932,25.0580977 ]
    },
    "properties": {
    "city":"台北市",
    "name":"7-11民復門市",
    "address":"105台北市松山區民生東路四段130號"
    }
  },
  {
    "type": "Feature",
    "geometry": {
       "type": "Point",
       "coordinates":  [ 121.5688494,25.0435002 ]
    },
    "properties": {
    "city":"台北市",
    "name":"7-11永信門市",
    "address":"110台北市信義區永吉路30巷103號"
    }
  },
  {
    "type": "Feature",
    "geometry": {
       "type": "Point",
       "coordinates":  [ 121.5295936,25.0304207 ]
    },
    "properties": {
    "city":"台北市",
    "name":"7-11永康門市",
    "address":"106台北市大安區永康街43號"
    }
  },
  {
    "type": "Feature",
    "geometry": {
       "type": "Point",
       "coordinates":  [ 121.5095888,25.0280401 ]
    },
    "properties": {
    "city":"台北市",
    "name":"7-11汀州門市",
    "address":"100台北市中正區汀州路一段129號"
    }
  },
  {
    "type": "Feature",
    "geometry": {
       "type": "Point",
       "coordinates":  [ 121.5922282,25.0540291 ]
    },
    "properties": {
    "city":"台北市",
    "name":"7-11玉成門市",
    "address":"115台北市南港區南港路3段3號"
    }
  },
  {
    "type": "Feature",
    "geometry": {
       "type": "Point",
       "coordinates":  [ 121.5838133,25.0450296 ]
    },
    "properties": {
    "city":"台北市",
    "name":"7-11玉德門市",
    "address":"115台北市南港區玉成街154號"
    }
  },
  {
    "type": "Feature",
    "geometry": {
       "type": "Point",
       "coordinates":  [ 121.5155177,25.1153411 ]
    },
    "properties": {
    "city":"台北市",
    "name":"7-11石捷門市",
    "address":"112台北市北投區石牌路二段8號"
    }
  },
  {
    "type": "Feature",
    "geometry": {
       "type": "Point",
       "coordinates":  [ 121.5229719,25.0267596 ]
    },
    "properties": {
    "city":"台北市",
    "name":"7-11禾光門市",
    "address":"106台北市大安區和平東路2段63號1樓"
    }
  },
  {
    "type": "Feature",
    "geometry": {
       "type": "Point",
       "coordinates":  [ 121.5516354,25.0300981 ]
    },
    "properties": {
    "city":"台北市",
    "name":"7-11立仁門市",
    "address":"106台北市大安區安和路二段74巷1號"
    }
  },
  {
    "type": "Feature",
    "geometry": {
       "type": "Point",
       "coordinates":  [ 121.5034718,25.1184524 ]
    },
    "properties": {
    "city":"台北市",
    "name":"7-11立農門市",
    "address":"112台北市北投區承德路7段378號"
    }
  },
  {
    "type": "Feature",
    "geometry": {
       "type": "Point",
       "coordinates":  [ 121.5346807,25.0513472 ]
    },
    "properties": {
    "city":"台北市",
    "name":"7-11伊東門市",
    "address":"104台北市中山區伊通街50號"
    }
  },
  {
    "type": "Feature",
    "geometry": {
       "type": "Point",
       "coordinates":  [ 121.501821,25.133288 ]
    },
    "properties": {
    "city":"台北市",
    "name":"7-11光中門市",
    "address":"112台北市北投區光明路122號"
    }
  },
  {
    "type": "Feature",
    "geometry": {
       "type": "Point",
       "coordinates":  [ 121.5052942,25.1362139 ]
    },
    "properties": {
    "city":"台北市",
    "name":"7-11光明門市",
    "address":"112台北市北投區光明路162.164號"
    }
  },
  {
    "type": "Feature",
    "geometry": {
       "type": "Point",
       "coordinates":  [ 121.5794953,25.0411957 ]
    },
    "properties": {
    "city":"台北市",
    "name":"7-11光東門市",
    "address":"110台北市信義區忠孝東路五段524巷1弄1號"
    }
  },
  {
    "type": "Feature",
    "geometry": {
       "type": "Point",
       "coordinates":  [ 121.5577492,25.0337373 ]
    },
    "properties": {
    "city":"台北市",
    "name":"7-11光復門市",
    "address":"110台北市信義區光復南路471號"
    }
  },
  {
    "type": "Feature",
    "geometry": {
       "type": "Point",
       "coordinates":  [ 121.5534547,25.0463015 ]
    },
    "properties": {
    "city":"台北市",
    "name":"7-11吉仁門市",
    "address":"105台北市松山區延吉街28號"
    }
  },
  {
    "type": "Feature",
    "geometry": {
       "type": "Point",
       "coordinates":  [ 121.5302038,25.0581536 ]
    },
    "properties": {
    "city":"台北市",
    "name":"7-11吉安門市",
    "address":"104台北市中山區吉林路365.367號"
    }
  },
  {
    "type": "Feature",
    "geometry": {
       "type": "Point",
       "coordinates":  [ 121.5541318,25.0424783 ]
    },
    "properties": {
    "city":"台北市",
    "name":"7-11吉忠門市",
    "address":"106台北市大安區延吉街72號"
    }
  },
  {
    "type": "Feature",
    "geometry": {
       "type": "Point",
       "coordinates":  [ 121.5303732,25.0603083 ]
    },
    "properties": {
    "city":"台北市",
    "name":"7-11吉林門市",
    "address":"104台北市中山區吉林路211號"
    }
  },
  {
    "type": "Feature",
    "geometry": {
       "type": "Point",
       "coordinates":  [ 121.5574266,25.0518277 ]
    },
    "properties": {
    "city":"台北市",
    "name":"7-11吉盛門市",
    "address":"105台北市松山區南京東路5段66巷3弄1號1樓"
    }
  },
  {
    "type": "Feature",
    "geometry": {
       "type": "Point",
       "coordinates":  [ 121.5228124,25.0255485 ]
    },
    "properties": {
    "city":"台北市",
    "name":"7-11同昌門市",
    "address":"106台北市中正區南昌路2段173號"
    }
  },
  {
    "type": "Feature",
    "geometry": {
       "type": "Point",
       "coordinates":  [ 121.5390612,25.055966 ]
    },
    "properties": {
    "city":"台北市",
    "name":"7-11合江門市",
    "address":"104台北市中山區合江街60號"
    }
  },
  {
    "type": "Feature",
    "geometry": {
       "type": "Point",
       "coordinates":  [ 121.5453837,25.0284311 ]
    },
    "properties": {
    "city":"台北市",
    "name":"7-11合旺門市",
    "address":"106台北市大安區復興南路2段151巷41號"
    }
  },
  {
    "type": "Feature",
    "geometry": {
       "type": "Point",
       "coordinates":  [ 121.5129553,25.1174532 ]
    },
    "properties": {
    "city":"台北市",
    "name":"7-11安遠門市",
    "address":"112台北市北投區致遠二路149號"
    }
  },
  {
    "type": "Feature",
    "geometry": {
       "type": "Point",
       "coordinates":  [ 121.5903074,25.0661859 ]
    },
    "properties": {
    "city":"台北市",
    "name":"7-11成功門市",
    "address":"114台北市內湖區成功路二段252號"
    }
  },
  {
    "type": "Feature",
    "geometry": {
       "type": "Point",
       "coordinates":  [ 121.5846963,25.0568345 ]
    },
    "properties": {
    "city":"台北市",
    "name":"7-11成美門市",
    "address":"114台北市內湖區新明路317號"
    }
  },
  {
    "type": "Feature",
    "geometry": {
       "type": "Point",
       "coordinates":  [ 121.5044435,25.0430259 ]
    },
    "properties": {
    "city":"台北市",
    "name":"7-11成都門市",
    "address":"108台北市萬華區成都路94號"
    }
  },
  {
    "type": "Feature",
    "geometry": {
       "type": "Point",
       "coordinates":  [ 121.5997014,25.0849319 ]
    },
    "properties": {
    "city":"台北市",
    "name":"7-11成湖門市",
    "address":"114台北市內湖區成功路四段346號"
    }
  },
  {
    "type": "Feature",
    "geometry": {
       "type": "Point",
       "coordinates":  [ 121.5252183,25.0491523 ]
    },
    "properties": {
    "city":"台北市",
    "name":"7-11江東門市",
    "address":"104台北市中山區長安東路2段35-1號"
    }
  },
  {
    "type": "Feature",
    "geometry": {
       "type": "Point",
       "coordinates":  [ 121.5312687,25.0527012 ]
    },
    "properties": {
    "city":"台北市",
    "name":"7-11江陵門市",
    "address":"104台北市中山區一江街22號"
    }
  },
  {
    "type": "Feature",
    "geometry": {
       "type": "Point",
       "coordinates":  [ 121.5101615,25.1131447 ]
    },
    "properties": {
    "city":"台北市",
    "name":"7-11百齡門市",
    "address":"111台北市北投區石牌路一段35號"
    }
  },
  {
    "type": "Feature",
    "geometry": {
       "type": "Point",
       "coordinates":  [ 121.5509291,25.1004055 ]
    },
    "properties": {
    "city":"台北市",
    "name":"7-11至善天下門市",
    "address":"111台北市士林區至善路二段264號"
    }
  },
  {
    "type": "Feature",
    "geometry": {
       "type": "Point",
       "coordinates":  [ 121.5292801,25.101788 ]
    },
    "properties": {
    "city":"台北市",
    "name":"7-11至誠門市",
    "address":"112台北市士林區至誠路二段31號"
    }
  },
  {
    "type": "Feature",
    "geometry": {
       "type": "Point",
       "coordinates":  [ 121.5348399,25.0645483 ]
    },
    "properties": {
    "city":"台北市",
    "name":"7-11行天門市",
    "address":"104台北市中山區農安街178號"
    }
  },
  {
    "type": "Feature",
    "geometry": {
       "type": "Point",
       "coordinates":  [ 121.5269336,25.1253285 ]
    },
    "properties": {
    "city":"台北市",
    "name":"7-11行義門市",
    "address":"112台北市北投區行義路33號"
    }
  },
  {
    "type": "Feature",
    "geometry": {
       "type": "Point",
       "coordinates":  [ 121.5800298,25.063869 ]
    },
    "properties": {
    "city":"台北市",
    "name":"7-11行龍門市",
    "address":"114台北市內湖區行愛路128號"
    }
  },
  {
    "type": "Feature",
    "geometry": {
       "type": "Point",
       "coordinates":  [ 121.4995506,25.1301436 ]
    },
    "properties": {
    "city":"台北市",
    "name":"7-11西安門市",
    "address":"112台北市北投區大興街48號"
    }
  },
  {
    "type": "Feature",
    "geometry": {
       "type": "Point",
       "coordinates":  [ 121.5669941,25.0846327 ]
    },
    "properties": {
    "city":"台北市",
    "name":"7-11西武門市",
    "address":"114台北市內湖區內湖路一段285巷65弄2號"
    }
  },
  {
    "type": "Feature",
    "geometry": {
       "type": "Point",
       "coordinates":  [ 121.5679193,25.0823137 ]
    },
    "properties": {
    "city":"台北市",
    "name":"7-11西湖門市",
    "address":"114台北市內湖區內湖路一段321號"
    }
  },
  {
    "type": "Feature",
    "geometry": {
       "type": "Point",
       "coordinates":  [ 121.616901,25.0383523 ]
    },
    "properties": {
    "city":"台北市",
    "name":"7-11庄研門市",
    "address":"115台北市南港區研究院路二段152號"
    }
  },
  {
    "type": "Feature",
    "geometry": {
       "type": "Point",
       "coordinates":  [ 121.5396098,25.0424791 ]
    },
    "properties": {
    "city":"台北市",
    "name":"7-11佑安門市",
    "address":"106台北市大安區忠孝東路三段217巷1弄2號"
    }
  },
  {
    "type": "Feature",
    "geometry": {
       "type": "Point",
       "coordinates":  [ 121.6136482,25.0675756 ]
    },
    "properties": {
    "city":"台北市",
    "name":"7-11克里斯門市",
    "address":"114台北市內湖區五分街41號1F"
    }
  },
  {
    "type": "Feature",
    "geometry": {
       "type": "Point",
       "coordinates":  [ 121.5014902,25.0235166 ]
    },
    "properties": {
    "city":"台北市",
    "name":"7-11克難門市",
    "address":"108台北市萬華區萬青街168號"
    }
  },
  {
    "type": "Feature",
    "geometry": {
       "type": "Point",
       "coordinates":  [ 121.5635276,25.0245996 ]
    },
    "properties": {
    "city":"台北市",
    "name":"7-11吳興門市",
    "address":"110台北市信義區吳興街284巷18弄2號"
    }
  },
  {
    "type": "Feature",
    "geometry": {
       "type": "Point",
       "coordinates":  [ 121.4986275,25.0344685 ]
    },
    "properties": {
    "city":"台北市",
    "name":"7-11宏旭門市",
    "address":"108台北市萬華區西園路一段246號"
    }
  },
  {
    "type": "Feature",
    "geometry": {
       "type": "Point",
       "coordinates":  [ 121.5692385,25.0371056 ]
    },
    "properties": {
    "city":"台北市",
    "name":"7-11宏泰門市",
    "address":"110台北市信義區松仁路91-1號1樓"
    }
  },
  {
    "type": "Feature",
    "geometry": {
       "type": "Point",
       "coordinates":  [ 121.5332197,25.02644 ]
    },
    "properties": {
    "city":"台北市",
    "name":"7-11技安門市",
    "address":"106台北市大安區和平東路3段97號"
    }
  },
  {
    "type": "Feature",
    "geometry": {
       "type": "Point",
       "coordinates":  [ 121.4990213,25.1417699 ]
    },
    "properties": {
    "city":"台北市",
    "name":"7-11秀山門市",
    "address":"112台北市北投區中和街476.478號"
    }
  },
  {
    "type": "Feature",
    "geometry": {
       "type": "Point",
       "coordinates":  [ 121.5551563,25.0485055 ]
    },
    "properties": {
    "city":"台北市",
    "name":"7-11育商門市",
    "address":"105台北市松山區八德路三段155巷2號"
    }
  },
  {
    "type": "Feature",
    "geometry": {
       "type": "Point",
       "coordinates":  [ 121.5770479,25.0747717 ]
    },
    "properties": {
    "city":"台北市",
    "name":"7-11見晴門市",
    "address":"114台北市內湖區瑞光路196號"
    }
  },
  {
    "type": "Feature",
    "geometry": {
       "type": "Point",
       "coordinates":  [ 121.5371149,25.0230562 ]
    },
    "properties": {
    "city":"台北市",
    "name":"7-11辛亥門市",
    "address":"106台北市大安區辛亥路2段57號"
    }
  },
  {
    "type": "Feature",
    "geometry": {
       "type": "Point",
       "coordinates":  [ 121.554154,25.0514254 ]
    },
    "properties": {
    "city":"台北市",
    "name":"7-11京育門市",
    "address":"105台北市松山區南京東路四段70號"
    }
  },
  {
    "type": "Feature",
    "geometry": {
       "type": "Point",
       "coordinates":  [ 121.5257212,25.0596466 ]
    },
    "properties": {
    "city":"台北市",
    "name":"7-11京都門市",
    "address":"104台北市中山區林森北路411號"
    }
  },
  {
    "type": "Feature",
    "geometry": {
       "type": "Point",
       "coordinates":  [ 121.5358606,25.0581351 ]
    },
    "properties": {
    "city":"台北市",
    "name":"7-11佳佳門市",
    "address":"104台北市中山區民生東路二段157號"
    }
  },
  {
    "type": "Feature",
    "geometry": {
       "type": "Point",
       "coordinates":  [ 121.6077868,25.0543858 ]
    },
    "properties": {
    "city":"台北市",
    "name":"7-11佳樂門市",
    "address":"115台北市南港區南港路一段305號"
    }
  },
  {
    "type": "Feature",
    "geometry": {
       "type": "Point",
       "coordinates":  [ 121.5546253,25.0221616 ]
    },
    "properties": {
    "city":"台北市",
    "name":"7-11和安門市",
    "address":"106台北市大安區和平東路三段230號"
    }
  },
  {
    "type": "Feature",
    "geometry": {
       "type": "Point",
       "coordinates":  [ 121.5258268,25.027166 ]
    },
    "properties": {
    "city":"台北市",
    "name":"7-11和金門市",
    "address":"106台北市大安區和平東路1段91號"
    }
  },
  {
    "type": "Feature",
    "geometry": {
       "type": "Point",
       "coordinates":  [ 121.5318591,25.0265495 ]
    },
    "properties": {
    "city":"台北市",
    "name":"7-11和泰門市",
    "address":"106台北市大安區和平東路一段169號"
    }
  },
  {
    "type": "Feature",
    "geometry": {
       "type": "Point",
       "coordinates":  [ 121.5033922,25.1376026 ]
    },
    "properties": {
    "city":"台北市",
    "name":"7-11和業門市",
    "address":"112台北市北投區中和街10號"
    }
  },
  {
    "type": "Feature",
    "geometry": {
       "type": "Point",
       "coordinates":  [ 121.5014699,25.1261228 ]
    },
    "properties": {
    "city":"台北市",
    "name":"7-11奇岩門市",
    "address":"112台北市北投區崇仁路一段76號"
    }
  },
  {
    "type": "Feature",
    "geometry": {
       "type": "Point",
       "coordinates":  [ 121.529031,25.0957715 ]
    },
    "properties": {
    "city":"台北市",
    "name":"7-11官邸門市",
    "address":"111台北市士林區中正路115號"
    }
  },
  {
    "type": "Feature",
    "geometry": {
       "type": "Point",
       "coordinates":  [ 121.5557359,25.0365992 ]
    },
    "properties": {
    "city":"台北市",
    "name":"7-11延吉門市",
    "address":"106台北市大安區延吉街237號"
    }
  },
  {
    "type": "Feature",
    "geometry": {
       "type": "Point",
       "coordinates":  [ 121.5111368,25.0658177 ]
    },
    "properties": {
    "city":"台北市",
    "name":"7-11延年門市",
    "address":"103台北市大同區延平北路3段61-5號"
    }
  },
  {
    "type": "Feature",
    "geometry": {
       "type": "Point",
       "coordinates":  [ 121.5115038,25.0583047 ]
    },
    "properties": {
    "city":"台北市",
    "name":"7-11延埕門市",
    "address":"103台北市大同區延平北路2段159.161號."
    }
  },
  {
    "type": "Feature",
    "geometry": {
       "type": "Point",
       "coordinates":  [ 121.5119449,25.0511697 ]
    },
    "properties": {
    "city":"台北市",
    "name":"7-11延華門市",
    "address":"103台北市大同區延平北路一段78.80號"
    }
  },
  {
    "type": "Feature",
    "geometry": {
       "type": "Point",
       "coordinates":  [ 121.5564649,25.0562019 ]
    },
    "properties": {
    "city":"台北市",
    "name":"7-11延壽門市",
    "address":"105台北市松山區延壽街422號"
    }
  },
  {
    "type": "Feature",
    "geometry": {
       "type": "Point",
       "coordinates":  [ 121.5112547,25.0730247 ]
    },
    "properties": {
    "city":"台北市",
    "name":"7-11延龍門市",
    "address":"103台北市大同區延平北路4段6.8號"
    }
  },
  {
    "type": "Feature",
    "geometry": {
       "type": "Point",
       "coordinates":  [ 121.5658874,25.0585075 ]
    },
    "properties": {
    "city":"台北市",
    "name":"7-11征東門市",
    "address":"105台北市松山區新東街15巷1號"
    }
  },
  {
    "type": "Feature",
    "geometry": {
       "type": "Point",
       "coordinates":  [ 121.5660885,25.0592922 ]
    },
    "properties": {
    "city":"台北市",
    "name":"7-11征唐門市",
    "address":"105台北市松山區民生東路五段197號"
    }
  },
  {
    "type": "Feature",
    "geometry": {
       "type": "Point",
       "coordinates":  [ 121.5590896,24.9841582 ]
    },
    "properties": {
    "city":"台北市",
    "name":"7-11忠順門市",
    "address":"116台北市文山區忠順街一段101號"
    }
  },
  {
    "type": "Feature",
    "geometry": {
       "type": "Point",
       "coordinates":  [ 121.5305878,25.0427446 ]
    },
    "properties": {
    "city":"台北市",
    "name":"7-11忠聯門市",
    "address":"100台北市中正區忠孝東路二段102號"
    }
  },
  {
    "type": "Feature",
    "geometry": {
       "type": "Point",
       "coordinates":  [ 121.5108291,25.1114611 ]
    },
    "properties": {
    "city":"台北市",
    "name":"7-11承啟門市",
    "address":"112台北市北投區福興里承德路七段76號"
    }
  },
  {
    "type": "Feature",
    "geometry": {
       "type": "Point",
       "coordinates":  [ 121.5228561,25.081038 ]
    },
    "properties": {
    "city":"台北市",
    "name":"7-11承富門市",
    "address":"111台北市士林區承德路四段39號"
    }
  },
  {
    "type": "Feature",
    "geometry": {
       "type": "Point",
       "coordinates":  [ 121.5166625,25.0504245 ]
    },
    "properties": {
    "city":"台北市",
    "name":"7-11承華門市",
    "address":"103台北市大同區承德路一段22號"
    }
  },
  {
    "type": "Feature",
    "geometry": {
       "type": "Point",
       "coordinates":  [ 121.520391,25.052685 ]
    },
    "properties": {
    "city":"台北市",
    "name":"7-11承運門市",
    "address":"104台北市中山區南京西路16號捷運中山站B1區"
    }
  },
  {
    "type": "Feature",
    "geometry": {
       "type": "Point",
       "coordinates":  [ 121.5180656,25.0660007 ]
    },
    "properties": {
    "city":"台北市",
    "name":"7-11昌吉門市",
    "address":"103台北市大同區承德路3段74號."
    }
  },
  {
    "type": "Feature",
    "geometry": {
       "type": "Point",
       "coordinates":  [ 121.5568913,25.0280419 ]
    },
    "properties": {
    "city":"台北市",
    "name":"7-11昌隆門市",
    "address":"110台北市信義區基隆路二段131-4號"
    }
  },
  {
    "type": "Feature",
    "geometry": {
       "type": "Point",
       "coordinates":  [ 121.5829816,25.0453509 ]
    },
    "properties": {
    "city":"台北市",
    "name":"7-11昆陽門市",
    "address":"115台北市南港區忠孝東路6段448號"
    }
  },
  {
    "type": "Feature",
    "geometry": {
       "type": "Point",
       "coordinates":  [ 121.5058915,25.0444495 ]
    },
    "properties": {
    "city":"台北市",
    "name":"7-11昆寧門市",
    "address":"108台北市萬華區西寧南路50巷3號.5號"
    }
  },
  {
    "type": "Feature",
    "geometry": {
       "type": "Point",
       "coordinates":  [ 121.5056213,25.0463952 ]
    },
    "properties": {
    "city":"台北市",
    "name":"7-11昆福門市",
    "address":"108台北市萬華區昆明街46號"
    }
  },
  {
    "type": "Feature",
    "geometry": {
       "type": "Point",
       "coordinates":  [ 121.6144487,25.0688619 ]
    },
    "properties": {
    "city":"台北市",
    "name":"7-11明湖門市",
    "address":"114台北市內湖區東湖路45號"
    }
  },
  {
    "type": "Feature",
    "geometry": {
       "type": "Point",
       "coordinates":  [ 121.5194143,25.1094982 ]
    },
    "properties": {
    "city":"台北市",
    "name":"7-11明華門市",
    "address":"112台北市北投區明德路99號"
    }
  },
  {
    "type": "Feature",
    "geometry": {
       "type": "Point",
       "coordinates":  [ 121.5202558,25.1098625 ]
    },
    "properties": {
    "city":"台北市",
    "name":"7-11明德門市",
    "address":"112台北市北投區明德路114號"
    }
  },
  {
    "type": "Feature",
    "geometry": {
       "type": "Point",
       "coordinates":  [ 121.5259601,25.0518334 ]
    },
    "properties": {
    "city":"台北市",
    "name":"7-11東王門市",
    "address":"104台北市中山區南京東路一段92號"
    }
  },
  {
    "type": "Feature",
    "geometry": {
       "type": "Point",
       "coordinates":  [ 121.5574266,25.0518277 ]
    },
    "properties": {
    "city":"台北市",
    "name":"7-11東光門市",
    "address":"105台北市松山區南京東路5段17號"
    }
  },
  {
    "type": "Feature",
    "geometry": {
       "type": "Point",
       "coordinates":  [ 121.5556082,25.0584343 ]
    },
    "properties": {
    "city":"台北市",
    "name":"7-11東吉門市",
    "address":"105台北市松山區民生東路5段117號"
    }
  },
  {
    "type": "Feature",
    "geometry": {
       "type": "Point",
       "coordinates":  [ 121.53229,25.1188685 ]
    },
    "properties": {
    "city":"台北市",
    "name":"7-11東洋門市",
    "address":"111台北市士林區中山北路7段14巷19號Ｂ1"
    }
  },
  {
    "type": "Feature",
    "geometry": {
       "type": "Point",
       "coordinates":  [ 121.5416956,25.0468994 ]
    },
    "properties": {
    "city":"台北市",
    "name":"7-11東崙門市",
    "address":"104台北市中山區八德路二段282號"
    }
  },
  {
    "type": "Feature",
    "geometry": {
       "type": "Point",
       "coordinates":  [ 121.5097875,25.0389121 ]
    },
    "properties": {
    "city":"台北市",
    "name":"7-11東祥門市",
    "address":"100台北市中正區貴陽街一段56號B1"
    }
  },
  {
    "type": "Feature",
    "geometry": {
       "type": "Point",
       "coordinates":  [ 121.5179696,25.1164585 ]
    },
    "properties": {
    "city":"台北市",
    "name":"7-11東華門市",
    "address":"112台北市北投區裕民一路40巷1號"
    }
  },
  {
    "type": "Feature",
    "geometry": {
       "type": "Point",
       "coordinates":  [ 121.5546859,25.0513931 ]
    },
    "properties": {
    "city":"台北市",
    "name":"7-11東勢門市",
    "address":"105台北市松山區南京東路4段131號"
    }
  },
  {
    "type": "Feature",
    "geometry": {
       "type": "Point",
       "coordinates":  [ 121.5441092,25.0414432 ]
    },
    "properties": {
    "city":"台北市",
    "name":"7-11東暉門市",
    "address":"110台北市信義區忠孝東路4段514號"
    }
  },
  {
    "type": "Feature",
    "geometry": {
       "type": "Point",
       "coordinates":  [ 121.5556082,25.0584343 ]
    },
    "properties": {
    "city":"台北市",
    "name":"7-11東榮門市",
    "address":"105台北市松山區民生東路5段65號"
    }
  },
  {
    "type": "Feature",
    "geometry": {
       "type": "Point",
       "coordinates":  [ 121.555653,25.0580788 ]
    },
    "properties": {
    "city":"台北市",
    "name":"7-11東鑫門市",
    "address":"105台北市松山區民生東路4段55巷10號"
    }
  },
  {
    "type": "Feature",
    "geometry": {
       "type": "Point",
       "coordinates":  [ 121.5253883,25.0573535 ]
    },
    "properties": {
    "city":"台北市",
    "name":"7-11林北門市",
    "address":"104台北市中山區林森北路362號"
    }
  },
  {
    "type": "Feature",
    "geometry": {
       "type": "Point",
       "coordinates":  [ 121.525562,25.0650028 ]
    },
    "properties": {
    "city":"台北市",
    "name":"7-11林安門市",
    "address":"104台北市中山區林森北路572號"
    }
  },
  {
    "type": "Feature",
    "geometry": {
       "type": "Point",
       "coordinates":  [ 121.5870569,25.0462968 ]
    },
    "properties": {
    "city":"台北市",
    "name":"7-11林坊門市",
    "address":"115台北市南港區東新街80巷1號"
    }
  },
  {
    "type": "Feature",
    "geometry": {
       "type": "Point",
       "coordinates":  [ 121.5254984,25.061878 ]
    },
    "properties": {
    "city":"台北市",
    "name":"7-11林森門市",
    "address":"104台北市中山區林森北路500號"
    }
  },
  {
    "type": "Feature",
    "geometry": {
       "type": "Point",
       "coordinates":  [ 121.5652968,25.0406521 ]
    },
    "properties": {
    "city":"台北市",
    "name":"7-11松山門市",
    "address":"110台北市信義區忠孝東路5段386號"
    }
  },
  {
    "type": "Feature",
    "geometry": {
       "type": "Point",
       "coordinates":  [ 121.5685994,25.0269105 ]
    },
    "properties": {
    "city":"台北市",
    "name":"7-11松仁門市",
    "address":"110台北市信義區松仁路213號"
    }
  },
  {
    "type": "Feature",
    "geometry": {
       "type": "Point",
       "coordinates":  [ 121.5639594,25.0523781 ]
    },
    "properties": {
    "city":"台北市",
    "name":"7-11松民門市",
    "address":"105台北市松山區三民路10號"
    }
  },
  {
    "type": "Feature",
    "geometry": {
       "type": "Point",
       "coordinates":  [ 121.5691489,25.0588831 ]
    },
    "properties": {
    "city":"台北市",
    "name":"7-11松禾門市",
    "address":"105台北市松山區塔悠路31.33號"
    }
  },
  {
    "type": "Feature",
    "geometry": {
       "type": "Point",
       "coordinates":  [ 121.5718644,25.0435699 ]
    },
    "properties": {
    "city":"台北市",
    "name":"7-11松信門市",
    "address":"110台北市信義區文藝里永吉路180巷67弄5號"
    }
  },
  {
    "type": "Feature",
    "geometry": {
       "type": "Point",
       "coordinates":  [ 121.5784914,25.0359117 ]
    },
    "properties": {
    "city":"台北市",
    "name":"7-11松家門市",
    "address":"110台北市信義區松山路604號"
    }
  },
  {
    "type": "Feature",
    "geometry": {
       "type": "Point",
       "coordinates":  [ 121.5661466,25.0435937 ]
    },
    "properties": {
    "city":"台北市",
    "name":"7-11松高門市",
    "address":"110台北市信義區基隆路一段135-2號"
    }
  },
  {
    "type": "Feature",
    "geometry": {
       "type": "Point",
       "coordinates":  [ 121.5649364,25.0415326 ]
    },
    "properties": {
    "city":"台北市",
    "name":"7-11松捷門市",
    "address":"110台北市信義區忠孝東路五段1之6號"
    }
  },
  {
    "type": "Feature",
    "geometry": {
       "type": "Point",
       "coordinates":  [ 121.5337447,25.0526837 ]
    },
    "properties": {
    "city":"台北市",
    "name":"7-11松盛門市",
    "address":"104台北市中山區南京東路二段115巷1號"
    }
  },
  {
    "type": "Feature",
    "geometry": {
       "type": "Point",
       "coordinates":  [ 121.564767,25.0291432 ]
    },
    "properties": {
    "city":"台北市",
    "name":"7-11松智門市",
    "address":"110台北市信義區莊敬路325巷43號"
    }
  },
  {
    "type": "Feature",
    "geometry": {
       "type": "Point",
       "coordinates":  [ 121.5759238,25.0482998 ]
    },
    "properties": {
    "city":"台北市",
    "name":"7-11松隆門市",
    "address":"110台北市信義區松隆路286號"
    }
  },
  {
    "type": "Feature",
    "geometry": {
       "type": "Point",
       "coordinates":  [ 121.5746772,25.0328812 ]
    },
    "properties": {
    "city":"台北市",
    "name":"7-11松義門市",
    "address":"110台北市信義區松德路271號"
    }
  },
  {
    "type": "Feature",
    "geometry": {
       "type": "Point",
       "coordinates":  [ 121.5332726,25.0511497 ]
    },
    "properties": {
    "city":"台北市",
    "name":"7-11松運門市",
    "address":"104台北市中山區松江路101號"
    }
  },
  {
    "type": "Feature",
    "geometry": {
       "type": "Point",
       "coordinates":  [ 121.5726117,25.0473791 ]
    },
    "properties": {
    "city":"台北市",
    "name":"7-11松錢門市",
    "address":"110台北市信義區松隆路159巷1號"
    }
  },
  {
    "type": "Feature",
    "geometry": {
       "type": "Point",
       "coordinates":  [ 121.5334859,25.0614286 ]
    },
    "properties": {
    "city":"台北市",
    "name":"7-11松錦門市",
    "address":"104台北市中山區松江路305號."
    }
  },
  {
    "type": "Feature",
    "geometry": {
       "type": "Point",
       "coordinates":  [ 121.5745367,25.0500482 ]
    },
    "properties": {
    "city":"台北市",
    "name":"7-11松饒門市",
    "address":"105台北市松山區慈祐里八德路4段767.769號."
    }
  },
  {
    "type": "Feature",
    "geometry": {
       "type": "Point",
       "coordinates":  [ 121.5328522,25.0577782 ]
    },
    "properties": {
    "city":"台北市",
    "name":"7-11松鑫門市",
    "address":"104台北市中山區松江路208號"
    }
  },
  {
    "type": "Feature",
    "geometry": {
       "type": "Point",
       "coordinates":  [ 121.5767343,25.0498433 ]
    },
    "properties": {
    "city":"台北市",
    "name":"7-11松鑽門市",
    "address":"105台北市松山區八德路四段686號"
    }
  },
  {
    "type": "Feature",
    "geometry": {
       "type": "Point",
       "coordinates":  [ 121.550994,25.0386104 ]
    },
    "properties": {
    "city":"台北市",
    "name":"7-11欣安和門市",
    "address":"106台北市大安區安和路一段47號"
    }
  },
  {
    "type": "Feature",
    "geometry": {
       "type": "Point",
       "coordinates":  [ 121.5428669,25.0796593 ]
    },
    "properties": {
    "city":"台北市",
    "name":"7-11欣旺門市",
    "address":"104台北市中山區北安路604.606號"
    }
  },
  {
    "type": "Feature",
    "geometry": {
       "type": "Point",
       "coordinates":  [ 121.5095037,25.044987 ]
    },
    "properties": {
    "city":"台北市",
    "name":"7-11欣漢華門市",
    "address":"100台北市中正區中華路一段41號1樓"
    }
  },
  {
    "type": "Feature",
    "geometry": {
       "type": "Point",
       "coordinates":  [ 121.5871905,25.0687957 ]
    },
    "properties": {
    "city":"台北市",
    "name":"7-11欣福門市",
    "address":"114台北市內湖區民權東路6段120巷7弄8號"
    }
  },
  {
    "type": "Feature",
    "geometry": {
       "type": "Point",
       "coordinates":  [ 121.5491442,25.0840238 ]
    },
    "properties": {
    "city":"台北市",
    "name":"7-11直安門市",
    "address":"104台北市中山區北安路649號"
    }
  },
  {
    "type": "Feature",
    "geometry": {
       "type": "Point",
       "coordinates":  [ 121.4660816,25.1195429 ]
    },
    "properties": {
    "city":"台北市",
    "name":"7-11知心門市",
    "address":"112台北市北投區知行路201巷1號"
    }
  },
  {
    "type": "Feature",
    "geometry": {
       "type": "Point",
       "coordinates":  [ 121.5052989,25.0921124 ]
    },
    "properties": {
    "city":"台北市",
    "name":"7-11社中門市",
    "address":"111台北市士林區社中街311-313號"
    }
  },
  {
    "type": "Feature",
    "geometry": {
       "type": "Point",
       "coordinates":  [ 121.5083618,25.0861864 ]
    },
    "properties": {
    "city":"台北市",
    "name":"7-11社鑽門市",
    "address":"111台北市士林區中正路637號"
    }
  },
  {
    "type": "Feature",
    "geometry": {
       "type": "Point",
       "coordinates":  [ 121.5228831,25.1028173 ]
    },
    "properties": {
    "city":"台北市",
    "name":"7-11芝山門市",
    "address":"112台北市士林區福華路128巷2號"
    }
  },
  {
    "type": "Feature",
    "geometry": {
       "type": "Point",
       "coordinates":  [ 121.5328125,25.1076701 ]
    },
    "properties": {
    "city":"台北市",
    "name":"7-11芝玉門市",
    "address":"112台北市士林區忠義街121號"
    }
  },
  {
    "type": "Feature",
    "geometry": {
       "type": "Point",
       "coordinates":  [ 121.5391986,25.0375762 ]
    },
    "properties": {
    "city":"台北市",
    "name":"7-11芙蓉門市",
    "address":"106台北市大安區仁愛路三段94號"
    }
  },
  {
    "type": "Feature",
    "geometry": {
       "type": "Point",
       "coordinates":  [ 121.5372892,25.0363427 ]
    },
    "properties": {
    "city":"台北市",
    "name":"7-11花市門市",
    "address":"106台北市大安區建國南路一段274號"
    }
  },
  {
    "type": "Feature",
    "geometry": {
       "type": "Point",
       "coordinates":  [ 121.5652968,25.0406521 ]
    },
    "properties": {
    "city":"台北市",
    "name":"7-11虎林門市",
    "address":"110台北市信義區忠孝東路5段472號"
    }
  },
  {
    "type": "Feature",
    "geometry": {
       "type": "Point",
       "coordinates":  [ 121.5198716,25.0421407 ]
    },
    "properties": {
    "city":"台北市",
    "name":"7-11金山門市",
    "address":"100台北市中正區金山南路1段108號"
    }
  },
  {
    "type": "Feature",
    "geometry": {
       "type": "Point",
       "coordinates":  [ 121.4996947,25.1411405 ]
    },
    "properties": {
    "city":"台北市",
    "name":"7-11金和門市",
    "address":"112台北市北投區中和街318號"
    }
  },
  {
    "type": "Feature",
    "geometry": {
       "type": "Point",
       "coordinates":  [ 121.52659,25.033171 ]
    },
    "properties": {
    "city":"台北市",
    "name":"7-11金信門市",
    "address":"106台北市大安區金山南路2段18號1樓"
    }
  },
  {
    "type": "Feature",
    "geometry": {
       "type": "Point",
       "coordinates":  [ 121.5385325,25.0616652 ]
    },
    "properties": {
    "city":"台北市",
    "name":"7-11金宴門市",
    "address":"104台北市中山區建國北路二段151巷8號1樓"
    }
  },
  {
    "type": "Feature",
    "geometry": {
       "type": "Point",
       "coordinates":  [ 121.5772646,24.9874598 ]
    },
    "properties": {
    "city":"台北市",
    "name":"7-11金恩門市",
    "address":"116台北市文山區指南路二段149號"
    }
  },
  {
    "type": "Feature",
    "geometry": {
       "type": "Point",
       "coordinates":  [ 121.5641951,25.0866367 ]
    },
    "properties": {
    "city":"台北市",
    "name":"7-11金湖門市",
    "address":"114台北市內湖區文湖街83號1樓"
    }
  },
  {
    "type": "Feature",
    "geometry": {
       "type": "Point",
       "coordinates":  [ 121.5284309,25.0298094 ]
    },
    "properties": {
    "city":"台北市",
    "name":"7-11金華門市",
    "address":"106台北市大安區金華街140之1號"
    }
  },
  {
    "type": "Feature",
    "geometry": {
       "type": "Point",
       "coordinates":  [ 121.594971,25.0797897 ]
    },
    "properties": {
    "city":"台北市",
    "name":"7-11金雲門市",
    "address":"114台北市內湖區星雲街136號"
    }
  },
  {
    "type": "Feature",
    "geometry": {
       "type": "Point",
       "coordinates":  [ 121.5867051,25.0882843 ]
    },
    "properties": {
    "city":"台北市",
    "name":"7-11金碧門市",
    "address":"114台北市內湖區金龍路224號"
    }
  },
  {
    "type": "Feature",
    "geometry": {
       "type": "Point",
       "coordinates":  [ 121.5951027,25.0844491 ]
    },
    "properties": {
    "city":"台北市",
    "name":"7-11金德門市",
    "address":"114台北市內湖區金龍路5號1F"
    }
  },
  {
    "type": "Feature",
    "geometry": {
       "type": "Point",
       "coordinates":  [ 121.5928651,25.0848167 ]
    },
    "properties": {
    "city":"台北市",
    "name":"7-11金龍門市",
    "address":"114台北市內湖區金龍路64號"
    }
  },
  {
    "type": "Feature",
    "geometry": {
       "type": "Point",
       "coordinates":  [ 121.5892593,25.0864242 ]
    },
    "properties": {
    "city":"台北市",
    "name":"7-11金聯發門市",
    "address":"114台北市內湖區內湖路三段141巷7號"
    }
  },
  {
    "type": "Feature",
    "geometry": {
       "type": "Point",
       "coordinates":  [ 121.5200165,25.0626266 ]
    },
    "properties": {
    "city":"台北市",
    "name":"7-11金鑽門市",
    "address":"104台北市中山區民權西路66號"
    }
  },
  {
    "type": "Feature",
    "geometry": {
       "type": "Point",
       "coordinates":  [ 121.5224138,25.0545624 ]
    },
    "properties": {
    "city":"台北市",
    "name":"7-11長中門市",
    "address":"104台北市中山區中山北路2段40-1號"
    }
  },
  {
    "type": "Feature",
    "geometry": {
       "type": "Point",
       "coordinates":  [ 121.523683,25.0550563 ]
    },
    "properties": {
    "city":"台北市",
    "name":"7-11長北門市",
    "address":"104台北市中山區長春路11號"
    }
  },
  {
    "type": "Feature",
    "geometry": {
       "type": "Point",
       "coordinates":  [ 121.5331884,25.0491557 ]
    },
    "properties": {
    "city":"台北市",
    "name":"7-11長松門市",
    "address":"104台北市中山區松江路65號"
    }
  },
  {
    "type": "Feature",
    "geometry": {
       "type": "Point",
       "coordinates":  [ 121.5449552,25.0172757 ]
    },
    "properties": {
    "city":"台北市",
    "name":"7-11長星門市",
    "address":"106台北市大安區基隆路3段85號"
    }
  },
  {
    "type": "Feature",
    "geometry": {
       "type": "Point",
       "coordinates":  [ 121.522081,25.049818 ]
    },
    "properties": {
    "city":"台北市",
    "name":"7-11長津門市",
    "address":"104台北市中山區長安東路1段12號"
    }
  },
  {
    "type": "Feature",
    "geometry": {
       "type": "Point",
       "coordinates":  [ 121.5180996,25.0507621 ]
    },
    "properties": {
    "city":"台北市",
    "name":"7-11長峰門市",
    "address":"103台北市大同區長安西路45號之1"
    }
  },
  {
    "type": "Feature",
    "geometry": {
       "type": "Point",
       "coordinates":  [ 121.535132,25.0485509 ]
    },
    "properties": {
    "city":"台北市",
    "name":"7-11長通門市",
    "address":"104台北市中山區長安東路二段101號"
    }
  },
  {
    "type": "Feature",
    "geometry": {
       "type": "Point",
       "coordinates":  [ 121.5501134,25.0555666 ]
    },
    "properties": {
    "city":"台北市",
    "name":"7-11長塑門市",
    "address":"105台北市松山區敦化北路199巷2弄1號"
    }
  },
  {
    "type": "Feature",
    "geometry": {
       "type": "Point",
       "coordinates":  [ 121.522081,25.049818 ]
    },
    "properties": {
    "city":"台北市",
    "name":"7-11長新門市",
    "address":"104台北市中山區長安東路1段73號"
    }
  },
  {
    "type": "Feature",
    "geometry": {
       "type": "Point",
       "coordinates":  [ 121.599474,25.0882533 ]
    },
    "properties": {
    "city":"台北市",
    "name":"7-11長鴻門市",
    "address":"114台北市內湖區大湖山莊街219巷1號1樓"
    }
  },
  {
    "type": "Feature",
    "geometry": {
       "type": "Point",
       "coordinates":  [ 121.5284515,25.1031843 ]
    },
    "properties": {
    "city":"台北市",
    "name":"7-11雨聲門市",
    "address":"111台北市士林區雨聲街63號"
    }
  },
  {
    "type": "Feature",
    "geometry": {
       "type": "Point",
       "coordinates":  [ 121.521664,25.043756 ]
    },
    "properties": {
    "city":"台北市",
    "name":"7-11青島門市",
    "address":"100台北市中正區青島東路4號"
    }
  },
  {
    "type": "Feature",
    "geometry": {
       "type": "Point",
       "coordinates":  [ 121.5051024,25.0259347 ]
    },
    "properties": {
    "city":"台北市",
    "name":"7-11青園門市",
    "address":"108台北市萬華區青年路12號"
    }
  },
  {
    "type": "Feature",
    "geometry": {
       "type": "Point",
       "coordinates":  [ 121.5386912,25.0337376 ]
    },
    "properties": {
    "city":"台北市",
    "name":"7-11信中門市",
    "address":"106台北市大安區信義路三段101號"
    }
  },
  {
    "type": "Feature",
    "geometry": {
       "type": "Point",
       "coordinates":  [ 121.5740395,25.043485 ]
    },
    "properties": {
    "city":"台北市",
    "name":"7-11信吉門市",
    "address":"110台北市信義區永吉路278巷58弄2號"
    }
  },
  {
    "type": "Feature",
    "geometry": {
       "type": "Point",
       "coordinates":  [ 121.5458666,25.0343985 ]
    },
    "properties": {
    "city":"台北市",
    "name":"7-11信安門市",
    "address":"106台北市大安區大安路一段218號"
    }
  },
  {
    "type": "Feature",
    "geometry": {
       "type": "Point",
       "coordinates":  [ 121.5769464,25.037234 ]
    },
    "properties": {
    "city":"台北市",
    "name":"7-11信林門市",
    "address":"110台北市信義區虎林街222巷8號"
    }
  },
  {
    "type": "Feature",
    "geometry": {
       "type": "Point",
       "coordinates":  [ 121.5543717,25.0343743 ]
    },
    "properties": {
    "city":"台北市",
    "name":"7-11信義門市",
    "address":"106台北市大安區信義路4段265巷12弄1號"
    }
  },
  {
    "type": "Feature",
    "geometry": {
       "type": "Point",
       "coordinates":  [ 121.566771,25.0316996 ]
    },
    "properties": {
    "city":"台北市",
    "name":"7-11信運門市",
    "address":"110台北市信義區松勤街100號1樓"
    }
  },
  {
    "type": "Feature",
    "geometry": {
       "type": "Point",
       "coordinates":  [ 121.5573696,25.0262673 ]
    },
    "properties": {
    "city":"台北市",
    "name":"7-11信嘉門市",
    "address":"110台北市信義區嘉興街181巷21號"
    }
  },
  {
    "type": "Feature",
    "geometry": {
       "type": "Point",
       "coordinates":  [ 121.5736087,25.0347979 ]
    },
    "properties": {
    "city":"台北市",
    "name":"7-11信德門市",
    "address":"110台北市信義區松德路200巷10號"
    }
  },
  {
    "type": "Feature",
    "geometry": {
       "type": "Point",
       "coordinates":  [ 121.5453516,25.0330561 ]
    },
    "properties": {
    "city":"台北市",
    "name":"7-11信興門市",
    "address":"106台北市大安區信義路四段32號"
    }
  },
  {
    "type": "Feature",
    "geometry": {
       "type": "Point",
       "coordinates":  [ 121.563917,25.0268069 ]
    },
    "properties": {
    "city":"台北市",
    "name":"7-11信醫門市",
    "address":"110台北市信義區吳興街346.348號"
    }
  },
  {
    "type": "Feature",
    "geometry": {
       "type": "Point",
       "coordinates":  [ 121.5155195,25.0719102 ]
    },
    "properties": {
    "city":"台北市",
    "name":"7-11保聖門市",
    "address":"103台北市大同區酒泉街58.60號"
    }
  },
  {
    "type": "Feature",
    "geometry": {
       "type": "Point",
       "coordinates":  [ 121.512946,25.0538636 ]
    },
    "properties": {
    "city":"台北市",
    "name":"7-11南西門市",
    "address":"103台北市大同區南京西路316號"
    }
  },
  {
    "type": "Feature",
    "geometry": {
       "type": "Point",
       "coordinates":  [ 121.5874121,25.0609314 ]
    },
    "properties": {
    "city":"台北市",
    "name":"7-11南京門市",
    "address":"105台北市松山區南京東路3段303巷5號"
    }
  },
  {
    "type": "Feature",
    "geometry": {
       "type": "Point",
       "coordinates":  [ 121.5171723,25.0310952 ]
    },
    "properties": {
    "city":"台北市",
    "name":"7-11南昌門市",
    "address":"100台北市中正區南昌路一段72號"
    }
  },
  {
    "type": "Feature",
    "geometry": {
       "type": "Point",
       "coordinates":  [ 121.5153153,25.0320356 ]
    },
    "properties": {
    "city":"台北市",
    "name":"7-11南海門市",
    "address":"100台北市中正區南海路50號"
    }
  },
  {
    "type": "Feature",
    "geometry": {
       "type": "Point",
       "coordinates":  [ 121.5048459,25.0289667 ]
    },
    "properties": {
    "city":"台北市",
    "name":"7-11南機場門市",
    "address":"108台北市萬華區中華路二段366號"
    }
  },
  {
    "type": "Feature",
    "geometry": {
       "type": "Point",
       "coordinates":  [ 121.5140501,25.0739236 ]
    },
    "properties": {
    "city":"台北市",
    "name":"7-11哈蜜門市",
    "address":"103台北市大同區重慶北路3段309號."
    }
  },
  {
    "type": "Feature",
    "geometry": {
       "type": "Point",
       "coordinates":  [ 121.5438115,25.0513082 ]
    },
    "properties": {
    "city":"台北市",
    "name":"7-11威克門市",
    "address":"104台北市中山區復興北路90號"
    }
  },
  {
    "type": "Feature",
    "geometry": {
       "type": "Point",
       "coordinates":  [ 121.5625632,25.0487757 ]
    },
    "properties": {
    "city":"台北市",
    "name":"7-11威京門市",
    "address":"105台北市松山區八德路四段151號"
    }
  },
  {
    "type": "Feature",
    "geometry": {
       "type": "Point",
       "coordinates":  [ 121.5506584,25.0426626 ]
    },
    "properties": {
    "city":"台北市",
    "name":"7-11建安門市",
    "address":"106台北市大安區敦化南路一段187巷29號"
    }
  },
  {
    "type": "Feature",
    "geometry": {
       "type": "Point",
       "coordinates":  [ 121.5415502,25.0418358 ]
    },
    "properties": {
    "city":"台北市",
    "name":"7-11建忠門市",
    "address":"106台北市大安區忠孝東路三段249號"
    }
  },
  {
    "type": "Feature",
    "geometry": {
       "type": "Point",
       "coordinates":  [ 121.5372495,25.0558735 ]
    },
    "properties": {
    "city":"台北市",
    "name":"7-11建欣門市",
    "address":"104台北市中山區建國北路二段65號"
    }
  },
  {
    "type": "Feature",
    "geometry": {
       "type": "Point",
       "coordinates":  [ 121.5382883,25.0286606 ]
    },
    "properties": {
    "city":"台北市",
    "name":"7-11建南門市",
    "address":"106台北市大安區建國南路二段151巷6之8號"
    }
  },
  {
    "type": "Feature",
    "geometry": {
       "type": "Point",
       "coordinates":  [ 121.5518427,25.0397235 ]
    },
    "properties": {
    "city":"台北市",
    "name":"7-11建綸門市",
    "address":"106台北市大安區仁愛路4段151巷27號"
    }
  },
  {
    "type": "Feature",
    "geometry": {
       "type": "Point",
       "coordinates":  [ 121.5376186,25.0597604 ]
    },
    "properties": {
    "city":"台北市",
    "name":"7-11建錦門市",
    "address":"104台北市中山區錦州街308號"
    }
  },
  {
    "type": "Feature",
    "geometry": {
       "type": "Point",
       "coordinates":  [ 121.5405119,25.0586183 ]
    },
    "properties": {
    "city":"台北市",
    "name":"7-11建龍門市",
    "address":"104台北市中山區龍江路238號"
    }
  },
  {
    "type": "Feature",
    "geometry": {
       "type": "Point",
       "coordinates":  [ 121.5299391,25.0331346 ]
    },
    "properties": {
    "city":"台北市",
    "name":"7-11恆安門市",
    "address":"106台北市大安區永康街7-1號"
    }
  },
  {
    "type": "Feature",
    "geometry": {
       "type": "Point",
       "coordinates":  [ 121.5694435,24.9875696 ]
    },
    "properties": {
    "city":"台北市",
    "name":"7-11指南門市",
    "address":"116台北市文山區指南路一段26號"
    }
  },
  {
    "type": "Feature",
    "geometry": {
       "type": "Point",
       "coordinates":  [ 121.577215,24.9873688 ]
    },
    "properties": {
    "city":"台北市",
    "name":"7-11政大門市",
    "address":"116台北市文山區指南路2段99.101號"
    }
  },
  {
    "type": "Feature",
    "geometry": {
       "type": "Point",
       "coordinates":  [ 121.5779656,24.9870651 ]
    },
    "properties": {
    "city":"台北市",
    "name":"7-11政揚門市",
    "address":"116台北市文山區指南路二段64號(商學大樓)"
    }
  },
  {
    "type": "Feature",
    "geometry": {
       "type": "Point",
       "coordinates":  [ 121.4925327,25.13804 ]
    },
    "properties": {
    "city":"台北市",
    "name":"7-11政戰門市",
    "address":"112台北市北投區中央北路二段15.17號"
    }
  },
  {
    "type": "Feature",
    "geometry": {
       "type": "Point",
       "coordinates":  [ 121.504338,25.1370471 ]
    },
    "properties": {
    "city":"台北市",
    "name":"7-11春天門市",
    "address":"112台北市北投區泉源路12號"
    }
  },
  {
    "type": "Feature",
    "geometry": {
       "type": "Point",
       "coordinates":  [ 121.5362689,25.0547596 ]
    },
    "properties": {
    "city":"台北市",
    "name":"7-11春城門市",
    "address":"104台北市中山區長春路135.135之1號"
    }
  },
  {
    "type": "Feature",
    "geometry": {
       "type": "Point",
       "coordinates":  [ 121.5265715,25.0550434 ]
    },
    "properties": {
    "city":"台北市",
    "name":"7-11春森門市",
    "address":"104台北市中山區長春路67號"
    }
  },
  {
    "type": "Feature",
    "geometry": {
       "type": "Point",
       "coordinates":  [ 121.5406323,25.0547562 ]
    },
    "properties": {
    "city":"台北市",
    "name":"7-11春龍門市",
    "address":"104台北市中山區長春路257號"
    }
  },
  {
    "type": "Feature",
    "geometry": {
       "type": "Point",
       "coordinates":  [ 121.5905769,25.0782087 ]
    },
    "properties": {
    "city":"台北市",
    "name":"7-11星成門市",
    "address":"114台北市內湖區星雲街17號"
    }
  },
  {
    "type": "Feature",
    "geometry": {
       "type": "Point",
       "coordinates":  [ 121.5048433,25.1351792 ]
    },
    "properties": {
    "city":"台北市",
    "name":"7-11泉北門市",
    "address":"112台北市北投區溫泉路70號"
    }
  },
  {
    "type": "Feature",
    "geometry": {
       "type": "Point",
       "coordinates":  [ 121.5066478,25.1398719 ]
    },
    "properties": {
    "city":"台北市",
    "name":"7-11泉源門市",
    "address":"112台北市北投區泉源路30號地下一樓"
    }
  },
  {
    "type": "Feature",
    "geometry": {
       "type": "Point",
       "coordinates":  [ 121.5692192,25.079293 ]
    },
    "properties": {
    "city":"台北市",
    "name":"7-11洲子門市",
    "address":"114台北市內湖區瑞光路517號1樓"
    }
  },
  {
    "type": "Feature",
    "geometry": {
       "type": "Point",
       "coordinates":  [ 121.4982996,25.0930948 ]
    },
    "properties": {
    "city":"台北市",
    "name":"7-11洲美門市",
    "address":"111台北市士林區延平北路六段505號"
    }
  },
  {
    "type": "Feature",
    "geometry": {
       "type": "Point",
       "coordinates":  [ 121.5191883,25.0235486 ]
    },
    "properties": {
    "city":"台北市",
    "name":"7-11牯嶺門市",
    "address":"106台北市中正區廈門街113巷17號"
    }
  },
  {
    "type": "Feature",
    "geometry": {
       "type": "Point",
       "coordinates":  [ 121.6154877,25.0475526 ]
    },
    "properties": {
    "city":"台北市",
    "name":"7-11研究門市",
    "address":"115台北市南港區研究院路2段14號"
    }
  },
  {
    "type": "Feature",
    "geometry": {
       "type": "Point",
       "coordinates":  [ 121.5436711,25.0262933 ]
    },
    "properties": {
    "city":"台北市",
    "name":"7-11科技站門市",
    "address":"106台北市大安區復興南路2段203號"
    }
  },
  {
    "type": "Feature",
    "geometry": {
       "type": "Point",
       "coordinates":  [ 121.5374948,25.03969 ]
    },
    "properties": {
    "city":"台北市",
    "name":"7-11科建門市",
    "address":"106台北市大安區建國南路一段28.30號"
    }
  },
  {
    "type": "Feature",
    "geometry": {
       "type": "Point",
       "coordinates":  [ 121.5574658,25.084739 ]
    },
    "properties": {
    "city":"台北市",
    "name":"7-11美麗華門市",
    "address":"104台北市中山區北安路839-1號"
    }
  },
  {
    "type": "Feature",
    "geometry": {
       "type": "Point",
       "coordinates":  [ 121.5124917,25.1140334 ]
    },
    "properties": {
    "city":"台北市",
    "name":"7-11致遠門市",
    "address":"112台北市北投區石牌路一段126號"
    }
  },
  {
    "type": "Feature",
    "geometry": {
       "type": "Point",
       "coordinates":  [ 121.530843,25.0160821 ]
    },
    "properties": {
    "city":"台北市",
    "name":"7-11軍總門市",
    "address":"106台北市中正區汀州路三段153.155號"
    }
  },
  {
    "type": "Feature",
    "geometry": {
       "type": "Point",
       "coordinates":  [ 121.5158055,25.0570388 ]
    },
    "properties": {
    "city":"台北市",
    "name":"7-11迪化門市",
    "address":"103台北市大同區民生西路343.345號"
    }
  },
  {
    "type": "Feature",
    "geometry": {
       "type": "Point",
       "coordinates":  [ 121.5134147,25.0468814 ]
    },
    "properties": {
    "city":"台北市",
    "name":"7-11重南門市",
    "address":"100台北市中正區重慶南路1段75號"
    }
  },
  {
    "type": "Feature",
    "geometry": {
       "type": "Point",
       "coordinates":  [ 121.5689399,25.0455009 ]
    },
    "properties": {
    "city":"台北市",
    "name":"7-11革新門市",
    "address":"110台北市信義區永吉路32號"
    }
  },
  {
    "type": "Feature",
    "geometry": {
       "type": "Point",
       "coordinates":  [ 121.5441513,25.0474407 ]
    },
    "properties": {
    "city":"台北市",
    "name":"7-11風復門市",
    "address":"105台北市松山區復興南路1段43號"
    }
  },
  {
    "type": "Feature",
    "geometry": {
       "type": "Point",
       "coordinates":  [ 121.5546859,25.0513931 ]
    },
    "properties": {
    "city":"台北市",
    "name":"7-11首都門市",
    "address":"105台北市松山區南京東路4段51號之2"
    }
  },
  {
    "type": "Feature",
    "geometry": {
       "type": "Point",
       "coordinates":  [ 121.6133008,25.0551289 ]
    },
    "properties": {
    "city":"台北市",
    "name":"7-11香城門市",
    "address":"115台北市南港區南港路一段167號1樓"
    }
  },
  {
    "type": "Feature",
    "geometry": {
       "type": "Point",
       "coordinates":  [ 121.5291277,25.0632759 ]
    },
    "properties": {
    "city":"台北市",
    "name":"7-11原中門市",
    "address":"104台北市中山區中原街121號"
    }
  },
  {
    "type": "Feature",
    "geometry": {
       "type": "Point",
       "coordinates":  [ 121.5285563,25.0232098 ]
    },
    "properties": {
    "city":"台北市",
    "name":"7-11師大門市",
    "address":"106台北市大安區師大路87號"
    }
  },
  {
    "type": "Feature",
    "geometry": {
       "type": "Point",
       "coordinates":  [ 121.6120995,25.0677899 ]
    },
    "properties": {
    "city":"台北市",
    "name":"7-11悅來門市",
    "address":"114台北市內湖區五分街1號"
    }
  },
  {
    "type": "Feature",
    "geometry": {
       "type": "Point",
       "coordinates":  [ 121.5210654,25.1188824 ]
    },
    "properties": {
    "city":"台北市",
    "name":"7-11振華門市",
    "address":"112台北市北投區石牌路2段80.82號"
    }
  },
  {
    "type": "Feature",
    "geometry": {
       "type": "Point",
       "coordinates":  [ 121.5206896,25.0265867 ]
    },
    "properties": {
    "city":"台北市",
    "name":"7-11晉江門市",
    "address":"106台北市中正區和平西路一段26號"
    }
  },
  {
    "type": "Feature",
    "geometry": {
       "type": "Point",
       "coordinates":  [ 121.6107106,25.0727062 ]
    },
    "properties": {
    "city":"台北市",
    "name":"7-11晏揚門市",
    "address":"114台北市內湖區康寧路三段99巷14號"
    }
  },
  {
    "type": "Feature",
    "geometry": {
       "type": "Point",
       "coordinates":  [ 121.5031107,25.0383037 ]
    },
    "properties": {
    "city":"台北市",
    "name":"7-11桂明門市",
    "address":"108台北市萬華區桂林路55號"
    }
  },
  {
    "type": "Feature",
    "geometry": {
       "type": "Point",
       "coordinates":  [ 121.4977399,25.038395 ]
    },
    "properties": {
    "city":"台北市",
    "name":"7-11桂林門市",
    "address":"108台北市萬華區桂林路160號"
    }
  },
  {
    "type": "Feature",
    "geometry": {
       "type": "Point",
       "coordinates":  [ 121.5542289,25.0365332 ]
    },
    "properties": {
    "city":"台北市",
    "name":"7-11泰利門市",
    "address":"106台北市大安區仁愛路四段266巷15弄22號"
    }
  },
  {
    "type": "Feature",
    "geometry": {
       "type": "Point",
       "coordinates":  [ 121.5859674,25.038736 ]
    },
    "properties": {
    "city":"台北市",
    "name":"7-11留公門市",
    "address":"110台北市信義區福德街249號"
    }
  },
  {
    "type": "Feature",
    "geometry": {
       "type": "Point",
       "coordinates":  [ 121.5465004,25.1368682 ]
    },
    "properties": {
    "city":"台北市",
    "name":"7-11草山門市",
    "address":"111台北市士林區格致路28號"
    }
  },
  {
    "type": "Feature",
    "geometry": {
       "type": "Point",
       "coordinates":  [ 121.5134182,25.0719687 ]
    },
    "properties": {
    "city":"台北市",
    "name":"7-11酒泉門市",
    "address":"103台北市大同區酒泉街110號"
    }
  },
  {
    "type": "Feature",
    "geometry": {
       "type": "Point",
       "coordinates":  [ 121.5548701,25.0262213 ]
    },
    "properties": {
    "city":"台北市",
    "name":"7-11挹翠門市",
    "address":"110台北市信義區基隆路二段151號"
    }
  },
  {
    "type": "Feature",
    "geometry": {
       "type": "Point",
       "coordinates":  [ 121.553549,25.0532925 ]
    },
    "properties": {
    "city":"台北市",
    "name":"7-11健一門市",
    "address":"105台北市松山區健康路10號"
    }
  },
  {
    "type": "Feature",
    "geometry": {
       "type": "Point",
       "coordinates":  [ 121.5660659,25.0353136 ]
    },
    "properties": {
    "city":"台北市",
    "name":"7-11曼哈頓門市",
    "address":"110台北市信義區松壽路12號之B1"
    }
  },
  {
    "type": "Feature",
    "geometry": {
       "type": "Point",
       "coordinates":  [ 121.527074,25.0513101 ]
    },
    "properties": {
    "city":"台北市",
    "name":"7-11國旺門市",
    "address":"104台北市中山區南京東路一段132巷8號"
    }
  },
  {
    "type": "Feature",
    "geometry": {
       "type": "Point",
       "coordinates":  [ 121.5610245,25.034257 ]
    },
    "properties": {
    "city":"台北市",
    "name":"7-11國貿門市",
    "address":"110台北市信義區基隆路一段333號B3"
    }
  },
  {
    "type": "Feature",
    "geometry": {
       "type": "Point",
       "coordinates":  [ 121.5231419,25.0574712 ]
    },
    "properties": {
    "city":"台北市",
    "name":"7-11國賓門市",
    "address":"104台北市中山區中山北路二段75-1號"
    }
  },
  {
    "type": "Feature",
    "geometry": {
       "type": "Point",
       "coordinates":  [ 121.5344161,25.0547094 ]
    },
    "properties": {
    "city":"台北市",
    "name":"7-11國學門市",
    "address":"104台北市中山區長春路182號"
    }
  },
  {
    "type": "Feature",
    "geometry": {
       "type": "Point",
       "coordinates":  [ 121.5054251,25.0274856 ]
    },
    "properties": {
    "city":"台北市",
    "name":"7-11國興門市",
    "address":"108台北市萬華區國興路104號"
    }
  },
  {
    "type": "Feature",
    "geometry": {
       "type": "Point",
       "coordinates":  [ 121.5959272,25.0733691 ]
    },
    "properties": {
    "city":"台北市",
    "name":"7-11國醫門市",
    "address":"114台北市內湖區成功路二段325號"
    }
  },
  {
    "type": "Feature",
    "geometry": {
       "type": "Point",
       "coordinates":  [ 121.5024904,25.0280314 ]
    },
    "properties": {
    "city":"台北市",
    "name":"7-11國雙門市",
    "address":"108台北市萬華區新忠里西藏路125巷17號"
    }
  },
  {
    "type": "Feature",
    "geometry": {
       "type": "Point",
       "coordinates":  [ 121.5599972,25.0795325 ]
    },
    "properties": {
    "city":"台北市",
    "name":"7-11基河門市",
    "address":"104台北市中山區敬業3路162巷212號"
    }
  },
  {
    "type": "Feature",
    "geometry": {
       "type": "Point",
       "coordinates":  [ 121.5614413,25.0538007 ]
    },
    "properties": {
    "city":"台北市",
    "name":"7-11婦聯門市",
    "address":"105台北市松山區健康路220號1樓"
    }
  },
  {
    "type": "Feature",
    "geometry": {
       "type": "Point",
       "coordinates":  [ 121.5446216,25.0427703 ]
    },
    "properties": {
    "city":"台北市",
    "name":"7-11崇光門市",
    "address":"106台北市大安區復興南路一段135巷5號"
    }
  },
  {
    "type": "Feature",
    "geometry": {
       "type": "Point",
       "coordinates":  [ 121.5556311,25.0241607 ]
    },
    "properties": {
    "city":"台北市",
    "name":"7-11崇德門市",
    "address":"110台北市信義區崇德街95號"
    }
  },
  {
    "type": "Feature",
    "geometry": {
       "type": "Point",
       "coordinates":  [ 121.5233599,25.0508182 ]
    },
    "properties": {
    "city":"台北市",
    "name":"7-11崑崙門市",
    "address":"104台北市中山區中山北路一段105巷13號"
    }
  },
  {
    "type": "Feature",
    "geometry": {
       "type": "Point",
       "coordinates":  [ 121.6121792,25.0715028 ]
    },
    "properties": {
    "city":"台北市",
    "name":"7-11康明門市",
    "address":"114台北市內湖區康寧路三段165巷23弄1號"
    }
  },
  {
    "type": "Feature",
    "geometry": {
       "type": "Point",
       "coordinates":  [ 121.5555857,25.0002347 ]
    },
    "properties": {
    "city":"台北市",
    "name":"7-11康喜門市",
    "address":"116台北市文山區興隆路三段42號"
    }
  },
  {
    "type": "Feature",
    "geometry": {
       "type": "Point",
       "coordinates":  [ 121.5944661,25.0789502 ]
    },
    "properties": {
    "city":"台北市",
    "name":"7-11康雲門市",
    "address":"114台北市內湖區康寧路一段160號"
    }
  },
  {
    "type": "Feature",
    "geometry": {
       "type": "Point",
       "coordinates":  [ 121.6078848,25.0721941 ]
    },
    "properties": {
    "city":"台北市",
    "name":"7-11康寧門市",
    "address":"114台北市內湖區康寧路三段26巷1號"
    }
  },
  {
    "type": "Feature",
    "geometry": {
       "type": "Point",
       "coordinates":  [ 121.6087795,25.0754126 ]
    },
    "properties": {
    "city":"台北市",
    "name":"7-11康醫門市",
    "address":"114台北市內湖區成功路5段420巷30號"
    }
  },
  {
    "type": "Feature",
    "geometry": {
       "type": "Point",
       "coordinates":  [ 121.576448,25.0567861 ]
    },
    "properties": {
    "city":"台北市",
    "name":"7-11彩龍門市",
    "address":"114台北市內湖區行善路35號1F"
    }
  },
  {
    "type": "Feature",
    "geometry": {
       "type": "Point",
       "coordinates":  [ 121.5652968,25.0406521 ]
    },
    "properties": {
    "city":"台北市",
    "name":"7-11捷忠門市",
    "address":"110台北市信義區忠孝東路5段617號"
    }
  },
  {
    "type": "Feature",
    "geometry": {
       "type": "Point",
       "coordinates":  [ 121.5074794,25.0440493 ]
    },
    "properties": {
    "city":"台北市",
    "name":"7-11捷盟門市",
    "address":"108台北市萬華區漢中街51號"
    }
  },
  {
    "type": "Feature",
    "geometry": {
       "type": "Point",
       "coordinates":  [ 121.515575,25.0464951 ]
    },
    "properties": {
    "city":"台北市",
    "name":"7-11捷戰門市",
    "address":"100台北市中正區忠孝西路一段50-1號(捷運地下街)"
    }
  },
  {
    "type": "Feature",
    "geometry": {
       "type": "Point",
       "coordinates":  [ 121.5081891,25.0260026 ]
    },
    "properties": {
    "city":"台北市",
    "name":"7-11掬華門市",
    "address":"100台北市萬華區中華路2段407號"
    }
  },
  {
    "type": "Feature",
    "geometry": {
       "type": "Point",
       "coordinates":  [ 121.5129526,25.0358375 ]
    },
    "properties": {
    "city":"台北市",
    "name":"7-11教育大門市",
    "address":"100台北市中正區愛國西路1號教育大學內"
    }
  },
  {
    "type": "Feature",
    "geometry": {
       "type": "Point",
       "coordinates":  [ 121.5464401,25.0233683 ]
    },
    "properties": {
    "city":"台北市",
    "name":"7-11教育大學門市",
    "address":"106台北市大安區敦南街38號"
    }
  },
  {
    "type": "Feature",
    "geometry": {
       "type": "Point",
       "coordinates":  [ 121.5111725,25.060559 ]
    },
    "properties": {
    "city":"台北市",
    "name":"7-11涼州門市",
    "address":"103台北市大同區延平北路二段260號之1.2"
    }
  },
  {
    "type": "Feature",
    "geometry": {
       "type": "Point",
       "coordinates":  [ 121.5948517,24.9735632 ]
    },
    "properties": {
    "city":"台北市",
    "name":"7-11添恩門市",
    "address":"116台北市文山區指南路3段8.10號"
    }
  },
  {
    "type": "Feature",
    "geometry": {
       "type": "Point",
       "coordinates":  [ 121.6157119,25.0719553 ]
    },
    "properties": {
    "city":"台北市",
    "name":"7-11清圳門市",
    "address":"114台北市內湖區東湖路113巷88號"
    }
  },
  {
    "type": "Feature",
    "geometry": {
       "type": "Point",
       "coordinates":  [ 121.5469812,25.048365 ]
    },
    "properties": {
    "city":"台北市",
    "name":"7-11清愿門市",
    "address":"105台北市松山區八德路2段439號"
    }
  },
  {
    "type": "Feature",
    "geometry": {
       "type": "Point",
       "coordinates":  [ 121.5343196,25.01372 ]
    },
    "properties": {
    "city":"台北市",
    "name":"7-11統全門市",
    "address":"106台北市中正區汀州路三段249號"
    }
  },
  {
    "type": "Feature",
    "geometry": {
       "type": "Point",
       "coordinates":  [ 121.5655182,25.0501873 ]
    },
    "properties": {
    "city":"台北市",
    "name":"7-11統威門市",
    "address":"105台北市松山區東興路13之1號"
    }
  },
  {
    "type": "Feature",
    "geometry": {
       "type": "Point",
       "coordinates":  [ 121.5530619,25.0402779 ]
    },
    "properties": {
    "city":"台北市",
    "name":"7-11統家門市",
    "address":"106台北市大安區忠孝東路4段216巷21號"
    }
  },
  {
    "type": "Feature",
    "geometry": {
       "type": "Point",
       "coordinates":  [ 121.5146435,25.1105469 ]
    },
    "properties": {
    "city":"台北市",
    "name":"7-11統勝門市",
    "address":"112台北市北投區自強街82號"
    }
  },
  {
    "type": "Feature",
    "geometry": {
       "type": "Point",
       "coordinates":  [ 121.5643078,25.039625 ]
    },
    "properties": {
    "city":"台北市",
    "name":"7-11統誠門市",
    "address":"110台北市信義區松高路11號B2第57櫃"
    }
  },
  {
    "type": "Feature",
    "geometry": {
       "type": "Point",
       "coordinates":  [ 121.5334554,25.0420032 ]
    },
    "properties": {
    "city":"台北市",
    "name":"7-11統領門市",
    "address":"106台北市大安區忠孝東路4段205巷7弄1號"
    }
  },
  {
    "type": "Feature",
    "geometry": {
       "type": "Point",
       "coordinates":  [ 121.531806,25.042371 ]
    },
    "properties": {
    "city":"台北市",
    "name":"7-11統聯門市",
    "address":"100台北市中正區忠孝東路二段130-2.130-3"
    }
  },
  {
    "type": "Feature",
    "geometry": {
       "type": "Point",
       "coordinates":  [ 121.533445,25.0545591 ]
    },
    "properties": {
    "city":"台北市",
    "name":"7-11莊福門市",
    "address":"104台北市中山區長春路168號"
    }
  },
  {
    "type": "Feature",
    "geometry": {
       "type": "Point",
       "coordinates":  [ 121.5541625,25.031578 ]
    },
    "properties": {
    "city":"台北市",
    "name":"7-11通化門市",
    "address":"106台北市大安區通化街26之8號"
    }
  },
  {
    "type": "Feature",
    "geometry": {
       "type": "Point",
       "coordinates":  [ 121.5468631,25.0382025 ]
    },
    "properties": {
    "city":"台北市",
    "name":"7-11頂好門市",
    "address":"106台北市大安區仁愛路4段65號"
    }
  },
  {
    "type": "Feature",
    "geometry": {
       "type": "Point",
       "coordinates":  [ 121.5466875,25.043423 ]
    },
    "properties": {
    "city":"台北市",
    "name":"7-11頂東門市",
    "address":"106台北市大安區大安路一段43號"
    }
  },
  {
    "type": "Feature",
    "geometry": {
       "type": "Point",
       "coordinates":  [ 121.5341658,25.0153816 ]
    },
    "properties": {
    "city":"台北市",
    "name":"7-11鹿鳴門市",
    "address":"106台北市大安區羅斯福路4段1號"
    }
  },
  {
    "type": "Feature",
    "geometry": {
       "type": "Point",
       "coordinates":  [ 121.5227995,25.0666985 ]
    },
    "properties": {
    "city":"台北市",
    "name":"7-11麥田門市",
    "address":"104台北市中山區晴光里中山北路3段47號"
    }
  },
  {
    "type": "Feature",
    "geometry": {
       "type": "Point",
       "coordinates":  [ 121.531307,25.1058747 ]
    },
    "properties": {
    "city":"台北市",
    "name":"7-11凱立門市",
    "address":"112台北市士林區忠義街68號"
    }
  },
  {
    "type": "Feature",
    "geometry": {
       "type": "Point",
       "coordinates":  [ 121.5814138,25.0508953 ]
    },
    "properties": {
    "city":"台北市",
    "name":"7-11凱松門市",
    "address":"115台北市南港區八德路4段808-1.810號1樓."
    }
  },
  {
    "type": "Feature",
    "geometry": {
       "type": "Point",
       "coordinates":  [ 121.5608379,25.0355865 ]
    },
    "properties": {
    "city":"台北市",
    "name":"7-11凱悅門市",
    "address":"110台北市信義區基隆路一段366號"
    }
  },
  {
    "type": "Feature",
    "geometry": {
       "type": "Point",
       "coordinates":  [ 121.5288655,25.0624183 ]
    },
    "properties": {
    "city":"台北市",
    "name":"7-11勝權門市",
    "address":"104台北市中山區民權東路二段26號"
    }
  },
  {
    "type": "Feature",
    "geometry": {
       "type": "Point",
       "coordinates":  [ 121.5113663,25.0439977 ]
    },
    "properties": {
    "city":"台北市",
    "name":"7-11博美門市",
    "address":"100台北市中正區博愛路98號"
    }
  },
  {
    "type": "Feature",
    "geometry": {
       "type": "Point",
       "coordinates":  [ 121.5283471,25.0137039 ]
    },
    "properties": {
    "city":"台北市",
    "name":"7-11博源門市",
    "address":"100台北市中正區思源街16號"
    }
  },
  {
    "type": "Feature",
    "geometry": {
       "type": "Point",
       "coordinates":  [ 121.5432769,25.0310123 ]
    },
    "properties": {
    "city":"台北市",
    "name":"7-11喜悅門市",
    "address":"106台北市大安區復興南路2段80號"
    }
  },
  {
    "type": "Feature",
    "geometry": {
       "type": "Point",
       "coordinates":  [ 121.4975998,25.0201319 ]
    },
    "properties": {
    "city":"台北市",
    "name":"7-11富帆門市",
    "address":"100台北市萬華區華中里萬大路464號一樓"
    }
  },
  {
    "type": "Feature",
    "geometry": {
       "type": "Point",
       "coordinates":  [ 121.5094831,25.1152236 ]
    },
    "properties": {
    "city":"台北市",
    "name":"7-11富邦門市",
    "address":"112台北市北投區實踐街22.24號"
    }
  },
  {
    "type": "Feature",
    "geometry": {
       "type": "Point",
       "coordinates":  [ 121.5783443,25.0829435 ]
    },
    "properties": {
    "city":"台北市",
    "name":"7-11富港門市",
    "address":"114台北市內湖區港富里港墘路15號1樓"
    }
  },
  {
    "type": "Feature",
    "geometry": {
       "type": "Point",
       "coordinates":  [ 121.5332197,25.02644 ]
    },
    "properties": {
    "city":"台北市",
    "name":"7-11富陽門市",
    "address":"106台北市大安區和平東路3段310號"
    }
  },
  {
    "type": "Feature",
    "geometry": {
       "type": "Point",
       "coordinates":  [ 121.5437491,25.0535077 ]
    },
    "properties": {
    "city":"台北市",
    "name":"7-11復北門市",
    "address":"104台北市中山區復興北路164號"
    }
  },
  {
    "type": "Feature",
    "geometry": {
       "type": "Point",
       "coordinates":  [ 121.5494024,25.0470711 ]
    },
    "properties": {
    "city":"台北市",
    "name":"7-11復旦門市",
    "address":"105台北市松山區敦化南路1段5號"
    }
  },
  {
    "type": "Feature",
    "geometry": {
       "type": "Point",
       "coordinates":  [ 121.5448791,25.0568758 ]
    },
    "properties": {
    "city":"台北市",
    "name":"7-11復安門市",
    "address":"105台北市松山區復興北路231巷6號"
    }
  },
  {
    "type": "Feature",
    "geometry": {
       "type": "Point",
       "coordinates":  [ 121.5573011,25.0323076 ]
    },
    "properties": {
    "city":"台北市",
    "name":"7-11復昌門市",
    "address":"106台北市大安區通化里光復南路616號"
    }
  },
  {
    "type": "Feature",
    "geometry": {
       "type": "Point",
       "coordinates":  [ 121.5443518,25.0543299 ]
    },
    "properties": {
    "city":"台北市",
    "name":"7-11復春門市",
    "address":"105台北市松山區復興北路179號"
    }
  },
  {
    "type": "Feature",
    "geometry": {
       "type": "Point",
       "coordinates":  [ 121.5437898,25.0322305 ]
    },
    "properties": {
    "city":"台北市",
    "name":"7-11復維門市",
    "address":"106台北市大安區復興南路二段17號"
    }
  },
  {
    "type": "Feature",
    "geometry": {
       "type": "Point",
       "coordinates":  [ 121.543802,25.060028 ]
    },
    "properties": {
    "city":"台北市",
    "name":"7-11復錦門市",
    "address":"104台北市中山區復興北路352號"
    }
  },
  {
    "type": "Feature",
    "geometry": {
       "type": "Point",
       "coordinates":  [ 121.5688723,25.0221574 ]
    },
    "properties": {
    "city":"台北市",
    "name":"7-11惠安門市",
    "address":"110台北市信義區惠安里吳興街520號"
    }
  },
  {
    "type": "Feature",
    "geometry": {
       "type": "Point",
       "coordinates":  [ 121.5469731,25.0600823 ]
    },
    "properties": {
    "city":"台北市",
    "name":"7-11敦化門市",
    "address":"105台北市松山區敦化北路222巷50號"
    }
  },
  {
    "type": "Feature",
    "geometry": {
       "type": "Point",
       "coordinates":  [ 121.5494215,25.0536486 ]
    },
    "properties": {
    "city":"台北市",
    "name":"7-11敦北門市",
    "address":"105台北市松山區敦化北路143號"
    }
  },
  {
    "type": "Feature",
    "geometry": {
       "type": "Point",
       "coordinates":  [ 121.5523434,25.0347203 ]
    },
    "properties": {
    "city":"台北市",
    "name":"7-11敦安門市",
    "address":"106台北市大安區安和路一段86號"
    }
  },
  {
    "type": "Feature",
    "geometry": {
       "type": "Point",
       "coordinates":  [ 121.5491736,25.0342934 ]
    },
    "properties": {
    "city":"台北市",
    "name":"7-11敦信門市",
    "address":"106台北市大安區敦化南路1段329巷17號"
    }
  },
  {
    "type": "Feature",
    "geometry": {
       "type": "Point",
       "coordinates":  [ 121.5473394,25.040643 ]
    },
    "properties": {
    "city":"台北市",
    "name":"7-11敦南門市",
    "address":"106台北市大安區敦化南路一段236巷13號"
    }
  },
  {
    "type": "Feature",
    "geometry": {
       "type": "Point",
       "coordinates":  [ 121.5686409,25.0414745 ]
    },
    "properties": {
    "city":"台北市",
    "name":"7-11敦厚門市",
    "address":"110台北市信義區永吉路30巷178弄1號"
    }
  },
  {
    "type": "Feature",
    "geometry": {
       "type": "Point",
       "coordinates":  [ 121.5334554,25.0420032 ]
    },
    "properties": {
    "city":"台北市",
    "name":"7-11敦頂門市",
    "address":"106台北市大安區忠孝東路4段101巷7號"
    }
  },
  {
    "type": "Feature",
    "geometry": {
       "type": "Point",
       "coordinates":  [ 121.5475389,25.0227879 ]
    },
    "properties": {
    "city":"台北市",
    "name":"7-11敦隆門市",
    "address":"106台北市大安區敦化南路2段200巷16號"
    }
  },
  {
    "type": "Feature",
    "geometry": {
       "type": "Point",
       "coordinates":  [ 121.5481849,25.0358504 ]
    },
    "properties": {
    "city":"台北市",
    "name":"7-11敦維門市",
    "address":"106台北市大安區四維路21號"
    }
  },
  {
    "type": "Feature",
    "geometry": {
       "type": "Point",
       "coordinates":  [ 121.5409496,25.0221212 ]
    },
    "properties": {
    "city":"台北市",
    "name":"7-11敦親門市",
    "address":"106台北市大安區辛亥路二段171巷8號"
    }
  },
  {
    "type": "Feature",
    "geometry": {
       "type": "Point",
       "coordinates":  [ 121.5253239,25.0546383 ]
    },
    "properties": {
    "city":"台北市",
    "name":"7-11晶華門市",
    "address":"104台北市中山區林森北路262號"
    }
  },
  {
    "type": "Feature",
    "geometry": {
       "type": "Point",
       "coordinates":  [ 121.5410872,24.9904009 ]
    },
    "properties": {
    "city":"台北市",
    "name":"7-11景中門市",
    "address":"116台北市文山區景文里景文街96.98號"
    }
  },
  {
    "type": "Feature",
    "geometry": {
       "type": "Point",
       "coordinates":  [ 121.5445123,24.9978477 ]
    },
    "properties": {
    "city":"台北市",
    "name":"7-11景高門市",
    "address":"116台北市文山區景華里景興路14號"
    }
  },
  {
    "type": "Feature",
    "geometry": {
       "type": "Point",
       "coordinates":  [ 121.5401526,24.9932987 ]
    },
    "properties": {
    "city":"台北市",
    "name":"7-11景捷門市",
    "address":"116台北市文山區景福街252號"
    }
  },
  {
    "type": "Feature",
    "geometry": {
       "type": "Point",
       "coordinates":  [ 121.5471386,24.9957485 ]
    },
    "properties": {
    "city":"台北市",
    "name":"7-11景華門市",
    "address":"116台北市文山區興東里景華街130號"
    }
  },
  {
    "type": "Feature",
    "geometry": {
       "type": "Point",
       "coordinates":  [ 121.5444168,24.9932365 ]
    },
    "properties": {
    "city":"台北市",
    "name":"7-11景興門市",
    "address":"116台北市文山區景興路113.115號."
    }
  },
  {
    "type": "Feature",
    "geometry": {
       "type": "Point",
       "coordinates":  [ 121.5249976,25.0603956 ]
    },
    "properties": {
    "city":"台北市",
    "name":"7-11曾德門市",
    "address":"104台北市中山區錦州街21-2號"
    }
  },
  {
    "type": "Feature",
    "geometry": {
       "type": "Point",
       "coordinates":  [ 121.5632285,25.0581029 ]
    },
    "properties": {
    "city":"台北市",
    "name":"7-11朝福門市",
    "address":"105台北市松山區三民路115號"
    }
  },
  {
    "type": "Feature",
    "geometry": {
       "type": "Point",
       "coordinates":  [ 121.5255054,25.0570395 ]
    },
    "properties": {
    "city":"台北市",
    "name":"7-11森北門市",
    "address":"104台北市中山區林森北路110.112號"
    }
  },
  {
    "type": "Feature",
    "geometry": {
       "type": "Point",
       "coordinates":  [ 121.5754347,25.083021 ]
    },
    "properties": {
    "city":"台北市",
    "name":"7-11港華門市",
    "address":"114台北市內湖區港華街53號"
    }
  },
  {
    "type": "Feature",
    "geometry": {
       "type": "Point",
       "coordinates":  [ 121.6055562,25.0561133 ]
    },
    "properties": {
    "city":"台北市",
    "name":"7-11港福門市",
    "address":"115台北市南港區興華路90號"
    }
  },
  {
    "type": "Feature",
    "geometry": {
       "type": "Point",
       "coordinates":  [ 121.5915585,25.0397048 ]
    },
    "properties": {
    "city":"台北市",
    "name":"7-11港德門市",
    "address":"115台北市南港區福德街373巷25號"
    }
  },
  {
    "type": "Feature",
    "geometry": {
       "type": "Point",
       "coordinates":  [ 121.6058013,25.0569874 ]
    },
    "properties": {
    "city":"台北市",
    "name":"7-11港興門市",
    "address":"115台北市南港區興華路119.121.123.125號"
    }
  },
  {
    "type": "Feature",
    "geometry": {
       "type": "Point",
       "coordinates":  [ 121.5787975,25.0798279 ]
    },
    "properties": {
    "city":"台北市",
    "name":"7-11港鑫門市",
    "address":"114台北市內湖區內湖路1段737巷35號"
    }
  },
  {
    "type": "Feature",
    "geometry": {
       "type": "Point",
       "coordinates":  [ 121.5112547,25.0730247 ]
    },
    "properties": {
    "city":"台北市",
    "name":"7-11湧久門市",
    "address":"103台北市大同區延平北路4段157.159號"
    }
  },
  {
    "type": "Feature",
    "geometry": {
       "type": "Point",
       "coordinates":  [ 121.5853014,25.0749108 ]
    },
    "properties": {
    "city":"台北市",
    "name":"7-11紫陽門市",
    "address":"114台北市內湖區紫陽里陽光街159號"
    }
  },
  {
    "type": "Feature",
    "geometry": {
       "type": "Point",
       "coordinates":  [ 121.5910108,25.0806151 ]
    },
    "properties": {
    "city":"台北市",
    "name":"7-11紫新門市",
    "address":"114台北市內湖區成功路三段201號1樓"
    }
  },
  {
    "type": "Feature",
    "geometry": {
       "type": "Point",
       "coordinates":  [ 121.5216527,25.0452974 ]
    },
    "properties": {
    "city":"台北市",
    "name":"7-11華山門市",
    "address":"100台北市中正區忠孝東路1段138號"
    }
  },
  {
    "type": "Feature",
    "geometry": {
       "type": "Point",
       "coordinates":  [ 121.4930253,25.0341054 ]
    },
    "properties": {
    "city":"台北市",
    "name":"7-11華江門市",
    "address":"108台北市萬華區華江里20鄰環河南路2段200號"
    }
  },
  {
    "type": "Feature",
    "geometry": {
       "type": "Point",
       "coordinates":  [ 121.6142245,25.0347142 ]
    },
    "properties": {
    "city":"台北市",
    "name":"7-11華技門市",
    "address":"115台北市南港區研究院路三段70號"
    }
  },
  {
    "type": "Feature",
    "geometry": {
       "type": "Point",
       "coordinates":  [ 121.541497,25.1369947 ]
    },
    "properties": {
    "city":"台北市",
    "name":"7-11華岡門市",
    "address":"111台北市士林區光華路26巷7-1號"
    }
  },
  {
    "type": "Feature",
    "geometry": {
       "type": "Point",
       "coordinates":  [ 121.610616,25.0338789 ]
    },
    "properties": {
    "city":"台北市",
    "name":"7-11華院門市",
    "address":"115台北市南港區研究院路三段234號"
    }
  },
  {
    "type": "Feature",
    "geometry": {
       "type": "Point",
       "coordinates":  [ 121.5778936,25.0649816 ]
    },
    "properties": {
    "city":"台北市",
    "name":"7-11華經門市",
    "address":"114台北市內湖區行忠路30號"
    }
  },
  {
    "type": "Feature",
    "geometry": {
       "type": "Point",
       "coordinates":  [ 121.5535944,25.0274369 ]
    },
    "properties": {
    "city":"台北市",
    "name":"7-11華電門市",
    "address":"106台北市大安區通化街177號"
    }
  },
  {
    "type": "Feature",
    "geometry": {
       "type": "Point",
       "coordinates":  [ 121.5085925,25.0412534 ]
    },
    "properties": {
    "city":"台北市",
    "name":"7-11華慶門市",
    "address":"100台北市中正區中華路一段59之16號"
    }
  },
  {
    "type": "Feature",
    "geometry": {
       "type": "Point",
       "coordinates":  [ 121.5498789,24.9874227 ]
    },
    "properties": {
    "city":"台北市",
    "name":"7-11華興門市",
    "address":"116台北市文山區木柵路一段168.170號"
    }
  },
  {
    "type": "Feature",
    "geometry": {
       "type": "Point",
       "coordinates":  [ 121.4916547,25.0331675 ]
    },
    "properties": {
    "city":"台北市",
    "name":"7-11華雙門市",
    "address":"108台北市萬華區環河南路二段252號"
    }
  },
  {
    "type": "Feature",
    "geometry": {
       "type": "Point",
       "coordinates":  [ 121.5195298,25.083098 ]
    },
    "properties": {
    "city":"台北市",
    "name":"7-11華齡門市",
    "address":"111台北市士林區華齡街20號"
    }
  },
  {
    "type": "Feature",
    "geometry": {
       "type": "Point",
       "coordinates":  [ 121.5794416,25.038253 ]
    },
    "properties": {
    "city":"台北市",
    "name":"7-11萊福門市",
    "address":"110台北市信義區林口街48號"
    }
  },
  {
    "type": "Feature",
    "geometry": {
       "type": "Point",
       "coordinates":  [ 121.5099988,25.0544789 ]
    },
    "properties": {
    "city":"台北市",
    "name":"7-11詠樂門市",
    "address":"103台北市大同區永樂里迪化街一段32巷2號"
    }
  },
  {
    "type": "Feature",
    "geometry": {
       "type": "Point",
       "coordinates":  [ 121.581495,25.0364868 ]
    },
    "properties": {
    "city":"台北市",
    "name":"7-11開源門市",
    "address":"110台北市信義區松山路136.138號"
    }
  },
  {
    "type": "Feature",
    "geometry": {
       "type": "Point",
       "coordinates":  [ 121.5072121,25.0478445 ]
    },
    "properties": {
    "city":"台北市",
    "name":"7-11開寧門市",
    "address":"108台北市萬華區西寧南路16號"
    }
  },
  {
    "type": "Feature",
    "geometry": {
       "type": "Point",
       "coordinates":  [ 121.5142426,25.0458606 ]
    },
    "properties": {
    "city":"台北市",
    "name":"7-11開懷門市",
    "address":"100台北市中正區開封街一段25號"
    }
  },
  {
    "type": "Feature",
    "geometry": {
       "type": "Point",
       "coordinates":  [ 121.556475,25.0281578 ]
    },
    "properties": {
    "city":"台北市",
    "name":"7-11隆昌門市",
    "address":"106台北市大安區基隆路二段142-2號"
    }
  },
  {
    "type": "Feature",
    "geometry": {
       "type": "Point",
       "coordinates":  [ 121.5890723,25.0490324 ]
    },
    "properties": {
    "city":"台北市",
    "name":"7-11雄強門市",
    "address":"115台北市南港區忠孝東路六段276號"
    }
  },
  {
    "type": "Feature",
    "geometry": {
       "type": "Point",
       "coordinates":  [ 121.5031076,25.0895523 ]
    },
    "properties": {
    "city":"台北市",
    "name":"7-11集鑫門市",
    "address":"111台北市士林區延平北路6段202.204號"
    }
  },
  {
    "type": "Feature",
    "geometry": {
       "type": "Point",
       "coordinates":  [ 121.576338,25.0726622 ]
    },
    "properties": {
    "city":"台北市",
    "name":"7-11匯陽門市",
    "address":"114台北市內湖區陽光街383號"
    }
  },
  {
    "type": "Feature",
    "geometry": {
       "type": "Point",
       "coordinates":  [ 121.4950359,25.0313687 ]
    },
    "properties": {
    "city":"台北市",
    "name":"7-11園舺門市",
    "address":"108台北市萬華區西園路二段140巷52號"
    }
  },
  {
    "type": "Feature",
    "geometry": {
       "type": "Point",
       "coordinates":  [ 121.5299174,25.0515541 ]
    },
    "properties": {
    "city":"台北市",
    "name":"7-11圓武門市",
    "address":"104台北市中山區吉林路28號"
    }
  },
  {
    "type": "Feature",
    "geometry": {
       "type": "Point",
       "coordinates":  [ 121.5149174,25.054354 ]
    },
    "properties": {
    "city":"台北市",
    "name":"7-11圓慶門市",
    "address":"103台北市大同區南京西路127號"
    }
  },
  {
    "type": "Feature",
    "geometry": {
       "type": "Point",
       "coordinates":  [ 121.5102987,25.051903 ]
    },
    "properties": {
    "city":"台北市",
    "name":"7-11塔城門市",
    "address":"103台北市大同區長安西路342號"
    }
  },
  {
    "type": "Feature",
    "geometry": {
       "type": "Point",
       "coordinates":  [ 121.5677677,25.0597015 ]
    },
    "properties": {
    "city":"台北市",
    "name":"7-11塔優門市",
    "address":"105台北市松山區新東街30巷44號"
    }
  },
  {
    "type": "Feature",
    "geometry": {
       "type": "Point",
       "coordinates":  [ 121.6009048,25.0571308 ]
    },
    "properties": {
    "city":"台北市",
    "name":"7-11慈愛門市",
    "address":"115台北市南港區重陽路164號"
    }
  },
  {
    "type": "Feature",
    "geometry": {
       "type": "Point",
       "coordinates":  [ 121.5679602,25.0266499 ]
    },
    "properties": {
    "city":"台北市",
    "name":"7-11敬仁門市",
    "address":"110台北市信義區莊敬路470號"
    }
  },
  {
    "type": "Feature",
    "geometry": {
       "type": "Point",
       "coordinates":  [ 121.5576821,25.0796232 ]
    },
    "properties": {
    "city":"台北市",
    "name":"7-11敬群門市",
    "address":"104台北市中山區樂群2路142號"
    }
  },
  {
    "type": "Feature",
    "geometry": {
       "type": "Point",
       "coordinates":  [ 121.5632201,25.0404851 ]
    },
    "properties": {
    "city":"台北市",
    "name":"7-11新三連門市",
    "address":"110台北市信義區逸仙路42巷27號"
    }
  },
  {
    "type": "Feature",
    "geometry": {
       "type": "Point",
       "coordinates":  [ 121.5258146,25.0908449 ]
    },
    "properties": {
    "city":"台北市",
    "name":"7-11新士林門市",
    "address":"111台北市士林區大東路82號"
    }
  },
  {
    "type": "Feature",
    "geometry": {
       "type": "Point",
       "coordinates":  [ 121.5465197,25.0826925 ]
    },
    "properties": {
    "city":"台北市",
    "name":"7-11新大直門市",
    "address":"104台北市中山區北安路621巷48號"
    }
  },
  {
    "type": "Feature",
    "geometry": {
       "type": "Point",
       "coordinates":  [ 121.5384504,25.1356678 ]
    },
    "properties": {
    "city":"台北市",
    "name":"7-11新大學門市",
    "address":"111台北市士林區華岡路55號2樓"
    }
  },
  {
    "type": "Feature",
    "geometry": {
       "type": "Point",
       "coordinates":  [ 121.5717404,25.0402483 ]
    },
    "properties": {
    "city":"台北市",
    "name":"7-11新工農門市",
    "address":"110台北市信義區忠孝東路5段236巷6-3.8號1樓"
    }
  },
  {
    "type": "Feature",
    "geometry": {
       "type": "Point",
       "coordinates":  [ 121.5241966,25.1087566 ]
    },
    "properties": {
    "city":"台北市",
    "name":"7-11新天強門市",
    "address":"111台北市士林區克強路13之1號"
    }
  },
  {
    "type": "Feature",
    "geometry": {
       "type": "Point",
       "coordinates":  [ 121.5213564,25.0961221 ]
    },
    "properties": {
    "city":"台北市",
    "name":"7-11新文門市",
    "address":"112台北市士林區文昌路64號"
    }
  },
  {
    "type": "Feature",
    "geometry": {
       "type": "Point",
       "coordinates":  [ 121.5602328,24.9887307 ]
    },
    "properties": {
    "city":"台北市",
    "name":"7-11新安康門市",
    "address":"116台北市文山區木柵路二段88.90號1樓"
    }
  },
  {
    "type": "Feature",
    "geometry": {
       "type": "Point",
       "coordinates":  [ 121.5373636,25.0581162 ]
    },
    "properties": {
    "city":"台北市",
    "name":"7-11新西華門市",
    "address":"104台北市中山區民生東路3段31號"
    }
  },
  {
    "type": "Feature",
    "geometry": {
       "type": "Point",
       "coordinates":  [ 121.5741482,24.9915347 ]
    },
    "properties": {
    "city":"台北市",
    "name":"7-11新秀門市",
    "address":"116台北市文山區秀明路二段6號"
    }
  },
  {
    "type": "Feature",
    "geometry": {
       "type": "Point",
       "coordinates":  [ 121.5268921,25.1040728 ]
    },
    "properties": {
    "city":"台北市",
    "name":"7-11新忠誠門市",
    "address":"111台北市士林區忠誠路一段23號"
    }
  },
  {
    "type": "Feature",
    "geometry": {
       "type": "Point",
       "coordinates":  [ 121.5220109,25.0804122 ]
    },
    "properties": {
    "city":"台北市",
    "name":"7-11新承德門市",
    "address":"111台北市士林區承德路4段30號"
    }
  },
  {
    "type": "Feature",
    "geometry": {
       "type": "Point",
       "coordinates":  [ 121.5457506,25.0934457 ]
    },
    "properties": {
    "city":"台北市",
    "name":"7-11新東吳門市",
    "address":"111台北市士林區臨溪路70號"
    }
  },
  {
    "type": "Feature",
    "geometry": {
       "type": "Point",
       "coordinates":  [ 121.5494477,25.0288504 ]
    },
    "properties": {
    "city":"台北市",
    "name":"7-11新東帝門市",
    "address":"106台北市大安區敦化南路2段97號"
    }
  },
  {
    "type": "Feature",
    "geometry": {
       "type": "Point",
       "coordinates":  [ 121.5780278,25.0397681 ]
    },
    "properties": {
    "city":"台北市",
    "name":"7-11新東宮門市",
    "address":"110台北市信義區松山路455號"
    }
  },
  {
    "type": "Feature",
    "geometry": {
       "type": "Point",
       "coordinates":  [ 121.5325051,25.0369226 ]
    },
    "properties": {
    "city":"台北市",
    "name":"7-11新南門市",
    "address":"100台北市中正區新生南路1段130號"
    }
  },
  {
    "type": "Feature",
    "geometry": {
       "type": "Point",
       "coordinates":  [ 121.5038836,25.0443324 ]
    },
    "properties": {
    "city":"台北市",
    "name":"7-11新峨嵋門市",
    "address":"108台北市萬華區峨嵋街111之2號之3號"
    }
  },
  {
    "type": "Feature",
    "geometry": {
       "type": "Point",
       "coordinates":  [ 121.512841,25.0424069 ]
    },
    "properties": {
    "city":"台北市",
    "name":"7-11新格蘭門市",
    "address":"100台北市中正區衡陽路27號"
    }
  },
  {
    "type": "Feature",
    "geometry": {
       "type": "Point",
       "coordinates":  [ 121.5315445,25.025062 ]
    },
    "properties": {
    "city":"台北市",
    "name":"7-11新泰順門市",
    "address":"106台北市大安區泰順街13號"
    }
  },
  {
    "type": "Feature",
    "geometry": {
       "type": "Point",
       "coordinates":  [ 121.5044246,25.0403173 ]
    },
    "properties": {
    "city":"台北市",
    "name":"7-11新起門市",
    "address":"100台北市萬華區新起里長沙街二段104號"
    }
  },
  {
    "type": "Feature",
    "geometry": {
       "type": "Point",
       "coordinates":  [ 121.5569641,25.0425268 ]
    },
    "properties": {
    "city":"台北市",
    "name":"7-11新國聯門市",
    "address":"106台北市大安區光復南路180巷12號"
    }
  },
  {
    "type": "Feature",
    "geometry": {
       "type": "Point",
       "coordinates":  [ 121.5226696,25.0365205 ]
    },
    "properties": {
    "city":"台北市",
    "name":"7-11新紹南門市",
    "address":"100台北市中正區信義路一段13-1號"
    }
  },
  {
    "type": "Feature",
    "geometry": {
       "type": "Point",
       "coordinates":  [ 121.5526449,25.0480759 ]
    },
    "properties": {
    "city":"台北市",
    "name":"7-11新復勢門市",
    "address":"105台北市松山區八德路三段200.202號1樓"
    }
  },
  {
    "type": "Feature",
    "geometry": {
       "type": "Point",
       "coordinates":  [ 121.5241357,25.0650694 ]
    },
    "properties": {
    "city":"台北市",
    "name":"7-11新晴光門市",
    "address":"104台北市中山區農安街21號"
    }
  },
  {
    "type": "Feature",
    "geometry": {
       "type": "Point",
       "coordinates":  [ 121.5595052,24.9814114 ]
    },
    "properties": {
    "city":"台北市",
    "name":"7-11新景美門市",
    "address":"116台北市文山區木新路三段179.181號"
    }
  },
  {
    "type": "Feature",
    "geometry": {
       "type": "Point",
       "coordinates":  [ 121.530198,25.0342885 ]
    },
    "properties": {
    "city":"台北市",
    "name":"7-11新雲門市",
    "address":"100台北市中正區三愛里連雲街81號"
    }
  },
  {
    "type": "Feature",
    "geometry": {
       "type": "Point",
       "coordinates":  [ 121.5174266,25.024468 ]
    },
    "properties": {
    "city":"台北市",
    "name":"7-11新廈門門市",
    "address":"106台北市中正區廈門街42.46號"
    }
  },
  {
    "type": "Feature",
    "geometry": {
       "type": "Point",
       "coordinates":  [ 121.5076277,25.0344686 ]
    },
    "properties": {
    "city":"台北市",
    "name":"7-11新愛國門市",
    "address":"100台北市中正區延平南路177號"
    }
  },
  {
    "type": "Feature",
    "geometry": {
       "type": "Point",
       "coordinates":  [ 121.5391642,25.00657 ]
    },
    "properties": {
    "city":"台北市",
    "name":"7-11新萬盛門市",
    "address":"116台北市文山區萬盛里羅斯福路5段59號"
    }
  },
  {
    "type": "Feature",
    "geometry": {
       "type": "Point",
       "coordinates":  [ 121.5410774,24.9942003 ]
    },
    "properties": {
    "city":"台北市",
    "name":"7-11新萬隆門市",
    "address":"116台北市文山區羅斯福路六段20.22號"
    }
  },
  {
    "type": "Feature",
    "geometry": {
       "type": "Point",
       "coordinates":  [ 121.5058077,25.0424319 ]
    },
    "properties": {
    "city":"台北市",
    "name":"7-11新寧南門市",
    "address":"108台北市萬華區西寧南路80號"
    }
  },
  {
    "type": "Feature",
    "geometry": {
       "type": "Point",
       "coordinates":  [ 121.587865,25.0414246 ]
    },
    "properties": {
    "city":"台北市",
    "name":"7-11新福玉門市",
    "address":"115台北市南港區成福路145.147號"
    }
  },
  {
    "type": "Feature",
    "geometry": {
       "type": "Point",
       "coordinates":  [ 121.5326538,25.0969674 ]
    },
    "properties": {
    "city":"台北市",
    "name":"7-11新福林門市",
    "address":"112台北市士林區福林路191號"
    }
  },
  {
    "type": "Feature",
    "geometry": {
       "type": "Point",
       "coordinates":  [ 121.5249038,25.086334 ]
    },
    "properties": {
    "city":"台北市",
    "name":"7-11新福慶門市",
    "address":"111台北市士林區基河路1號1樓(部份)"
    }
  },
  {
    "type": "Feature",
    "geometry": {
       "type": "Point",
       "coordinates":  [ 121.5002568,25.0252818 ]
    },
    "properties": {
    "city":"台北市",
    "name":"7-11新艋舺門市",
    "address":"108台北市萬華區萬大路292號"
    }
  },
  {
    "type": "Feature",
    "geometry": {
       "type": "Point",
       "coordinates":  [ 121.5154742,25.1070962 ]
    },
    "properties": {
    "city":"台北市",
    "name":"7-11新豪美門市",
    "address":"112台北市北投區文林北路98.100號"
    }
  },
  {
    "type": "Feature",
    "geometry": {
       "type": "Point",
       "coordinates":  [ 121.5174649,25.0843402 ]
    },
    "properties": {
    "city":"台北市",
    "name":"7-11新劍潭門市",
    "address":"111台北市士林區福港街246號"
    }
  },
  {
    "type": "Feature",
    "geometry": {
       "type": "Point",
       "coordinates":  [ 121.5137356,25.0557787 ]
    },
    "properties": {
    "city":"台北市",
    "name":"7-11新慶陽門市",
    "address":"103台北市大同區重慶北路2段60號"
    }
  },
  {
    "type": "Feature",
    "geometry": {
       "type": "Point",
       "coordinates":  [ 121.5837217,25.0566653 ]
    },
    "properties": {
    "city":"台北市",
    "name":"7-11新潭美門市",
    "address":"114台北市內湖區新明路425.427號"
    }
  },
  {
    "type": "Feature",
    "geometry": {
       "type": "Point",
       "coordinates":  [ 121.5212868,25.0602702 ]
    },
    "properties": {
    "city":"台北市",
    "name":"7-11新錦祥門市",
    "address":"104台北市中山區錦西街16號"
    }
  },
  {
    "type": "Feature",
    "geometry": {
       "type": "Point",
       "coordinates":  [ 121.5264465,25.0219489 ]
    },
    "properties": {
    "city":"台北市",
    "name":"7-11新羅福門市",
    "address":"106台北市中正區羅斯福路3段82號"
    }
  },
  {
    "type": "Feature",
    "geometry": {
       "type": "Point",
       "coordinates":  [ 121.5363637,25.0510109 ]
    },
    "properties": {
    "city":"台北市",
    "name":"7-11新寶門市",
    "address":"104台北市中山區建國北路一段136號"
    }
  },
  {
    "type": "Feature",
    "geometry": {
       "type": "Point",
       "coordinates":  [ 121.5574266,25.0518277 ]
    },
    "properties": {
    "city":"台北市",
    "name":"7-11新寶清門市",
    "address":"105台北市松山區南京東路5段260號"
    }
  },
  {
    "type": "Feature",
    "geometry": {
       "type": "Point",
       "coordinates":  [ 121.5696185,25.0495167 ]
    },
    "properties": {
    "city":"台北市",
    "name":"7-11新饒河門市",
    "address":"105台北市松山區八德路四段687.687-1號1樓"
    }
  },
  {
    "type": "Feature",
    "geometry": {
       "type": "Point",
       "coordinates":  [ 121.530524,25.0187558 ]
    },
    "properties": {
    "city":"台北市",
    "name":"7-11溫州門市",
    "address":"106台北市大安區羅斯福路三段267號"
    }
  },
  {
    "type": "Feature",
    "geometry": {
       "type": "Point",
       "coordinates":  [ 121.5336791,25.0258991 ]
    },
    "properties": {
    "city":"台北市",
    "name":"7-11溫東門市",
    "address":"106台北市大安區和平東路一段266號"
    }
  },
  {
    "type": "Feature",
    "geometry": {
       "type": "Point",
       "coordinates":  [ 121.5220352,25.0286793 ]
    },
    "properties": {
    "city":"台北市",
    "name":"7-11瑞升門市",
    "address":"106台北市大安區杭州南路二段91號"
    }
  },
  {
    "type": "Feature",
    "geometry": {
       "type": "Point",
       "coordinates":  [ 121.5409663,25.0285858 ]
    },
    "properties": {
    "city":"台北市",
    "name":"7-11瑞安門市",
    "address":"106台北市大安區瑞安街182號"
    }
  },
  {
    "type": "Feature",
    "geometry": {
       "type": "Point",
       "coordinates":  [ 121.5789729,25.0762525 ]
    },
    "properties": {
    "city":"台北市",
    "name":"7-11瑞江門市",
    "address":"114台北市內湖區瑞陽里江南街71巷16弄76號"
    }
  },
  {
    "type": "Feature",
    "geometry": {
       "type": "Point",
       "coordinates":  [ 121.5730781,25.0769718 ]
    },
    "properties": {
    "city":"台北市",
    "name":"7-11瑞泰門市",
    "address":"114台北市內湖區瑞光路356號"
    }
  },
  {
    "type": "Feature",
    "geometry": {
       "type": "Point",
       "coordinates":  [ 121.5760209,25.0739576 ]
    },
    "properties": {
    "city":"台北市",
    "name":"7-11瑞富門市",
    "address":"114台北市內湖區瑞光路188巷51號1樓"
    }
  },
  {
    "type": "Feature",
    "geometry": {
       "type": "Point",
       "coordinates":  [ 121.5755446,25.0762475 ]
    },
    "properties": {
    "city":"台北市",
    "name":"7-11瑞湖門市",
    "address":"114台北市內湖區江南街128號"
    }
  },
  {
    "type": "Feature",
    "geometry": {
       "type": "Point",
       "coordinates":  [ 121.567801,25.0808548 ]
    },
    "properties": {
    "city":"台北市",
    "name":"7-11瑞寶門市",
    "address":"114台北市內湖區瑞光路583巷27號1樓"
    }
  },
  {
    "type": "Feature",
    "geometry": {
       "type": "Point",
       "coordinates":  [ 121.5664585,25.0800521 ]
    },
    "properties": {
    "city":"台北市",
    "name":"7-11瑞鑫門市",
    "address":"114台北市內湖區瑞光路580號"
    }
  },
  {
    "type": "Feature",
    "geometry": {
       "type": "Point",
       "coordinates":  [ 121.5006325,25.0254701 ]
    },
    "properties": {
    "city":"台北市",
    "name":"7-11萬大門市",
    "address":"108台北市萬華區萬大路275號"
    }
  },
  {
    "type": "Feature",
    "geometry": {
       "type": "Point",
       "coordinates":  [ 121.5042553,25.0311398 ]
    },
    "properties": {
    "city":"台北市",
    "name":"7-11萬光門市",
    "address":"100台北市中正區中華路二段157號"
    }
  },
  {
    "type": "Feature",
    "geometry": {
       "type": "Point",
       "coordinates":  [ 121.5003177,25.0280262 ]
    },
    "properties": {
    "city":"台北市",
    "name":"7-11萬和門市",
    "address":"108台北市萬華區萬大路184號"
    }
  },
  {
    "type": "Feature",
    "geometry": {
       "type": "Point",
       "coordinates":  [ 121.4944027,25.0261542 ]
    },
    "properties": {
    "city":"台北市",
    "name":"7-11萬忠門市",
    "address":"108台北市萬華區東園街28巷58號"
    }
  },
  {
    "type": "Feature",
    "geometry": {
       "type": "Point",
       "coordinates":  [ 121.4959257,25.0203937 ]
    },
    "properties": {
    "city":"台北市",
    "name":"7-11萬東門市",
    "address":"108台北市萬華區萬大路486巷59弄1號"
    }
  },
  {
    "type": "Feature",
    "geometry": {
       "type": "Point",
       "coordinates":  [ 121.5717645,25.0011206 ]
    },
    "properties": {
    "city":"台北市",
    "name":"7-11萬芳門市",
    "address":"116台北市文山區萬安街23.25號"
    }
  },
  {
    "type": "Feature",
    "geometry": {
       "type": "Point",
       "coordinates":  [ 121.5584967,25.0004801 ]
    },
    "properties": {
    "city":"台北市",
    "name":"7-11萬芳醫門市",
    "address":"116台北市文山區興隆路三段111號"
    }
  },
  {
    "type": "Feature",
    "geometry": {
       "type": "Point",
       "coordinates":  [ 121.4969186,25.0249679 ]
    },
    "properties": {
    "city":"台北市",
    "name":"7-11萬長門市",
    "address":"108台北市萬華區東園街172.174號"
    }
  },
  {
    "type": "Feature",
    "geometry": {
       "type": "Point",
       "coordinates":  [ 121.5672934,25.0019013 ]
    },
    "properties": {
    "city":"台北市",
    "name":"7-11萬美門市",
    "address":"116台北市文山區萬和街6號2樓之1"
    }
  },
  {
    "type": "Feature",
    "geometry": {
       "type": "Point",
       "coordinates":  [ 121.5174338,25.045556 ]
    },
    "properties": {
    "city":"台北市",
    "name":"7-11萬翔門市",
    "address":"100台北市中正區公園路13號"
    }
  },
  {
    "type": "Feature",
    "geometry": {
       "type": "Point",
       "coordinates":  [ 121.5003999,25.0310165 ]
    },
    "properties": {
    "city":"台北市",
    "name":"7-11萬華門市",
    "address":"108台北市萬華區萬大路64號莒光路251號"
    }
  },
  {
    "type": "Feature",
    "geometry": {
       "type": "Point",
       "coordinates":  [ 121.5003037,25.033263 ]
    },
    "properties": {
    "city":"台北市",
    "name":"7-11萬華站門市",
    "address":"108台北市萬華區康定路382號"
    }
  },
  {
    "type": "Feature",
    "geometry": {
       "type": "Point",
       "coordinates":  [ 121.5410774,24.9942003 ]
    },
    "properties": {
    "city":"台北市",
    "name":"7-11萬瑞門市",
    "address":"116台北市文山區羅斯福路6段29.31號"
    }
  },
  {
    "type": "Feature",
    "geometry": {
       "type": "Point",
       "coordinates":  [ 121.499986,25.0355265 ]
    },
    "properties": {
    "city":"台北市",
    "name":"7-11萬運門市",
    "address":"108台北市萬華區西園路一段153號B1(捷運龍山寺站B1)"
    }
  },
  {
    "type": "Feature",
    "geometry": {
       "type": "Point",
       "coordinates":  [ 121.5366918,25.0046055 ]
    },
    "properties": {
    "city":"台北市",
    "name":"7-11萬福門市",
    "address":"116台北市文山區萬年里羅斯福路5段170巷33及35號"
    }
  },
  {
    "type": "Feature",
    "geometry": {
       "type": "Point",
       "coordinates":  [ 121.6141787,25.0587008 ]
    },
    "properties": {
    "city":"台北市",
    "name":"7-11經貿門市",
    "address":"115台北市南港區三重路一段19號1樓"
    }
  },
  {
    "type": "Feature",
    "geometry": {
       "type": "Point",
       "coordinates":  [ 121.5417504,25.0331598 ]
    },
    "properties": {
    "city":"台北市",
    "name":"7-11義安門市",
    "address":"106台北市大安區信義路三段166號"
    }
  },
  {
    "type": "Feature",
    "geometry": {
       "type": "Point",
       "coordinates":  [ 121.5383459,25.0414659 ]
    },
    "properties": {
    "city":"台北市",
    "name":"7-11義村門市",
    "address":"106台北市大安區忠孝東路三段160號"
    }
  },
  {
    "type": "Feature",
    "geometry": {
       "type": "Point",
       "coordinates":  [ 121.5100682,25.0841621 ]
    },
    "properties": {
    "city":"台北市",
    "name":"7-11葫東門市",
    "address":"111台北市士林區延平北路五段222號"
    }
  },
  {
    "type": "Feature",
    "geometry": {
       "type": "Point",
       "coordinates":  [ 121.5682525,24.9889175 ]
    },
    "properties": {
    "city":"台北市",
    "name":"7-11試院門市",
    "address":"116台北市文山區木柵路1段139號."
    }
  },
  {
    "type": "Feature",
    "geometry": {
       "type": "Point",
       "coordinates":  [ 121.5682525,24.9889175 ]
    },
    "properties": {
    "city":"台北市",
    "name":"7-11試院門市",
    "address":"116台北市文山區木柵路1段139號."
    }
  },
  {
    "type": "Feature",
    "geometry": {
       "type": "Point",
       "coordinates":  [ 121.5287424,25.1057789 ]
    },
    "properties": {
    "city":"台北市",
    "name":"7-11誠義門市",
    "address":"111台北市士林區忠誠路一段126號"
    }
  },
  {
    "type": "Feature",
    "geometry": {
       "type": "Point",
       "coordinates":  [ 121.5264024,25.0648078 ]
    },
    "properties": {
    "city":"台北市",
    "name":"7-11農安門市",
    "address":"104台北市中山區農安街28-2號"
    }
  },
  {
    "type": "Feature",
    "geometry": {
       "type": "Point",
       "coordinates":  [ 121.5198716,25.0421407 ]
    },
    "properties": {
    "city":"台北市",
    "name":"7-11運通門市",
    "address":"100台北市中正區忠孝西路1段49號U1"
    }
  },
  {
    "type": "Feature",
    "geometry": {
       "type": "Point",
       "coordinates":  [ 121.5665771,25.0473586 ]
    },
    "properties": {
    "city":"台北市",
    "name":"7-11道生門市",
    "address":"110台北市信義區新仁里東興路57號"
    }
  },
  {
    "type": "Feature",
    "geometry": {
       "type": "Point",
       "coordinates":  [ 121.5867075,25.0811641 ]
    },
    "properties": {
    "city":"台北市",
    "name":"7-11達人門市",
    "address":"114台北市內湖區內湖路2段249.251號"
    }
  },
  {
    "type": "Feature",
    "geometry": {
       "type": "Point",
       "coordinates":  [ 121.5514928,25.0334156 ]
    },
    "properties": {
    "city":"台北市",
    "name":"7-11僑信門市",
    "address":"106台北市大安區信義路四段197號"
    }
  },
  {
    "type": "Feature",
    "geometry": {
       "type": "Point",
       "coordinates":  [ 121.5752084,25.0341531 ]
    },
    "properties": {
    "city":"台北市",
    "name":"7-11嘉馥門市",
    "address":"110台北市信義區信義路6段11號"
    }
  },
  {
    "type": "Feature",
    "geometry": {
       "type": "Point",
       "coordinates":  [ 121.5187578,25.0315219 ]
    },
    "properties": {
    "city":"台北市",
    "name":"7-11寧波門市",
    "address":"100台北市中正區寧波西街3號"
    }
  },
  {
    "type": "Feature",
    "geometry": {
       "type": "Point",
       "coordinates":  [ 121.546091,25.0837391 ]
    },
    "properties": {
    "city":"台北市",
    "name":"7-11實踐大學門市",
    "address":"105台北市中山區大直街70號1樓"
    }
  },
  {
    "type": "Feature",
    "geometry": {
       "type": "Point",
       "coordinates":  [ 121.540876,25.066902 ]
    },
    "properties": {
    "city":"台北市",
    "name":"7-11榮金門市",
    "address":"104台北市中山區龍江路384巷1號"
    }
  },
  {
    "type": "Feature",
    "geometry": {
       "type": "Point",
       "coordinates":  [ 121.5407952,25.0649066 ]
    },
    "properties": {
    "city":"台北市",
    "name":"7-11榮星門市",
    "address":"104台北市中山區龍江路322號"
    }
  },
  {
    "type": "Feature",
    "geometry": {
       "type": "Point",
       "coordinates":  [ 121.522721,25.121419 ]
    },
    "properties": {
    "city":"台北市",
    "name":"7-11榮總門市",
    "address":"111台北市士林區石牌路2段301號"
    }
  },
  {
    "type": "Feature",
    "geometry": {
       "type": "Point",
       "coordinates":  [ 121.536918,25.0656621 ]
    },
    "properties": {
    "city":"台北市",
    "name":"7-11榮鑫門市",
    "address":"104台北市中山區建國北路三段91號"
    }
  },
  {
    "type": "Feature",
    "geometry": {
       "type": "Point",
       "coordinates":  [ 121.5124791,25.0450729 ]
    },
    "properties": {
    "city":"台北市",
    "name":"7-11漢竹門市",
    "address":"100台北市中正區漢口街一段70號"
    }
  },
  {
    "type": "Feature",
    "geometry": {
       "type": "Point",
       "coordinates":  [ 121.5440468,24.9927781 ]
    },
    "properties": {
    "city":"台北市",
    "name":"7-11漢神門市",
    "address":"116台北市文山區景中街45號1樓"
    }
  },
  {
    "type": "Feature",
    "geometry": {
       "type": "Point",
       "coordinates":  [ 121.5043204,25.0398767 ]
    },
    "properties": {
    "city":"台北市",
    "name":"7-11漢陽門市",
    "address":"108台北市萬華區昆明街173號1F"
    }
  },
  {
    "type": "Feature",
    "geometry": {
       "type": "Point",
       "coordinates":  [ 121.506258,25.0451129 ]
    },
    "properties": {
    "city":"台北市",
    "name":"7-11漢寧門市",
    "address":"108台北市萬華區西寧南路85號"
    }
  },
  {
    "type": "Feature",
    "geometry": {
       "type": "Point",
       "coordinates":  [ 121.5410774,24.9942003 ]
    },
    "properties": {
    "city":"台北市",
    "name":"7-11滬江門市",
    "address":"116台北市文山區羅斯福路六段308.310號"
    }
  },
  {
    "type": "Feature",
    "geometry": {
       "type": "Point",
       "coordinates":  [ 121.5922522,25.0862082 ]
    },
    "properties": {
    "city":"台北市",
    "name":"7-11碧綠門市",
    "address":"114台北市內湖區內湖路三段60巷1弄2-1號1F"
    }
  },
  {
    "type": "Feature",
    "geometry": {
       "type": "Point",
       "coordinates":  [ 121.5842154,25.0382309 ]
    },
    "properties": {
    "city":"台北市",
    "name":"7-11福中門市",
    "address":"110台北市信義區福德街189號"
    }
  },
  {
    "type": "Feature",
    "geometry": {
       "type": "Point",
       "coordinates":  [ 121.5168,25.03194 ]
    },
    "properties": {
    "city":"台北市",
    "name":"7-11福州門市",
    "address":"100台北市中正區南昌路1段135號"
    }
  },
  {
    "type": "Feature",
    "geometry": {
       "type": "Point",
       "coordinates":  [ 121.5322614,25.0985279 ]
    },
    "properties": {
    "city":"台北市",
    "name":"7-11福志門市",
    "address":"112台北市士林區雨農路25號"
    }
  },
  {
    "type": "Feature",
    "geometry": {
       "type": "Point",
       "coordinates":  [ 121.5223474,25.1021298 ]
    },
    "properties": {
    "city":"台北市",
    "name":"7-11福芝門市",
    "address":"112台北市士林區福國路94號"
    }
  },
  {
    "type": "Feature",
    "geometry": {
       "type": "Point",
       "coordinates":  [ 121.5134879,25.1121475 ]
    },
    "properties": {
    "city":"台北市",
    "name":"7-11福致門市",
    "address":"112台北市北投區致遠一路二段55號"
    }
  },
  {
    "type": "Feature",
    "geometry": {
       "type": "Point",
       "coordinates":  [ 121.5070974,25.0896934 ]
    },
    "properties": {
    "city":"台北市",
    "name":"7-11福氣門市",
    "address":"111台北市士林區延平北路6段148號"
    }
  },
  {
    "type": "Feature",
    "geometry": {
       "type": "Point",
       "coordinates":  [ 121.525911,25.094736 ]
    },
    "properties": {
    "city":"台北市",
    "name":"7-11福捷門市",
    "address":"111台北市士林區中正路235巷14號"
    }
  },
  {
    "type": "Feature",
    "geometry": {
       "type": "Point",
       "coordinates":  [ 121.5157448,25.0894602 ]
    },
    "properties": {
    "city":"台北市",
    "name":"7-11福通門市",
    "address":"111台北市士林區大南路396號"
    }
  },
  {
    "type": "Feature",
    "geometry": {
       "type": "Point",
       "coordinates":  [ 121.5713506,25.0825141 ]
    },
    "properties": {
    "city":"台北市",
    "name":"7-11福湖門市",
    "address":"114台北市內湖區內湖路一段411巷19弄1號"
    }
  },
  {
    "type": "Feature",
    "geometry": {
       "type": "Point",
       "coordinates":  [ 121.5096698,25.0848851 ]
    },
    "properties": {
    "city":"台北市",
    "name":"7-11福陽門市",
    "address":"111台北市士林區延平北路五段259號"
    }
  },
  {
    "type": "Feature",
    "geometry": {
       "type": "Point",
       "coordinates":  [ 121.5121964,25.0824194 ]
    },
    "properties": {
    "city":"台北市",
    "name":"7-11福順門市",
    "address":"111台北市士林區福順里重慶北路四段117號"
    }
  },
  {
    "type": "Feature",
    "geometry": {
       "type": "Point",
       "coordinates":  [ 121.5212771,25.1041265 ]
    },
    "properties": {
    "city":"台北市",
    "name":"7-11福溢門市",
    "address":"111台北市士林區德行西路96號"
    }
  },
  {
    "type": "Feature",
    "geometry": {
       "type": "Point",
       "coordinates":  [ 121.5662204,25.0617565 ]
    },
    "properties": {
    "city":"台北市",
    "name":"7-11福源門市",
    "address":"105台北市松山區撫遠街306號"
    }
  },
  {
    "type": "Feature",
    "geometry": {
       "type": "Point",
       "coordinates":  [ 121.5180051,25.0919088 ]
    },
    "properties": {
    "city":"台北市",
    "name":"7-11福榮門市",
    "address":"112台北市士林區中正路220.222號"
    }
  },
  {
    "type": "Feature",
    "geometry": {
       "type": "Point",
       "coordinates":  [ 121.522535,25.0947283 ]
    },
    "properties": {
    "city":"台北市",
    "name":"7-11福鑫門市",
    "address":"112台北市士林區中正路324號"
    }
  },
  {
    "type": "Feature",
    "geometry": {
       "type": "Point",
       "coordinates":  [ 121.5261755,25.0952567 ]
    },
    "properties": {
    "city":"台北市",
    "name":"7-11福讚門市",
    "address":"111台北市士林區中正路227號"
    }
  },
  {
    "type": "Feature",
    "geometry": {
       "type": "Point",
       "coordinates":  [ 121.5013058,25.0906963 ]
    },
    "properties": {
    "city":"台北市",
    "name":"7-11聚鑫門市",
    "address":"111台北市士林區延平北路六段350號"
    }
  },
  {
    "type": "Feature",
    "geometry": {
       "type": "Point",
       "coordinates":  [ 121.5527165,25.0381139 ]
    },
    "properties": {
    "city":"台北市",
    "name":"7-11鳳翔門市",
    "address":"106台北市大安區忠孝東路4段216巷68號"
    }
  },
  {
    "type": "Feature",
    "geometry": {
       "type": "Point",
       "coordinates":  [ 121.5759773,25.0800055 ]
    },
    "properties": {
    "city":"台北市",
    "name":"7-11墘都門市",
    "address":"114台北市內湖區內湖路一段669號"
    }
  },
  {
    "type": "Feature",
    "geometry": {
       "type": "Point",
       "coordinates":  [ 121.5198716,25.0421407 ]
    },
    "properties": {
    "city":"台北市",
    "name":"7-11億翔門市",
    "address":"100台北市中正區忠孝西路1段32號"
    }
  },
  {
    "type": "Feature",
    "geometry": {
       "type": "Point",
       "coordinates":  [ 121.5250443,25.0846101 ]
    },
    "properties": {
    "city":"台北市",
    "name":"7-11劍潭站門市",
    "address":"111台北市士林區中山北路五段65號1樓"
    }
  },
  {
    "type": "Feature",
    "geometry": {
       "type": "Point",
       "coordinates":  [ 121.503429,25.036475 ]
    },
    "properties": {
    "city":"台北市",
    "name":"7-11廣明門市",
    "address":"108台北市萬華區福音里昆明街304號"
    }
  },
  {
    "type": "Feature",
    "geometry": {
       "type": "Point",
       "coordinates":  [ 121.5643725,25.0505353 ]
    },
    "properties": {
    "city":"台北市",
    "name":"7-11影城門市",
    "address":"105台北市松山區八德路四段245巷35號"
    }
  },
  {
    "type": "Feature",
    "geometry": {
       "type": "Point",
       "coordinates":  [ 121.5229563,25.1052577 ]
    },
    "properties": {
    "city":"台北市",
    "name":"7-11德天門市",
    "address":"111台北市士林區德行西路52號1樓"
    }
  },
  {
    "type": "Feature",
    "geometry": {
       "type": "Point",
       "coordinates":  [ 121.5909557,25.0824162 ]
    },
    "properties": {
    "city":"台北市",
    "name":"7-11德成門市",
    "address":"114台北市內湖區內湖路2段366號"
    }
  },
  {
    "type": "Feature",
    "geometry": {
       "type": "Point",
       "coordinates":  [ 121.5306142,25.1087682 ]
    },
    "properties": {
    "city":"台北市",
    "name":"7-11德行門市",
    "address":"112台北市士林區忠誠路二段5號"
    }
  },
  {
    "type": "Feature",
    "geometry": {
       "type": "Point",
       "coordinates":  [ 121.5357928,25.1099374 ]
    },
    "properties": {
    "city":"台北市",
    "name":"7-11德東門市",
    "address":"112台北市士林區德行東路282號"
    }
  },
  {
    "type": "Feature",
    "geometry": {
       "type": "Point",
       "coordinates":  [ 121.5375027,25.1102218 ]
    },
    "properties": {
    "city":"台北市",
    "name":"7-11德芝門市",
    "address":"112台北市士林區德行東路330號"
    }
  },
  {
    "type": "Feature",
    "geometry": {
       "type": "Point",
       "coordinates":  [ 121.52099,25.1109899 ]
    },
    "properties": {
    "city":"台北市",
    "name":"7-11德致門市",
    "address":"112台北市北投區明德路33.35號"
    }
  },
  {
    "type": "Feature",
    "geometry": {
       "type": "Point",
       "coordinates":  [ 121.5182929,25.0718407 ]
    },
    "properties": {
    "city":"台北市",
    "name":"7-11德倫門市",
    "address":"103台北市大同區庫倫街48-4.5號"
    }
  },
  {
    "type": "Feature",
    "geometry": {
       "type": "Point",
       "coordinates":  [ 121.5224165,25.1007284 ]
    },
    "properties": {
    "city":"台北市",
    "name":"7-11德華門市",
    "address":"111台北市士林區文林路663號"
    }
  },
  {
    "type": "Feature",
    "geometry": {
       "type": "Point",
       "coordinates":  [ 121.5917599,25.0822346 ]
    },
    "properties": {
    "city":"台北市",
    "name":"7-11德福門市",
    "address":"114台北市內湖區成功路4段30巷27.29.31號"
    }
  },
  {
    "type": "Feature",
    "geometry": {
       "type": "Point",
       "coordinates":  [ 121.5747106,25.0364192 ]
    },
    "properties": {
    "city":"台北市",
    "name":"7-11德鄰門市",
    "address":"110台北市信義區安康里松德路129.131號"
    }
  },
  {
    "type": "Feature",
    "geometry": {
       "type": "Point",
       "coordinates":  [ 121.5733385,25.0789919 ]
    },
    "properties": {
    "city":"台北市",
    "name":"7-11德馨門市",
    "address":"114台北市內湖區洲子街46號"
    }
  },
  {
    "type": "Feature",
    "geometry": {
       "type": "Point",
       "coordinates":  [ 121.513916,25.065814 ]
    },
    "properties": {
    "city":"台北市",
    "name":"7-11慶吉門市",
    "address":"103台北市大同區蓬萊里重慶北路三段53-1號"
    }
  },
  {
    "type": "Feature",
    "geometry": {
       "type": "Point",
       "coordinates":  [ 121.5225593,25.0648532 ]
    },
    "properties": {
    "city":"台北市",
    "name":"7-11撫順門市",
    "address":"104台北市中山區中山北路三段23-6號"
    }
  },
  {
    "type": "Feature",
    "geometry": {
       "type": "Point",
       "coordinates":  [ 121.5517228,25.0211357 ]
    },
    "properties": {
    "city":"台北市",
    "name":"7-11樂安門市",
    "address":"106台北市大安區樂業街71.73號"
    }
  },
  {
    "type": "Feature",
    "geometry": {
       "type": "Point",
       "coordinates":  [ 121.5518767,25.025794 ]
    },
    "properties": {
    "city":"台北市",
    "name":"7-11樂利門市",
    "address":"106台北市大安區樂利路74號"
    }
  },
  {
    "type": "Feature",
    "geometry": {
       "type": "Point",
       "coordinates":  [ 121.5515522,25.0270329 ]
    },
    "properties": {
    "city":"台北市",
    "name":"7-11樂和門市",
    "address":"106台北市大安區樂利路29.29-1號"
    }
  },
  {
    "type": "Feature",
    "geometry": {
       "type": "Point",
       "coordinates":  [ 121.5442703,25.0500341 ]
    },
    "properties": {
    "city":"台北市",
    "name":"7-11樂得門市",
    "address":"105台北市松山區復興北路35號"
    }
  },
  {
    "type": "Feature",
    "geometry": {
       "type": "Point",
       "coordinates":  [ 121.5499815,25.0227588 ]
    },
    "properties": {
    "city":"台北市",
    "name":"7-11樂隆門市",
    "address":"106台北市大安區虎嘯里樂業街43號"
    }
  },
  {
    "type": "Feature",
    "geometry": {
       "type": "Point",
       "coordinates":  [ 121.5428431,25.0471378 ]
    },
    "properties": {
    "city":"台北市",
    "name":"7-11潤泰門市",
    "address":"104台北市中山區八德路二段314號"
    }
  },
  {
    "type": "Feature",
    "geometry": {
       "type": "Point",
       "coordinates":  [ 121.5281078,25.0649652 ]
    },
    "properties": {
    "city":"台北市",
    "name":"7-11稻江門市",
    "address":"104台北市中山區新生北路3段35號"
    }
  },
  {
    "type": "Feature",
    "geometry": {
       "type": "Point",
       "coordinates":  [ 121.5087982,25.0532847 ]
    },
    "properties": {
    "city":"台北市",
    "name":"7-11稻埕門市",
    "address":"103台北市大同區南京西路436號1F"
    }
  },
  {
    "type": "Feature",
    "geometry": {
       "type": "Point",
       "coordinates":  [ 121.5158208,25.0490733 ]
    },
    "properties": {
    "city":"台北市",
    "name":"7-11鄭州門市",
    "address":"103台北市大同區鄭州路3-2號"
    }
  },
  {
    "type": "Feature",
    "geometry": {
       "type": "Point",
       "coordinates":  [ 121.5509057,25.0180264 ]
    },
    "properties": {
    "city":"台北市",
    "name":"7-11黎元門市",
    "address":"106台北市大安區臥龍街188巷1號"
    }
  },
  {
    "type": "Feature",
    "geometry": {
       "type": "Point",
       "coordinates":  [ 121.5779656,24.9870651 ]
    },
    "properties": {
    "city":"台北市",
    "name":"7-11憩賢門市",
    "address":"116台北市文山區指南路二段64號(憩賢樓A8櫃)"
    }
  },
  {
    "type": "Feature",
    "geometry": {
       "type": "Point",
       "coordinates":  [ 121.557338,24.9992297 ]
    },
    "properties": {
    "city":"台北市",
    "name":"7-11興北門市",
    "address":"116台北市文山區興隆路三段108號"
    }
  },
  {
    "type": "Feature",
    "geometry": {
       "type": "Point",
       "coordinates":  [ 121.5531456,25.0001517 ]
    },
    "properties": {
    "city":"台北市",
    "name":"7-11興岩門市",
    "address":"116台北市文山區興隆路2段244巷20號1樓"
    }
  },
  {
    "type": "Feature",
    "geometry": {
       "type": "Point",
       "coordinates":  [ 121.5450535,25.01639 ]
    },
    "properties": {
    "city":"台北市",
    "name":"7-11興舍門市",
    "address":"106台北市大安區長興街50號"
    }
  },
  {
    "type": "Feature",
    "geometry": {
       "type": "Point",
       "coordinates":  [ 121.5601441,24.9964885 ]
    },
    "properties": {
    "city":"台北市",
    "name":"7-11興芳門市",
    "address":"116台北市文山區興光里興隆路3段173-175號"
    }
  },
  {
    "type": "Feature",
    "geometry": {
       "type": "Point",
       "coordinates":  [ 121.5161031,25.0446511 ]
    },
    "properties": {
    "city":"台北市",
    "name":"7-11興信鑫門市",
    "address":"100台北市中正區信陽街12.14號1樓"
    }
  },
  {
    "type": "Feature",
    "geometry": {
       "type": "Point",
       "coordinates":  [ 121.5435823,25.0561481 ]
    },
    "properties": {
    "city":"台北市",
    "name":"7-11興復門市",
    "address":"104台北市中山區興安街99號一樓"
    }
  },
  {
    "type": "Feature",
    "geometry": {
       "type": "Point",
       "coordinates":  [ 121.5610602,25.0308964 ]
    },
    "properties": {
    "city":"台北市",
    "name":"7-11興貿門市",
    "address":"110台北市信義區景新里莊敬路178巷2號"
    }
  },
  {
    "type": "Feature",
    "geometry": {
       "type": "Point",
       "coordinates":  [ 121.55092,25.0013854 ]
    },
    "properties": {
    "city":"台北市",
    "name":"7-11興隆門市",
    "address":"116台北市文山區興隆路2段150號"
    }
  },
  {
    "type": "Feature",
    "geometry": {
       "type": "Point",
       "coordinates":  [ 121.5458656,25.0308061 ]
    },
    "properties": {
    "city":"台北市",
    "name":"7-11豫銘門市",
    "address":"106台北市大安區大安路2段102號"
    }
  },
  {
    "type": "Feature",
    "geometry": {
       "type": "Point",
       "coordinates":  [ 121.5183158,25.0889746 ]
    },
    "properties": {
    "city":"台北市",
    "name":"7-11豫鋒門市",
    "address":"111台北市士林區大南路322號"
    }
  },
  {
    "type": "Feature",
    "geometry": {
       "type": "Point",
       "coordinates":  [ 121.5475068,25.0524424 ]
    },
    "properties": {
    "city":"台北市",
    "name":"7-11錢京門市",
    "address":"105台北市松山區南京東路三段335巷5號之3.4.9.10.11.12"
    }
  },
  {
    "type": "Feature",
    "geometry": {
       "type": "Point",
       "coordinates":  [ 121.5445312,25.0412753 ]
    },
    "properties": {
    "city":"台北市",
    "name":"7-11錢忠門市",
    "address":"106台北市大安區忠孝東路四段26巷5號"
    }
  },
  {
    "type": "Feature",
    "geometry": {
       "type": "Point",
       "coordinates":  [ 121.523624,25.0602839 ]
    },
    "properties": {
    "city":"台北市",
    "name":"7-11錦北門市",
    "address":"104台北市中山區錦州街8號"
    }
  },
  {
    "type": "Feature",
    "geometry": {
       "type": "Point",
       "coordinates":  [ 121.5393921,25.0603761 ]
    },
    "properties": {
    "city":"台北市",
    "name":"7-11錦合門市",
    "address":"104台北市中山區合江街117號"
    }
  },
  {
    "type": "Feature",
    "geometry": {
       "type": "Point",
       "coordinates":  [ 121.5409117,25.0601059 ]
    },
    "properties": {
    "city":"台北市",
    "name":"7-11錦龍門市",
    "address":"104台北市中山區龍江路281-1號"
    }
  },
  {
    "type": "Feature",
    "geometry": {
       "type": "Point",
       "coordinates":  [ 121.5152656,25.0585288 ]
    },
    "properties": {
    "city":"台北市",
    "name":"7-11靜中門市",
    "address":"103台北市大同區寧夏路71號"
    }
  },
  {
    "type": "Feature",
    "geometry": {
       "type": "Point",
       "coordinates":  [ 121.5574773,25.0401495 ]
    },
    "properties": {
    "city":"台北市",
    "name":"7-11靜安門市",
    "address":"106台北市大安區光復南路262號"
    }
  },
  {
    "type": "Feature",
    "geometry": {
       "type": "Point",
       "coordinates":  [ 121.5013573,25.0353733 ]
    },
    "properties": {
    "city":"台北市",
    "name":"7-11龍山門市",
    "address":"108台北市萬華區康定路229號"
    }
  },
  {
    "type": "Feature",
    "geometry": {
       "type": "Point",
       "coordinates":  [ 121.5293363,25.0239827 ]
    },
    "properties": {
    "city":"台北市",
    "name":"7-11龍延門市",
    "address":"106台北市大安區師大路59巷13號."
    }
  },
  {
    "type": "Feature",
    "geometry": {
       "type": "Point",
       "coordinates":  [ 121.5229719,25.0267596 ]
    },
    "properties": {
    "city":"台北市",
    "name":"7-11龍門門市",
    "address":"106台北市大安區和平東路2段18號"
    }
  },
  {
    "type": "Feature",
    "geometry": {
       "type": "Point",
       "coordinates":  [ 121.5429334,25.0235068 ]
    },
    "properties": {
    "city":"台北市",
    "name":"7-11龍淵門市",
    "address":"106台北市大安區和平東路二段118巷33號"
    }
  },
  {
    "type": "Feature",
    "geometry": {
       "type": "Point",
       "coordinates":  [ 121.5506246,25.0404675 ]
    },
    "properties": {
    "city":"台北市",
    "name":"7-11龍普門市",
    "address":"106台北市大安區敦化南路一段233巷25號"
    }
  },
  {
    "type": "Feature",
    "geometry": {
       "type": "Point",
       "coordinates":  [ 121.5005814,25.036549 ]
    },
    "properties": {
    "city":"台北市",
    "name":"7-11龍廣門市",
    "address":"108台北市萬華區廣州街148號"
    }
  },
  {
    "type": "Feature",
    "geometry": {
       "type": "Point",
       "coordinates":  [ 121.5474865,25.1525261 ]
    },
    "properties": {
    "city":"台北市",
    "name":"7-11擎天崗門市",
    "address":"112台北市北投區湖山路一段12號"
    }
  },
  {
    "type": "Feature",
    "geometry": {
       "type": "Point",
       "coordinates":  [ 121.533609,25.0403003 ]
    },
    "properties": {
    "city":"台北市",
    "name":"7-11濟南門市",
    "address":"106台北市大安區濟南路3段7號"
    }
  },
  {
    "type": "Feature",
    "geometry": {
       "type": "Point",
       "coordinates":  [ 121.5311782,25.0402102 ]
    },
    "properties": {
    "city":"台北市",
    "name":"7-11濟新門市",
    "address":"100台北市中正區濟南路2段50號"
    }
  },
  {
    "type": "Feature",
    "geometry": {
       "type": "Point",
       "coordinates":  [ 121.567993,25.0865349 ]
    },
    "properties": {
    "city":"台北市",
    "name":"7-11環湖門市",
    "address":"114台北市內湖區環山路一段110號"
    }
  },
  {
    "type": "Feature",
    "geometry": {
       "type": "Point",
       "coordinates":  [ 121.5144979,25.0607497 ]
    },
    "properties": {
    "city":"台北市",
    "name":"7-11篷萊門市",
    "address":"103台北市大同區寧夏路131-1號"
    }
  },
  {
    "type": "Feature",
    "geometry": {
       "type": "Point",
       "coordinates":  [ 121.5697261,25.0234945 ]
    },
    "properties": {
    "city":"台北市",
    "name":"7-11總站門市",
    "address":"110台北市信義區吳興街487號"
    }
  },
  {
    "type": "Feature",
    "geometry": {
       "type": "Point",
       "coordinates":  [ 121.5666629,25.046869 ]
    },
    "properties": {
    "city":"台北市",
    "name":"7-11總部門市",
    "address":"110台北市信義區東興路65號"
    }
  },
  {
    "type": "Feature",
    "geometry": {
       "type": "Point",
       "coordinates":  [ 121.5574266,25.0518277 ]
    },
    "properties": {
    "city":"台北市",
    "name":"7-11聰明門市",
    "address":"105台北市松山區南京東路5段363號"
    }
  },
  {
    "type": "Feature",
    "geometry": {
       "type": "Point",
       "coordinates":  [ 121.5637602,25.0418383 ]
    },
    "properties": {
    "city":"台北市",
    "name":"7-11聯合門市",
    "address":"110台北市信義區忠孝東路四段559巷6號"
    }
  },
  {
    "type": "Feature",
    "geometry": {
       "type": "Point",
       "coordinates":  [ 121.5940252,25.0491477 ]
    },
    "properties": {
    "city":"台北市",
    "name":"7-11聯成門市",
    "address":"115台北市南港區聯成里昆陽街150-1.150-3號"
    }
  },
  {
    "type": "Feature",
    "geometry": {
       "type": "Point",
       "coordinates":  [ 121.5883326,25.0464291 ]
    },
    "properties": {
    "city":"台北市",
    "name":"7-11聯坊門市",
    "address":"115台北市南港區東新街118巷1號"
    }
  },
  {
    "type": "Feature",
    "geometry": {
       "type": "Point",
       "coordinates":  [ 121.5525982,25.0305826 ]
    },
    "properties": {
    "city":"台北市",
    "name":"7-11臨江門市",
    "address":"106台北市大安區安和路二段67號"
    }
  },
  {
    "type": "Feature",
    "geometry": {
       "type": "Point",
       "coordinates":  [ 121.5284992,25.0362601 ]
    },
    "properties": {
    "city":"台北市",
    "name":"7-11臨沂門市",
    "address":"100台北市中正區文祥里臨沂街74.76號"
    }
  },
  {
    "type": "Feature",
    "geometry": {
       "type": "Point",
       "coordinates":  [ 121.4996086,25.1349834 ]
    },
    "properties": {
    "city":"台北市",
    "name":"7-11薇閣門市",
    "address":"112台北市北投區中央北路一段108號"
    }
  },
  {
    "type": "Feature",
    "geometry": {
       "type": "Point",
       "coordinates":  [ 121.5442501,25.0361488 ]
    },
    "properties": {
    "city":"台北市",
    "name":"7-11豐安門市",
    "address":"106台北市大安區東豐街9號"
    }
  },
  {
    "type": "Feature",
    "geometry": {
       "type": "Point",
       "coordinates":  [ 121.563917,25.0268069 ]
    },
    "properties": {
    "city":"台北市",
    "name":"7-11醫學門市",
    "address":"110台北市信義區吳興街257.259號"
    }
  },
  {
    "type": "Feature",
    "geometry": {
       "type": "Point",
       "coordinates":  [ 121.500961,25.137221 ]
    },
    "properties": {
    "city":"台北市",
    "name":"7-11雙全門市",
    "address":"112台北市北投區中庸里大業路715-717號"
    }
  },
  {
    "type": "Feature",
    "geometry": {
       "type": "Point",
       "coordinates":  [ 121.5174553,25.0571316 ]
    },
    "properties": {
    "city":"台北市",
    "name":"7-11雙連門市",
    "address":"103台北市大同區民生西路176號"
    }
  },
  {
    "type": "Feature",
    "geometry": {
       "type": "Point",
       "coordinates":  [ 121.4915704,25.0320293 ]
    },
    "properties": {
    "city":"台北市",
    "name":"7-11雙環門市",
    "address":"108台北市萬華區環河南路二段207號"
    }
  },
  {
    "type": "Feature",
    "geometry": {
       "type": "Point",
       "coordinates":  [ 121.5412737,25.0416091 ]
    },
    "properties": {
    "city":"台北市",
    "name":"7-11懷生門市",
    "address":"106台北市大安區忠孝東路3段248巷9號"
    }
  },
  {
    "type": "Feature",
    "geometry": {
       "type": "Point",
       "coordinates":  [ 121.5196496,25.1140784 ]
    },
    "properties": {
    "city":"台北市",
    "name":"7-11懷得門市",
    "address":"112台北市北投區懷德街85號1樓"
    }
  },
  {
    "type": "Feature",
    "geometry": {
       "type": "Point",
       "coordinates":  [ 121.522011,25.0271751 ]
    },
    "properties": {
    "city":"台北市",
    "name":"7-11羅亭門市",
    "address":"100台北市中正區羅斯福路二段68號"
    }
  },
  {
    "type": "Feature",
    "geometry": {
       "type": "Point",
       "coordinates":  [ 121.5408151,24.9922868 ]
    },
    "properties": {
    "city":"台北市",
    "name":"7-11羅捷門市",
    "address":"116台北市文山區景行里羅斯福路6段391號"
    }
  },
  {
    "type": "Feature",
    "geometry": {
       "type": "Point",
       "coordinates":  [ 121.5384998,25.0036606 ]
    },
    "properties": {
    "city":"台北市",
    "name":"7-11羅斯福門市",
    "address":"116台北市文山區羅斯福路五段190-3號."
    }
  },
  {
    "type": "Feature",
    "geometry": {
       "type": "Point",
       "coordinates":  [ 121.5779656,24.9870651 ]
    },
    "properties": {
    "city":"台北市",
    "name":"7-11藝文門市",
    "address":"116台北市文山區指南路二段64號藝文中心4樓"
    }
  },
  {
    "type": "Feature",
    "geometry": {
       "type": "Point",
       "coordinates":  [ 121.4674609,25.1215851 ]
    },
    "properties": {
    "city":"台北市",
    "name":"7-11關渡門市",
    "address":"112台北市北投區知行路282號"
    }
  },
  {
    "type": "Feature",
    "geometry": {
       "type": "Point",
       "coordinates":  [ 121.589909,25.0531782 ]
    },
    "properties": {
    "city":"台北市",
    "name":"7-11鵬馳門市",
    "address":"115台北市南港區南港路三段49-1號"
    }
  },
  {
    "type": "Feature",
    "geometry": {
       "type": "Point",
       "coordinates":  [ 121.5719455,25.0813408 ]
    },
    "properties": {
    "city":"台北市",
    "name":"7-11麗安門市",
    "address":"114台北市內湖區內湖路一段435號"
    }
  },
  {
    "type": "Feature",
    "geometry": {
       "type": "Point",
       "coordinates":  [ 121.49529,25.0236865 ]
    },
    "properties": {
    "city":"台北市",
    "name":"7-11寶昌門市",
    "address":"108台北市萬華區寶興街186號"
    }
  },
  {
    "type": "Feature",
    "geometry": {
       "type": "Point",
       "coordinates":  [ 121.5673864,25.0493015 ]
    },
    "properties": {
    "city":"台北市",
    "name":"7-11寶德門市",
    "address":"105台北市松山區八德路四段335號1F"
    }
  },
  {
    "type": "Feature",
    "geometry": {
       "type": "Point",
       "coordinates":  [ 121.6196223,25.0734305 ]
    },
    "properties": {
    "city":"台北市",
    "name":"7-11瓏山林門市",
    "address":"114台北市內湖區康樂街125巷2號"
    }
  },
  {
    "type": "Feature",
    "geometry": {
       "type": "Point",
       "coordinates":  [ 121.6217171,25.0761356 ]
    },
    "properties": {
    "city":"台北市",
    "name":"7-11瓏馬門市",
    "address":"114台北市內湖區康樂街213號"
    }
  },
  {
    "type": "Feature",
    "geometry": {
       "type": "Point",
       "coordinates":  [ 121.6164182,25.0523101 ]
    },
    "properties": {
    "city":"台北市",
    "name":"7-11耀港門市",
    "address":"115台北市南港區研究院路一段99號1樓之14"
    }
  },
  {
    "type": "Feature",
    "geometry": {
       "type": "Point",
       "coordinates":  [ 121.5077585,25.035249 ]
    },
    "properties": {
    "city":"台北市",
    "name":"7-11警廣門市",
    "address":"100台北市中正區延平南路159號"
    }
  },
  {
    "type": "Feature",
    "geometry": {
       "type": "Point",
       "coordinates":  [ 121.5614708,25.0847026 ]
    },
    "properties": {
    "city":"台北市",
    "name":"7-11馨瑩門市",
    "address":"114台北市內湖區內湖路一段91巷2號"
    }
  },
  {
    "type": "Feature",
    "geometry": {
       "type": "Point",
       "coordinates":  [ 121.506852,25.1174504 ]
    },
    "properties": {
    "city":"台北市",
    "name":"7-11鐏賢門市",
    "address":"112台北市北投區尊賢街247號"
    }
  },
  {
    "type": "Feature",
    "geometry": {
       "type": "Point",
       "coordinates":  [ 121.5250859,25.1064545 ]
    },
    "properties": {
    "city":"台北市",
    "name":"7-11蘭雅門市",
    "address":"111台北市士林區中山北路6段150號"
    }
  },
  {
    "type": "Feature",
    "geometry": {
       "type": "Point",
       "coordinates":  [ 121.5223906,25.1179588 ]
    },
    "properties": {
    "city":"台北市",
    "name":"7-11護專門市",
    "address":"112台北市北投區振興街31號"
    }
  },
  {
    "type": "Feature",
    "geometry": {
       "type": "Point",
       "coordinates":  [ 121.5408718,25.0624386 ]
    },
    "properties": {
    "city":"台北市",
    "name":"7-11權東門市",
    "address":"104台北市中山區民權東路3段73號"
    }
  },
  {
    "type": "Feature",
    "geometry": {
       "type": "Point",
       "coordinates":  [ 121.5334954,25.0638409 ]
    },
    "properties": {
    "city":"台北市",
    "name":"7-11權松門市",
    "address":"104台北市中山區松江路363號"
    }
  },
  {
    "type": "Feature",
    "geometry": {
       "type": "Point",
       "coordinates":  [ 121.5199428,25.0626707 ]
    },
    "properties": {
    "city":"台北市",
    "name":"7-11權站門市",
    "address":"104台北市中山區民權西路72號"
    }
  },
  {
    "type": "Feature",
    "geometry": {
       "type": "Point",
       "coordinates":  [ 121.5163189,25.0631389 ]
    },
    "properties": {
    "city":"台北市",
    "name":"7-11權鑫門市",
    "address":"103台北市大同區民權西路157之1號1樓"
    }
  },
  {
    "type": "Feature",
    "geometry": {
       "type": "Point",
       "coordinates":  [ 121.5249068,25.0563759 ]
    },
    "properties": {
    "city":"台北市",
    "name":"7-11歡唱門市",
    "address":"104台北市中山區林森北路310巷17號"
    }
  },
  {
    "type": "Feature",
    "geometry": {
       "type": "Point",
       "coordinates":  [ 121.5577471,25.0182189 ]
    },
    "properties": {
    "city":"台北市",
    "name":"7-11麟光門市",
    "address":"106台北市大安區臥龍街275號"
    }
  },
  {
    "type": "Feature",
    "geometry": {
       "type": "Point",
       "coordinates":  [ 121.5134147,25.0468814 ]
    },
    "properties": {
    "city":"台北市",
    "name":"7-11鑫大孝門市",
    "address":"100台北市中正區黎明里重慶南路一段1-1號一樓"
    }
  },
  {
    "type": "Feature",
    "geometry": {
       "type": "Point",
       "coordinates":  [ 121.5167517,25.0445865 ]
    },
    "properties": {
    "city":"台北市",
    "name":"7-11鑫公信門市",
    "address":"100台北市中正區信陽街2-1號"
    }
  },
  {
    "type": "Feature",
    "geometry": {
       "type": "Point",
       "coordinates":  [ 121.5150495,25.0504262 ]
    },
    "properties": {
    "city":"台北市",
    "name":"7-11鑫太原門市",
    "address":"103台北市大同區太原路40.42.44號"
    }
  },
  {
    "type": "Feature",
    "geometry": {
       "type": "Point",
       "coordinates":  [ 121.5833287,25.0787025 ]
    },
    "properties": {
    "city":"台北市",
    "name":"7-11鑫文德門市",
    "address":"114台北市內湖區文德路99號1樓"
    }
  },
  {
    "type": "Feature",
    "geometry": {
       "type": "Point",
       "coordinates":  [ 121.5339127,25.0439671 ]
    },
    "properties": {
    "city":"台北市",
    "name":"7-11鑫北科門市",
    "address":"106台北市大安區忠孝東路3段1號第六教學大樓B4"
    }
  },
  {
    "type": "Feature",
    "geometry": {
       "type": "Point",
       "coordinates":  [ 121.5186921,25.046132 ]
    },
    "properties": {
    "city":"台北市",
    "name":"7-11鑫台北門市",
    "address":"100台北市中正區黎明里忠孝西路一段35號一樓"
    }
  },
  {
    "type": "Feature",
    "geometry": {
       "type": "Point",
       "coordinates":  [ 121.5288999,25.0523009 ]
    },
    "properties": {
    "city":"台北市",
    "name":"7-11鑫生門市",
    "address":"104台北市中山區南京東路二段23號"
    }
  },
  {
    "type": "Feature",
    "geometry": {
       "type": "Point",
       "coordinates":  [ 121.5525082,25.1215194 ]
    },
    "properties": {
    "city":"台北市",
    "name":"7-11鑫仰德門市",
    "address":"111台北市士林區仰德大道三段68.70號"
    }
  },
  {
    "type": "Feature",
    "geometry": {
       "type": "Point",
       "coordinates":  [ 121.5773073,25.0446788 ]
    },
    "properties": {
    "city":"台北市",
    "name":"7-11鑫吉門市",
    "address":"110台北市信義區虎林街85號"
    }
  },
  {
    "type": "Feature",
    "geometry": {
       "type": "Point",
       "coordinates":  [ 121.5369391,25.0484123 ]
    },
    "properties": {
    "city":"台北市",
    "name":"7-11鑫安江門市",
    "address":"104台北市中山區長安東路二段178.178-1號1樓"
    }
  },
  {
    "type": "Feature",
    "geometry": {
       "type": "Point",
       "coordinates":  [ 121.5788823,25.0784363 ]
    },
    "properties": {
    "city":"台北市",
    "name":"7-11鑫江南門市",
    "address":"114台北市內湖區文德路6號1樓"
    }
  },
  {
    "type": "Feature",
    "geometry": {
       "type": "Point",
       "coordinates":  [ 121.5269184,25.0436513 ]
    },
    "properties": {
    "city":"台北市",
    "name":"7-11鑫杭門市",
    "address":"100台北市中正區杭州南路1段23號"
    }
  },
  {
    "type": "Feature",
    "geometry": {
       "type": "Point",
       "coordinates":  [ 121.5315216,25.0525985 ]
    },
    "properties": {
    "city":"台北市",
    "name":"7-11鑫東一門市",
    "address":"104台北市中山區一江街11.13號"
    }
  },
  {
    "type": "Feature",
    "geometry": {
       "type": "Point",
       "coordinates":  [ 121.507193,25.0448066 ]
    },
    "properties": {
    "city":"台北市",
    "name":"7-11鑫武昌門市",
    "address":"108台北市萬華區武昌街二段57號1樓"
    }
  },
  {
    "type": "Feature",
    "geometry": {
       "type": "Point",
       "coordinates":  [ 121.5265727,25.0494193 ]
    },
    "properties": {
    "city":"台北市",
    "name":"7-11鑫長安門市",
    "address":"104台北市中山區長安東路一段53巷1之3號"
    }
  },
  {
    "type": "Feature",
    "geometry": {
       "type": "Point",
       "coordinates":  [ 121.5024208,25.0216038 ]
    },
    "properties": {
    "city":"台北市",
    "name":"7-11鑫青天門市",
    "address":"108台北市萬華區青年路144號"
    }
  },
  {
    "type": "Feature",
    "geometry": {
       "type": "Point",
       "coordinates":  [ 121.5137938,25.0263615 ]
    },
    "properties": {
    "city":"台北市",
    "name":"7-11鑫泉州門市",
    "address":"100台北市中正區汀州路一段285號一樓"
    }
  },
  {
    "type": "Feature",
    "geometry": {
       "type": "Point",
       "coordinates":  [ 121.5159062,25.0298447 ]
    },
    "properties": {
    "city":"台北市",
    "name":"7-11鑫重寧門市",
    "address":"100台北市中正區寧波西街86號1樓"
    }
  },
  {
    "type": "Feature",
    "geometry": {
       "type": "Point",
       "coordinates":  [ 121.5191117,25.0292164 ]
    },
    "properties": {
    "city":"台北市",
    "name":"7-11鑫國語門市",
    "address":"100台北市中正區福州街11-3.11-4號"
    }
  },
  {
    "type": "Feature",
    "geometry": {
       "type": "Point",
       "coordinates":  [ 121.5809655,25.0827648 ]
    },
    "properties": {
    "city":"台北市",
    "name":"7-11鑫湖門市",
    "address":"114台北市內湖區內湖路二段103巷64號"
    }
  },
  {
    "type": "Feature",
    "geometry": {
       "type": "Point",
       "coordinates":  [ 121.5140338,25.0427514 ]
    },
    "properties": {
    "city":"台北市",
    "name":"7-11鑫華福門市",
    "address":"100台北市中正區懷寧街30.32號1樓"
    }
  },
  {
    "type": "Feature",
    "geometry": {
       "type": "Point",
       "coordinates":  [ 121.6084634,25.0723071 ]
    },
    "properties": {
    "city":"台北市",
    "name":"7-11鑫碁泰門市",
    "address":"114台北市內湖區康寧路三段63.65.67號"
    }
  },
  {
    "type": "Feature",
    "geometry": {
       "type": "Point",
       "coordinates":  [ 121.5605703,25.0568644 ]
    },
    "properties": {
    "city":"台北市",
    "name":"7-11鑫壽門市",
    "address":"105台北市松山區延壽街323號"
    }
  },
  {
    "type": "Feature",
    "geometry": {
       "type": "Point",
       "coordinates":  [ 121.5158055,25.0570388 ]
    },
    "properties": {
    "city":"台北市",
    "name":"7-11鑫寧門市",
    "address":"103台北市大同區民生西路214.216號1樓"
    }
  },
  {
    "type": "Feature",
    "geometry": {
       "type": "Point",
       "coordinates":  [ 121.5259895,25.0667553 ]
    },
    "properties": {
    "city":"台北市",
    "name":"7-11鑫德惠門市",
    "address":"104台北市中山區德惠街15號1樓"
    }
  },
  {
    "type": "Feature",
    "geometry": {
       "type": "Point",
       "coordinates":  [ 121.5048778,25.0451125 ]
    },
    "properties": {
    "city":"台北市",
    "name":"7-11鑫樂昇門市",
    "address":"108台北市萬華區武昌街二段114之3號"
    }
  },
  {
    "type": "Feature",
    "geometry": {
       "type": "Point",
       "coordinates":  [ 121.6171412,25.0698693 ]
    },
    "properties": {
    "city":"台北市",
    "name":"7-11鑫輝煌門市",
    "address":"114台北市內湖區東湖路119巷49弄2號1樓"
    }
  },
  {
    "type": "Feature",
    "geometry": {
       "type": "Point",
       "coordinates":  [ 121.513777,25.0422079 ]
    },
    "properties": {
    "city":"台北市",
    "name":"7-11鑫衡陽門市",
    "address":"100台北市中正區衡陽路6號1樓"
    }
  },
  {
    "type": "Feature",
    "geometry": {
       "type": "Point",
       "coordinates":  [ 121.5350089,25.0603853 ]
    },
    "properties": {
    "city":"台北市",
    "name":"7-11鑫錦州門市",
    "address":"104台北市中山區錦州街263號"
    }
  },
  {
    "type": "Feature",
    "geometry": {
       "type": "Point",
       "coordinates":  [ 121.5332105,25.0583949 ]
    },
    "properties": {
    "city":"台北市",
    "name":"7-11鑫櫃門市",
    "address":"104台北市中山區松江路183.183-1號1樓"
    }
  },
  {
    "type": "Feature",
    "geometry": {
       "type": "Point",
       "coordinates":  [ 121.4933506,25.0274705 ]
    },
    "properties": {
    "city":"台北市",
    "name":"7-11鑫寶門市",
    "address":"108台北市萬華區寶興街41號1樓"
    }
  },
  {
    "type": "Feature",
    "geometry": {
       "type": "Point",
       "coordinates":  [ 121.518607,25.0460841 ]
    },
    "properties": {
    "city":"台北市",
    "name":"7-11鑫鑫運門市",
    "address":"100台北市中正區忠孝西路一段49號B1"
    }
  },
  {
    "type": "Feature",
    "geometry": {
       "type": "Point",
       "coordinates":  [ 121.5139534,25.0678715 ]
    },
    "properties": {
    "city":"台北市",
    "name":"大同綜合訊電股份有限公司-大同3C_仁愛服務站",
    "address":"103台北市大同區重慶北路三段133號"
    }
  },
  {
    "type": "Feature",
    "geometry": {
       "type": "Point",
       "coordinates":  [ 121.5225555,25.0642658 ]
    },
    "properties": {
    "city":"台北市",
    "name":"大同綜合訊電股份有限公司-大同3C_台北中山門市",
    "address":"104臺北市中山區台北市中山北路三段13號"
    }
  },
  {
    "type": "Feature",
    "geometry": {
       "type": "Point",
       "coordinates":  [ 121.4989796,25.1352565 ]
    },
    "properties": {
    "city":"台北市",
    "name":"大同綜合訊電股份有限公司-大同3C_台北中央北門市",
    "address":"112台北市北投區中央北路一段134號"
    }
  },
  {
    "type": "Feature",
    "geometry": {
       "type": "Point",
       "coordinates":  [ 121.5900436,25.0820036 ]
    },
    "properties": {
    "city":"台北市",
    "name":"大同綜合訊電股份有限公司-大同3C_台北內湖門市",
    "address":"114台北市內湖區內湖路二段259號"
    }
  },
  {
    "type": "Feature",
    "geometry": {
       "type": "Point",
       "coordinates":  [ 121.5243831,25.0963595 ]
    },
    "properties": {
    "city":"台北市",
    "name":"大同綜合訊電股份有限公司-大同3C_台北文林門市",
    "address":"111臺北市士林區文林路488號"
    }
  },
  {
    "type": "Feature",
    "geometry": {
       "type": "Point",
       "coordinates":  [ 121.5592176,24.9815296 ]
    },
    "properties": {
    "city":"台北市",
    "name":"大同綜合訊電股份有限公司-大同3C_台北木新門市",
    "address":"116台北市文山區木新路三段228號"
    }
  },
  {
    "type": "Feature",
    "geometry": {
       "type": "Point",
       "coordinates":  [ 121.5433397,25.062543 ]
    },
    "properties": {
    "city":"台北市",
    "name":"大同綜合訊電股份有限公司-大同3C_台北民權門市",
    "address":"104台北市中山區民權東路三段65號"
    }
  },
  {
    "type": "Feature",
    "geometry": {
       "type": "Point",
       "coordinates":  [ 121.5128979,25.1141739 ]
    },
    "properties": {
    "city":"台北市",
    "name":"大同綜合訊電股份有限公司-大同3C_台北石牌門市",
    "address":"112臺北市北投區台北市石牌路一段144號"
    }
  },
  {
    "type": "Feature",
    "geometry": {
       "type": "Point",
       "coordinates":  [ 121.5823666,25.0443505 ]
    },
    "properties": {
    "city":"台北市",
    "name":"大同綜合訊電股份有限公司-大同3C_台北忠孝門市",
    "address":"台北市忠孝東路五段974號"
    }
  },
  {
    "type": "Feature",
    "geometry": {
       "type": "Point",
       "coordinates":  [ 121.5105429,25.0819965 ]
    },
    "properties": {
    "city":"台北市",
    "name":"大同綜合訊電股份有限公司-大同3C_台北社子門市",
    "address":"111台北市大同區延平北路五段130、132號"
    }
  },
  {
    "type": "Feature",
    "geometry": {
       "type": "Point",
       "coordinates":  [ 121.5655425,25.0515965 ]
    },
    "properties": {
    "city":"台北市",
    "name":"大同綜合訊電股份有限公司-大同3C_台北南京東門市",
    "address":"105台北市松山區南京東路五段267號"
    }
  },
  {
    "type": "Feature",
    "geometry": {
       "type": "Point",
       "coordinates":  [ 121.5134171,25.0596157 ]
    },
    "properties": {
    "city":"台北市",
    "name":"大同綜合訊電股份有限公司-大同3C_台北重慶北門市",
    "address":"103台北市大同區重慶北路二段174-2、3號"
    }
  },
  {
    "type": "Feature",
    "geometry": {
       "type": "Point",
       "coordinates":  [ 121.565312,25.027429 ]
    },
    "properties": {
    "city":"台北市",
    "name":"大同綜合訊電股份有限公司-大同3C_台北莊敬門市",
    "address":"110台北市莊敬路386、388號"
    }
  },
  {
    "type": "Feature",
    "geometry": {
       "type": "Point",
       "coordinates":  [ 121.5436905,25.0523669 ]
    },
    "properties": {
    "city":"台北市",
    "name":"大同綜合訊電股份有限公司-大同3C_台北復北二門市",
    "address":"105台北市松山區南京東路三段225號"
    }
  },
  {
    "type": "Feature",
    "geometry": {
       "type": "Point",
       "coordinates":  [ 121.5437895,25.0398695 ]
    },
    "properties": {
    "city":"台北市",
    "name":"大同綜合訊電股份有限公司-大同3C_台北復南門市",
    "address":"106台北市大安區復興南路ㄧ段154~162號"
    }
  },
  {
    "type": "Feature",
    "geometry": {
       "type": "Point",
       "coordinates":  [ 121.5014691,25.0357171 ]
    },
    "properties": {
    "city":"台北市",
    "name":"大同綜合訊電股份有限公司-大同3C_台北萬華門市",
    "address":"108臺北市萬華區康定路215號"
    }
  },
  {
    "type": "Feature",
    "geometry": {
       "type": "Point",
       "coordinates":  [ 121.5585879,25.0586837 ]
    },
    "properties": {
    "city":"台北市",
    "name":"大同綜合訊電股份有限公司-大同3C_民生東門市",
    "address":"105台北市松山區民生東路五段75號"
    }
  },
  {
    "type": "Feature",
    "geometry": {
       "type": "Point",
       "coordinates":  [ 121.5940773,25.0935968 ]
    },
    "properties": {
    "city":"台北市",
    "name":"大潤發流通事業股份有限公司內湖分公司",
    "address":"114臺北市內湖區"
    }
  },
  {
    "type": "Feature",
    "geometry": {
       "type": "Point",
       "coordinates":  [ 121.5757088,25.0623069 ]
    },
    "properties": {
    "city":"台北市",
    "name":"大潤發流通事業股份有限公司南湖分公司",
    "address":"114臺北市內湖區舊宗路一段188號"
    }
  },
  {
    "type": "Feature",
    "geometry": {
       "type": "Point",
       "coordinates":  [ 121.5237108,25.080923 ]
    },
    "properties": {
    "city":"台北市",
    "name":"中華電信股份有限公司（股）台北營運處士林服務中心",
    "address":"111臺北市基河路10號"
    }
  },
  {
    "type": "Feature",
    "geometry": {
       "type": "Point",
       "coordinates":  [ 121.5268744,25.0890768 ]
    },
    "properties": {
    "city":"台北市",
    "name":"中華電信股份有限公司台北營運處士林夜市服務中心",
    "address":"111臺北市士林區文林路158號"
    }
  },
  {
    "type": "Feature",
    "geometry": {
       "type": "Point",
       "coordinates":  [ 121.5463627,25.0336129 ]
    },
    "properties": {
    "city":"台北市",
    "name":"中華電信股份有限公司台北營運處大安服務中心",
    "address":"106臺北市信義路四段89之1號"
    }
  },
  {
    "type": "Feature",
    "geometry": {
       "type": "Point",
       "coordinates":  [ 121.5493995,25.083693 ]
    },
    "properties": {
    "city":"台北市",
    "name":"中華電信股份有限公司台北營運處大直服務中心",
    "address":"104臺北市中山區北安路662號1樓"
    }
  },
  {
    "type": "Feature",
    "geometry": {
       "type": "Point",
       "coordinates":  [ 121.512656,25.057108 ]
    },
    "properties": {
    "city":"台北市",
    "name":"中華電信股份有限公司台北營運處大稻埕服務中心",
    "address":"103臺北市大同區民生西路305號"
    }
  },
  {
    "type": "Feature",
    "geometry": {
       "type": "Point",
       "coordinates":  [ 121.5187206,25.0713012 ]
    },
    "properties": {
    "city":"台北市",
    "name":"中華電信股份有限公司台北營運處大龍峒服務中心",
    "address":"103臺北市承德路三段249號"
    }
  },
  {
    "type": "Feature",
    "geometry": {
       "type": "Point",
       "coordinates":  [ 121.580337,25.0455859 ]
    },
    "properties": {
    "city":"台北市",
    "name":"中華電信股份有限公司台北營運處五分埔服務中心",
    "address":"110臺北市信義區永吉路525號"
    }
  },
  {
    "type": "Feature",
    "geometry": {
       "type": "Point",
       "coordinates":  [ 121.5898672,25.0793385 ]
    },
    "properties": {
    "city":"台北市",
    "name":"中華電信股份有限公司台北營運處內湖成功服務中心",
    "address":"114臺北市內湖區成功路三段135 號"
    }
  },
  {
    "type": "Feature",
    "geometry": {
       "type": "Point",
       "coordinates":  [ 121.5675175,24.9887915 ]
    },
    "properties": {
    "city":"台北市",
    "name":"中華電信股份有限公司台北營運處木柵服務中心",
    "address":"116臺北市木柵路三段79號"
    }
  },
  {
    "type": "Feature",
    "geometry": {
       "type": "Point",
       "coordinates":  [ 121.500792,25.1400883 ]
    },
    "properties": {
    "city":"台北市",
    "name":"中華電信股份有限公司台北營運處北投中和服務中心",
    "address":"112臺北市北投區中和街260號"
    }
  },
  {
    "type": "Feature",
    "geometry": {
       "type": "Point",
       "coordinates":  [ 121.5031451,25.1355584 ]
    },
    "properties": {
    "city":"台北市",
    "name":"中華電信股份有限公司台北營運處北投服務中心",
    "address":"112臺北市北投區光明路176號"
    }
  },
  {
    "type": "Feature",
    "geometry": {
       "type": "Point",
       "coordinates":  [ 121.5645389,25.033976 ]
    },
    "properties": {
    "city":"台北市",
    "name":"中華電信股份有限公司台北營運處台北101服務中心",
    "address":"110臺北市信義區信義路五段7號35樓C室"
    }
  },
  {
    "type": "Feature",
    "geometry": {
       "type": "Point",
       "coordinates":  [ 121.5313973,25.0454246 ]
    },
    "properties": {
    "city":"台北市",
    "name":"中華電信股份有限公司台北營運處台北三創服務中心",
    "address":"100臺北市中正區市民大道三段2號"
    }
  },
  {
    "type": "Feature",
    "geometry": {
       "type": "Point",
       "coordinates":  [ 121.5170536,25.0452843 ]
    },
    "properties": {
    "city":"台北市",
    "name":"中華電信股份有限公司台北營運處台北公園服務中心",
    "address":"100臺北市中正區公園路18號"
    }
  },
  {
    "type": "Feature",
    "geometry": {
       "type": "Point",
       "coordinates":  [ 121.5345354,25.0142305 ]
    },
    "properties": {
    "city":"台北市",
    "name":"中華電信股份有限公司台北營運處台北公館服務中心",
    "address":"100臺北市中正區羅斯福路四段76號"
    }
  },
  {
    "type": "Feature",
    "geometry": {
       "type": "Point",
       "coordinates":  [ 121.5600474,24.9816783 ]
    },
    "properties": {
    "city":"台北市",
    "name":"中華電信股份有限公司台北營運處台北木新服務中心",
    "address":"116臺北市文山區木新路三段200號"
    }
  },
  {
    "type": "Feature",
    "geometry": {
       "type": "Point",
       "coordinates":  [ 121.536532,25.0606209 ]
    },
    "properties": {
    "city":"台北市",
    "name":"中華電信股份有限公司台北營運處台北北區服務中心",
    "address":"104臺北市中山區松江里建國北路2段216號1樓"
    }
  },
  {
    "type": "Feature",
    "geometry": {
       "type": "Point",
       "coordinates":  [ 121.5647611,25.0586655 ]
    },
    "properties": {
    "city":"台北市",
    "name":"中華電信股份有限公司台北營運處台北民生服務中心",
    "address":"105臺北市松山區民生東路五段206號"
    }
  },
  {
    "type": "Feature",
    "geometry": {
       "type": "Point",
       "coordinates":  [ 121.5578016,25.0373331 ]
    },
    "properties": {
    "city":"台北市",
    "name":"中華電信股份有限公司台北營運處台北光復服務中心",
    "address":"110台北市信義區仁愛路四段420-1號"
    }
  },
  {
    "type": "Feature",
    "geometry": {
       "type": "Point",
       "coordinates":  [ 121.540004,25.041449 ]
    },
    "properties": {
    "city":"台北市",
    "name":"中華電信股份有限公司台北營運處台北忠孝服務中心",
    "address":"106臺北市大安區義村里忠孝東路3段214號1樓"
    }
  },
  {
    "type": "Feature",
    "geometry": {
       "type": "Point",
       "coordinates":  [ 121.5262653,25.032025 ]
    },
    "properties": {
    "city":"台北市",
    "name":"中華電信股份有限公司台北營運處台北東門服務中心",
    "address":"106臺北市大安區愛國東路35-1號"
    }
  },
  {
    "type": "Feature",
    "geometry": {
       "type": "Point",
       "coordinates":  [ 121.568058,25.0336064 ]
    },
    "properties": {
    "city":"台北市",
    "name":"中華電信股份有限公司台北營運處台北東區服務中心",
    "address":"110臺北市信義區松仁路130號"
    }
  },
  {
    "type": "Feature",
    "geometry": {
       "type": "Point",
       "coordinates":  [ 121.6134639,25.0689571 ]
    },
    "properties": {
    "city":"台北市",
    "name":"中華電信股份有限公司台北營運處台北東湖服務中心",
    "address":"114臺北市內湖區東湖路33巷1號"
    }
  },
  {
    "type": "Feature",
    "geometry": {
       "type": "Point",
       "coordinates":  [ 121.5331874,25.0493064 ]
    },
    "properties": {
    "city":"台北市",
    "name":"中華電信股份有限公司台北營運處台北松江服務中心",
    "address":"104臺北市中山區朱園里松江路67之1號1樓　"
    }
  },
  {
    "type": "Feature",
    "geometry": {
       "type": "Point",
       "coordinates":  [ 121.5238222,25.038157 ]
    },
    "properties": {
    "city":"台北市",
    "name":"中華電信股份有限公司台北營運處台北南區服務中心",
    "address":"100臺北市仁愛路一段42號"
    }
  },
  {
    "type": "Feature",
    "geometry": {
       "type": "Point",
       "coordinates":  [ 121.5229827,25.027241 ]
    },
    "properties": {
    "city":"台北市",
    "name":"中華電信股份有限公司台北營運處台北師大服務中心",
    "address":"106臺北市大安區和平東路1段182之2號"
    }
  },
  {
    "type": "Feature",
    "geometry": {
       "type": "Point",
       "coordinates":  [ 121.5535944,25.0274369 ]
    },
    "properties": {
    "city":"台北市",
    "name":"中華電信股份有限公司台北營運處台北通化服務中心",
    "address":"106臺北市大安區通化街177號"
    }
  },
  {
    "type": "Feature",
    "geometry": {
       "type": "Point",
       "coordinates":  [ 121.5103472,25.0391783 ]
    },
    "properties": {
    "city":"台北市",
    "name":"中華電信股份有限公司台北營運處台北博愛服務中心",
    "address":"100臺北市博愛路168號"
    }
  },
  {
    "type": "Feature",
    "geometry": {
       "type": "Point",
       "coordinates":  [ 121.555653,25.0580788 ]
    },
    "properties": {
    "city":"台北市",
    "name":"中華電信股份有限公司台北營運處台北敦北服務中心",
    "address":"105臺北市松山區精忠里民生東路4段69號1樓"
    }
  },
  {
    "type": "Feature",
    "geometry": {
       "type": "Point",
       "coordinates":  [ 121.5113044,25.1137423 ]
    },
    "properties": {
    "city":"台北市",
    "name":"中華電信股份有限公司台北營運處石牌服務中心",
    "address":"112臺北市北投區石牌路一段73號"
    }
  },
  {
    "type": "Feature",
    "geometry": {
       "type": "Point",
       "coordinates":  [ 121.5197601,25.0433482 ]
    },
    "properties": {
    "city":"台北市",
    "name":"中華電信股份有限公司台北營運處立法院服務中心",
    "address":"100臺北市濟南路一段1號2樓"
    }
  },
  {
    "type": "Feature",
    "geometry": {
       "type": "Point",
       "coordinates":  [ 121.504817,25.0433998 ]
    },
    "properties": {
    "city":"台北市",
    "name":"中華電信股份有限公司台北營運處西門町服務中心",
    "address":"108臺北市萬華區昆明街126號"
    }
  },
  {
    "type": "Feature",
    "geometry": {
       "type": "Point",
       "coordinates":  [ 121.5499876,25.0633817 ]
    },
    "properties": {
    "city":"台北市",
    "name":"中華電信股份有限公司台北營運處松山機場服務中心",
    "address":"105臺北市松山區敦化北路340之9號"
    }
  },
  {
    "type": "Feature",
    "geometry": {
       "type": "Point",
       "coordinates":  [ 121.5098794,25.0837901 ]
    },
    "properties": {
    "city":"台北市",
    "name":"中華電信股份有限公司台北營運處社子服務中心",
    "address":"111臺北市士林區延平北路五段211號"
    }
  },
  {
    "type": "Feature",
    "geometry": {
       "type": "Point",
       "coordinates":  [ 121.5222003,25.101553 ]
    },
    "properties": {
    "city":"台北市",
    "name":"中華電信股份有限公司台北營運處芝山服務中心",
    "address":"111臺北市士林區福國路95號2F"
    }
  },
  {
    "type": "Feature",
    "geometry": {
       "type": "Point",
       "coordinates":  [ 121.5244425,25.0552023 ]
    },
    "properties": {
    "city":"台北市",
    "name":"中華電信股份有限公司台北營運處長春服務中心",
    "address":"104臺北市中山區中山里長春路27號"
    }
  },
  {
    "type": "Feature",
    "geometry": {
       "type": "Point",
       "coordinates":  [ 121.5614871,25.0517414 ]
    },
    "properties": {
    "city":"台北市",
    "name":"中華電信股份有限公司台北營運處南京東服務中心",
    "address":"105臺北市松山區南京東路五段135號"
    }
  },
  {
    "type": "Feature",
    "geometry": {
       "type": "Point",
       "coordinates":  [ 121.6071275,25.0546137 ]
    },
    "properties": {
    "city":"台北市",
    "name":"中華電信股份有限公司台北營運處南港服務中心",
    "address":"115臺北市南港路一段356號"
    }
  },
  {
    "type": "Feature",
    "geometry": {
       "type": "Point",
       "coordinates":  [ 121.5027192,25.0274249 ]
    },
    "properties": {
    "city":"台北市",
    "name":"中華電信股份有限公司台北營運處南機場服務中心",
    "address":"108臺北市西藏路125巷20號"
    }
  },
  {
    "type": "Feature",
    "geometry": {
       "type": "Point",
       "coordinates":  [ 121.6093039,25.0725369 ]
    },
    "properties": {
    "city":"台北市",
    "name":"中華電信股份有限公司台北營運處康寧服務中心",
    "address":"114臺北市內湖區康寧路三段75巷22號"
    }
  },
  {
    "type": "Feature",
    "geometry": {
       "type": "Point",
       "coordinates":  [ 121.5484107,25.0437802 ]
    },
    "properties": {
    "city":"台北市",
    "name":"中華電信股份有限公司台北營運處頂好服務中心",
    "address":"106臺北市大安區光武里敦化南路1段158號1樓"
    }
  },
  {
    "type": "Feature",
    "geometry": {
       "type": "Point",
       "coordinates":  [ 121.5480791,25.0248315 ]
    },
    "properties": {
    "city":"台北市",
    "name":"中華電信股份有限公司台北營運處敦南服務中心",
    "address":"106臺北市敦化南路二段162號"
    }
  },
  {
    "type": "Feature",
    "geometry": {
       "type": "Point",
       "coordinates":  [ 121.5410618,24.9908783 ]
    },
    "properties": {
    "city":"台北市",
    "name":"中華電信股份有限公司台北營運處景文服務中心",
    "address":"116臺北市文山區景文街60號"
    }
  },
  {
    "type": "Feature",
    "geometry": {
       "type": "Point",
       "coordinates":  [ 121.5423526,24.9972672 ]
    },
    "properties": {
    "city":"台北市",
    "name":"中華電信股份有限公司台北營運處景美服務中心",
    "address":"116臺北市羅斯福路六段159巷19號"
    }
  },
  {
    "type": "Feature",
    "geometry": {
       "type": "Point",
       "coordinates":  [ 121.5461629,25.1512266 ]
    },
    "properties": {
    "city":"台北市",
    "name":"中華電信股份有限公司台北營運處陽明山服務中心",
    "address":"112臺北市北投區紗帽路139號"
    }
  },
  {
    "type": "Feature",
    "geometry": {
       "type": "Point",
       "coordinates":  [ 121.5310249,25.1088063 ]
    },
    "properties": {
    "city":"台北市",
    "name":"中華電信股份有限公司台北營運處德行東服務中心",
    "address":"111臺北市士林區德行東路177號"
    }
  },
  {
    "type": "Feature",
    "geometry": {
       "type": "Point",
       "coordinates":  [ 121.5109404,25.0654768 ]
    },
    "properties": {
    "city":"台北市",
    "name":"中華電信股份有限公司高雄營運處橋頭服務中心",
    "address":"103臺北市大同區延平北路三段68號"
    }
  },
  {
    "type": "Feature",
    "geometry": {
       "type": "Point",
       "coordinates":  [ 121.575196,25.0800142 ]
    },
    "properties": {
    "city":"台北市",
    "name":"中華電信股份有限司公司台北營運處內湖服務中心",
    "address":"114臺北市內湖區港墘里內湖路1段596號"
    }
  },
  {
    "type": "Feature",
    "geometry": {
       "type": "Point",
       "coordinates":  [ 121.589911,25.080055 ]
    },
    "properties": {
    "city":"台北市",
    "name":"內德傢俱生活館",
    "address":"114台北市內湖區成功路三段152號1樓"
    }
  },
  {
    "type": "Feature",
    "geometry": {
       "type": "Point",
       "coordinates":  [ 121.5229719,25.0267596 ]
    },
    "properties": {
    "city":"台北市",
    "name":"北都汽車股份有限公司-大安營業所",
    "address":"106台北市大安區和平東路2段128號"
    }
  },
  {
    "type": "Feature",
    "geometry": {
       "type": "Point",
       "coordinates":  [ 121.575196,25.0800142 ]
    },
    "properties": {
    "city":"台北市",
    "name":"北都汽車股份有限公司-內湖營業所",
    "address":"114台北市內湖區內湖路1段91巷34號"
    }
  },
  {
    "type": "Feature",
    "geometry": {
       "type": "Point",
       "coordinates":  [ 121.5402161,24.9983222 ]
    },
    "properties": {
    "city":"台北市",
    "name":"北都汽車股份有限公司-文山營業所",
    "address":"116台北市文山區羅斯福路6段88號1樓"
    }
  },
  {
    "type": "Feature",
    "geometry": {
       "type": "Point",
       "coordinates":  [ 121.5942669,25.0548959 ]
    },
    "properties": {
    "city":"台北市",
    "name":"北都汽車股份有限公司-南港營業所",
    "address":"115台北市南港區南港路2段312號2樓"
    }
  },
  {
    "type": "Feature",
    "geometry": {
       "type": "Point",
       "coordinates":  [ 121.5493984,25.048028 ]
    },
    "properties": {
    "city":"台北市",
    "name":"北都汽車股份有限公司-敦化營業所",
    "address":"105台北市松山區八德路3段2號1樓"
    }
  },
  {
    "type": "Feature",
    "geometry": {
       "type": "Point",
       "coordinates":  [ 121.4999928,25.0392644 ]
    },
    "properties": {
    "city":"台北市",
    "name":"北都汽車股份有限公司-雙園營業所",
    "address":"108台北市萬華區西園路2段159號161號　"
    }
  },
  {
    "type": "Feature",
    "geometry": {
       "type": "Point",
       "coordinates":  [ 121.5245943,25.105306 ]
    },
    "properties": {
    "city":"台北市",
    "name":"台象股份有限公司-象印SOGO天母據點",
    "address":"111臺北市士林區中山北路六段77號6樓"
    }
  },
  {
    "type": "Feature",
    "geometry": {
       "type": "Point",
       "coordinates":  [ 121.5449392,25.0417855 ]
    },
    "properties": {
    "city":"台北市",
    "name":"台象股份有限公司-象印SOGO忠孝據點",
    "address":"106臺北市大安區忠孝東路四段45號?8F"
    }
  },
  {
    "type": "Feature",
    "geometry": {
       "type": "Point",
       "coordinates":  [ 121.5432417,25.0408932 ]
    },
    "properties": {
    "city":"台北市",
    "name":"台象股份有限公司-象印SOGO復興據點",
    "address":"106臺北市大安區忠孝東路三段300號8F"
    }
  },
  {
    "type": "Feature",
    "geometry": {
       "type": "Point",
       "coordinates":  [ 121.5315215,25.1118264 ]
    },
    "properties": {
    "city":"台北市",
    "name":"台象股份有限公司-象印大葉高島屋據點",
    "address":"111臺北市士林區忠誠路二段55號12F"
    }
  },
  {
    "type": "Feature",
    "geometry": {
       "type": "Point",
       "coordinates":  [ 121.5232939,25.1091372 ]
    },
    "properties": {
    "city":"台北市",
    "name":"台象股份有限公司-象印天母服務中心",
    "address":"111臺北市士林區克強路30號1樓"
    }
  },
  {
    "type": "Feature",
    "geometry": {
       "type": "Point",
       "coordinates":  [ 121.534111,25.048312 ]
    },
    "properties": {
    "city":"台北市",
    "name":"台象股份有限公司-象印長安服務中心",
    "address":"104臺北市中山區長安東路二段80號1樓"
    }
  },
  {
    "type": "Feature",
    "geometry": {
       "type": "Point",
       "coordinates":  [ 121.6125959,25.061332 ]
    },
    "properties": {
    "city":"台北市",
    "name":"台象股份有限公司-象印南港服務中心",
    "address":"115臺北市南港區重陽路528號1樓"
    }
  },
  {
    "type": "Feature",
    "geometry": {
       "type": "Point",
       "coordinates":  [ 121.5571648,25.0833072 ]
    },
    "properties": {
    "city":"台北市",
    "name":"台象股份有限公司-象印美麗華據點",
    "address":"104臺北市中山區敬業三路20號3F"
    }
  },
  {
    "type": "Feature",
    "geometry": {
       "type": "Point",
       "coordinates":  [ 121.5652968,25.0406521 ]
    },
    "properties": {
    "city":"台北市",
    "name":"台象股份有限公司-象印統一時代台北據點",
    "address":"110臺北市信義區忠孝東路5段8號6F"
    }
  },
  {
    "type": "Feature",
    "geometry": {
       "type": "Point",
       "coordinates":  [ 121.5666702,25.0387489 ]
    },
    "properties": {
    "city":"台北市",
    "name":"台象股份有限公司-象印新光信義A8據點",
    "address":"108臺北市萬華區松高路12號7F"
    }
  },
  {
    "type": "Feature",
    "geometry": {
       "type": "Point",
       "coordinates":  [ 121.5211214,25.0523771 ]
    },
    "properties": {
    "city":"台北市",
    "name":"台象股份有限公司-象印新光南西據點",
    "address":"104臺北市中山區臺北市中山區南京西路12號7F"
    }
  },
  {
    "type": "Feature",
    "geometry": {
       "type": "Point",
       "coordinates":  [ 121.5153112,25.0459441 ]
    },
    "properties": {
    "city":"台北市",
    "name":"台象股份有限公司-象印新光站前據點",
    "address":"100臺北市中正區忠孝西路一段66號10F"
    }
  },
  {
    "type": "Feature",
    "geometry": {
       "type": "Point",
       "coordinates":  [ 121.5090779,25.0415964 ]
    },
    "properties": {
    "city":"台北市",
    "name":"台象股份有限公司-象印遠東寶慶據點",
    "address":"100臺北市中正區寶慶路32號8F"
    }
  },
  {
    "type": "Feature",
    "geometry": {
       "type": "Point",
       "coordinates":  [ 121.5541264,25.0552958 ]
    },
    "properties": {
    "city":"台北市",
    "name":"台灣歐德系統傢俱健安店",
    "address":"105臺北市松山區"
    }
  },
  {
    "type": "Feature",
    "geometry": {
       "type": "Point",
       "coordinates":  [ 121.562324,25.033259 ]
    },
    "properties": {
    "city":"台北市",
    "name":"全家便利商店股份有限公司１０１分公司",
    "address":"110臺北市信義區信義路五段７號３５樓"
    }
  },
  {
    "type": "Feature",
    "geometry": {
       "type": "Point",
       "coordinates":  [ 121.556616,24.9792896 ]
    },
    "properties": {
    "city":"台北市",
    "name":"全家便利商店股份有限公司-一壽店",
    "address":"116臺北市文山區一壽街４４巷１號"
    }
  },
  {
    "type": "Feature",
    "geometry": {
       "type": "Point",
       "coordinates":  [ 121.5448299,25.05159 ]
    },
    "properties": {
    "city":"台北市",
    "name":"全家便利商店股份有限公司-力晶店",
    "address":"105臺北市松山區南京東路三段２５８號"
    }
  },
  {
    "type": "Feature",
    "geometry": {
       "type": "Point",
       "coordinates":  [ 121.5861291,25.0687168 ]
    },
    "properties": {
    "city":"台北市",
    "name":"全家便利商店股份有限公司-三民店",
    "address":"114臺北市內湖區民權東路六段９０巷１號"
    }
  },
  {
    "type": "Feature",
    "geometry": {
       "type": "Point",
       "coordinates":  [ 121.5594999,25.0317358 ]
    },
    "properties": {
    "city":"台北市",
    "name":"全家便利商店股份有限公司-三興店",
    "address":"110臺北市信義區吳興街７號"
    }
  },
  {
    "type": "Feature",
    "geometry": {
       "type": "Point",
       "coordinates":  [ 121.5271204,25.0976484 ]
    },
    "properties": {
    "city":"台北市",
    "name":"全家便利商店股份有限公司-士林店",
    "address":"111臺北市士林區中山北路５段６９７號"
    }
  },
  {
    "type": "Feature",
    "geometry": {
       "type": "Point",
       "coordinates":  [ 121.5288786,25.1119839 ]
    },
    "properties": {
    "city":"台北市",
    "name":"全家便利商店股份有限公司-士誠店",
    "address":"111臺北市士林區士東路８６號"
    }
  },
  {
    "type": "Feature",
    "geometry": {
       "type": "Point",
       "coordinates":  [ 121.562632,25.0497322 ]
    },
    "properties": {
    "city":"台北市",
    "name":"全家便利商店股份有限公司-大吉店",
    "address":"105臺北市松山區八德路四段２４５巷３２弄６７號"
    }
  },
  {
    "type": "Feature",
    "geometry": {
       "type": "Point",
       "coordinates":  [ 121.4972302,25.1321269 ]
    },
    "properties": {
    "city":"台北市",
    "name":"全家便利商店股份有限公司-大同店",
    "address":"112臺北市北投區大業路４５２巷３１號"
    }
  },
  {
    "type": "Feature",
    "geometry": {
       "type": "Point",
       "coordinates":  [ 121.546077,25.0440817 ]
    },
    "properties": {
    "city":"台北市",
    "name":"全家便利商店股份有限公司-大安店",
    "address":"106臺北市大安區大安路一段２０號"
    }
  },
  {
    "type": "Feature",
    "geometry": {
       "type": "Point",
       "coordinates":  [ 121.521369,25.0326463 ]
    },
    "properties": {
    "city":"台北市",
    "name":"全家便利商店股份有限公司-大孝店",
    "address":"100臺北市中正區愛國東路１１２號１樓．２樓"
    }
  },
  {
    "type": "Feature",
    "geometry": {
       "type": "Point",
       "coordinates":  [ 121.5465692,25.0821641 ]
    },
    "properties": {
    "city":"台北市",
    "name":"全家便利商店股份有限公司-大直店",
    "address":"104臺北市中山區大直街３３巷１號"
    }
  },
  {
    "type": "Feature",
    "geometry": {
       "type": "Point",
       "coordinates":  [ 121.5249249,25.0894211 ]
    },
    "properties": {
    "city":"台北市",
    "name":"全家便利商店股份有限公司-大南店",
    "address":"111臺北市士林區大南路５２號"
    }
  },
  {
    "type": "Feature",
    "geometry": {
       "type": "Point",
       "coordinates":  [ 121.559984,25.0498209 ]
    },
    "properties": {
    "city":"台北市",
    "name":"全家便利商店股份有限公司-大理店",
    "address":"105臺北市松山區光復北路１１巷５０號１樓"
    }
  },
  {
    "type": "Feature",
    "geometry": {
       "type": "Point",
       "coordinates":  [ 121.560335,25.0508098 ]
    },
    "properties": {
    "city":"台北市",
    "name":"全家便利商店股份有限公司-大盛店",
    "address":"105臺北市松山區南京東路五段６６巷２弄１之１號１樓"
    }
  },
  {
    "type": "Feature",
    "geometry": {
       "type": "Point",
       "coordinates":  [ 121.5349397,25.0507233 ]
    },
    "properties": {
    "city":"台北市",
    "name":"全家便利商店股份有限公司-大通店",
    "address":"104臺北市中山區伊通街３９號１樓"
    }
  },
  {
    "type": "Feature",
    "geometry": {
       "type": "Point",
       "coordinates":  [ 121.5215466,25.0848517 ]
    },
    "properties": {
    "city":"台北市",
    "name":"全家便利商店股份有限公司-大港店",
    "address":"111臺北市士林區前港街３９號"
    }
  },
  {
    "type": "Feature",
    "geometry": {
       "type": "Point",
       "coordinates":  [ 121.498425,25.1298624 ]
    },
    "properties": {
    "city":"台北市",
    "name":"全家便利商店股份有限公司-大業店",
    "address":"112臺北市北投區大興街２２號"
    }
  },
  {
    "type": "Feature",
    "geometry": {
       "type": "Point",
       "coordinates":  [ 121.5826065,25.0407643 ]
    },
    "properties": {
    "city":"台北市",
    "name":"全家便利商店股份有限公司-大道店",
    "address":"110臺北市信義區大道路７９號１樓"
    }
  },
  {
    "type": "Feature",
    "geometry": {
       "type": "Point",
       "coordinates":  [ 121.5161068,25.0673828 ]
    },
    "properties": {
    "city":"台北市",
    "name":"全家便利商店股份有限公司-大龍店",
    "address":"103臺北市大同區大龍街１３３號１樓"
    }
  },
  {
    "type": "Feature",
    "geometry": {
       "type": "Point",
       "coordinates":  [ 121.6118825,25.0584861 ]
    },
    "properties": {
    "city":"台北市",
    "name":"全家便利商店股份有限公司-工業二店",
    "address":"115臺北市南港區園區街３號２樓之７"
    }
  },
  {
    "type": "Feature",
    "geometry": {
       "type": "Point",
       "coordinates":  [ 121.6147851,25.0574718 ]
    },
    "properties": {
    "city":"台北市",
    "name":"全家便利商店股份有限公司-工業三店",
    "address":"115臺北市南港區三重路６６之２號１樓"
    }
  },
  {
    "type": "Feature",
    "geometry": {
       "type": "Point",
       "coordinates":  [ 121.6130682,25.0576226 ]
    },
    "properties": {
    "city":"台北市",
    "name":"全家便利商店股份有限公司-工業店",
    "address":"115臺北市南港區三重路１９之４號"
    }
  },
  {
    "type": "Feature",
    "geometry": {
       "type": "Point",
       "coordinates":  [ 121.5519991,25.0581563 ]
    },
    "properties": {
    "city":"台北市",
    "name":"全家便利商店股份有限公司-中央店",
    "address":"105臺北市松山區民生東路四段９５號"
    }
  },
  {
    "type": "Feature",
    "geometry": {
       "type": "Point",
       "coordinates":  [ 121.5009095,25.1399618 ]
    },
    "properties": {
    "city":"台北市",
    "name":"全家便利商店股份有限公司-中永店",
    "address":"112臺北市北投區開明里中和街２５２號一樓"
    }
  },
  {
    "type": "Feature",
    "geometry": {
       "type": "Point",
       "coordinates":  [ 121.4951623,25.1451252 ]
    },
    "properties": {
    "city":"台北市",
    "name":"全家便利商店股份有限公司-中和店",
    "address":"112臺北市北投區中和街４９１號１Ｆ"
    }
  },
  {
    "type": "Feature",
    "geometry": {
       "type": "Point",
       "coordinates":  [ 121.5525599,25.0462579 ]
    },
    "properties": {
    "city":"台北市",
    "name":"全家便利商店股份有限公司-中崙店",
    "address":"105臺北市松山區八德路三段７４巷４３號"
    }
  },
  {
    "type": "Feature",
    "geometry": {
       "type": "Point",
       "coordinates":  [ 121.6014644,25.0562014 ]
    },
    "properties": {
    "city":"台北市",
    "name":"全家便利商店股份有限公司-中視店",
    "address":"115臺北市南港區興南街３９號１樓"
    }
  },
  {
    "type": "Feature",
    "geometry": {
       "type": "Point",
       "coordinates":  [ 121.5229653,25.055981 ]
    },
    "properties": {
    "city":"台北市",
    "name":"全家便利商店股份有限公司-中賓店",
    "address":"104臺北市中山區中山里中山北路二段５９之３號１樓"
    }
  },
  {
    "type": "Feature",
    "geometry": {
       "type": "Point",
       "coordinates":  [ 121.5406666,25.0562798 ]
    },
    "properties": {
    "city":"台北市",
    "name":"全家便利商店股份有限公司-中興店",
    "address":"104臺北市中山區龍江路２０１號１Ｆ"
    }
  },
  {
    "type": "Feature",
    "geometry": {
       "type": "Point",
       "coordinates":  [ 121.5397161,25.0654838 ]
    },
    "properties": {
    "city":"台北市",
    "name":"全家便利商店股份有限公司-五常店",
    "address":"104臺北市中山區五常街５３巷２３號１號"
    }
  },
  {
    "type": "Feature",
    "geometry": {
       "type": "Point",
       "coordinates":  [ 121.5470274,25.0371086 ]
    },
    "properties": {
    "city":"台北市",
    "name":"全家便利商店股份有限公司-仁慈店",
    "address":"106臺北市大安區仁愛路四段４８巷６號"
    }
  },
  {
    "type": "Feature",
    "geometry": {
       "type": "Point",
       "coordinates":  [ 121.591802,25.0684406 ]
    },
    "properties": {
    "city":"台北市",
    "name":"全家便利商店股份有限公司-內華店",
    "address":"114臺北市內湖區民權東路六段１６２號"
    }
  },
  {
    "type": "Feature",
    "geometry": {
       "type": "Point",
       "coordinates":  [ 121.5575853,25.0198567 ]
    },
    "properties": {
    "city":"台北市",
    "name":"全家便利商店股份有限公司-六張黎店",
    "address":"110臺北市信義區和平東路三段３８７號"
    }
  },
  {
    "type": "Feature",
    "geometry": {
       "type": "Point",
       "coordinates":  [ 121.5040012,25.0255283 ]
    },
    "properties": {
    "city":"台北市",
    "name":"全家便利商店股份有限公司-公園店",
    "address":"108臺北市萬華區青年路４８號"
    }
  },
  {
    "type": "Feature",
    "geometry": {
       "type": "Point",
       "coordinates":  [ 121.534456,25.0136495 ]
    },
    "properties": {
    "city":"台北市",
    "name":"全家便利商店股份有限公司-公館店",
    "address":"100臺北市中正區汀州路三段２５１號"
    }
  },
  {
    "type": "Feature",
    "geometry": {
       "type": "Point",
       "coordinates":  [ 121.5195316,25.0970573 ]
    },
    "properties": {
    "city":"台北市",
    "name":"全家便利商店股份有限公司-天文店",
    "address":"111臺北市士林區美崙街１１８號"
    }
  },
  {
    "type": "Feature",
    "geometry": {
       "type": "Point",
       "coordinates":  [ 121.5291356,25.1201717 ]
    },
    "properties": {
    "city":"台北市",
    "name":"全家便利商店股份有限公司-天玉店",
    "address":"111臺北市士林區天玉街３８巷１１之３號１樓"
    }
  },
  {
    "type": "Feature",
    "geometry": {
       "type": "Point",
       "coordinates":  [ 121.5326821,25.1179057 ]
    },
    "properties": {
    "city":"台北市",
    "name":"全家便利商店股份有限公司-天成店",
    "address":"111臺北市士林區天福里天母東路３６號之５，之６"
    }
  },
  {
    "type": "Feature",
    "geometry": {
       "type": "Point",
       "coordinates":  [ 121.5355171,25.1182695 ]
    },
    "properties": {
    "city":"台北市",
    "name":"全家便利商店股份有限公司-天和店",
    "address":"111臺北市士林區天母東路８３號"
    }
  },
  {
    "type": "Feature",
    "geometry": {
       "type": "Point",
       "coordinates":  [ 121.5157275,25.0517999 ]
    },
    "properties": {
    "city":"台北市",
    "name":"全家便利商店股份有限公司-太原店",
    "address":"103臺北市大同區太原路８１號１樓"
    }
  },
  {
    "type": "Feature",
    "geometry": {
       "type": "Point",
       "coordinates":  [ 121.5490945,25.1371454 ]
    },
    "properties": {
    "city":"台北市",
    "name":"全家便利商店股份有限公司-文大店",
    "address":"111臺北市士林區華崗路５５號"
    }
  },
  {
    "type": "Feature",
    "geometry": {
       "type": "Point",
       "coordinates":  [ 121.4951654,25.1368134 ]
    },
    "properties": {
    "city":"台北市",
    "name":"全家便利商店股份有限公司-文化店",
    "address":"112臺北市北投區中央北路二段９７號１樓"
    }
  },
  {
    "type": "Feature",
    "geometry": {
       "type": "Point",
       "coordinates":  [ 121.5325351,25.0150586 ]
    },
    "properties": {
    "city":"台北市",
    "name":"全家便利商店股份有限公司-文盛店",
    "address":"100臺北市中正區汀州路三段１７３號"
    }
  },
  {
    "type": "Feature",
    "geometry": {
       "type": "Point",
       "coordinates":  [ 121.5246559,25.0359278 ]
    },
    "properties": {
    "city":"台北市",
    "name":"全家便利商店股份有限公司-文祥店",
    "address":"100臺北市中正區杭州南路一段１４７號"
    }
  },
  {
    "type": "Feature",
    "geometry": {
       "type": "Point",
       "coordinates":  [ 121.56268,25.0868311 ]
    },
    "properties": {
    "city":"台北市",
    "name":"全家便利商店股份有限公司-文湖店",
    "address":"114臺北市內湖區文湖街５９號"
    }
  },
  {
    "type": "Feature",
    "geometry": {
       "type": "Point",
       "coordinates":  [ 121.5231169,25.0501123 ]
    },
    "properties": {
    "city":"台北市",
    "name":"全家便利商店股份有限公司-日津店",
    "address":"104臺北市中山區正義里天津街４７號１樓及地下室"
    }
  },
  {
    "type": "Feature",
    "geometry": {
       "type": "Point",
       "coordinates":  [ 121.5023553,25.0211159 ]
    },
    "properties": {
    "city":"台北市",
    "name":"全家便利商店股份有限公司-日祥店",
    "address":"108臺北市萬華區青年路１５４號、１６８巷２弄１４號１樓"
    }
  },
  {
    "type": "Feature",
    "geometry": {
       "type": "Point",
       "coordinates":  [ 121.5181211,25.0580669 ]
    },
    "properties": {
    "city":"台北市",
    "name":"全家便利商店股份有限公司-日新店",
    "address":"103臺北市大同區承德路二段３９＆４１號１樓"
    }
  },
  {
    "type": "Feature",
    "geometry": {
       "type": "Point",
       "coordinates":  [ 121.568612,24.988804 ]
    },
    "properties": {
    "city":"台北市",
    "name":"全家便利商店股份有限公司-木柵路店",
    "address":"116臺北市文山區木柵路三段１４８號１５０號"
    }
  },
  {
    "type": "Feature",
    "geometry": {
       "type": "Point",
       "coordinates":  [ 121.5595052,24.9814114 ]
    },
    "properties": {
    "city":"台北市",
    "name":"全家便利商店股份有限公司-木新店",
    "address":"116臺北市文山區木新路３段３３３．３３５號"
    }
  },
  {
    "type": "Feature",
    "geometry": {
       "type": "Point",
       "coordinates":  [ 121.5682525,24.9889175 ]
    },
    "properties": {
    "city":"台北市",
    "name":"全家便利商店股份有限公司-木興店",
    "address":"116臺北市文山區木柵路２段５２號"
    }
  },
  {
    "type": "Feature",
    "geometry": {
       "type": "Point",
       "coordinates":  [ 121.5352162,25.012832 ]
    },
    "properties": {
    "city":"台北市",
    "name":"全家便利商店股份有限公司-水源店",
    "address":"100臺北市中正區汀州路三段２６１號"
    }
  },
  {
    "type": "Feature",
    "geometry": {
       "type": "Point",
       "coordinates":  [ 121.5478771,24.9982148 ]
    },
    "properties": {
    "city":"台北市",
    "name":"全家便利商店股份有限公司-仙岩店",
    "address":"116臺北市文山區仙岩路２號"
    }
  },
  {
    "type": "Feature",
    "geometry": {
       "type": "Point",
       "coordinates":  [ 121.5424885,25.060085 ]
    },
    "properties": {
    "city":"台北市",
    "name":"全家便利商店股份有限公司-北大店",
    "address":"104臺北市中山區錦州街４２８號"
    }
  },
  {
    "type": "Feature",
    "geometry": {
       "type": "Point",
       "coordinates":  [ 121.5043178,25.1362387 ]
    },
    "properties": {
    "city":"台北市",
    "name":"全家便利商店股份有限公司-北投店",
    "address":"112臺北市北投區光明路２１８之１號"
    }
  },
  {
    "type": "Feature",
    "geometry": {
       "type": "Point",
       "coordinates":  [ 121.535993,25.0421077 ]
    },
    "properties": {
    "city":"台北市",
    "name":"全家便利商店股份有限公司-北科大店",
    "address":"106臺北市大安區大安區忠孝東路三段１號"
    }
  },
  {
    "type": "Feature",
    "geometry": {
       "type": "Point",
       "coordinates":  [ 121.5456702,25.0782435 ]
    },
    "properties": {
    "city":"台北市",
    "name":"全家便利商店股份有限公司-北鄰店",
    "address":"104臺北市中山區北安路４５８巷４７弄１３號１樓"
    }
  },
  {
    "type": "Feature",
    "geometry": {
       "type": "Point",
       "coordinates":  [ 121.5637915,25.0270622 ]
    },
    "properties": {
    "city":"台北市",
    "name":"全家便利商店股份有限公司-北醫店",
    "address":"110臺北市信義區吳興街２６３號"
    }
  },
  {
    "type": "Feature",
    "geometry": {
       "type": "Point",
       "coordinates":  [ 121.5449669,25.060234 ]
    },
    "properties": {
    "city":"台北市",
    "name":"全家便利商店股份有限公司-北權店",
    "address":"105臺北市松山區民權東路三段１０６巷１１號"
    }
  },
  {
    "type": "Feature",
    "geometry": {
       "type": "Point",
       "coordinates":  [ 121.514443,25.0452935 ]
    },
    "properties": {
    "city":"台北市",
    "name":"全家便利商店股份有限公司-仟囍店",
    "address":"100臺北市中正區漢口街一段１５號"
    }
  },
  {
    "type": "Feature",
    "geometry": {
       "type": "Point",
       "coordinates":  [ 121.5245431,25.0246795 ]
    },
    "properties": {
    "city":"台北市",
    "name":"全家便利商店股份有限公司-古亭店",
    "address":"106臺北市大安區羅斯福路２段１０３號"
    }
  },
  {
    "type": "Feature",
    "geometry": {
       "type": "Point",
       "coordinates":  [ 121.5478143,25.0310794 ]
    },
    "properties": {
    "city":"台北市",
    "name":"全家便利商店股份有限公司-四維店",
    "address":"106臺北市大安區住安里四維路１５４巷１號一樓"
    }
  },
  {
    "type": "Feature",
    "geometry": {
       "type": "Point",
       "coordinates":  [ 121.562324,25.0332591 ]
    },
    "properties": {
    "city":"台北市",
    "name":"全家便利商店股份有限公司-外貿店",
    "address":"110臺北市信義區信義路五段５號２樓"
    }
  },
  {
    "type": "Feature",
    "geometry": {
       "type": "Point",
       "coordinates":  [ 121.5206068,25.048549 ]
    },
    "properties": {
    "city":"台北市",
    "name":"全家便利商店股份有限公司-市民店",
    "address":"104臺北市中山區中山北路一段５８號"
    }
  },
  {
    "type": "Feature",
    "geometry": {
       "type": "Point",
       "coordinates":  [ 121.5645397,25.0371645 ]
    },
    "properties": {
    "city":"台北市",
    "name":"全家便利商店股份有限公司-市府店",
    "address":"110臺北市信義區市府路１號地下二樓"
    }
  },
  {
    "type": "Feature",
    "geometry": {
       "type": "Point",
       "coordinates":  [ 121.5265583,25.0487925 ]
    },
    "properties": {
    "city":"台北市",
    "name":"全家便利商店股份有限公司-正義店",
    "address":"104臺北市中山區長安東路一段５５號"
    }
  },
  {
    "type": "Feature",
    "geometry": {
       "type": "Point",
       "coordinates":  [ 121.564867,25.058056 ]
    },
    "properties": {
    "city":"台北市",
    "name":"全家便利商店股份有限公司-民東店",
    "address":"105臺北市松山區新東街１１巷２８號"
    }
  },
  {
    "type": "Feature",
    "geometry": {
       "type": "Point",
       "coordinates":  [ 121.5395513,25.0667374 ]
    },
    "properties": {
    "city":"台北市",
    "name":"全家便利商店股份有限公司-民族店",
    "address":"104臺北市中山區民族東路４１０巷２３弄２４號"
    }
  },
  {
    "type": "Feature",
    "geometry": {
       "type": "Point",
       "coordinates":  [ 121.5533018,25.0574094 ]
    },
    "properties": {
    "city":"台北市",
    "name":"全家便利商店股份有限公司-民復店",
    "address":"105臺北市松山區民生東路四段８０巷３號１Ｆ"
    }
  },
  {
    "type": "Feature",
    "geometry": {
       "type": "Point",
       "coordinates":  [ 121.5741592,25.0457259 ]
    },
    "properties": {
    "city":"台北市",
    "name":"全家便利商店股份有限公司-永吉二店",
    "address":"110臺北市信義區永吉路２２３號"
    }
  },
  {
    "type": "Feature",
    "geometry": {
       "type": "Point",
       "coordinates":  [ 121.549484,25.08286 ]
    },
    "properties": {
    "city":"台北市",
    "name":"全家便利商店股份有限公司-永安店",
    "address":"104臺北市中山區北安路６３０巷７號１樓"
    }
  },
  {
    "type": "Feature",
    "geometry": {
       "type": "Point",
       "coordinates":  [ 121.572162,25.043543 ]
    },
    "properties": {
    "city":"台北市",
    "name":"全家便利商店股份有限公司-永孝店",
    "address":"110臺北市信義區松信路１４５號"
    }
  },
  {
    "type": "Feature",
    "geometry": {
       "type": "Point",
       "coordinates":  [ 121.5762287,25.0434378 ]
    },
    "properties": {
    "city":"台北市",
    "name":"全家便利商店股份有限公司-永林店",
    "address":"110臺北市信義區虎林街８２巷２３號"
    }
  },
  {
    "type": "Feature",
    "geometry": {
       "type": "Point",
       "coordinates":  [ 121.5653136,25.0419415 ]
    },
    "properties": {
    "city":"台北市",
    "name":"全家便利商店股份有限公司-永隆店",
    "address":"110臺北市信義區基隆路１段１４７巷７號"
    }
  },
  {
    "type": "Feature",
    "geometry": {
       "type": "Point",
       "coordinates":  [ 121.5079313,25.0876911 ]
    },
    "properties": {
    "city":"台北市",
    "name":"全家便利商店股份有限公司-永新店",
    "address":"111臺北市士林區社子街２７號"
    }
  },
  {
    "type": "Feature",
    "geometry": {
       "type": "Point",
       "coordinates":  [ 121.4993836,25.138825 ]
    },
    "properties": {
    "city":"台北市",
    "name":"全家便利商店股份有限公司-永興店",
    "address":"112臺北市北投區中庸里永興路一段１號、３號一樓"
    }
  },
  {
    "type": "Feature",
    "geometry": {
       "type": "Point",
       "coordinates":  [ 121.5251401,25.0586922 ]
    },
    "properties": {
    "city":"台北市",
    "name":"全家便利商店股份有限公司-玉林店",
    "address":"104臺北市中山區民生東路一段２７巷１５號"
    }
  },
  {
    "type": "Feature",
    "geometry": {
       "type": "Point",
       "coordinates":  [ 121.5066243,25.1185065 ]
    },
    "properties": {
    "city":"台北市",
    "name":"全家便利商店股份有限公司-立農店",
    "address":"112臺北市北投區北投吉利街１１４號"
    }
  },
  {
    "type": "Feature",
    "geometry": {
       "type": "Point",
       "coordinates":  [ 121.5053128,25.1165203 ]
    },
    "properties": {
    "city":"台北市",
    "name":"全家便利商店股份有限公司-立賢店",
    "address":"112臺北市北投區立賢里承德路七段２９０號"
    }
  },
  {
    "type": "Feature",
    "geometry": {
       "type": "Point",
       "coordinates":  [ 121.4991801,25.1326405 ]
    },
    "properties": {
    "city":"台北市",
    "name":"全家便利商店股份有限公司-光明店",
    "address":"112臺北市北投區光明路２３號，２５號"
    }
  },
  {
    "type": "Feature",
    "geometry": {
       "type": "Point",
       "coordinates":  [ 121.5580605,25.0352215 ]
    },
    "properties": {
    "city":"台北市",
    "name":"全家便利商店股份有限公司-光復南路店",
    "address":"110臺北市信義區光復南路４４７之２號"
    }
  },
  {
    "type": "Feature",
    "geometry": {
       "type": "Point",
       "coordinates":  [ 121.5327228,25.0470084 ]
    },
    "properties": {
    "city":"台北市",
    "name":"全家便利商店股份有限公司-光華店",
    "address":"104臺北市中山區松江路２４之１號"
    }
  },
  {
    "type": "Feature",
    "geometry": {
       "type": "Point",
       "coordinates":  [ 121.5573165,25.0365381 ]
    },
    "properties": {
    "city":"台北市",
    "name":"全家便利商店股份有限公司-光新店",
    "address":"106臺北市大安區光復南路４１８號"
    }
  },
  {
    "type": "Feature",
    "geometry": {
       "type": "Point",
       "coordinates":  [ 121.5264762,25.0665912 ]
    },
    "properties": {
    "city":"台北市",
    "name":"全家便利商店股份有限公司-光輝店",
    "address":"104臺北市中山區晴光里德惠街３４之２號一樓"
    }
  },
  {
    "type": "Feature",
    "geometry": {
       "type": "Point",
       "coordinates":  [ 121.561556,24.9949639 ]
    },
    "properties": {
    "city":"台北市",
    "name":"全家便利商店股份有限公司-再興店",
    "address":"116臺北市文山區興隆路３段２０７巷１１弄２號"
    }
  },
  {
    "type": "Feature",
    "geometry": {
       "type": "Point",
       "coordinates":  [ 121.4954784,25.0277056 ]
    },
    "properties": {
    "city":"台北市",
    "name":"全家便利商店股份有限公司-吉利店",
    "address":"108臺北市萬華區東園街１２號"
    }
  },
  {
    "type": "Feature",
    "geometry": {
       "type": "Point",
       "coordinates":  [ 121.5301264,25.0620869 ]
    },
    "properties": {
    "city":"台北市",
    "name":"全家便利商店股份有限公司-吉林店",
    "address":"104臺北市中山區吉林路３１４號"
    }
  },
  {
    "type": "Feature",
    "geometry": {
       "type": "Point",
       "coordinates":  [ 121.5289611,25.056392 ]
    },
    "properties": {
    "city":"台北市",
    "name":"全家便利商店股份有限公司-吉原店",
    "address":"104臺北市中山區中原街２７號"
    }
  },
  {
    "type": "Feature",
    "geometry": {
       "type": "Point",
       "coordinates":  [ 121.5958986,25.0550886 ]
    },
    "properties": {
    "city":"台北市",
    "name":"全家便利商店股份有限公司-向陽店",
    "address":"115臺北市南港區東新里重陽路１６號一樓"
    }
  },
  {
    "type": "Feature",
    "geometry": {
       "type": "Point",
       "coordinates":  [ 121.5692402,25.0063952 ]
    },
    "properties": {
    "city":"台北市",
    "name":"全家便利商店股份有限公司-名門店",
    "address":"116臺北市文山區軍功路１０９號"
    }
  },
  {
    "type": "Feature",
    "geometry": {
       "type": "Point",
       "coordinates":  [ 121.5533299,25.0196611 ]
    },
    "properties": {
    "city":"台北市",
    "name":"全家便利商店股份有限公司-安居店",
    "address":"106臺北市大安區安居街７６號"
    }
  },
  {
    "type": "Feature",
    "geometry": {
       "type": "Point",
       "coordinates":  [ 121.5692149,25.0248594 ]
    },
    "properties": {
    "city":"台北市",
    "name":"全家便利商店股份有限公司-安興店",
    "address":"110臺北市信義區松仁路２３８號"
    }
  },
  {
    "type": "Feature",
    "geometry": {
       "type": "Point",
       "coordinates":  [ 121.5450372,25.0256117 ]
    },
    "properties": {
    "city":"台北市",
    "name":"全家便利商店股份有限公司-成功店",
    "address":"106臺北市大安區和平東路二段３１１巷３２號"
    }
  },
  {
    "type": "Feature",
    "geometry": {
       "type": "Point",
       "coordinates":  [ 121.504653,25.042805 ]
    },
    "properties": {
    "city":"台北市",
    "name":"全家便利商店股份有限公司-成都店",
    "address":"108臺北市萬華區昆明街１３４號；成都路８６號"
    }
  },
  {
    "type": "Feature",
    "geometry": {
       "type": "Point",
       "coordinates":  [ 121.5423503,25.050064 ]
    },
    "properties": {
    "city":"台北市",
    "name":"全家便利商店股份有限公司-朱崙店",
    "address":"104臺北市中山區朱崙街６７號"
    }
  },
  {
    "type": "Feature",
    "geometry": {
       "type": "Point",
       "coordinates":  [ 121.5425461,25.0621252 ]
    },
    "properties": {
    "city":"台北市",
    "name":"全家便利商店股份有限公司-江寧店",
    "address":"104臺北市中山區民權東路三段６４號１樓"
    }
  },
  {
    "type": "Feature",
    "geometry": {
       "type": "Point",
       "coordinates":  [ 121.5158233,25.1111436 ]
    },
    "properties": {
    "city":"台北市",
    "name":"全家便利商店股份有限公司-自強店",
    "address":"112臺北市北投區自強街８８號"
    }
  },
  {
    "type": "Feature",
    "geometry": {
       "type": "Point",
       "coordinates":  [ 121.5510662,25.1004967 ]
    },
    "properties": {
    "city":"台北市",
    "name":"全家便利商店股份有限公司-至善店",
    "address":"111臺北市士林區臨溪里至善路二段２６８號一樓"
    }
  },
  {
    "type": "Feature",
    "geometry": {
       "type": "Point",
       "coordinates":  [ 121.5142557,25.0461741 ]
    },
    "properties": {
    "city":"台北市",
    "name":"全家便利商店股份有限公司-西站店",
    "address":"100臺北市中正區懷寧街７之１號"
    }
  },
  {
    "type": "Feature",
    "geometry": {
       "type": "Point",
       "coordinates":  [ 121.549745,25.0541621 ]
    },
    "properties": {
    "city":"台北市",
    "name":"全家便利商店股份有限公司-宏大店",
    "address":"105臺北市松山區敦化北路１５５巷３號１樓"
    }
  },
  {
    "type": "Feature",
    "geometry": {
       "type": "Point",
       "coordinates":  [ 121.512802,25.047113 ]
    },
    "properties": {
    "city":"台北市",
    "name":"全家便利商店股份有限公司-宏啟店",
    "address":"100臺北市中正區忠孝西路一段９６號"
    }
  },
  {
    "type": "Feature",
    "geometry": {
       "type": "Point",
       "coordinates":  [ 121.5412002,25.0219043 ]
    },
    "properties": {
    "city":"台北市",
    "name":"全家便利商店股份有限公司-辛亥店",
    "address":"106臺北市大安區辛亥路二段１７１巷３號"
    }
  },
  {
    "type": "Feature",
    "geometry": {
       "type": "Point",
       "coordinates":  [ 121.5108099,25.042997 ]
    },
    "properties": {
    "city":"台北市",
    "name":"全家便利商店股份有限公司-酉陽店",
    "address":"100臺北市中正區永綏街２０號"
    }
  },
  {
    "type": "Feature",
    "geometry": {
       "type": "Point",
       "coordinates":  [ 121.5611055,25.0483271 ]
    },
    "properties": {
    "city":"台北市",
    "name":"全家便利商店股份有限公司-京城店",
    "address":"105臺北市松山區八德路四段１０８號"
    }
  },
  {
    "type": "Feature",
    "geometry": {
       "type": "Point",
       "coordinates":  [ 121.5383447,25.0522128 ]
    },
    "properties": {
    "city":"台北市",
    "name":"全家便利商店股份有限公司-京貿店",
    "address":"104臺北市中山區南京東路三段６５號"
    }
  },
  {
    "type": "Feature",
    "geometry": {
       "type": "Point",
       "coordinates":  [ 121.5833667,25.0428191 ]
    },
    "properties": {
    "city":"台北市",
    "name":"全家便利商店股份有限公司-協和店",
    "address":"110臺北市信義區中坡南路３８號１Ｆ"
    }
  },
  {
    "type": "Feature",
    "geometry": {
       "type": "Point",
       "coordinates":  [ 121.4946757,25.0351467 ]
    },
    "properties": {
    "city":"台北市",
    "name":"全家便利商店股份有限公司-和西店",
    "address":"108臺北市萬華區愛鄉里和平西路三段２９０之５號、２９０"
    }
  },
  {
    "type": "Feature",
    "geometry": {
       "type": "Point",
       "coordinates":  [ 121.541769,25.024896 ]
    },
    "properties": {
    "city":"台北市",
    "name":"全家便利商店股份有限公司-和東店",
    "address":"106臺北市大安區和平東路二段１０２之３號１樓"
    }
  },
  {
    "type": "Feature",
    "geometry": {
       "type": "Point",
       "coordinates":  [ 121.5439427,25.0249825 ]
    },
    "properties": {
    "city":"台北市",
    "name":"全家便利商店股份有限公司-和復店",
    "address":"106臺北市大安區和平東路二段２６１號，２６３號"
    }
  },
  {
    "type": "Feature",
    "geometry": {
       "type": "Point",
       "coordinates":  [ 121.53628,25.0255599 ]
    },
    "properties": {
    "city":"台北市",
    "name":"全家便利商店股份有限公司-和新店",
    "address":"106臺北市大安區和平東路二段２２號"
    }
  },
  {
    "type": "Feature",
    "geometry": {
       "type": "Point",
       "coordinates":  [ 121.4696259,25.1253022 ]
    },
    "properties": {
    "city":"台北市",
    "name":"全家便利商店股份有限公司-和碩店",
    "address":"112臺北市北投區立功街７６號Ｂ１"
    }
  },
  {
    "type": "Feature",
    "geometry": {
       "type": "Point",
       "coordinates":  [ 121.472556,25.127845 ]
    },
    "properties": {
    "city":"台北市",
    "name":"全家便利商店股份有限公司-和碩附店",
    "address":"112臺北市北投區立德路１５０號Ｂ１"
    }
  },
  {
    "type": "Feature",
    "geometry": {
       "type": "Point",
       "coordinates":  [ 121.5187755,25.0263315 ]
    },
    "properties": {
    "city":"台北市",
    "name":"全家便利商店股份有限公司-和鄰店",
    "address":"100臺北市中正區和平西路一段８２號１樓"
    }
  },
  {
    "type": "Feature",
    "geometry": {
       "type": "Point",
       "coordinates":  [ 121.501261,25.1202709 ]
    },
    "properties": {
    "city":"台北市",
    "name":"全家便利商店股份有限公司-和聯店",
    "address":"112臺北市北投區承德路七段４００號２樓"
    }
  },
  {
    "type": "Feature",
    "geometry": {
       "type": "Point",
       "coordinates":  [ 121.5193467,25.0828162 ]
    },
    "properties": {
    "city":"台北市",
    "name":"全家便利商店股份有限公司-和豐店",
    "address":"111臺北市士林區福華里和豐街２號一樓"
    }
  },
  {
    "type": "Feature",
    "geometry": {
       "type": "Point",
       "coordinates":  [ 121.508252,25.1254862 ]
    },
    "properties": {
    "city":"台北市",
    "name":"全家便利商店股份有限公司-奇岩店",
    "address":"112臺北市北投區公館路２５９號１Ｆ"
    }
  },
  {
    "type": "Feature",
    "geometry": {
       "type": "Point",
       "coordinates":  [ 121.5256067,25.056441 ]
    },
    "properties": {
    "city":"台北市",
    "name":"全家便利商店股份有限公司-宜興店",
    "address":"104臺北市中山區林森北路３２７號"
    }
  },
  {
    "type": "Feature",
    "geometry": {
       "type": "Point",
       "coordinates":  [ 121.553069,25.0395842 ]
    },
    "properties": {
    "city":"台北市",
    "name":"全家便利商店股份有限公司-延吉店",
    "address":"106臺北市大安區忠孝東路四段２１６巷３１號"
    }
  },
  {
    "type": "Feature",
    "geometry": {
       "type": "Point",
       "coordinates":  [ 121.5548828,25.0394951 ]
    },
    "properties": {
    "city":"台北市",
    "name":"全家便利商店股份有限公司-延安店",
    "address":"106臺北市大安區延吉街１５８號"
    }
  },
  {
    "type": "Feature",
    "geometry": {
       "type": "Point",
       "coordinates":  [ 121.554397,25.0423395 ]
    },
    "properties": {
    "city":"台北市",
    "name":"全家便利商店股份有限公司-延孝店",
    "address":"106臺北市大安區延吉街１３５號之三，一樓"
    }
  },
  {
    "type": "Feature",
    "geometry": {
       "type": "Point",
       "coordinates":  [ 121.5763969,25.0390211 ]
    },
    "properties": {
    "city":"台北市",
    "name":"全家便利商店股份有限公司-忠林店",
    "address":"110臺北市信義區虎林街１６６號１樓及地下室"
    }
  },
  {
    "type": "Feature",
    "geometry": {
       "type": "Point",
       "coordinates":  [ 121.575451,25.041112 ]
    },
    "properties": {
    "city":"台北市",
    "name":"全家便利商店股份有限公司-忠信店",
    "address":"110臺北市信義區忠孝東路五段４２５號１樓及地下室"
    }
  },
  {
    "type": "Feature",
    "geometry": {
       "type": "Point",
       "coordinates":  [ 121.5452829,25.0410747 ]
    },
    "properties": {
    "city":"台北市",
    "name":"全家便利商店股份有限公司-忠愛店",
    "address":"106臺北市大安區仁愛路４段２７巷４３號"
    }
  },
  {
    "type": "Feature",
    "geometry": {
       "type": "Point",
       "coordinates":  [ 121.5267493,25.1040211 ]
    },
    "properties": {
    "city":"台北市",
    "name":"全家便利商店股份有限公司-忠誠店",
    "address":"111臺北市士林區中山北路六段２０號"
    }
  },
  {
    "type": "Feature",
    "geometry": {
       "type": "Point",
       "coordinates":  [ 121.5398526,25.0437034 ]
    },
    "properties": {
    "city":"台北市",
    "name":"全家便利商店股份有限公司-昌隆店",
    "address":"106臺北市大安區忠孝東路３段２１７巷２弄１號１樓"
    }
  },
  {
    "type": "Feature",
    "geometry": {
       "type": "Point",
       "coordinates":  [ 121.5044062,25.041391 ]
    },
    "properties": {
    "city":"台北市",
    "name":"全家便利商店股份有限公司-昆明店",
    "address":"108臺北市萬華區昆明街１８６號１樓"
    }
  },
  {
    "type": "Feature",
    "geometry": {
       "type": "Point",
       "coordinates":  [ 121.5513522,25.0801145 ]
    },
    "properties": {
    "city":"台北市",
    "name":"全家便利商店股份有限公司-明水店",
    "address":"104臺北市中山區明水路５８１巷１１號１樓"
    }
  },
  {
    "type": "Feature",
    "geometry": {
       "type": "Point",
       "coordinates":  [ 121.5109701,25.0694147 ]
    },
    "properties": {
    "city":"台北市",
    "name":"全家便利商店股份有限公司-明真店",
    "address":"103臺北市大同區延平北路四段１９號"
    }
  },
  {
    "type": "Feature",
    "geometry": {
       "type": "Point",
       "coordinates":  [ 121.5188848,25.1090818 ]
    },
    "properties": {
    "city":"台北市",
    "name":"全家便利商店股份有限公司-明德店",
    "address":"112臺北市北投區石牌里明德路９３號"
    }
  },
  {
    "type": "Feature",
    "geometry": {
       "type": "Point",
       "coordinates":  [ 121.562951,24.990029 ]
    },
    "properties": {
    "city":"台北市",
    "name":"全家便利商店股份有限公司-明興店",
    "address":"116臺北市文山區木柵路２段１０９巷２５弄２號．２－１號"
    }
  },
  {
    "type": "Feature",
    "geometry": {
       "type": "Point",
       "coordinates":  [ 121.5516555,25.0405267 ]
    },
    "properties": {
    "city":"台北市",
    "name":"全家便利商店股份有限公司-明曜店",
    "address":"106臺北市大安區仁愛路四段１５１巷３４號．３６號"
    }
  },
  {
    "type": "Feature",
    "geometry": {
       "type": "Point",
       "coordinates":  [ 121.5606692,25.052011 ]
    },
    "properties": {
    "city":"台北市",
    "name":"全家便利商店股份有限公司-東光店",
    "address":"105臺北市松山區南京東路五段１２３巷１之８號"
    }
  },
  {
    "type": "Feature",
    "geometry": {
       "type": "Point",
       "coordinates":  [ 121.6158416,25.0678598 ]
    },
    "properties": {
    "city":"台北市",
    "name":"全家便利商店股份有限公司-東安店",
    "address":"114臺北市內湖區安康路４８０號"
    }
  },
  {
    "type": "Feature",
    "geometry": {
       "type": "Point",
       "coordinates":  [ 121.5193367,25.0385177 ]
    },
    "properties": {
    "city":"台北市",
    "name":"全家便利商店股份有限公司-東門店",
    "address":"100臺北市中正區信義路１段１號（部份）"
    }
  },
  {
    "type": "Feature",
    "geometry": {
       "type": "Point",
       "coordinates":  [ 121.5660607,25.0520924 ]
    },
    "properties": {
    "city":"台北市",
    "name":"全家便利商店股份有限公司-東清店",
    "address":"105臺北市松山區南京東路五段２９１巷８－１號"
    }
  },
  {
    "type": "Feature",
    "geometry": {
       "type": "Point",
       "coordinates":  [ 121.5137377,25.1177103 ]
    },
    "properties": {
    "city":"台北市",
    "name":"全家便利商店股份有限公司-東華店",
    "address":"112臺北市北投區東華街二段８８號"
    }
  },
  {
    "type": "Feature",
    "geometry": {
       "type": "Point",
       "coordinates":  [ 121.516698,25.1120094 ]
    },
    "properties": {
    "city":"台北市",
    "name":"全家便利商店股份有限公司-東陽店",
    "address":"112臺北市北投區西安街一段２８３號"
    }
  },
  {
    "type": "Feature",
    "geometry": {
       "type": "Point",
       "coordinates":  [ 121.4969186,25.0249679 ]
    },
    "properties": {
    "city":"台北市",
    "name":"全家便利商店股份有限公司-東園店",
    "address":"108臺北市萬華區東園街６９７１７１之１７３之１號"
    }
  },
  {
    "type": "Feature",
    "geometry": {
       "type": "Point",
       "coordinates":  [ 121.56624,25.0523429 ]
    },
    "properties": {
    "city":"台北市",
    "name":"全家便利商店股份有限公司-東寶店",
    "address":"105臺北市松山區南京東路五段２９１巷１７之２號"
    }
  },
  {
    "type": "Feature",
    "geometry": {
       "type": "Point",
       "coordinates":  [ 121.5267301,25.0504019 ]
    },
    "properties": {
    "city":"台北市",
    "name":"全家便利商店股份有限公司-林森北路店",
    "address":"104臺北市中山區林森北路１１９巷４９，５１號"
    }
  },
  {
    "type": "Feature",
    "geometry": {
       "type": "Point",
       "coordinates":  [ 121.5214415,25.038485 ]
    },
    "properties": {
    "city":"台北市",
    "name":"全家便利商店股份有限公司-林森南路店",
    "address":"100臺北市中正區林森南路５７．５９號"
    }
  },
  {
    "type": "Feature",
    "geometry": {
       "type": "Point",
       "coordinates":  [ 121.5803042,25.0399388 ]
    },
    "properties": {
    "city":"台北市",
    "name":"全家便利商店股份有限公司-松三店",
    "address":"110臺北市信義區林口街１１６號"
    }
  },
  {
    "type": "Feature",
    "geometry": {
       "type": "Point",
       "coordinates":  [ 121.568751,25.028411 ]
    },
    "properties": {
    "city":"台北市",
    "name":"全家便利商店股份有限公司-松仁店",
    "address":"110臺北市信義區信義路５段１５０巷２２１號"
    }
  },
  {
    "type": "Feature",
    "geometry": {
       "type": "Point",
       "coordinates":  [ 121.5769895,25.0352567 ]
    },
    "properties": {
    "city":"台北市",
    "name":"全家便利商店股份有限公司-松友店",
    "address":"110臺北市信義區信義路六段７８號"
    }
  },
  {
    "type": "Feature",
    "geometry": {
       "type": "Point",
       "coordinates":  [ 121.5323298,25.0538337 ]
    },
    "properties": {
    "city":"台北市",
    "name":"全家便利商店股份有限公司-松平店",
    "address":"104臺北市中山區四平街４７號"
    }
  },
  {
    "type": "Feature",
    "geometry": {
       "type": "Point",
       "coordinates":  [ 121.5779588,25.0465445 ]
    },
    "properties": {
    "city":"台北市",
    "name":"全家便利商店股份有限公司-松盛店",
    "address":"110臺北市信義區松山路１５３號"
    }
  },
  {
    "type": "Feature",
    "geometry": {
       "type": "Point",
       "coordinates":  [ 121.5617075,25.0550841 ]
    },
    "properties": {
    "city":"台北市",
    "name":"全家便利商店股份有限公司-松壽店",
    "address":"105臺北市松山區自強里延壽街３３０巷７弄２２號一樓"
    }
  },
  {
    "type": "Feature",
    "geometry": {
       "type": "Point",
       "coordinates":  [ 121.5786369,25.0364429 ]
    },
    "properties": {
    "city":"台北市",
    "name":"全家便利商店股份有限公司-松德店",
    "address":"110臺北市信義區松山路６２７號"
    }
  },
  {
    "type": "Feature",
    "geometry": {
       "type": "Point",
       "coordinates":  [ 121.578009,25.047798 ]
    },
    "properties": {
    "city":"台北市",
    "name":"全家便利商店股份有限公司-松興店",
    "address":"110臺北市信義區松山路１０７號"
    }
  },
  {
    "type": "Feature",
    "geometry": {
       "type": "Point",
       "coordinates":  [ 121.55785,25.053378 ]
    },
    "properties": {
    "city":"台北市",
    "name":"全家便利商店股份有限公司-松醫店",
    "address":"105臺北市松山區東光里健康路１５８號"
    }
  },
  {
    "type": "Feature",
    "geometry": {
       "type": "Point",
       "coordinates":  [ 121.5318292,25.0620462 ]
    },
    "properties": {
    "city":"台北市",
    "name":"全家便利商店股份有限公司-松權店",
    "address":"104臺北市中山區松江路３６２巷４１號１樓"
    }
  },
  {
    "type": "Feature",
    "geometry": {
       "type": "Point",
       "coordinates":  [ 121.5279422,25.0547762 ]
    },
    "properties": {
    "city":"台北市",
    "name":"全家便利商店股份有限公司-欣欣店",
    "address":"104臺北市中山區長春路１００號１樓"
    }
  },
  {
    "type": "Feature",
    "geometry": {
       "type": "Point",
       "coordinates":  [ 121.4963397,25.0201968 ]
    },
    "properties": {
    "city":"台北市",
    "name":"全家便利商店股份有限公司-武成店",
    "address":"108臺北市萬華區萬大路４８６巷３９號"
    }
  },
  {
    "type": "Feature",
    "geometry": {
       "type": "Point",
       "coordinates":  [ 121.5341981,25.1096529 ]
    },
    "properties": {
    "city":"台北市",
    "name":"全家便利商店股份有限公司-芝山店",
    "address":"111臺北市士林區德行東路２５０號１樓"
    }
  },
  {
    "type": "Feature",
    "geometry": {
       "type": "Point",
       "coordinates":  [ 121.5375113,25.1122475 ]
    },
    "properties": {
    "city":"台北市",
    "name":"全家便利商店股份有限公司-芝玉店",
    "address":"111臺北市士林區士東路２６６巷５弄１６號"
    }
  },
  {
    "type": "Feature",
    "geometry": {
       "type": "Point",
       "coordinates":  [ 121.5160542,25.113857 ]
    },
    "properties": {
    "city":"台北市",
    "name":"全家便利商店股份有限公司-金石店",
    "address":"112臺北市北投區石牌路一段２００號"
    }
  },
  {
    "type": "Feature",
    "geometry": {
       "type": "Point",
       "coordinates":  [ 121.5251449,25.0504072 ]
    },
    "properties": {
    "city":"台北市",
    "name":"全家便利商店股份有限公司-金林店",
    "address":"104臺北市中山區林森北路１０９號１樓"
    }
  },
  {
    "type": "Feature",
    "geometry": {
       "type": "Point",
       "coordinates":  [ 121.5920622,25.0880065 ]
    },
    "properties": {
    "city":"台北市",
    "name":"全家便利商店股份有限公司-金湖店",
    "address":"114臺北市內湖區內湖路三段６０巷１０弄１號"
    }
  },
  {
    "type": "Feature",
    "geometry": {
       "type": "Point",
       "coordinates":  [ 121.5244539,25.0653422 ]
    },
    "properties": {
    "city":"台北市",
    "name":"全家便利商店股份有限公司-金磚店",
    "address":"104臺北市中山區雙城街１９巷２號"
    }
  },
  {
    "type": "Feature",
    "geometry": {
       "type": "Point",
       "coordinates":  [ 121.5059407,25.0405845 ]
    },
    "properties": {
    "city":"台北市",
    "name":"全家便利商店股份有限公司-長沙店",
    "address":"108臺北市萬華區長沙街二段５０號"
    }
  },
  {
    "type": "Feature",
    "geometry": {
       "type": "Point",
       "coordinates":  [ 121.526796,25.0498116 ]
    },
    "properties": {
    "city":"台北市",
    "name":"全家便利商店股份有限公司-長林店",
    "address":"104臺北市中山區林森北路１０７巷５４號"
    }
  },
  {
    "type": "Feature",
    "geometry": {
       "type": "Point",
       "coordinates":  [ 121.5462329,25.0543436 ]
    },
    "properties": {
    "city":"台北市",
    "name":"全家便利商店股份有限公司-長城店",
    "address":"105臺北市松山區敦化北路１２０巷８０號"
    }
  },
  {
    "type": "Feature",
    "geometry": {
       "type": "Point",
       "coordinates":  [ 121.5258268,25.0547693 ]
    },
    "properties": {
    "city":"台北市",
    "name":"全家便利商店股份有限公司-長春店",
    "address":"104臺北市中山區長春路４８號"
    }
  },
  {
    "type": "Feature",
    "geometry": {
       "type": "Point",
       "coordinates":  [ 121.5014519,25.0231011 ]
    },
    "properties": {
    "city":"台北市",
    "name":"全家便利商店股份有限公司-長泰店",
    "address":"108臺北市萬華區壽德里長泰街２號２之１號一樓"
    }
  },
  {
    "type": "Feature",
    "geometry": {
       "type": "Point",
       "coordinates":  [ 121.5347244,25.0540735 ]
    },
    "properties": {
    "city":"台北市",
    "name":"全家便利商店股份有限公司-長通店",
    "address":"104臺北市中山區伊通街１０８號１樓"
    }
  },
  {
    "type": "Feature",
    "geometry": {
       "type": "Point",
       "coordinates":  [ 121.544872,25.0483627 ]
    },
    "properties": {
    "city":"台北市",
    "name":"全家便利商店股份有限公司-長復店",
    "address":"105臺北市松山區長安東路二段２１９號"
    }
  },
  {
    "type": "Feature",
    "geometry": {
       "type": "Point",
       "coordinates":  [ 121.5787525,25.0498905 ]
    },
    "properties": {
    "city":"台北市",
    "name":"全家便利商店股份有限公司-信大店",
    "address":"105臺北市松山區八德路四段７５８號"
    }
  },
  {
    "type": "Feature",
    "geometry": {
       "type": "Point",
       "coordinates":  [ 121.574715,25.0322223 ]
    },
    "properties": {
    "city":"台北市",
    "name":"全家便利商店股份有限公司-信德店",
    "address":"110臺北市信義區松德路２８９號"
    }
  },
  {
    "type": "Feature",
    "geometry": {
       "type": "Point",
       "coordinates":  [ 121.514115,25.074469 ]
    },
    "properties": {
    "city":"台北市",
    "name":"全家便利商店股份有限公司-保生店",
    "address":"103臺北市大同區重慶北路三段３３３號"
    }
  },
  {
    "type": "Feature",
    "geometry": {
       "type": "Point",
       "coordinates":  [ 121.5162174,25.044783 ]
    },
    "properties": {
    "city":"台北市",
    "name":"全家便利商店股份有限公司-南陽店",
    "address":"100臺北市中正區信陽街１５號"
    }
  },
  {
    "type": "Feature",
    "geometry": {
       "type": "Point",
       "coordinates":  [ 121.5372832,25.0228567 ]
    },
    "properties": {
    "city":"台北市",
    "name":"全家便利商店股份有限公司-建南店",
    "address":"106臺北市大安區建國南路１段１５６，１５８號"
    }
  },
  {
    "type": "Feature",
    "geometry": {
       "type": "Point",
       "coordinates":  [ 121.5392757,25.0286544 ]
    },
    "properties": {
    "city":"台北市",
    "name":"全家便利商店股份有限公司-建國店",
    "address":"106臺北市大安區建國南路二段１５１巷３８號１樓"
    }
  },
  {
    "type": "Feature",
    "geometry": {
       "type": "Point",
       "coordinates":  [ 121.5676776,25.035447 ]
    },
    "properties": {
    "city":"台北市",
    "name":"全家便利商店股份有限公司-建鑫店",
    "address":"110臺北市信義區松壽路２４號"
    }
  },
  {
    "type": "Feature",
    "geometry": {
       "type": "Point",
       "coordinates":  [ 121.5181776,25.0907746 ]
    },
    "properties": {
    "city":"台北市",
    "name":"全家便利商店股份有限公司-後港店",
    "address":"111臺北市士林區福港街２８號"
    }
  },
  {
    "type": "Feature",
    "geometry": {
       "type": "Point",
       "coordinates":  [ 121.6150046,25.0458575 ]
    },
    "properties": {
    "city":"台北市",
    "name":"全家便利商店股份有限公司-研究院店",
    "address":"115臺北市南港區研究院路２段７０巷１號"
    }
  },
  {
    "type": "Feature",
    "geometry": {
       "type": "Point",
       "coordinates":  [ 121.5231683,25.0971113 ]
    },
    "properties": {
    "city":"台北市",
    "name":"全家便利商店股份有限公司-美崙店",
    "address":"111臺北市士林區華榮街９７號"
    }
  },
  {
    "type": "Feature",
    "geometry": {
       "type": "Point",
       "coordinates":  [ 121.5562243,25.0849942 ]
    },
    "properties": {
    "city":"台北市",
    "name":"全家便利商店股份有限公司-美華店",
    "address":"104臺北市中山區北安路８１９之１號"
    }
  },
  {
    "type": "Feature",
    "geometry": {
       "type": "Point",
       "coordinates":  [ 121.5987682,25.056756 ]
    },
    "properties": {
    "city":"台北市",
    "name":"全家便利商店股份有限公司-重陽店",
    "address":"115臺北市南港區重陽路１８３、１８５號１樓"
    }
  },
  {
    "type": "Feature",
    "geometry": {
       "type": "Point",
       "coordinates":  [ 121.5135228,25.0575901 ]
    },
    "properties": {
    "city":"台北市",
    "name":"全家便利商店股份有限公司-重慶北路店",
    "address":"103臺北市大同區重慶北路二段１１６號"
    }
  },
  {
    "type": "Feature",
    "geometry": {
       "type": "Point",
       "coordinates":  [ 121.5131118,25.0439414 ]
    },
    "properties": {
    "city":"台北市",
    "name":"全家便利商店股份有限公司-重慶店",
    "address":"100臺北市中正區重慶南路一段５８號"
    }
  },
  {
    "type": "Feature",
    "geometry": {
       "type": "Point",
       "coordinates":  [ 121.5285707,25.0233735 ]
    },
    "properties": {
    "city":"台北市",
    "name":"全家便利商店股份有限公司-師大店",
    "address":"106臺北市大安區師大路７９號"
    }
  },
  {
    "type": "Feature",
    "geometry": {
       "type": "Point",
       "coordinates":  [ 121.5375578,25.0080777 ]
    },
    "properties": {
    "city":"台北市",
    "name":"全家便利商店股份有限公司-師美店",
    "address":"116臺北市文山區汀州路４段７７號"
    }
  },
  {
    "type": "Feature",
    "geometry": {
       "type": "Point",
       "coordinates":  [ 121.5199924,25.1156454 ]
    },
    "properties": {
    "city":"台北市",
    "name":"全家便利商店股份有限公司-振華店",
    "address":"112臺北市北投區振華街２號"
    }
  },
  {
    "type": "Feature",
    "geometry": {
       "type": "Point",
       "coordinates":  [ 121.5724536,25.0776861 ]
    },
    "properties": {
    "city":"台北市",
    "name":"全家便利商店股份有限公司-時代店",
    "address":"114臺北市內湖區瑞光路４１３號．４１５號１樓"
    }
  },
  {
    "type": "Feature",
    "geometry": {
       "type": "Point",
       "coordinates":  [ 121.5464824,25.1367129 ]
    },
    "properties": {
    "city":"台北市",
    "name":"全家便利商店股份有限公司-格致店",
    "address":"111臺北市士林區陽明里格致路２２號１樓"
    }
  },
  {
    "type": "Feature",
    "geometry": {
       "type": "Point",
       "coordinates":  [ 121.5741057,25.0402415 ]
    },
    "properties": {
    "city":"台北市",
    "name":"全家便利商店股份有限公司-海華店",
    "address":"110臺北市信義區虎林街１３２巷８１號１樓"
    }
  },
  {
    "type": "Feature",
    "geometry": {
       "type": "Point",
       "coordinates":  [ 121.5103364,25.0450497 ]
    },
    "properties": {
    "city":"台北市",
    "name":"全家便利商店股份有限公司-郡王店",
    "address":"100臺北市中正區延平南路６８號"
    }
  },
  {
    "type": "Feature",
    "geometry": {
       "type": "Point",
       "coordinates":  [ 121.5211017,25.0578507 ]
    },
    "properties": {
    "city":"台北市",
    "name":"全家便利商店股份有限公司-馬偕店",
    "address":"104臺北市中山區民生西路２９號"
    }
  },
  {
    "type": "Feature",
    "geometry": {
       "type": "Point",
       "coordinates":  [ 121.5535387,25.0365499 ]
    },
    "properties": {
    "city":"台北市",
    "name":"全家便利商店股份有限公司-國泰店",
    "address":"106臺北市大安區仁愛路四段２６６巷１５弄１０號１樓"
    }
  },
  {
    "type": "Feature",
    "geometry": {
       "type": "Point",
       "coordinates":  [ 121.5108246,25.0673227 ]
    },
    "properties": {
    "city":"台北市",
    "name":"全家便利商店股份有限公司-國順店",
    "address":"103臺北市大同區延平北路三段１１８號１樓"
    }
  },
  {
    "type": "Feature",
    "geometry": {
       "type": "Point",
       "coordinates":  [ 121.6177769,25.0423458 ]
    },
    "properties": {
    "city":"台北市",
    "name":"全家便利商店股份有限公司-國興店",
    "address":"115臺北市南港區舊莊街一段３巷３弄２號"
    }
  },
  {
    "type": "Feature",
    "geometry": {
       "type": "Point",
       "coordinates":  [ 121.5011894,25.1262453 ]
    },
    "properties": {
    "city":"台北市",
    "name":"全家便利商店股份有限公司-崇合店",
    "address":"112臺北市北投區清江里三合街二段４８７號１樓"
    }
  },
  {
    "type": "Feature",
    "geometry": {
       "type": "Point",
       "coordinates":  [ 121.553836,25.0243855 ]
    },
    "properties": {
    "city":"台北市",
    "name":"全家便利商店股份有限公司-崇德店",
    "address":"110臺北市信義區崇德街２９號"
    }
  },
  {
    "type": "Feature",
    "geometry": {
       "type": "Point",
       "coordinates":  [ 121.5449088,25.0642512 ]
    },
    "properties": {
    "city":"台北市",
    "name":"全家便利商店股份有限公司-常興店",
    "address":"105臺北市松山區五常街３６４號１樓"
    }
  },
  {
    "type": "Feature",
    "geometry": {
       "type": "Point",
       "coordinates":  [ 121.5022119,25.0406509 ]
    },
    "properties": {
    "city":"台北市",
    "name":"全家便利商店股份有限公司-康定店",
    "address":"108臺北市萬華區康定路７３號"
    }
  },
  {
    "type": "Feature",
    "geometry": {
       "type": "Point",
       "coordinates":  [ 121.618861,25.0696424 ]
    },
    "properties": {
    "city":"台北市",
    "name":"全家便利商店股份有限公司-康福店",
    "address":"114臺北市內湖區康樂街８７號"
    }
  },
  {
    "type": "Feature",
    "geometry": {
       "type": "Point",
       "coordinates":  [ 121.5827522,24.9980129 ]
    },
    "properties": {
    "city":"台北市",
    "name":"全家便利商店股份有限公司-梅花鹿店",
    "address":"116臺北市文山區新光路二段３０號"
    }
  },
  {
    "type": "Feature",
    "geometry": {
       "type": "Point",
       "coordinates":  [ 121.5015845,25.1330117 ]
    },
    "properties": {
    "city":"台北市",
    "name":"全家便利商店股份有限公司-清江店",
    "address":"112臺北市北投區中央里清江路１號，中央南路一段６３號"
    }
  },
  {
    "type": "Feature",
    "geometry": {
       "type": "Point",
       "coordinates":  [ 121.57042,25.02409 ]
    },
    "properties": {
    "city":"台北市",
    "name":"全家便利商店股份有限公司-祥和店",
    "address":"110臺北市信義區信義路五段１５０巷４０１弄３１號"
    }
  },
  {
    "type": "Feature",
    "geometry": {
       "type": "Point",
       "coordinates":  [ 121.6240441,25.0370335 ]
    },
    "properties": {
    "city":"台北市",
    "name":"全家便利商店股份有限公司-莊研店",
    "address":"115臺北市南港區舊莊街１段１４７號"
    }
  },
  {
    "type": "Feature",
    "geometry": {
       "type": "Point",
       "coordinates":  [ 121.5648783,25.0275297 ]
    },
    "properties": {
    "city":"台北市",
    "name":"全家便利商店股份有限公司-莊敬店",
    "address":"110臺北市信義區莊敬路３７４號"
    }
  },
  {
    "type": "Feature",
    "geometry": {
       "type": "Point",
       "coordinates":  [ 121.5533121,25.0303352 ]
    },
    "properties": {
    "city":"台北市",
    "name":"全家便利商店股份有限公司-通和店",
    "address":"106臺北市大安區通安街７７號"
    }
  },
  {
    "type": "Feature",
    "geometry": {
       "type": "Point",
       "coordinates":  [ 121.5206558,25.0810534 ]
    },
    "properties": {
    "city":"台北市",
    "name":"全家便利商店股份有限公司-通河店",
    "address":"111臺北市士林區通河街１４５號"
    }
  },
  {
    "type": "Feature",
    "geometry": {
       "type": "Point",
       "coordinates":  [ 121.5116879,25.0423891 ]
    },
    "properties": {
    "city":"台北市",
    "name":"全家便利商店股份有限公司-博陽店",
    "address":"100臺北市中正區光復里衡陽路６９號一樓"
    }
  },
  {
    "type": "Feature",
    "geometry": {
       "type": "Point",
       "coordinates":  [ 121.5547719,25.0265567 ]
    },
    "properties": {
    "city":"台北市",
    "name":"全家便利商店股份有限公司-喬治店",
    "address":"106臺北市大安區基隆路二段１７２號"
    }
  },
  {
    "type": "Feature",
    "geometry": {
       "type": "Point",
       "coordinates":  [ 121.4993445,25.0192909 ]
    },
    "properties": {
    "city":"台北市",
    "name":"全家便利商店股份有限公司-富民店",
    "address":"108臺北市萬華區萬大路４９３巷４８弄２３－４號及Ｂ１"
    }
  },
  {
    "type": "Feature",
    "geometry": {
       "type": "Point",
       "coordinates":  [ 121.6169268,25.0519514 ]
    },
    "properties": {
    "city":"台北市",
    "name":"全家便利商店股份有限公司-富康店",
    "address":"115臺北市南港區富康街８６號１Ｆ"
    }
  },
  {
    "type": "Feature",
    "geometry": {
       "type": "Point",
       "coordinates":  [ 121.5158335,25.0436426 ]
    },
    "properties": {
    "city":"台北市",
    "name":"全家便利商店股份有限公司-富陽店",
    "address":"100臺北市中正區襄陽路７號１樓"
    }
  },
  {
    "type": "Feature",
    "geometry": {
       "type": "Point",
       "coordinates":  [ 121.5741597,25.042095 ]
    },
    "properties": {
    "city":"台北市",
    "name":"全家便利商店股份有限公司-富臺店",
    "address":"110臺北市信義區虎林街１２０巷１４８號１樓"
    }
  },
  {
    "type": "Feature",
    "geometry": {
       "type": "Point",
       "coordinates":  [ 121.5654772,25.0612739 ]
    },
    "properties": {
    "city":"台北市",
    "name":"全家便利商店股份有限公司-富錦店",
    "address":"105臺北市松山區新益里富錦街５２９號一樓"
    }
  },
  {
    "type": "Feature",
    "geometry": {
       "type": "Point",
       "coordinates":  [ 121.5071973,25.1173393 ]
    },
    "properties": {
    "city":"台北市",
    "name":"全家便利商店股份有限公司-尊賢店",
    "address":"112臺北市北投區尊賢街２６０號１Ｆ"
    }
  },
  {
    "type": "Feature",
    "geometry": {
       "type": "Point",
       "coordinates":  [ 121.4997149,25.1412097 ]
    },
    "properties": {
    "city":"台北市",
    "name":"全家便利商店股份有限公司-復中店",
    "address":"112臺北市北投區中和街３２８號１樓"
    }
  },
  {
    "type": "Feature",
    "geometry": {
       "type": "Point",
       "coordinates":  [ 121.5576132,25.0321146 ]
    },
    "properties": {
    "city":"台北市",
    "name":"全家便利商店股份有限公司-復昌店",
    "address":"110臺北市信義區光復南路５０５號、５０７號及文昌街３２"
    }
  },
  {
    "type": "Feature",
    "geometry": {
       "type": "Point",
       "coordinates":  [ 121.52538,25.051499 ]
    },
    "properties": {
    "city":"台北市",
    "name":"全家便利商店股份有限公司-復林店",
    "address":"104臺北市中山區林森北路１４９－１．１４９－２號１樓"
    }
  },
  {
    "type": "Feature",
    "geometry": {
       "type": "Point",
       "coordinates":  [ 121.5592423,25.0482332 ]
    },
    "properties": {
    "city":"台北市",
    "name":"全家便利商店股份有限公司-復盛店",
    "address":"105臺北市松山區八德路四段４０號．４２號"
    }
  },
  {
    "type": "Feature",
    "geometry": {
       "type": "Point",
       "coordinates":  [ 121.5424628,25.065881 ]
    },
    "properties": {
    "city":"台北市",
    "name":"全家便利商店股份有限公司-復榮店",
    "address":"104臺北市中山區復興北路５１４巷３６號１樓"
    }
  },
  {
    "type": "Feature",
    "geometry": {
       "type": "Point",
       "coordinates":  [ 121.5475871,25.0502352 ]
    },
    "properties": {
    "city":"台北市",
    "name":"全家便利商店股份有限公司-敦北店",
    "address":"105臺北市松山區敦化北路４巷１６號１樓"
    }
  },
  {
    "type": "Feature",
    "geometry": {
       "type": "Point",
       "coordinates":  [ 121.5502855,25.0341398 ]
    },
    "properties": {
    "city":"台北市",
    "name":"全家便利商店股份有限公司-敦安店",
    "address":"106臺北市大安區安和路一段１１２巷２７號"
    }
  },
  {
    "type": "Feature",
    "geometry": {
       "type": "Point",
       "coordinates":  [ 121.5483848,25.0280392 ]
    },
    "properties": {
    "city":"台北市",
    "name":"全家便利商店股份有限公司-敦南店",
    "address":"106臺北市大安區敦化南路二段９８號"
    }
  },
  {
    "type": "Feature",
    "geometry": {
       "type": "Point",
       "coordinates":  [ 121.5497145,25.0369613 ]
    },
    "properties": {
    "city":"台北市",
    "name":"全家便利商店股份有限公司-敦新店",
    "address":"106臺北市大安區敦安里仁愛路四段１１２巷５號一樓"
    }
  },
  {
    "type": "Feature",
    "geometry": {
       "type": "Point",
       "coordinates":  [ 121.5253555,25.0567239 ]
    },
    "properties": {
    "city":"台北市",
    "name":"全家便利商店股份有限公司-晶華店",
    "address":"104臺北市中山區林森北路３３４號"
    }
  },
  {
    "type": "Feature",
    "geometry": {
       "type": "Point",
       "coordinates":  [ 121.541795,24.993073 ]
    },
    "properties": {
    "city":"台北市",
    "name":"全家便利商店股份有限公司-景中店",
    "address":"116臺北市文山區景中街５號，七號一樓"
    }
  },
  {
    "type": "Feature",
    "geometry": {
       "type": "Point",
       "coordinates":  [ 121.5414987,24.9911681 ]
    },
    "properties": {
    "city":"台北市",
    "name":"全家便利商店股份有限公司-景文店",
    "address":"116臺北市文山區景文街８３號"
    }
  },
  {
    "type": "Feature",
    "geometry": {
       "type": "Point",
       "coordinates":  [ 121.5431504,24.9920677 ]
    },
    "properties": {
    "city":"台北市",
    "name":"全家便利商店股份有限公司-景行店",
    "address":"116臺北市文山區景興路２０２巷１４號"
    }
  },
  {
    "type": "Feature",
    "geometry": {
       "type": "Point",
       "coordinates":  [ 121.539907,24.9914396 ]
    },
    "properties": {
    "city":"台北市",
    "name":"全家便利商店股份有限公司-景和店",
    "address":"116臺北市文山區羅斯福路六段２７４號"
    }
  },
  {
    "type": "Feature",
    "geometry": {
       "type": "Point",
       "coordinates":  [ 121.544155,24.9996049 ]
    },
    "properties": {
    "city":"台北市",
    "name":"全家便利商店股份有限公司-景興店",
    "address":"116臺北市文山區興隆路一段２４９號１樓"
    }
  },
  {
    "type": "Feature",
    "geometry": {
       "type": "Point",
       "coordinates":  [ 121.5922369,25.0394789 ]
    },
    "properties": {
    "city":"台北市",
    "name":"全家便利商店股份有限公司-港福店",
    "address":"115臺北市南港區福德街３７３巷６３號１樓"
    }
  },
  {
    "type": "Feature",
    "geometry": {
       "type": "Point",
       "coordinates":  [ 121.5780777,25.0821001 ]
    },
    "properties": {
    "city":"台北市",
    "name":"全家便利商店股份有限公司-港墘店",
    "address":"114臺北市內湖區港墘路４４號"
    }
  },
  {
    "type": "Feature",
    "geometry": {
       "type": "Point",
       "coordinates":  [ 121.5734455,25.0821757 ]
    },
    "properties": {
    "city":"台北市",
    "name":"全家便利商店股份有限公司-湖山店",
    "address":"114臺北市內湖區麗山街３４８巷１０弄２號"
    }
  },
  {
    "type": "Feature",
    "geometry": {
       "type": "Point",
       "coordinates":  [ 121.596662,25.0821935 ]
    },
    "properties": {
    "city":"台北市",
    "name":"全家便利商店股份有限公司-湖光店",
    "address":"114臺北市內湖區金湖路４９號１樓"
    }
  },
  {
    "type": "Feature",
    "geometry": {
       "type": "Point",
       "coordinates":  [ 121.5669944,25.0829714 ]
    },
    "properties": {
    "city":"台北市",
    "name":"全家便利商店股份有限公司-湖安店",
    "address":"114臺北市內湖區內湖路一段２８５巷１９號１樓"
    }
  },
  {
    "type": "Feature",
    "geometry": {
       "type": "Point",
       "coordinates":  [ 121.5747702,25.0781572 ]
    },
    "properties": {
    "city":"台北市",
    "name":"全家便利商店股份有限公司-湖運店",
    "address":"114臺北市內湖區洲子街１２號"
    }
  },
  {
    "type": "Feature",
    "geometry": {
       "type": "Point",
       "coordinates":  [ 121.5841621,25.0783567 ]
    },
    "properties": {
    "city":"台北市",
    "name":"全家便利商店股份有限公司-紫陽店",
    "address":"114臺北市內湖區文德路２１２號"
    }
  },
  {
    "type": "Feature",
    "geometry": {
       "type": "Point",
       "coordinates":  [ 121.5250357,25.0949521 ]
    },
    "properties": {
    "city":"台北市",
    "name":"全家便利商店股份有限公司-華林店",
    "address":"111臺北市士林區中正路２５３號１樓"
    }
  },
  {
    "type": "Feature",
    "geometry": {
       "type": "Point",
       "coordinates":  [ 121.5418351,25.1372371 ]
    },
    "properties": {
    "city":"台北市",
    "name":"全家便利商店股份有限公司-華崗店",
    "address":"111臺北市士林區光華路２６巷３號－２"
    }
  },
  {
    "type": "Feature",
    "geometry": {
       "type": "Point",
       "coordinates":  [ 121.5565761,25.0429093 ]
    },
    "properties": {
    "city":"台北市",
    "name":"全家便利商店股份有限公司-華視店",
    "address":"106臺北市大安區光復南路１１６巷２６號"
    }
  },
  {
    "type": "Feature",
    "geometry": {
       "type": "Point",
       "coordinates":  [ 121.4954259,25.0309059 ]
    },
    "properties": {
    "city":"台北市",
    "name":"全家便利商店股份有限公司-華園店",
    "address":"108臺北市萬華區和平里西園路二段１４０巷３２號一樓"
    }
  },
  {
    "type": "Feature",
    "geometry": {
       "type": "Point",
       "coordinates":  [ 121.4711306,25.1248711 ]
    },
    "properties": {
    "city":"台北市",
    "name":"全家便利商店股份有限公司-華碩店",
    "address":"112臺北市北投區立德路１５號"
    }
  },
  {
    "type": "Feature",
    "geometry": {
       "type": "Point",
       "coordinates":  [ 121.5453091,24.9953039 ]
    },
    "properties": {
    "city":"台北市",
    "name":"全家便利商店股份有限公司-華德店",
    "address":"116臺北市文山區景華街７５號"
    }
  },
  {
    "type": "Feature",
    "geometry": {
       "type": "Point",
       "coordinates":  [ 121.500589,25.0399999 ]
    },
    "properties": {
    "city":"台北市",
    "name":"全家便利商店股份有限公司-貴陽店",
    "address":"108臺北市萬華區貴陽街二段１８２號，１８４號"
    }
  },
  {
    "type": "Feature",
    "geometry": {
       "type": "Point",
       "coordinates":  [ 121.5142412,25.0458288 ]
    },
    "properties": {
    "city":"台北市",
    "name":"全家便利商店股份有限公司-開封店",
    "address":"100臺北市中正區開封街一段４１號１樓"
    }
  },
  {
    "type": "Feature",
    "geometry": {
       "type": "Point",
       "coordinates":  [ 121.5143089,25.0456892 ]
    },
    "properties": {
    "city":"台北市",
    "name":"全家便利商店股份有限公司-開懷店",
    "address":"100臺北市中正區黎明里懷寧街１７號１樓"
    }
  },
  {
    "type": "Feature",
    "geometry": {
       "type": "Point",
       "coordinates":  [ 121.5654268,25.0329636 ]
    },
    "properties": {
    "city":"台北市",
    "name":"全家便利商店股份有限公司-陽大店",
    "address":"臺北市立農街二段１５５號１樓"
    }
  },
  {
    "type": "Feature",
    "geometry": {
       "type": "Point",
       "coordinates":  [ 121.5762621,25.0751495 ]
    },
    "properties": {
    "city":"台北市",
    "name":"全家便利商店股份有限公司-陽光店",
    "address":"114臺北市內湖區瑞光路２１０號"
    }
  },
  {
    "type": "Feature",
    "geometry": {
       "type": "Point",
       "coordinates":  [ 121.5550584,24.9864277 ]
    },
    "properties": {
    "city":"台北市",
    "name":"全家便利商店股份有限公司-順輝店",
    "address":"116臺北市文山區光輝路７號"
    }
  },
  {
    "type": "Feature",
    "geometry": {
       "type": "Point",
       "coordinates":  [ 121.528457,25.0522712 ]
    },
    "properties": {
    "city":"台北市",
    "name":"全家便利商店股份有限公司-匯豐店",
    "address":"104臺北市中山區南京東路二段１１號"
    }
  },
  {
    "type": "Feature",
    "geometry": {
       "type": "Point",
       "coordinates":  [ 121.5173956,25.0253121 ]
    },
    "properties": {
    "city":"台北市",
    "name":"全家便利商店股份有限公司-廈門店",
    "address":"100臺北市中正區廈門街５２號"
    }
  },
  {
    "type": "Feature",
    "geometry": {
       "type": "Point",
       "coordinates":  [ 121.546099,25.0453402 ]
    },
    "properties": {
    "city":"台北市",
    "name":"全家便利商店股份有限公司-微風店",
    "address":"105臺北市松山區市民大道四段５１號１樓"
    }
  },
  {
    "type": "Feature",
    "geometry": {
       "type": "Point",
       "coordinates":  [ 121.5851039,25.0405906 ]
    },
    "properties": {
    "city":"台北市",
    "name":"全家便利商店股份有限公司-新中坡店",
    "address":"110臺北市信義區中坡南路２２９號"
    }
  },
  {
    "type": "Feature",
    "geometry": {
       "type": "Point",
       "coordinates":  [ 121.5896983,25.0712319 ]
    },
    "properties": {
    "city":"台北市",
    "name":"全家便利商店股份有限公司-新內湖店",
    "address":"114臺北市內湖區成功路２段４２０號"
    }
  },
  {
    "type": "Feature",
    "geometry": {
       "type": "Point",
       "coordinates":  [ 121.5416676,24.9951984 ]
    },
    "properties": {
    "city":"台北市",
    "name":"全家便利商店股份有限公司-新文華店",
    "address":"116台北市文山區景華街３巷２號１樓及Ｂ１"
    }
  },
  {
    "type": "Feature",
    "geometry": {
       "type": "Point",
       "coordinates":  [ 121.5277895,25.0505774 ]
    },
    "properties": {
    "city":"台北市",
    "name":"全家便利商店股份有限公司-新生店",
    "address":"104臺北市中山區正義里新生北路一段１１２號"
    }
  },
  {
    "type": "Feature",
    "geometry": {
       "type": "Point",
       "coordinates":  [ 121.5329954,25.0343213 ]
    },
    "properties": {
    "city":"台北市",
    "name":"全家便利商店股份有限公司-新生南路店",
    "address":"106臺北市大安區新生南路一段１６３號"
    }
  },
  {
    "type": "Feature",
    "geometry": {
       "type": "Point",
       "coordinates":  [ 121.5215851,25.0519848 ]
    },
    "properties": {
    "city":"台北市",
    "name":"全家便利商店股份有限公司-新光店",
    "address":"104臺北市中山區南京西路１２巷１號１樓"
    }
  },
  {
    "type": "Feature",
    "geometry": {
       "type": "Point",
       "coordinates":  [ 121.5391478,25.0262144 ]
    },
    "properties": {
    "city":"台北市",
    "name":"全家便利商店股份有限公司-新安店",
    "address":"106臺北市大安區瑞安街２７４號１樓"
    }
  },
  {
    "type": "Feature",
    "geometry": {
       "type": "Point",
       "coordinates":  [ 121.5843122,25.0443496 ]
    },
    "properties": {
    "city":"台北市",
    "name":"全家便利商店股份有限公司-新成鑫店",
    "address":"115臺北市南港區玉成街１７６巷１號"
    }
  },
  {
    "type": "Feature",
    "geometry": {
       "type": "Point",
       "coordinates":  [ 121.5672416,25.0417654 ]
    },
    "properties": {
    "city":"台北市",
    "name":"全家便利商店股份有限公司-新忠隆店",
    "address":"110臺北市信義區興雅里忠孝東路五段７１巷８號壹樓"
    }
  },
  {
    "type": "Feature",
    "geometry": {
       "type": "Point",
       "coordinates":  [ 121.5172413,25.0313869 ]
    },
    "properties": {
    "city":"台北市",
    "name":"全家便利商店股份有限公司-新昌店",
    "address":"100臺北市中正區龍福里南昌路一段４９號一樓"
    }
  },
  {
    "type": "Feature",
    "geometry": {
       "type": "Point",
       "coordinates":  [ 121.5941906,25.0501383 ]
    },
    "properties": {
    "city":"台北市",
    "name":"全家便利商店股份有限公司-新昆陽店",
    "address":"115臺北市南港區昆陽街１４５號"
    }
  },
  {
    "type": "Feature",
    "geometry": {
       "type": "Point",
       "coordinates":  [ 121.5662001,25.0578474 ]
    },
    "properties": {
    "city":"台北市",
    "name":"全家便利商店股份有限公司-新東店",
    "address":"105臺北市松山區新東街１４號"
    }
  },
  {
    "type": "Feature",
    "geometry": {
       "type": "Point",
       "coordinates":  [ 121.5256093,25.0675529 ]
    },
    "properties": {
    "city":"台北市",
    "name":"全家便利商店股份有限公司-新林森店",
    "address":"104台北市中山區林森北路６３０號１樓"
    }
  },
  {
    "type": "Feature",
    "geometry": {
       "type": "Point",
       "coordinates":  [ 121.577116,25.046285 ]
    },
    "properties": {
    "city":"台北市",
    "name":"全家便利商店股份有限公司-新松林店",
    "address":"110臺北市信義區虎林街６１－４號"
    }
  },
  {
    "type": "Feature",
    "geometry": {
       "type": "Point",
       "coordinates":  [ 121.578007,25.0431399 ]
    },
    "properties": {
    "city":"台北市",
    "name":"全家便利商店股份有限公司-新松春店",
    "address":"110臺北市信義區松山路２８１號１樓"
    }
  },
  {
    "type": "Feature",
    "geometry": {
       "type": "Point",
       "coordinates":  [ 121.467008,25.1205052 ]
    },
    "properties": {
    "city":"台北市",
    "name":"全家便利商店股份有限公司-新知行店",
    "address":"112臺北市北投區關渡里知行路２３７號"
    }
  },
  {
    "type": "Feature",
    "geometry": {
       "type": "Point",
       "coordinates":  [ 121.5061943,25.026197 ]
    },
    "properties": {
    "city":"台北市",
    "name":"全家便利商店股份有限公司-新青年店",
    "address":"108臺北市萬華區青年路６號"
    }
  },
  {
    "type": "Feature",
    "geometry": {
       "type": "Point",
       "coordinates":  [ 121.504065,25.044116 ]
    },
    "properties": {
    "city":"台北市",
    "name":"全家便利商店股份有限公司-新峨嵋店",
    "address":"108臺北市萬華區峨眉街８２號１樓"
    }
  },
  {
    "type": "Feature",
    "geometry": {
       "type": "Point",
       "coordinates":  [ 121.5259129,25.0582113 ]
    },
    "properties": {
    "city":"台北市",
    "name":"全家便利商店股份有限公司-新泰店",
    "address":"104臺北市中山區聚盛里民生東路一段４１號一樓"
    }
  },
  {
    "type": "Feature",
    "geometry": {
       "type": "Point",
       "coordinates":  [ 121.5552639,25.0533219 ]
    },
    "properties": {
    "city":"台北市",
    "name":"全家便利商店股份有限公司-新健康店",
    "address":"105臺北市松山區南京東路四段１３３巷９弄２號"
    }
  },
  {
    "type": "Feature",
    "geometry": {
       "type": "Point",
       "coordinates":  [ 121.506428,25.0294149 ]
    },
    "properties": {
    "city":"台北市",
    "name":"全家便利商店股份有限公司-新惠安店",
    "address":"100台北市中正區中華路二段３０７巷４６號"
    }
  },
  {
    "type": "Feature",
    "geometry": {
       "type": "Point",
       "coordinates":  [ 121.5825318,25.0647719 ]
    },
    "properties": {
    "city":"台北市",
    "name":"全家便利商店股份有限公司-新湖店",
    "address":"114臺北市內湖區新湖二路２５０巷８號１樓"
    }
  },
  {
    "type": "Feature",
    "geometry": {
       "type": "Point",
       "coordinates":  [ 121.5588881,25.0333083 ]
    },
    "properties": {
    "city":"台北市",
    "name":"全家便利商店股份有限公司-新貿店",
    "address":"110臺北市信義區信義路四段４０７號壹樓"
    }
  },
  {
    "type": "Feature",
    "geometry": {
       "type": "Point",
       "coordinates":  [ 121.5231742,25.0945401 ]
    },
    "properties": {
    "city":"台北市",
    "name":"全家便利商店股份有限公司-新陽明店",
    "address":"111臺北市士林區中正路３２９號"
    }
  },
  {
    "type": "Feature",
    "geometry": {
       "type": "Point",
       "coordinates":  [ 121.5638545,25.0811972 ]
    },
    "properties": {
    "city":"台北市",
    "name":"全家便利商店股份有限公司-新瑞店",
    "address":"114臺北市內湖區堤頂大道２段４０７巷２６號一樓"
    }
  },
  {
    "type": "Feature",
    "geometry": {
       "type": "Point",
       "coordinates":  [ 121.5261229,25.0648013 ]
    },
    "properties": {
    "city":"台北市",
    "name":"全家便利商店股份有限公司-新農店",
    "address":"104臺北市中山區恆安里農安街２６之３號一樓"
    }
  },
  {
    "type": "Feature",
    "geometry": {
       "type": "Point",
       "coordinates":  [ 121.5572739,25.0563029 ]
    },
    "properties": {
    "city":"台北市",
    "name":"全家便利商店股份有限公司-新壽店",
    "address":"105臺北市松山區龍田里延壽街４００號１樓"
    }
  },
  {
    "type": "Feature",
    "geometry": {
       "type": "Point",
       "coordinates":  [ 121.5095852,25.115361 ]
    },
    "properties": {
    "city":"台北市",
    "name":"全家便利商店股份有限公司-新實店",
    "address":"112臺北市北投區吉利里實踐街５１號１樓"
    }
  },
  {
    "type": "Feature",
    "geometry": {
       "type": "Point",
       "coordinates":  [ 121.5499266,25.0036208 ]
    },
    "properties": {
    "city":"台北市",
    "name":"全家便利商店股份有限公司-新福興店",
    "address":"116臺北市文山區福興路６５號"
    }
  },
  {
    "type": "Feature",
    "geometry": {
       "type": "Point",
       "coordinates":  [ 121.5491688,25.0256003 ]
    },
    "properties": {
    "city":"台北市",
    "name":"全家便利商店股份有限公司-新遠企店",
    "address":"106臺北市大安區敦化南路二段２６１號"
    }
  },
  {
    "type": "Feature",
    "geometry": {
       "type": "Point",
       "coordinates":  [ 121.5247074,25.0665771 ]
    },
    "properties": {
    "city":"台北市",
    "name":"全家便利商店股份有限公司-新德城店",
    "address":"104台北市中山區德惠街１６－７號"
    }
  },
  {
    "type": "Feature",
    "geometry": {
       "type": "Point",
       "coordinates":  [ 121.5292675,25.0647275 ]
    },
    "properties": {
    "city":"台北市",
    "name":"全家便利商店股份有限公司-新稻江店",
    "address":"104台北市中山區農安街８６號１樓"
    }
  },
  {
    "type": "Feature",
    "geometry": {
       "type": "Point",
       "coordinates":  [ 121.5112233,25.0644083 ]
    },
    "properties": {
    "city":"台北市",
    "name":"全家便利商店股份有限公司-新橋店",
    "address":"103臺北市大同區延平北路三段２５之３號"
    }
  },
  {
    "type": "Feature",
    "geometry": {
       "type": "Point",
       "coordinates":  [ 121.491753,25.026526 ]
    },
    "properties": {
    "city":"台北市",
    "name":"全家便利商店股份有限公司-新興義店",
    "address":"108臺北市萬華區和德里興義街４１號１樓"
    }
  },
  {
    "type": "Feature",
    "geometry": {
       "type": "Point",
       "coordinates":  [ 121.5103478,25.0271819 ]
    },
    "properties": {
    "city":"台北市",
    "name":"全家便利商店股份有限公司-新龍口店",
    "address":"100台北市中正區汀州路一段２４４號"
    }
  },
  {
    "type": "Feature",
    "geometry": {
       "type": "Point",
       "coordinates":  [ 121.567549,25.0793533 ]
    },
    "properties": {
    "city":"台北市",
    "name":"全家便利商店股份有限公司-瑞光店",
    "address":"114臺北市內湖區瑞光路５１０號１樓"
    }
  },
  {
    "type": "Feature",
    "geometry": {
       "type": "Point",
       "coordinates":  [ 121.5416949,25.0265132 ]
    },
    "properties": {
    "city":"台北市",
    "name":"全家便利商店股份有限公司-瑞和店",
    "address":"106臺北市大安區瑞安街１３５巷２８號１樓"
    }
  },
  {
    "type": "Feature",
    "geometry": {
       "type": "Point",
       "coordinates":  [ 121.5704212,25.080028 ]
    },
    "properties": {
    "city":"台北市",
    "name":"全家便利商店股份有限公司-瑞湖店",
    "address":"114臺北市內湖區港墘里瑞光路５１３巷３９號１樓"
    }
  },
  {
    "type": "Feature",
    "geometry": {
       "type": "Point",
       "coordinates":  [ 121.5834658,25.077241 ]
    },
    "properties": {
    "city":"台北市",
    "name":"全家便利商店股份有限公司-瑞陽店",
    "address":"114臺北市內湖區文德路９０巷４９號"
    }
  },
  {
    "type": "Feature",
    "geometry": {
       "type": "Point",
       "coordinates":  [ 121.520964,25.0575635 ]
    },
    "properties": {
    "city":"台北市",
    "name":"全家便利商店股份有限公司-萬全店",
    "address":"103臺北市大同區民生西路６３號"
    }
  },
  {
    "type": "Feature",
    "geometry": {
       "type": "Point",
       "coordinates":  [ 121.5706118,25.0012613 ]
    },
    "properties": {
    "city":"台北市",
    "name":"全家便利商店股份有限公司-萬安店",
    "address":"116臺北市文山區萬安街１７號"
    }
  },
  {
    "type": "Feature",
    "geometry": {
       "type": "Point",
       "coordinates":  [ 121.5062825,25.0435287 ]
    },
    "properties": {
    "city":"台北市",
    "name":"全家便利商店股份有限公司-萬年店",
    "address":"108臺北市萬華區西寧南路１５５號１樓"
    }
  },
  {
    "type": "Feature",
    "geometry": {
       "type": "Point",
       "coordinates":  [ 121.5369143,25.0021667 ]
    },
    "properties": {
    "city":"台北市",
    "name":"全家便利商店股份有限公司-萬和店",
    "address":"116臺北市文山區羅斯福路五段２１８巷３８弄２號１樓"
    }
  },
  {
    "type": "Feature",
    "geometry": {
       "type": "Point",
       "coordinates":  [ 121.5078445,25.043529 ]
    },
    "properties": {
    "city":"台北市",
    "name":"全家便利商店股份有限公司-萬國店",
    "address":"108臺北市萬華區峨嵋街２１號１樓"
    }
  },
  {
    "type": "Feature",
    "geometry": {
       "type": "Point",
       "coordinates":  [ 121.539501,25.0011593 ]
    },
    "properties": {
    "city":"台北市",
    "name":"全家便利商店股份有限公司-萬隆店",
    "address":"116臺北市文山區萬祥里羅斯福路五段２６３號一樓"
    }
  },
  {
    "type": "Feature",
    "geometry": {
       "type": "Point",
       "coordinates":  [ 121.5441487,25.0334514 ]
    },
    "properties": {
    "city":"台北市",
    "name":"全家便利商店股份有限公司-義興店",
    "address":"106臺北市大安區信義路４段１之１０．１之１１號"
    }
  },
  {
    "type": "Feature",
    "geometry": {
       "type": "Point",
       "coordinates":  [ 121.5119669,25.0846343 ]
    },
    "properties": {
    "city":"台北市",
    "name":"全家便利商店股份有限公司-葫東店",
    "address":"111臺北市士林區葫東里重慶北路四段１８８號一樓"
    }
  },
  {
    "type": "Feature",
    "geometry": {
       "type": "Point",
       "coordinates":  [ 121.5094847,25.0855964 ]
    },
    "properties": {
    "city":"台北市",
    "name":"全家便利商店股份有限公司-葫蘆店",
    "address":"111臺北市士林區延平北路五段２８３之１號"
    }
  },
  {
    "type": "Feature",
    "geometry": {
       "type": "Point",
       "coordinates":  [ 121.5474145,24.9871516 ]
    },
    "properties": {
    "city":"台北市",
    "name":"全家便利商店股份有限公司-試院店",
    "address":"116臺北市文山區木柵路一段９１號９３號一樓"
    }
  },
  {
    "type": "Feature",
    "geometry": {
       "type": "Point",
       "coordinates":  [ 121.5348795,25.0647884 ]
    },
    "properties": {
    "city":"台北市",
    "name":"全家便利商店股份有限公司-農安店",
    "address":"104臺北市中山區農安街２４９號"
    }
  },
  {
    "type": "Feature",
    "geometry": {
       "type": "Point",
       "coordinates":  [ 121.5150634,25.0558713 ]
    },
    "properties": {
    "city":"台北市",
    "name":"全家便利商店股份有限公司-寧夏店",
    "address":"103臺北市大同區寧夏路２８，３０，２８—１，２８—２號"
    }
  },
  {
    "type": "Feature",
    "geometry": {
       "type": "Point",
       "coordinates":  [ 121.53819,25.0655009 ]
    },
    "properties": {
    "city":"台北市",
    "name":"全家便利商店股份有限公司-榮濱店",
    "address":"104臺北市中山區民族東路４１０巷２４號１樓"
    }
  },
  {
    "type": "Feature",
    "geometry": {
       "type": "Point",
       "coordinates":  [ 121.507356,25.041701 ]
    },
    "properties": {
    "city":"台北市",
    "name":"全家便利商店股份有限公司-漢中店",
    "address":"108臺北市萬華區漢中街１３９號１樓"
    }
  },
  {
    "type": "Feature",
    "geometry": {
       "type": "Point",
       "coordinates":  [ 121.5734137,25.0809149 ]
    },
    "properties": {
    "city":"台北市",
    "name":"全家便利商店股份有限公司-碧湖店",
    "address":"114臺北市內湖區內湖路一段５９３號一樓及地下室"
    }
  },
  {
    "type": "Feature",
    "geometry": {
       "type": "Point",
       "coordinates":  [ 121.5198761,25.0501416 ]
    },
    "properties": {
    "city":"台北市",
    "name":"全家便利商店股份有限公司-福安店",
    "address":"103臺北市大同區長安西路５４號１樓"
    }
  },
  {
    "type": "Feature",
    "geometry": {
       "type": "Point",
       "coordinates":  [ 121.5260105,25.0952025 ]
    },
    "properties": {
    "city":"台北市",
    "name":"全家便利商店股份有限公司-福林店",
    "address":"111臺北市士林區福林里中正路２３３號，２３３之１號"
    }
  },
  {
    "type": "Feature",
    "geometry": {
       "type": "Point",
       "coordinates":  [ 121.5243557,25.0579617 ]
    },
    "properties": {
    "city":"台北市",
    "name":"全家便利商店股份有限公司-福泰店",
    "address":"104臺北市中山區民生東路一段３６號１樓"
    }
  },
  {
    "type": "Feature",
    "geometry": {
       "type": "Point",
       "coordinates":  [ 121.5303413,25.0330213 ]
    },
    "properties": {
    "city":"台北市",
    "name":"全家便利商店股份有限公司-福康店",
    "address":"106臺北市大安區信義路２段１９８巷６號一樓及地下室"
    }
  },
  {
    "type": "Feature",
    "geometry": {
       "type": "Point",
       "coordinates":  [ 121.5177708,25.0851774 ]
    },
    "properties": {
    "city":"台北市",
    "name":"全家便利商店股份有限公司-福港店",
    "address":"111臺北市士林區前港街１２６號"
    }
  },
  {
    "type": "Feature",
    "geometry": {
       "type": "Point",
       "coordinates":  [ 121.5158296,25.0627463 ]
    },
    "properties": {
    "city":"台北市",
    "name":"全家便利商店股份有限公司-福澤店",
    "address":"103臺北市大同區民權西路１４６號"
    }
  },
  {
    "type": "Feature",
    "geometry": {
       "type": "Point",
       "coordinates":  [ 121.5166002,25.0299998 ]
    },
    "properties": {
    "city":"台北市",
    "name":"全家便利商店股份有限公司-福嶺店",
    "address":"100臺北市中正區牯嶺街４３號１樓"
    }
  },
  {
    "type": "Feature",
    "geometry": {
       "type": "Point",
       "coordinates":  [ 121.566795,25.0782257 ]
    },
    "properties": {
    "city":"台北市",
    "name":"全家便利商店股份有限公司-精英店",
    "address":"114臺北市內湖區堤頂大道二段２４１號壹樓"
    }
  },
  {
    "type": "Feature",
    "geometry": {
       "type": "Point",
       "coordinates":  [ 121.4923829,25.0328778 ]
    },
    "properties": {
    "city":"台北市",
    "name":"全家便利商店股份有限公司-綠堤店",
    "address":"108臺北市萬華區環河南路二段１７３號"
    }
  },
  {
    "type": "Feature",
    "geometry": {
       "type": "Point",
       "coordinates":  [ 121.5251465,25.0616084 ]
    },
    "properties": {
    "city":"台北市",
    "name":"全家便利商店股份有限公司-聚葉店",
    "address":"104臺北市中山區中山北路二段１３７巷３４號１樓"
    }
  },
  {
    "type": "Feature",
    "geometry": {
       "type": "Point",
       "coordinates":  [ 121.540634,25.0189591 ]
    },
    "properties": {
    "city":"台北市",
    "name":"全家便利商店股份有限公司-臺二店",
    "address":"106臺北市大安區羅斯福路四段１號第一學生活動中心側邊"
    }
  },
  {
    "type": "Feature",
    "geometry": {
       "type": "Point",
       "coordinates":  [ 121.536638,25.0129394 ]
    },
    "properties": {
    "city":"台北市",
    "name":"全家便利商店股份有限公司-臺大二活店",
    "address":"106臺北市大安區羅斯福路四段８５號（第二學生活動中心）"
    }
  },
  {
    "type": "Feature",
    "geometry": {
       "type": "Point",
       "coordinates":  [ 121.5426647,25.0128656 ]
    },
    "properties": {
    "city":"台北市",
    "name":"全家便利商店股份有限公司-臺科大店",
    "address":"106臺北市大安區基隆路４段４３號地下一樓（活動中心地下"
    }
  },
  {
    "type": "Feature",
    "geometry": {
       "type": "Point",
       "coordinates":  [ 121.5288402,25.0258876 ]
    },
    "properties": {
    "city":"台北市",
    "name":"全家便利商店股份有限公司-臺師大店",
    "address":"106臺北市大安區師大路９號地下一樓（男一舍）"
    }
  },
  {
    "type": "Feature",
    "geometry": {
       "type": "Point",
       "coordinates":  [ 121.5512906,25.0475684 ]
    },
    "properties": {
    "city":"台北市",
    "name":"全家便利商店股份有限公司-臺視店",
    "address":"105臺北市松山區八德路三段１２巷５弄２號"
    }
  },
  {
    "type": "Feature",
    "geometry": {
       "type": "Point",
       "coordinates":  [ 121.5335072,25.0189161 ]
    },
    "properties": {
    "city":"台北市",
    "name":"全家便利商店股份有限公司-臺新店",
    "address":"106臺北市大安區新生南路三段８４之８號"
    }
  },
  {
    "type": "Feature",
    "geometry": {
       "type": "Point",
       "coordinates":  [ 121.5206943,25.0405703 ]
    },
    "properties": {
    "city":"台北市",
    "name":"全家便利商店股份有限公司-臺醫店",
    "address":"100臺北市中正區中山南路７號１樓"
    }
  },
  {
    "type": "Feature",
    "geometry": {
       "type": "Point",
       "coordinates":  [ 121.5266401,25.0415983 ]
    },
    "properties": {
    "city":"台北市",
    "name":"全家便利商店股份有限公司-齊東店",
    "address":"100臺北市中正區濟南路二段３號之７，一樓"
    }
  },
  {
    "type": "Feature",
    "geometry": {
       "type": "Point",
       "coordinates":  [ 121.5540912,25.0463718 ]
    },
    "properties": {
    "city":"台北市",
    "name":"全家便利商店股份有限公司-德光店",
    "address":"105臺北市松山區八德路三段１０６巷６０號"
    }
  },
  {
    "type": "Feature",
    "geometry": {
       "type": "Point",
       "coordinates":  [ 121.5282137,25.1078855 ]
    },
    "properties": {
    "city":"台北市",
    "name":"全家便利商店股份有限公司-德行店",
    "address":"111臺北市士林區德行東路１０９巷３號"
    }
  },
  {
    "type": "Feature",
    "geometry": {
       "type": "Point",
       "coordinates":  [ 121.5302879,25.0666839 ]
    },
    "properties": {
    "city":"台北市",
    "name":"全家便利商店股份有限公司-德惠店",
    "address":"104臺北市中山區吉林路４４８號"
    }
  },
  {
    "type": "Feature",
    "geometry": {
       "type": "Point",
       "coordinates":  [ 121.544857,25.052626 ]
    },
    "properties": {
    "city":"台北市",
    "name":"全家便利商店股份有限公司-慶城店",
    "address":"105臺北市松山區中正里慶城街８號"
    }
  },
  {
    "type": "Feature",
    "geometry": {
       "type": "Point",
       "coordinates":  [ 121.5139332,25.0626086 ]
    },
    "properties": {
    "city":"台北市",
    "name":"全家便利商店股份有限公司-慶權店",
    "address":"103臺北市大同區重慶北路二段２６３號１樓"
    }
  },
  {
    "type": "Feature",
    "geometry": {
       "type": "Point",
       "coordinates":  [ 121.5164077,25.0454475 ]
    },
    "properties": {
    "city":"台北市",
    "name":"全家便利商店股份有限公司-摩天店",
    "address":"100臺北市中正區許昌街２６號"
    }
  },
  {
    "type": "Feature",
    "geometry": {
       "type": "Point",
       "coordinates":  [ 121.5209178,25.0635447 ]
    },
    "properties": {
    "city":"台北市",
    "name":"全家便利商店股份有限公司-撫順店",
    "address":"104臺北市中山區撫順街１２之２號１樓"
    }
  },
  {
    "type": "Feature",
    "geometry": {
       "type": "Point",
       "coordinates":  [ 121.5660248,25.0621777 ]
    },
    "properties": {
    "city":"台北市",
    "name":"全家便利商店股份有限公司-撫遠店",
    "address":"105臺北市松山區新東街６０巷１７號"
    }
  },
  {
    "type": "Feature",
    "geometry": {
       "type": "Point",
       "coordinates":  [ 121.553579,25.0283326 ]
    },
    "properties": {
    "city":"台北市",
    "name":"全家便利商店股份有限公司-樂利店",
    "address":"106臺北市大安區通化街１６８號之２號"
    }
  },
  {
    "type": "Feature",
    "geometry": {
       "type": "Point",
       "coordinates":  [ 121.5584684,25.0795347 ]
    },
    "properties": {
    "city":"台北市",
    "name":"全家便利商店股份有限公司-樂群店",
    "address":"104臺北市中山區樂群二路１８６號"
    }
  },
  {
    "type": "Feature",
    "geometry": {
       "type": "Point",
       "coordinates":  [ 121.5439589,25.0390985 ]
    },
    "properties": {
    "city":"台北市",
    "name":"全家便利商店股份有限公司-興仁店",
    "address":"106臺北市大安區復興南路一段２１７號"
    }
  },
  {
    "type": "Feature",
    "geometry": {
       "type": "Point",
       "coordinates":  [ 121.5450632,25.0635246 ]
    },
    "properties": {
    "city":"台北市",
    "name":"全家便利商店股份有限公司-興北店",
    "address":"105臺北市松山區民權東路三段１０３巷１５—１號"
    }
  },
  {
    "type": "Feature",
    "geometry": {
       "type": "Point",
       "coordinates":  [ 121.5423073,25.0562159 ]
    },
    "properties": {
    "city":"台北市",
    "name":"全家便利商店股份有限公司-興安店",
    "address":"104臺北市中山區興安街５７號"
    }
  },
  {
    "type": "Feature",
    "geometry": {
       "type": "Point",
       "coordinates":  [ 121.5437845,25.028253 ]
    },
    "properties": {
    "city":"台北市",
    "name":"全家便利商店股份有限公司-興和店",
    "address":"106臺北市大安區復興南路二段１５３號"
    }
  },
  {
    "type": "Feature",
    "geometry": {
       "type": "Point",
       "coordinates":  [ 121.5434452,25.0397231 ]
    },
    "properties": {
    "city":"台北市",
    "name":"全家便利商店股份有限公司-興忠店",
    "address":"106臺北市大安區復興南路一段２００號"
    }
  },
  {
    "type": "Feature",
    "geometry": {
       "type": "Point",
       "coordinates":  [ 121.5589621,25.0066233 ]
    },
    "properties": {
    "city":"台北市",
    "name":"全家便利商店股份有限公司-興昌店",
    "address":"116臺北市文山區辛亥路４段１０１巷１號"
    }
  },
  {
    "type": "Feature",
    "geometry": {
       "type": "Point",
       "coordinates":  [ 121.5498343,25.0009841 ]
    },
    "properties": {
    "city":"台北市",
    "name":"全家便利商店股份有限公司-興欣店",
    "address":"116臺北市文山區興隆路二段２０５號"
    }
  },
  {
    "type": "Feature",
    "geometry": {
       "type": "Point",
       "coordinates":  [ 121.543369,25.032853 ]
    },
    "properties": {
    "city":"台北市",
    "name":"全家便利商店股份有限公司-興南店",
    "address":"106臺北市大安區復興南路二段８，１０號"
    }
  },
  {
    "type": "Feature",
    "geometry": {
       "type": "Point",
       "coordinates":  [ 121.5608274,24.9864382 ]
    },
    "properties": {
    "city":"台北市",
    "name":"全家便利商店股份有限公司-興崙店",
    "address":"116臺北市文山區興隆路四段５０之１號"
    }
  },
  {
    "type": "Feature",
    "geometry": {
       "type": "Point",
       "coordinates":  [ 121.5853115,25.0574269 ]
    },
    "properties": {
    "city":"台北市",
    "name":"全家便利商店股份有限公司-興盛店",
    "address":"114臺北市內湖區新明路１８２號"
    }
  },
  {
    "type": "Feature",
    "geometry": {
       "type": "Point",
       "coordinates":  [ 121.6056456,25.0559319 ]
    },
    "properties": {
    "city":"台北市",
    "name":"全家便利商店股份有限公司-興華店",
    "address":"115臺北市南港區興華路８６號"
    }
  },
  {
    "type": "Feature",
    "geometry": {
       "type": "Point",
       "coordinates":  [ 121.575266,25.036015 ]
    },
    "properties": {
    "city":"台北市",
    "name":"全家便利商店股份有限公司-興雅店",
    "address":"110臺北市信義區虎林街２２２巷７９號"
    }
  },
  {
    "type": "Feature",
    "geometry": {
       "type": "Point",
       "coordinates":  [ 121.5522718,25.0004351 ]
    },
    "properties": {
    "city":"台北市",
    "name":"全家便利商店股份有限公司-興園店",
    "address":"116臺北市文山區興業里興隆路二段２２０巷３３號"
    }
  },
  {
    "type": "Feature",
    "geometry": {
       "type": "Point",
       "coordinates":  [ 121.552673,25.0016911 ]
    },
    "properties": {
    "city":"台北市",
    "name":"全家便利商店股份有限公司-興業店",
    "address":"116臺北市文山區興隆路二段２７９號"
    }
  },
  {
    "type": "Feature",
    "geometry": {
       "type": "Point",
       "coordinates":  [ 121.5436338,25.0454516 ]
    },
    "properties": {
    "city":"台北市",
    "name":"全家便利商店股份有限公司-興德店",
    "address":"104臺北市中山區復興南路一段３８號"
    }
  },
  {
    "type": "Feature",
    "geometry": {
       "type": "Point",
       "coordinates":  [ 121.5380063,25.0843259 ]
    },
    "properties": {
    "city":"台北市",
    "name":"全家便利商店股份有限公司-衡山店",
    "address":"104臺北市中山區通北街１１１號"
    }
  },
  {
    "type": "Feature",
    "geometry": {
       "type": "Point",
       "coordinates":  [ 121.532221,25.0604313 ]
    },
    "properties": {
    "city":"台北市",
    "name":"全家便利商店股份有限公司-錦江店",
    "address":"104臺北市中山區錦州街２１５號"
    }
  },
  {
    "type": "Feature",
    "geometry": {
       "type": "Point",
       "coordinates":  [ 121.5217006,25.0601543 ]
    },
    "properties": {
    "city":"台北市",
    "name":"全家便利商店股份有限公司-錦西店",
    "address":"104臺北市中山區錦西街８號"
    }
  },
  {
    "type": "Feature",
    "geometry": {
       "type": "Point",
       "coordinates":  [ 121.5290321,25.0609303 ]
    },
    "properties": {
    "city":"台北市",
    "name":"全家便利商店股份有限公司-錦原店",
    "address":"104臺北市中山區中原街１０１號１樓"
    }
  },
  {
    "type": "Feature",
    "geometry": {
       "type": "Point",
       "coordinates":  [ 121.5465889,24.999295 ]
    },
    "properties": {
    "city":"台北市",
    "name":"全家便利商店股份有限公司-靜心店",
    "address":"116臺北市文山區興隆路二段７３號"
    }
  },
  {
    "type": "Feature",
    "geometry": {
       "type": "Point",
       "coordinates":  [ 121.5326352,25.0157947 ]
    },
    "properties": {
    "city":"台北市",
    "name":"全家便利商店股份有限公司-館中店",
    "address":"100臺北市中正區羅斯福路三段３１６巷８弄１號１樓"
    }
  },
  {
    "type": "Feature",
    "geometry": {
       "type": "Point",
       "coordinates":  [ 121.5334554,25.0420032 ]
    },
    "properties": {
    "city":"台北市",
    "name":"全家便利商店股份有限公司-龍普店",
    "address":"106臺北市大安區忠孝東路４段１７０巷６弄２號"
    }
  },
  {
    "type": "Feature",
    "geometry": {
       "type": "Point",
       "coordinates":  [ 121.5360687,25.0664099 ]
    },
    "properties": {
    "city":"台北市",
    "name":"全家便利商店股份有限公司-濱江店",
    "address":"104臺北市中山區建國北路三段１１１號１樓"
    }
  },
  {
    "type": "Feature",
    "geometry": {
       "type": "Point",
       "coordinates":  [ 121.5656792,25.0828119 ]
    },
    "properties": {
    "city":"台北市",
    "name":"全家便利商店股份有限公司-環山店",
    "address":"114臺北市內湖區環山路一段５號"
    }
  },
  {
    "type": "Feature",
    "geometry": {
       "type": "Point",
       "coordinates":  [ 121.49071,25.031562 ]
    },
    "properties": {
    "city":"台北市",
    "name":"全家便利商店股份有限公司-環南店",
    "address":"108臺北市萬華區環河南路二段２９８號"
    }
  },
  {
    "type": "Feature",
    "geometry": {
       "type": "Point",
       "coordinates":  [ 121.5737541,25.0851256 ]
    },
    "properties": {
    "city":"台北市",
    "name":"全家便利商店股份有限公司-環德店",
    "address":"114臺北市內湖區港華里環山路二段５５號１樓"
    }
  },
  {
    "type": "Feature",
    "geometry": {
       "type": "Point",
       "coordinates":  [ 121.5260067,25.1183609 ]
    },
    "properties": {
    "city":"台北市",
    "name":"全家便利商店股份有限公司-磺溪店",
    "address":"111臺北市士林區天母西路４０－１號"
    }
  },
  {
    "type": "Feature",
    "geometry": {
       "type": "Point",
       "coordinates":  [ 121.5635706,25.0423248 ]
    },
    "properties": {
    "city":"台北市",
    "name":"全家便利商店股份有限公司-聯合店",
    "address":"110臺北市信義區忠孝東路四段５５３巷６弄１７號１樓"
    }
  },
  {
    "type": "Feature",
    "geometry": {
       "type": "Point",
       "coordinates":  [ 121.5462947,25.0569235 ]
    },
    "properties": {
    "city":"台北市",
    "name":"全家便利商店股份有限公司-豐禾店",
    "address":"105臺北市松山區民生東路三段１３０巷５弄２號"
    }
  },
  {
    "type": "Feature",
    "geometry": {
       "type": "Point",
       "coordinates":  [ 121.5459703,25.0587167 ]
    },
    "properties": {
    "city":"台北市",
    "name":"全家便利商店股份有限公司-豐華店",
    "address":"105臺北市松山區民生東路三段１１３巷６弄１號一樓"
    }
  },
  {
    "type": "Feature",
    "geometry": {
       "type": "Point",
       "coordinates":  [ 121.5471293,25.0569233 ]
    },
    "properties": {
    "city":"台北市",
    "name":"全家便利商店股份有限公司-豐興店",
    "address":"105臺北市松山區民生東路三段１３０巷５弄２２號"
    }
  },
  {
    "type": "Feature",
    "geometry": {
       "type": "Point",
       "coordinates":  [ 121.5242378,25.0645611 ]
    },
    "properties": {
    "city":"台北市",
    "name":"全家便利商店股份有限公司-雙城店",
    "address":"104臺北市中山區雙城街１２之１號"
    }
  },
  {
    "type": "Feature",
    "geometry": {
       "type": "Point",
       "coordinates":  [ 121.5244775,25.063034 ]
    },
    "properties": {
    "city":"台北市",
    "name":"全家便利商店股份有限公司-雙權店",
    "address":"104臺北市中山區雙城街１號１樓"
    }
  },
  {
    "type": "Feature",
    "geometry": {
       "type": "Point",
       "coordinates":  [ 121.544113,25.034036 ]
    },
    "properties": {
    "city":"台北市",
    "name":"全家便利商店股份有限公司-懷生店",
    "address":"106臺北市大安區復興南路１段７０號"
    }
  },
  {
    "type": "Feature",
    "geometry": {
       "type": "Point",
       "coordinates":  [ 121.521944,25.0281109 ]
    },
    "properties": {
    "city":"台北市",
    "name":"全家便利商店股份有限公司-羅中店",
    "address":"106臺北市大安區羅斯福路二段１７號１Ｆ"
    }
  },
  {
    "type": "Feature",
    "geometry": {
       "type": "Point",
       "coordinates":  [ 121.579124,25.0804634 ]
    },
    "properties": {
    "city":"台北市",
    "name":"全家便利商店股份有限公司-麗山店",
    "address":"114臺北市內湖區內湖路一段７３７巷４９號"
    }
  },
  {
    "type": "Feature",
    "geometry": {
       "type": "Point",
       "coordinates":  [ 121.4932876,25.0272176 ]
    },
    "properties": {
    "city":"台北市",
    "name":"全家便利商店股份有限公司-寶元店",
    "address":"108臺北市萬華區寶興街４０號"
    }
  },
  {
    "type": "Feature",
    "geometry": {
       "type": "Point",
       "coordinates":  [ 121.5727214,25.0497121 ]
    },
    "properties": {
    "city":"台北市",
    "name":"全家便利商店股份有限公司-寶清店",
    "address":"105臺北市松山區八德路四段５９８號１樓"
    }
  },
  {
    "type": "Feature",
    "geometry": {
       "type": "Point",
       "coordinates":  [ 121.509581,25.041816 ]
    },
    "properties": {
    "city":"台北市",
    "name":"全家便利商店股份有限公司-寶慶店",
    "address":"100臺北市中正區延平南路１１１號"
    }
  },
  {
    "type": "Feature",
    "geometry": {
       "type": "Point",
       "coordinates":  [ 121.4941988,25.0261289 ]
    },
    "properties": {
    "city":"台北市",
    "name":"全家便利商店股份有限公司-寶興店",
    "address":"108臺北市萬華區寶興街７８號"
    }
  },
  {
    "type": "Feature",
    "geometry": {
       "type": "Point",
       "coordinates":  [ 121.5160023,25.0705739 ]
    },
    "properties": {
    "city":"台北市",
    "name":"全家便利商店股份有限公司-蘭州店",
    "address":"103臺北市大同區大龍街２１７號１樓"
    }
  },
  {
    "type": "Feature",
    "geometry": {
       "type": "Point",
       "coordinates":  [ 121.5298481,25.110884 ]
    },
    "properties": {
    "city":"台北市",
    "name":"全家便利商店股份有限公司-蘭雅店",
    "address":"111臺北市士林區忠誠路二段５０巷１０號"
    }
  },
  {
    "type": "Feature",
    "geometry": {
       "type": "Point",
       "coordinates":  [ 121.5626602,24.9845533 ]
    },
    "properties": {
    "city":"台北市",
    "name":"全家便利商店股份有限公司-鑫順店",
    "address":"116台北市文山區忠順街二段１６號"
    }
  },
  {
    "type": "Feature",
    "geometry": {
       "type": "Point",
       "coordinates":  [ 121.5588397,25.0583197 ]
    },
    "properties": {
    "city":"台北市",
    "name":"全國電子股份有公司台北市第二十六分公司",
    "address":"105臺北市松山區民生東路五段72號"
    }
  },
  {
    "type": "Feature",
    "geometry": {
       "type": "Point",
       "coordinates":  [ 121.5604704,24.9817788 ]
    },
    "properties": {
    "city":"台北市",
    "name":"全國電子股份有公司台北市第三十七分公司全國電子台北木新門市",
    "address":"116臺北市文山區木新路三段180號1樓"
    }
  },
  {
    "type": "Feature",
    "geometry": {
       "type": "Point",
       "coordinates":  [ 121.5150576,25.0721283 ]
    },
    "properties": {
    "city":"台北市",
    "name":"全國電子股份有公司台北市第三十三分公司",
    "address":"103臺北市大同區酒泉街111號"
    }
  },
  {
    "type": "Feature",
    "geometry": {
       "type": "Point",
       "coordinates":  [ 121.5105517,25.0813452 ]
    },
    "properties": {
    "city":"台北市",
    "name":"全國電子股份有公司台北市第五十分公司",
    "address":"111台北市士林區延平北路五段250.252號"
    }
  },
  {
    "type": "Feature",
    "geometry": {
       "type": "Point",
       "coordinates":  [ 121.5374247,25.0598057 ]
    },
    "properties": {
    "city":"台北市",
    "name":"全國電子股份有公司台北市第四十七分公司",
    "address":"105臺北市松山區建國北路二段123號"
    }
  },
  {
    "type": "Feature",
    "geometry": {
       "type": "Point",
       "coordinates":  [ 121.5444468,25.0596784 ]
    },
    "properties": {
    "city":"台北市",
    "name":"全國電子股份有公司台北市第四十九分公司",
    "address":"105台北市松山區復興北路331號"
    }
  },
  {
    "type": "Feature",
    "geometry": {
       "type": "Point",
       "coordinates":  [ 121.5325588,25.0398474 ]
    },
    "properties": {
    "city":"台北市",
    "name":"全國電子股份有公司台北市第四十八分公司",
    "address":"100臺北市中正區新生南路一段102號"
    }
  },
  {
    "type": "Feature",
    "geometry": {
       "type": "Point",
       "coordinates":  [ 121.475307,25.1328975 ]
    },
    "properties": {
    "city":"台北市",
    "name":"全國電子股份有限公司台北市第一分公司",
    "address":"112臺北市北投區中央北路1段138號"
    }
  },
  {
    "type": "Feature",
    "geometry": {
       "type": "Point",
       "coordinates":  [ 121.566819,25.0405415 ]
    },
    "properties": {
    "city":"台北市",
    "name":"全國電子股份有限公司台北市第七分公司",
    "address":"115臺北市南港區忠孝東路5段984號"
    }
  },
  {
    "type": "Feature",
    "geometry": {
       "type": "Point",
       "coordinates":  [ 121.5940414,25.0832559 ]
    },
    "properties": {
    "city":"台北市",
    "name":"全國電子股份有限公司台北市第九分公司",
    "address":"114臺北市內湖區成功路4段155號"
    }
  },
  {
    "type": "Feature",
    "geometry": {
       "type": "Point",
       "coordinates":  [ 121.5063704,25.0272473 ]
    },
    "properties": {
    "city":"台北市",
    "name":"全國電子股份有限公司台北市第二十一分公司",
    "address":"108臺北市萬華區中華路二段436號"
    }
  },
  {
    "type": "Feature",
    "geometry": {
       "type": "Point",
       "coordinates":  [ 121.5243359,25.0240214 ]
    },
    "properties": {
    "city":"台北市",
    "name":"全國電子股份有限公司台北市第二十七分公司",
    "address":"100臺北市中正區南昌路2段206號"
    }
  },
  {
    "type": "Feature",
    "geometry": {
       "type": "Point",
       "coordinates":  [ 121.504239,25.1370315 ]
    },
    "properties": {
    "city":"台北市",
    "name":"全國電子股份有限公司台北市第二十九分公司",
    "address":"112臺北市北投區泉源路12-1號"
    }
  },
  {
    "type": "Feature",
    "geometry": {
       "type": "Point",
       "coordinates":  [ 121.513571,25.0571316 ]
    },
    "properties": {
    "city":"台北市",
    "name":"全國電子股份有限公司台北市第二十二分公司",
    "address":"103臺北市大同區重慶北路2段100-106號"
    }
  },
  {
    "type": "Feature",
    "geometry": {
       "type": "Point",
       "coordinates":  [ 121.5260764,25.1191574 ]
    },
    "properties": {
    "city":"台北市",
    "name":"全國電子股份有限公司台北市第二十八分公司",
    "address":"111臺北市士林區天母北路8號"
    }
  },
  {
    "type": "Feature",
    "geometry": {
       "type": "Point",
       "coordinates":  [ 121.524655,25.0953709 ]
    },
    "properties": {
    "city":"台北市",
    "name":"全國電子股份有限公司台北市第二十三分公司",
    "address":"111臺北市士林區福佳里文林路448號"
    }
  },
  {
    "type": "Feature",
    "geometry": {
       "type": "Point",
       "coordinates":  [ 121.5541373,25.0011337 ]
    },
    "properties": {
    "city":"台北市",
    "name":"全國電子股份有限公司台北市第八分公司",
    "address":"116臺北市文山區興隆路2段333號"
    }
  },
  {
    "type": "Feature",
    "geometry": {
       "type": "Point",
       "coordinates":  [ 121.5389465,25.0014405 ]
    },
    "properties": {
    "city":"台北市",
    "name":"全國電子股份有限公司台北市第十八分公司",
    "address":"116臺北市文山區羅斯福路5段238號1-2樓"
    }
  },
  {
    "type": "Feature",
    "geometry": {
       "type": "Point",
       "coordinates":  [ 121.5233136,25.083758 ]
    },
    "properties": {
    "city":"台北市",
    "name":"全國電子股份有限公司台北市第十三分公司",
    "address":"111臺北市士林區承德路4段128號"
    }
  },
  {
    "type": "Feature",
    "geometry": {
       "type": "Point",
       "coordinates":  [ 121.6145571,25.0685245 ]
    },
    "properties": {
    "city":"台北市",
    "name":"全國電子股份有限公司台北市第十五分公司",
    "address":"114臺北市內湖區東湖路84號"
    }
  },
  {
    "type": "Feature",
    "geometry": {
       "type": "Point",
       "coordinates":  [ 121.553626,25.0483331 ]
    },
    "properties": {
    "city":"台北市",
    "name":"全國電子股份有限公司台北市第十分公司",
    "address":"105臺北市松山區八德路三段103號"
    }
  },
  {
    "type": "Feature",
    "geometry": {
       "type": "Point",
       "coordinates":  [ 121.5574266,25.0518277 ]
    },
    "properties": {
    "city":"台北市",
    "name":"全國電子股份有限公司台北市第三十一分公司",
    "address":"105臺北市松山區南京東路5段46號"
    }
  },
  {
    "type": "Feature",
    "geometry": {
       "type": "Point",
       "coordinates":  [ 121.4999928,25.0392644 ]
    },
    "properties": {
    "city":"台北市",
    "name":"全國電子股份有限公司台北市第三十九分公司",
    "address":"108臺北市萬華區西園路2段243號"
    }
  },
  {
    "type": "Feature",
    "geometry": {
       "type": "Point",
       "coordinates":  [ 121.5530976,25.0198296 ]
    },
    "properties": {
    "city":"台北市",
    "name":"全國電子股份有限公司台北市第三十二分公司",
    "address":"106臺北市大安區樂業街152號"
    }
  },
  {
    "type": "Feature",
    "geometry": {
       "type": "Point",
       "coordinates":  [ 121.5618619,24.982055 ]
    },
    "properties": {
    "city":"台北市",
    "name":"全國電子股份有限公司台北市第三十八分公司",
    "address":"116臺北市文山區木柵路3段63、65號"
    }
  },
  {
    "type": "Feature",
    "geometry": {
       "type": "Point",
       "coordinates":  [ 121.5484849,25.0815077 ]
    },
    "properties": {
    "city":"台北市",
    "name":"全國電子股份有限公司台北市第三十六分公司",
    "address":"104臺北市中山區北安路577號"
    }
  },
  {
    "type": "Feature",
    "geometry": {
       "type": "Point",
       "coordinates":  [ 121.500709,25.0262022 ]
    },
    "properties": {
    "city":"台北市",
    "name":"全國電子股份有限公司台北市第三十四分公司",
    "address":"108臺北市萬華區萬大路241號"
    }
  },
  {
    "type": "Feature",
    "geometry": {
       "type": "Point",
       "coordinates":  [ 121.5541411,25.0316234 ]
    },
    "properties": {
    "city":"台北市",
    "name":"全國電子股份有限公司台北市第五分公司",
    "address":"106臺北市大安區通化街26號"
    }
  },
  {
    "type": "Feature",
    "geometry": {
       "type": "Point",
       "coordinates":  [ 121.510814,25.1133685 ]
    },
    "properties": {
    "city":"台北市",
    "name":"全國電子股份有限公司台北市第六分公司",
    "address":"112臺北市北投區石牌路1段79號"
    }
  },
  {
    "type": "Feature",
    "geometry": {
       "type": "Point",
       "coordinates":  [ 121.590156,25.0802106 ]
    },
    "properties": {
    "city":"台北市",
    "name":"全國電子股份有限公司台北市第四十一分公司",
    "address":"114臺北市內湖區成功路三段158號"
    }
  },
  {
    "type": "Feature",
    "geometry": {
       "type": "Point",
       "coordinates":  [ 121.5328737,25.1091836 ]
    },
    "properties": {
    "city":"台北市",
    "name":"全國電子股份有限公司台北市第四十二分公司",
    "address":"111臺北市士林區德行東路226號"
    }
  },
  {
    "type": "Feature",
    "geometry": {
       "type": "Point",
       "coordinates":  [ 121.5438894,24.9915591 ]
    },
    "properties": {
    "city":"台北市",
    "name":"全國電子股份有限公司台北市第四十五分公司",
    "address":"116臺北市文山區景興路217號"
    }
  },
  {
    "type": "Feature",
    "geometry": {
       "type": "Point",
       "coordinates":  [ 121.5857797,25.0458881 ]
    },
    "properties": {
    "city":"台北市",
    "name":"全國電子股份有限公司台北市第四十六分公司",
    "address":"115臺北市南港區成福路4號"
    }
  },
  {
    "type": "Feature",
    "geometry": {
       "type": "Point",
       "coordinates":  [ 121.5318179,25.0627613 ]
    },
    "properties": {
    "city":"台北市",
    "name":"全國電子股份有限公司台北市第四十分公司",
    "address":"104臺北市中山區民權東路二段73號"
    }
  },
  {
    "type": "Feature",
    "geometry": {
       "type": "Point",
       "coordinates":  [ 121.5393636,25.0252683 ]
    },
    "properties": {
    "city":"台北市",
    "name":"全國電子股份有限公司台北市第四十四分公司",
    "address":"106臺北市大安區和平東路二段78號"
    }
  },
  {
    "type": "Feature",
    "geometry": {
       "type": "Point",
       "coordinates":  [ 121.4990675,25.1261691 ]
    },
    "properties": {
    "city":"台北市",
    "name":"全勝汽車股份有限公司",
    "address":"112台北市北投區大業路258號1樓"
    }
  },
  {
    "type": "Feature",
    "geometry": {
       "type": "Point",
       "coordinates":  [ 121.5581367,25.0502973 ]
    },
    "properties": {
    "city":"台北市",
    "name":"全勝汽車股份有限公司松山分公司",
    "address":"105台北市松山區光復北路81號"
    }
  },
  {
    "type": "Feature",
    "geometry": {
       "type": "Point",
       "coordinates":  [ 121.5402808,25.0728315 ]
    },
    "properties": {
    "city":"台北市",
    "name":"全勝汽車股份有限公司松江分公司",
    "address":"104台北市中山區濱江街211號"
    }
  },
  {
    "type": "Feature",
    "geometry": {
       "type": "Point",
       "coordinates":  [ 121.553417,25.025402 ]
    },
    "properties": {
    "city":"台北市",
    "name":"固德汽車股份有限公司仁愛分公司",
    "address":"106台北市基隆路二段180號"
    }
  },
  {
    "type": "Feature",
    "geometry": {
       "type": "Point",
       "coordinates":  [ 121.5184803,25.0633419 ]
    },
    "properties": {
    "city":"台北市",
    "name":"承德傢俱生活館",
    "address":"103臺北市大同區承德路3段3號"
    }
  },
  {
    "type": "Feature",
    "geometry": {
       "type": "Point",
       "coordinates":  [ 121.5400726,24.9905982 ]
    },
    "properties": {
    "city":"台北市",
    "name":"美德傢俱有限公司",
    "address":"116臺北市文山區羅斯福路六段437號1樓"
    }
  },
  {
    "type": "Feature",
    "geometry": {
       "type": "Point",
       "coordinates":  [ 121.5639048,25.0615926 ]
    },
    "properties": {
    "city":"台北市",
    "name":"家福股份有限公司三民分公司",
    "address":"105臺北市松山區三民路160號"
    }
  },
  {
    "type": "Feature",
    "geometry": {
       "type": "Point",
       "coordinates":  [ 121.4995159,25.1417863 ]
    },
    "properties": {
    "city":"台北市",
    "name":"家福股份有限公司北投分公司",
    "address":"112臺北市北投區中和街366號"
    }
  },
  {
    "type": "Feature",
    "geometry": {
       "type": "Point",
       "coordinates":  [ 121.5579732,25.0822761 ]
    },
    "properties": {
    "city":"台北市",
    "name":"家福股份有限公司台北大直分公司",
    "address":"104臺北市中山區樂群三路218號2F"
    }
  },
  {
    "type": "Feature",
    "geometry": {
       "type": "Point",
       "coordinates":  [ 121.5743529,25.0591464 ]
    },
    "properties": {
    "city":"台北市",
    "name":"家福股份有限公司台北內湖分公司",
    "address":"114臺北市內湖區民善街88號"
    }
  },
  {
    "type": "Feature",
    "geometry": {
       "type": "Point",
       "coordinates":  [ 121.5226374,25.1055633 ]
    },
    "properties": {
    "city":"台北市",
    "name":"家福股份有限公司台北天母分公司",
    "address":"111臺北市士林區德行西路47號"
    }
  },
  {
    "type": "Feature",
    "geometry": {
       "type": "Point",
       "coordinates":  [ 121.5665002,25.0480166 ]
    },
    "properties": {
    "city":"台北市",
    "name":"家福股份有限公司台北東興分公司",
    "address":"110臺北市信義區東興路39、41、43、45地下一樓"
    }
  },
  {
    "type": "Feature",
    "geometry": {
       "type": "Point",
       "coordinates":  [ 121.5138784,25.0591778 ]
    },
    "properties": {
    "city":"台北市",
    "name":"家福股份有限公司台北重慶分公司",
    "address":"103臺北市大同區重慶北路2段171號地下1F和2F"
    }
  },
  {
    "type": "Feature",
    "geometry": {
       "type": "Point",
       "coordinates":  [ 121.6055491,25.0544396 ]
    },
    "properties": {
    "city":"台北市",
    "name":"家福股份有限公司南港分公司",
    "address":"115臺北市南港區南港路二段20巷5號B1-1"
    }
  },
  {
    "type": "Feature",
    "geometry": {
       "type": "Point",
       "coordinates":  [ 121.5058635,25.0378901 ]
    },
    "properties": {
    "city":"台北市",
    "name":"家樂福臺北桂林分公司",
    "address":"108臺北市萬華區桂林路1號"
    }
  },
  {
    "type": "Feature",
    "geometry": {
       "type": "Point",
       "coordinates":  [ 121.5637181,25.0578771 ]
    },
    "properties": {
    "city":"台北市",
    "name":"振宇五金股份有限公司松山三民分公司",
    "address":"105臺北市松山區三民路108之8號"
    }
  },
  {
    "type": "Feature",
    "geometry": {
       "type": "Point",
       "coordinates":  [ 121.6055443,25.0544429 ]
    },
    "properties": {
    "city":"台北市",
    "name":"特力屋(股)南港興華分公司",
    "address":"115臺北市南港區南港路二段20巷5號B1"
    }
  },
  {
    "type": "Feature",
    "geometry": {
       "type": "Point",
       "coordinates":  [ 121.5202796,25.0925309 ]
    },
    "properties": {
    "city":"台北市",
    "name":"特力屋股份有限公司士林分公司",
    "address":"111 台北市士林區基河路258號"
    }
  },
  {
    "type": "Feature",
    "geometry": {
       "type": "Point",
       "coordinates":  [ 121.5142037,25.0558405 ]
    },
    "properties": {
    "city":"台北市",
    "name":"特力屋股份有限公司大同重慶北分公司",
    "address":"103臺北市大同區重慶北路二段69、69-1號"
    }
  },
  {
    "type": "Feature",
    "geometry": {
       "type": "Point",
       "coordinates":  [ 121.5517039,25.0303988 ]
    },
    "properties": {
    "city":"台北市",
    "name":"特力屋股份有限公司大安安和分公司",
    "address":"106臺北市大安區安和路二段74巷3號"
    }
  },
  {
    "type": "Feature",
    "geometry": {
       "type": "Point",
       "coordinates":  [ 121.573934,25.062163 ]
    },
    "properties": {
    "city":"台北市",
    "name":"特力屋股份有限公司內湖分公司",
    "address":"114臺北市內湖區新湖三路23號B1"
    }
  },
  {
    "type": "Feature",
    "geometry": {
       "type": "Point",
       "coordinates":  [ 121.5743171,25.0622554 ]
    },
    "properties": {
    "city":"台北市",
    "name":"特力屋股份有限公司和樂內湖分公司",
    "address":"114臺北市內湖區新湖三路23號1樓"
    }
  },
  {
    "type": "Feature",
    "geometry": {
       "type": "Point",
       "coordinates":  [ 121.5210564,25.0371719 ]
    },
    "properties": {
    "city":"台北市",
    "name":"國防部福利事業管利處信義福利站",
    "address":"100臺北市中正區信義路一段三號地下一樓"
    }
  },
  {
    "type": "Feature",
    "geometry": {
       "type": "Point",
       "coordinates":  [ 121.5519077,25.0234828 ]
    },
    "properties": {
    "city":"台北市",
    "name":"國防部福利事業管理處大安福利站",
    "address":"106臺北市大安區基隆路二段207號"
    }
  },
  {
    "type": "Feature",
    "geometry": {
       "type": "Point",
       "coordinates":  [ 121.5079617,25.0392791 ]
    },
    "properties": {
    "city":"台北市",
    "name":"國防部福利事業管理處中華福利站",
    "address":"100臺北市中正區貴陽街一段243之1號"
    }
  },
  {
    "type": "Feature",
    "geometry": {
       "type": "Point",
       "coordinates":  [ 121.475307,25.1328975 ]
    },
    "properties": {
    "city":"台北市",
    "name":"國防部福利事業管理處北投福利站",
    "address":"112臺北市北投區中央北路338號"
    }
  },
  {
    "type": "Feature",
    "geometry": {
       "type": "Point",
       "coordinates":  [ 121.5108267,25.0373646 ]
    },
    "properties": {
    "city":"台北市",
    "name":"國防部福利事業管理處忠愛福利站",
    "address":"100臺北市中正區博愛路172號"
    }
  },
  {
    "type": "Feature",
    "geometry": {
       "type": "Point",
       "coordinates":  [ 121.5576579,25.0544026 ]
    },
    "properties": {
    "city":"台北市",
    "name":"國防部福利事業管理處松山福利站",
    "address":"105臺北市松山區健康路131號"
    }
  },
  {
    "type": "Feature",
    "geometry": {
       "type": "Point",
       "coordinates":  [ 121.5043751,25.0274251 ]
    },
    "properties": {
    "city":"台北市",
    "name":"國防部福事業管理處南機場福利站",
    "address":"108臺北市萬華區中華路2段416巷58號"
    }
  },
  {
    "type": "Feature",
    "geometry": {
       "type": "Point",
       "coordinates":  [ 121.5241377,25.1062668 ]
    },
    "properties": {
    "city":"台北市",
    "name":"國都豐田汽車天母營業所",
    "address":"111臺北市德行西路15號"
    }
  },
  {
    "type": "Feature",
    "geometry": {
       "type": "Point",
       "coordinates":  [ 121.5373636,25.0581162 ]
    },
    "properties": {
    "city":"台北市",
    "name":"國都豐田汽車民生營業所",
    "address":"104臺北市民生東路三段3號"
    }
  },
  {
    "type": "Feature",
    "geometry": {
       "type": "Point",
       "coordinates":  [ 121.5332865,25.0533361 ]
    },
    "properties": {
    "city":"台北市",
    "name":"國都豐田汽車南松江營業所",
    "address":"104臺北市松江路127號2F"
    }
  },
  {
    "type": "Feature",
    "geometry": {
       "type": "Point",
       "coordinates":  [ 121.5060266,25.1160157 ]
    },
    "properties": {
    "city":"台北市",
    "name":"國都豐田汽車陽明營業所",
    "address":"112臺北市承德路7段260號"
    }
  },
  {
    "type": "Feature",
    "geometry": {
       "type": "Point",
       "coordinates":  [ 121.5425045,25.0728237 ]
    },
    "properties": {
    "city":"台北市",
    "name":"國都豐田汽車濱江營業所",
    "address":"104臺北市中山區濱江街269號"
    }
  },
  {
    "type": "Feature",
    "geometry": {
       "type": "Point",
       "coordinates":  [ 121.5603404,25.0485917 ]
    },
    "properties": {
    "city":"台北市",
    "name":"頂好Wellcome（八德店）",
    "address":"106臺北市大安區八德路四段83號"
    }
  },
  {
    "type": "Feature",
    "geometry": {
       "type": "Point",
       "coordinates":  [ 121.557021,25.048255 ]
    },
    "properties": {
    "city":"台北市",
    "name":"頂好Wellcome（八德陽店）",
    "address":"106臺北市大安區八德路3段225號B1"
    }
  },
  {
    "type": "Feature",
    "geometry": {
       "type": "Point",
       "coordinates":  [ 121.528914,25.111028 ]
    },
    "properties": {
    "city":"台北市",
    "name":"頂好Wellcome（士東二店）",
    "address":"111臺北市士林區德行東路109巷104號1樓"
    }
  },
  {
    "type": "Feature",
    "geometry": {
       "type": "Point",
       "coordinates":  [ 121.5489498,25.0801763 ]
    },
    "properties": {
    "city":"台北市",
    "name":"頂好Wellcome（大直二店）",
    "address":"104臺北市中山區北安路554巷19號B1"
    }
  },
  {
    "type": "Feature",
    "geometry": {
       "type": "Point",
       "coordinates":  [ 121.5479015,25.0823324 ]
    },
    "properties": {
    "city":"台北市",
    "name":"頂好Wellcome（大直店）",
    "address":"104臺北市中山區北安路595巷11-13號"
    }
  },
  {
    "type": "Feature",
    "geometry": {
       "type": "Point",
       "coordinates":  [ 121.6013214,25.0861074 ]
    },
    "properties": {
    "city":"台北市",
    "name":"頂好Wellcome（大湖店）",
    "address":"114臺北市內湖區大湖山莊街148號"
    }
  },
  {
    "type": "Feature",
    "geometry": {
       "type": "Point",
       "coordinates":  [ 121.566819,25.0405415 ]
    },
    "properties": {
    "city":"台北市",
    "name":"頂好Wellcome（中坡陽店）",
    "address":"115臺北市南港區忠孝東路5段970號B1"
    }
  },
  {
    "type": "Feature",
    "geometry": {
       "type": "Point",
       "coordinates":  [ 121.509382,25.0247346 ]
    },
    "properties": {
    "city":"台北市",
    "name":"頂好Wellcome（中華店）",
    "address":"108臺北市萬華區中華路 2 段 600 號 之1"
    }
  },
  {
    "type": "Feature",
    "geometry": {
       "type": "Point",
       "coordinates":  [ 121.5448594,25.097686 ]
    },
    "properties": {
    "city":"台北市",
    "name":"頂好Wellcome（中影店）",
    "address":"111臺北市士林區至善路2段51號"
    }
  },
  {
    "type": "Feature",
    "geometry": {
       "type": "Point",
       "coordinates":  [ 121.5473349,25.0375215 ]
    },
    "properties": {
    "city":"台北市",
    "name":"頂好Wellcome（仁愛店）",
    "address":"106臺北市大安區仁愛路4段50號之99~100號"
    }
  },
  {
    "type": "Feature",
    "geometry": {
       "type": "Point",
       "coordinates":  [ 121.5568242,25.03738 ]
    },
    "properties": {
    "city":"台北市",
    "name":"頂好Wellcome（仁愛青店）",
    "address":"106臺北市大安區仁愛路四段408號B1"
    }
  },
  {
    "type": "Feature",
    "geometry": {
       "type": "Point",
       "coordinates":  [ 121.578767,25.07664 ]
    },
    "properties": {
    "city":"台北市",
    "name":"頂好Wellcome（內湖店）",
    "address":"114臺北市內湖區江南街65巷41號B1"
    }
  },
  {
    "type": "Feature",
    "geometry": {
       "type": "Point",
       "coordinates":  [ 121.5330596,25.1234101 ]
    },
    "properties": {
    "city":"台北市",
    "name":"頂好Wellcome（天母北店）",
    "address":"111臺北市士林區中山北路7段154巷6號1樓"
    }
  },
  {
    "type": "Feature",
    "geometry": {
       "type": "Point",
       "coordinates":  [ 121.529675,25.11898 ]
    },
    "properties": {
    "city":"台北市",
    "name":"頂好Wellcome（天母店）",
    "address":"111臺北市士林區天母西路 3 號 2 樓之 70"
    }
  },
  {
    "type": "Feature",
    "geometry": {
       "type": "Point",
       "coordinates":  [ 121.5152624,25.0721494 ]
    },
    "properties": {
    "city":"台北市",
    "name":"頂好Wellcome（孔廟店）",
    "address":"103臺北市大同區酒泉街 105 號"
    }
  },
  {
    "type": "Feature",
    "geometry": {
       "type": "Point",
       "coordinates":  [ 121.5682525,24.9889175 ]
    },
    "properties": {
    "city":"台北市",
    "name":"頂好Wellcome（木柵店）",
    "address":"116臺北市文山區木柵路 4 段 153 號"
    }
  },
  {
    "type": "Feature",
    "geometry": {
       "type": "Point",
       "coordinates":  [ 121.5578017,24.9818675 ]
    },
    "properties": {
    "city":"台北市",
    "name":"頂好Wellcome（木新店）",
    "address":"116臺北市文山區木新路 3 段 278 巷 9 號B1"
    }
  },
  {
    "type": "Feature",
    "geometry": {
       "type": "Point",
       "coordinates":  [ 121.5046756,25.1362525 ]
    },
    "properties": {
    "city":"台北市",
    "name":"頂好Wellcome（北投店）",
    "address":"112臺北市北投區光明路 220 號"
    }
  },
  {
    "type": "Feature",
    "geometry": {
       "type": "Point",
       "coordinates":  [ 121.5403064,25.041397 ]
    },
    "properties": {
    "city":"台北市",
    "name":"頂好Wellcome（正義陽店）",
    "address":"106臺北市大安區忠孝東路3段218號B1"
    }
  },
  {
    "type": "Feature",
    "geometry": {
       "type": "Point",
       "coordinates":  [ 121.607598,25.071707 ]
    },
    "properties": {
    "city":"台北市",
    "name":"頂好Wellcome（民權店）",
    "address":"114臺北市內湖區民權東路6段296巷42之3號地下樓"
    }
  },
  {
    "type": "Feature",
    "geometry": {
       "type": "Point",
       "coordinates":  [ 121.5688771,24.9841855 ]
    },
    "properties": {
    "city":"台北市",
    "name":"頂好Wellcome（永安店）",
    "address":"116臺北市文山區木新路二段158-1號"
    }
  },
  {
    "type": "Feature",
    "geometry": {
       "type": "Point",
       "coordinates":  [ 121.5302038,25.0581536 ]
    },
    "properties": {
    "city":"台北市",
    "name":"頂好Wellcome（吉林二店）",
    "address":"100臺北市中正區台北市吉林路372.374號"
    }
  },
  {
    "type": "Feature",
    "geometry": {
       "type": "Point",
       "coordinates":  [ 121.5214469,25.0233551 ]
    },
    "properties": {
    "city":"台北市",
    "name":"頂好Wellcome（同安店）",
    "address":"100臺北市中正區同安街71號"
    }
  },
  {
    "type": "Feature",
    "geometry": {
       "type": "Point",
       "coordinates":  [ 121.5511378,25.0297181 ]
    },
    "properties": {
    "city":"台北市",
    "name":"頂好Wellcome（安和店）",
    "address":"106臺北市大安區安和路2段80-82號B1"
    }
  },
  {
    "type": "Feature",
    "geometry": {
       "type": "Point",
       "coordinates":  [ 121.545668,25.0272117 ]
    },
    "properties": {
    "city":"台北市",
    "name":"頂好Wellcome（成功店）",
    "address":"106臺北市大安區四維路198巷35號1F"
    }
  },
  {
    "type": "Feature",
    "geometry": {
       "type": "Point",
       "coordinates":  [ 121.58863,25.0408894 ]
    },
    "properties": {
    "city":"台北市",
    "name":"頂好Wellcome（成福店）",
    "address":"115臺北市南港區成福路183號1F"
    }
  },
  {
    "type": "Feature",
    "geometry": {
       "type": "Point",
       "coordinates":  [ 121.569482,25.0250519 ]
    },
    "properties": {
    "city":"台北市",
    "name":"頂好Wellcome（吳興店）",
    "address":"110臺北市信義區松仁路271號B1"
    }
  },
  {
    "type": "Feature",
    "geometry": {
       "type": "Point",
       "coordinates":  [ 121.5618619,24.982055 ]
    },
    "properties": {
    "city":"台北市",
    "name":"頂好Wellcome（辛亥店）",
    "address":"116臺北市文山區木柵路1段259號、259-1號"
    }
  },
  {
    "type": "Feature",
    "geometry": {
       "type": "Point",
       "coordinates":  [ 121.5224258,25.0274562 ]
    },
    "properties": {
    "city":"台北市",
    "name":"頂好Wellcome（和平店）",
    "address":"106臺北市大安區羅斯福路2段41-49號B1"
    }
  },
  {
    "type": "Feature",
    "geometry": {
       "type": "Point",
       "coordinates":  [ 121.5113451,25.0589598 ]
    },
    "properties": {
    "city":"台北市",
    "name":"頂好Wellcome（延平店）",
    "address":"103臺北市大同區延平北路 2 段 202 號 B1"
    }
  },
  {
    "type": "Feature",
    "geometry": {
       "type": "Point",
       "coordinates":  [ 121.546809,25.0419403 ]
    },
    "properties": {
    "city":"台北市",
    "name":"頂好Wellcome（忠孝店）",
    "address":"106臺北市大安區忠孝東路四段71號B1"
    }
  },
  {
    "type": "Feature",
    "geometry": {
       "type": "Point",
       "coordinates":  [ 121.5209307,25.1115803 ]
    },
    "properties": {
    "city":"台北市",
    "name":"頂好Wellcome（明德店）",
    "address":"112臺北市北投區明德路161號B1"
    }
  },
  {
    "type": "Feature",
    "geometry": {
       "type": "Point",
       "coordinates":  [ 121.5257295,25.0599458 ]
    },
    "properties": {
    "city":"台北市",
    "name":"頂好Wellcome（東光店）",
    "address":"104臺北市中山區林森北路413號B1"
    }
  },
  {
    "type": "Feature",
    "geometry": {
       "type": "Point",
       "coordinates":  [ 121.6009099,25.0546377 ]
    },
    "properties": {
    "city":"台北市",
    "name":"頂好Wellcome（東明店）",
    "address":"115臺北市南港區東明街99號1樓"
    }
  },
  {
    "type": "Feature",
    "geometry": {
       "type": "Point",
       "coordinates":  [ 121.6127809,25.0689915 ]
    },
    "properties": {
    "city":"台北市",
    "name":"頂好Wellcome（東湖二店）",
    "address":"114臺北市內湖區東湖路1號"
    }
  },
  {
    "type": "Feature",
    "geometry": {
       "type": "Point",
       "coordinates":  [ 121.6191733,25.0726326 ]
    },
    "properties": {
    "city":"台北市",
    "name":"頂好Wellcome（東湖三店）",
    "address":"114臺北市內湖區康樂街150號1F"
    }
  },
  {
    "type": "Feature",
    "geometry": {
       "type": "Point",
       "coordinates":  [ 121.4983711,25.021454 ]
    },
    "properties": {
    "city":"台北市",
    "name":"頂好Wellcome（東園店）",
    "address":"108臺北市萬華區萬大路 406 號 B1"
    }
  },
  {
    "type": "Feature",
    "geometry": {
       "type": "Point",
       "coordinates":  [ 121.5257483,25.0541385 ]
    },
    "properties": {
    "city":"台北市",
    "name":"頂好Wellcome（林森店）",
    "address":"104臺北市中山區林森北路247號B1"
    }
  },
  {
    "type": "Feature",
    "geometry": {
       "type": "Point",
       "coordinates":  [ 121.5759552,25.0379087 ]
    },
    "properties": {
    "city":"台北市",
    "name":"頂好Wellcome（松德店）",
    "address":"110臺北市信義區松德路99號B1"
    }
  },
  {
    "type": "Feature",
    "geometry": {
       "type": "Point",
       "coordinates":  [ 121.5082711,25.0912647 ]
    },
    "properties": {
    "city":"台北市",
    "name":"頂好Wellcome（社中店）",
    "address":"111臺北市士林區社中街222號1樓"
    }
  },
  {
    "type": "Feature",
    "geometry": {
       "type": "Point",
       "coordinates":  [ 121.5871819,25.0881556 ]
    },
    "properties": {
    "city":"台北市",
    "name":"頂好Wellcome（金龍店）",
    "address":"114臺北市內湖區金龍路215號1樓"
    }
  },
  {
    "type": "Feature",
    "geometry": {
       "type": "Point",
       "coordinates":  [ 121.5369391,25.0484123 ]
    },
    "properties": {
    "city":"台北市",
    "name":"頂好Wellcome（長安東店）",
    "address":"104臺北市中山區長安東路二段63.63-1.63-2號"
    }
  },
  {
    "type": "Feature",
    "geometry": {
       "type": "Point",
       "coordinates":  [ 121.504499,25.040539 ]
    },
    "properties": {
    "city":"台北市",
    "name":"頂好Wellcome（長沙店）",
    "address":"108臺北市萬華區長沙街2段93號B1"
    }
  },
  {
    "type": "Feature",
    "geometry": {
       "type": "Point",
       "coordinates":  [ 121.5455089,25.0546379 ]
    },
    "properties": {
    "city":"台北市",
    "name":"頂好Wellcome（長春店）",
    "address":"106臺北市大安區長春路343號1樓"
    }
  },
  {
    "type": "Feature",
    "geometry": {
       "type": "Point",
       "coordinates":  [ 121.5288302,25.1028261 ]
    },
    "properties": {
    "city":"台北市",
    "name":"頂好Wellcome（雨聲店）",
    "address":"111臺北市士林區雨聲街52號,52-1號,50巷1號"
    }
  },
  {
    "type": "Feature",
    "geometry": {
       "type": "Point",
       "coordinates":  [ 121.5574266,25.0518277 ]
    },
    "properties": {
    "city":"台北市",
    "name":"頂好Wellcome（南京店）",
    "address":"106臺北市大安區南京東路5段198號B1"
    }
  },
  {
    "type": "Feature",
    "geometry": {
       "type": "Point",
       "coordinates":  [ 121.6240441,25.0370335 ]
    },
    "properties": {
    "city":"台北市",
    "name":"頂好Wellcome（南港店）",
    "address":"115臺北市南港區舊莊街1段196號1F"
    }
  },
  {
    "type": "Feature",
    "geometry": {
       "type": "Point",
       "coordinates":  [ 121.5192471,25.0871324 ]
    },
    "properties": {
    "city":"台北市",
    "name":"頂好Wellcome（後港店）",
    "address":"111臺北市士林區華齡街 175 號"
    }
  },
  {
    "type": "Feature",
    "geometry": {
       "type": "Point",
       "coordinates":  [ 121.5960122,25.0803252 ]
    },
    "properties": {
    "city":"台北市",
    "name":"頂好Wellcome（星雲店）",
    "address":"114臺北市內湖區星雲街152號B1"
    }
  },
  {
    "type": "Feature",
    "geometry": {
       "type": "Point",
       "coordinates":  [ 121.5575157,25.0835013 ]
    },
    "properties": {
    "city":"台北市",
    "name":"頂好Wellcome（美麗華店）",
    "address":"104臺北市中山區敬業三路20號B1F之1"
    }
  },
  {
    "type": "Feature",
    "geometry": {
       "type": "Point",
       "coordinates":  [ 121.5142224,25.1111774 ]
    },
    "properties": {
    "city":"台北市",
    "name":"頂好Wellcome（致遠店）",
    "address":"112臺北市北投區致遠一路二段19.21.23號"
    }
  },
  {
    "type": "Feature",
    "geometry": {
       "type": "Point",
       "coordinates":  [ 121.5136357,25.0495802 ]
    },
    "properties": {
    "city":"台北市",
    "name":"頂好Wellcome（重慶店）",
    "address":"103臺北市大同區重慶北路 1 段 73 號 B1"
    }
  },
  {
    "type": "Feature",
    "geometry": {
       "type": "Point",
       "coordinates":  [ 121.5281934,25.0216701 ]
    },
    "properties": {
    "city":"台北市",
    "name":"頂好Wellcome（師大店）",
    "address":"106臺北市大安區師大路129號1F"
    }
  },
  {
    "type": "Feature",
    "geometry": {
       "type": "Point",
       "coordinates":  [ 121.5069373,25.1277281 ]
    },
    "properties": {
    "city":"台北市",
    "name":"頂好Wellcome（清江店）",
    "address":"112臺北市北投區公館路 198 號"
    }
  },
  {
    "type": "Feature",
    "geometry": {
       "type": "Point",
       "coordinates":  [ 121.5198716,25.0421407 ]
    },
    "properties": {
    "city":"台北市",
    "name":"頂好Wellcome（莒光店）",
    "address":"100臺北市中正區西藏路 125 巷 13-15 號"
    }
  },
  {
    "type": "Feature",
    "geometry": {
       "type": "Point",
       "coordinates":  [ 121.5559924,25.0348889 ]
    },
    "properties": {
    "city":"台北市",
    "name":"頂好Wellcome（通化店）",
    "address":"106臺北市大安區延吉街250號B1"
    }
  },
  {
    "type": "Feature",
    "geometry": {
       "type": "Point",
       "coordinates":  [ 121.5545027,25.0329744 ]
    },
    "properties": {
    "city":"台北市",
    "name":"頂好Wellcome（通化陽店）",
    "address":"106臺北市大安區信義路4段296號B1"
    }
  },
  {
    "type": "Feature",
    "geometry": {
       "type": "Point",
       "coordinates":  [ 121.520395,25.0812212 ]
    },
    "properties": {
    "city":"台北市",
    "name":"頂好Wellcome（通河店）",
    "address":"111臺北市士林區通河街153號.155號"
    }
  },
  {
    "type": "Feature",
    "geometry": {
       "type": "Point",
       "coordinates":  [ 121.5496667,25.0555177 ]
    },
    "properties": {
    "city":"台北市",
    "name":"頂好Wellcome（敦北陽店）",
    "address":"106臺北市大安區敦化北路199巷5號"
    }
  },
  {
    "type": "Feature",
    "geometry": {
       "type": "Point",
       "coordinates":  [ 121.5393461,24.9922772 ]
    },
    "properties": {
    "city":"台北市",
    "name":"頂好Wellcome（景美店）",
    "address":"116臺北市文山區萬慶街 27 號"
    }
  },
  {
    "type": "Feature",
    "geometry": {
       "type": "Point",
       "coordinates":  [ 121.5899474,25.0677276 ]
    },
    "properties": {
    "city":"台北市",
    "name":"頂好Wellcome（湖興店）",
    "address":"114臺北市內湖區成功路2段320巷19號"
    }
  },
  {
    "type": "Feature",
    "geometry": {
       "type": "Point",
       "coordinates":  [ 121.5460818,25.1363483 ]
    },
    "properties": {
    "city":"台北市",
    "name":"頂好Wellcome（陽明山店）",
    "address":"111臺北市士林區格致路7 號"
    }
  },
  {
    "type": "Feature",
    "geometry": {
       "type": "Point",
       "coordinates":  [ 121.5331005,25.1092549 ]
    },
    "properties": {
    "city":"台北市",
    "name":"頂好Wellcome（陽明店）",
    "address":"111臺北市士林區德行東路 230 號"
    }
  },
  {
    "type": "Feature",
    "geometry": {
       "type": "Point",
       "coordinates":  [ 121.534531,25.025746 ]
    },
    "properties": {
    "city":"台北市",
    "name":"頂好Wellcome（新生店）",
    "address":"106臺北市大安區新生南路3段2號B1"
    }
  },
  {
    "type": "Feature",
    "geometry": {
       "type": "Point",
       "coordinates":  [ 121.5672934,25.0019013 ]
    },
    "properties": {
    "city":"台北市",
    "name":"頂好Wellcome（萬和店）",
    "address":"116臺北市文山區萬和街6號2樓之2及2樓之3"
    }
  },
  {
    "type": "Feature",
    "geometry": {
       "type": "Point",
       "coordinates":  [ 121.5723625,24.9916943 ]
    },
    "properties": {
    "city":"台北市",
    "name":"頂好Wellcome（萬芳店）",
    "address":"116臺北市文山區萬利街路 30 巷 1 號"
    }
  },
  {
    "type": "Feature",
    "geometry": {
       "type": "Point",
       "coordinates":  [ 121.497392,25.0341133 ]
    },
    "properties": {
    "city":"台北市",
    "name":"頂好Wellcome（萬華店）",
    "address":"108臺北市萬華區大理街114號1樓"
    }
  },
  {
    "type": "Feature",
    "geometry": {
       "type": "Point",
       "coordinates":  [ 121.5354327,25.0648317 ]
    },
    "properties": {
    "city":"台北市",
    "name":"頂好Wellcome（農安店）",
    "address":"104臺北市中山區農安街257號.259號"
    }
  },
  {
    "type": "Feature",
    "geometry": {
       "type": "Point",
       "coordinates":  [ 121.4893527,25.1408385 ]
    },
    "properties": {
    "city":"台北市",
    "name":"頂好Wellcome（稻香店）",
    "address":"112臺北市北投區稻香路81號1樓"
    }
  },
  {
    "type": "Feature",
    "geometry": {
       "type": "Point",
       "coordinates":  [ 121.5430506,25.0555478 ]
    },
    "properties": {
    "city":"台北市",
    "name":"頂好Wellcome（興安店）",
    "address":"104臺北市中山區興安街112號B1"
    }
  },
  {
    "type": "Feature",
    "geometry": {
       "type": "Point",
       "coordinates":  [ 121.5316231,25.0179379 ]
    },
    "properties": {
    "city":"台北市",
    "name":"頂好Wellcome（羅斯福店）",
    "address":"104臺北市中山區羅斯福路3段285號B1"
    }
  },
  {
    "type": "Feature",
    "geometry": {
       "type": "Point",
       "coordinates":  [ 121.5090412,25.0416016 ]
    },
    "properties": {
    "city":"台北市",
    "name":"頂好Wellcome（寶慶Gourmet店）",
    "address":"100臺北市中正區寶慶路32號B1"
    }
  },
  {
    "type": "Feature",
    "geometry": {
       "type": "Point",
       "coordinates":  [ 121.4957047,25.0208426 ]
    },
    "properties": {
    "city":"台北市",
    "name":"頂好Wellcome（寶興店）",
    "address":"108臺北市萬華區萬大路486巷48號1樓"
    }
  },
  {
    "type": "Feature",
    "geometry": {
       "type": "Point",
       "coordinates":  [ 121.5739709,25.0749927 ]
    },
    "properties": {
    "city":"台北市",
    "name":"博達汽車股份有限公司",
    "address":"114台北市內湖區港墘路219號"
    }
  },
  {
    "type": "Feature",
    "geometry": {
       "type": "Point",
       "coordinates":  [ 121.5382586,25.0074573 ]
    },
    "properties": {
    "city":"台北市",
    "name":"博達汽車股份有限公司文山分公司",
    "address":"116台北市文山區羅斯福路5段90號"
    }
  },
  {
    "type": "Feature",
    "geometry": {
       "type": "Point",
       "coordinates":  [ 121.5294558,25.1122917 ]
    },
    "properties": {
    "city":"台北市",
    "name":"棉花田士林士東門市",
    "address":"111台北市士林區士東路97號1樓"
    }
  },
  {
    "type": "Feature",
    "geometry": {
       "type": "Point",
       "coordinates":  [ 121.5492805,25.0473455 ]
    },
    "properties": {
    "city":"台北市",
    "name":"棉花田大直樂群門市",
    "address":"105臺北市松山區敦化南路一段3號11樓"
    }
  },
  {
    "type": "Feature",
    "geometry": {
       "type": "Point",
       "coordinates":  [ 121.5523983,25.0478195 ]
    },
    "properties": {
    "city":"台北市",
    "name":"棉花田中崙八德門市",
    "address":"105台北市八德路三段74巷8號1樓"
    }
  },
  {
    "type": "Feature",
    "geometry": {
       "type": "Point",
       "coordinates":  [ 121.5492805,25.0473455 ]
    },
    "properties": {
    "city":"台北市",
    "name":"棉花田木柵指南門市",
    "address":"105臺北市松山區敦化南路一段3號11樓"
    }
  },
  {
    "type": "Feature",
    "geometry": {
       "type": "Point",
       "coordinates":  [ 121.5632735,25.057785 ]
    },
    "properties": {
    "city":"台北市",
    "name":"棉花田生機園地三民門市",
    "address":"105臺北市松山區三民路三民路109號1樓 "
    }
  },
  {
    "type": "Feature",
    "geometry": {
       "type": "Point",
       "coordinates":  [ 121.5234817,25.0952373 ]
    },
    "properties": {
    "city":"台北市",
    "name":"棉花田生機園地士林門市",
    "address":"111臺北市士林區華榮街1號"
    }
  },
  {
    "type": "Feature",
    "geometry": {
       "type": "Point",
       "coordinates":  [ 121.5217496,25.0506346 ]
    },
    "properties": {
    "city":"台北市",
    "name":"棉花田生機園地中山門市",
    "address":"104臺北市中山區中山北路一段116號"
    }
  },
  {
    "type": "Feature",
    "geometry": {
       "type": "Point",
       "coordinates":  [ 121.5907105,25.0801998 ]
    },
    "properties": {
    "city":"台北市",
    "name":"棉花田生機園地內湖門市",
    "address":"114臺北市內湖區成功路3段181號"
    }
  },
  {
    "type": "Feature",
    "geometry": {
       "type": "Point",
       "coordinates":  [ 121.501369,25.1322055 ]
    },
    "properties": {
    "city":"台北市",
    "name":"棉花田生機園地北投門市",
    "address":"112臺北市北投區中央南路1段39號"
    }
  },
  {
    "type": "Feature",
    "geometry": {
       "type": "Point",
       "coordinates":  [ 121.5504108,25.0586803 ]
    },
    "properties": {
    "city":"台北市",
    "name":"棉花田生機園地民生門市",
    "address":"105臺北市松山區民生東路四段55巷30號1F"
    }
  },
  {
    "type": "Feature",
    "geometry": {
       "type": "Point",
       "coordinates":  [ 121.5652968,25.0406521 ]
    },
    "properties": {
    "city":"台北市",
    "name":"棉花田生機園地永春門市",
    "address":"110臺北市信義區忠孝東路5段457號"
    }
  },
  {
    "type": "Feature",
    "geometry": {
       "type": "Point",
       "coordinates":  [ 121.5334554,25.0420032 ]
    },
    "properties": {
    "city":"台北市",
    "name":"棉花田生機園地忠孝門市",
    "address":"106臺北市大安區忠孝東路4段299號"
    }
  },
  {
    "type": "Feature",
    "geometry": {
       "type": "Point",
       "coordinates":  [ 121.5400031,25.0419048 ]
    },
    "properties": {
    "city":"台北市",
    "name":"棉花田生機園地忠孝復興門市",
    "address":"106臺北市大安區忠孝東路3段221-1號"
    }
  },
  {
    "type": "Feature",
    "geometry": {
       "type": "Point",
       "coordinates":  [ 121.5306142,25.1087682 ]
    },
    "properties": {
    "city":"台北市",
    "name":"棉花田生機園地忠誠門市",
    "address":"111臺北市士林區忠誠路2段5號"
    }
  },
  {
    "type": "Feature",
    "geometry": {
       "type": "Point",
       "coordinates":  [ 121.6164958,25.0680329 ]
    },
    "properties": {
    "city":"台北市",
    "name":"棉花田生機園地東湖門市",
    "address":"114臺北市內湖區東湖路126號"
    }
  },
  {
    "type": "Feature",
    "geometry": {
       "type": "Point",
       "coordinates":  [ 121.5051024,25.0259347 ]
    },
    "properties": {
    "city":"台北市",
    "name":"棉花田生機園地股份有限公司",
    "address":"108臺北市萬華區青年路12號"
    }
  },
  {
    "type": "Feature",
    "geometry": {
       "type": "Point",
       "coordinates":  [ 121.5459213,25.0362926 ]
    },
    "properties": {
    "city":"台北市",
    "name":"棉花田生機園地股份有限公司大安門市",
    "address":"106臺北市大安區大安路一段182號"
    }
  },
  {
    "type": "Feature",
    "geometry": {
       "type": "Point",
       "coordinates":  [ 121.5573602,25.0371287 ]
    },
    "properties": {
    "city":"台北市",
    "name":"棉花田生機園地股份有限公司光復門市",
    "address":"106臺北市大安區光復南路390-2號"
    }
  },
  {
    "type": "Feature",
    "geometry": {
       "type": "Point",
       "coordinates":  [ 121.5574266,25.0518277 ]
    },
    "properties": {
    "city":"台北市",
    "name":"棉花田生機園地南京門市",
    "address":"105臺北市松山區南京東路5段137號"
    }
  },
  {
    "type": "Feature",
    "geometry": {
       "type": "Point",
       "coordinates":  [ 121.5393931,25.0517395 ]
    },
    "properties": {
    "city":"台北市",
    "name":"棉花田生機園地南京龍江門市",
    "address":"104臺北市中山區南京東路3段82號"
    }
  },
  {
    "type": "Feature",
    "geometry": {
       "type": "Point",
       "coordinates":  [ 121.5890952,25.0492267 ]
    },
    "properties": {
    "city":"台北市",
    "name":"棉花田生機園地後山埤門市",
    "address":"114臺北市內湖區忠孝東路六段六號"
    }
  },
  {
    "type": "Feature",
    "geometry": {
       "type": "Point",
       "coordinates":  [ 121.5134147,25.0468814 ]
    },
    "properties": {
    "city":"台北市",
    "name":"棉花田生機園地重慶門市",
    "address":"100臺北市中正區重慶南路1段90號"
    }
  },
  {
    "type": "Feature",
    "geometry": {
       "type": "Point",
       "coordinates":  [ 121.5769572,25.0287024 ]
    },
    "properties": {
    "city":"台北市",
    "name":"棉花田生機園地莊敬門市",
    "address":"110臺北市信義區376號"
    }
  },
  {
    "type": "Feature",
    "geometry": {
       "type": "Point",
       "coordinates":  [ 121.5116353,25.0433033 ]
    },
    "properties": {
    "city":"台北市",
    "name":"棉花田生機園地博愛門市",
    "address":"100臺北市中正區博愛路89號"
    }
  },
  {
    "type": "Feature",
    "geometry": {
       "type": "Point",
       "coordinates":  [ 121.5412639,24.9905046 ]
    },
    "properties": {
    "city":"台北市",
    "name":"棉花田生機園地景美門市",
    "address":"116臺北市文山區景文街117號"
    }
  },
  {
    "type": "Feature",
    "geometry": {
       "type": "Point",
       "coordinates":  [ 121.5190341,25.0291386 ]
    },
    "properties": {
    "city":"台北市",
    "name":"棉花田生機園地福州門市",
    "address":"100臺北市中正區福州街11-10號"
    }
  },
  {
    "type": "Feature",
    "geometry": {
       "type": "Point",
       "coordinates":  [ 121.5874121,25.0609314 ]
    },
    "properties": {
    "city":"台北市",
    "name":"棉花田生機園地慶城門市",
    "address":"105臺北市松山區南京東路3段303巷24號"
    }
  },
  {
    "type": "Feature",
    "geometry": {
       "type": "Point",
       "coordinates":  [ 121.5617935,24.9846941 ]
    },
    "properties": {
    "city":"台北市",
    "name":"棉花田生機園地興隆門市",
    "address":"116臺北市文山區興隆路4段153號"
    }
  },
  {
    "type": "Feature",
    "geometry": {
       "type": "Point",
       "coordinates":  [ 121.5419762,25.0603508 ]
    },
    "properties": {
    "city":"台北市",
    "name":"棉花田生機園地錦州門市",
    "address":"104臺北市中山區錦州街417號"
    }
  },
  {
    "type": "Feature",
    "geometry": {
       "type": "Point",
       "coordinates":  [ 121.531751,25.017603 ]
    },
    "properties": {
    "city":"台北市",
    "name":"棉花田生機園地羅斯福門市",
    "address":"106臺北市大安區羅斯福路3段273之1"
    }
  },
  {
    "type": "Feature",
    "geometry": {
       "type": "Point",
       "coordinates":  [ 121.5536121,25.0395409 ]
    },
    "properties": {
    "city":"台北市",
    "name":"棉花田忠孝216門市",
    "address":"110台北市忠孝東路四段216巷33弄11號"
    }
  },
  {
    "type": "Feature",
    "geometry": {
       "type": "Point",
       "coordinates":  [ 121.5492805,25.0473455 ]
    },
    "properties": {
    "city":"台北市",
    "name":"棉花田建南門市",
    "address":"105臺北市松山區敦化南路一段3號11樓"
    }
  },
  {
    "type": "Feature",
    "geometry": {
       "type": "Point",
       "coordinates":  [ 121.5492805,25.0473455 ]
    },
    "properties": {
    "city":"台北市",
    "name":"棉花田基隆信二門市",
    "address":"105臺北市松山區敦化南路一段3號11樓"
    }
  },
  {
    "type": "Feature",
    "geometry": {
       "type": "Point",
       "coordinates":  [ 121.5829816,25.0453509 ]
    },
    "properties": {
    "city":"台北市",
    "name":"港德傢俱有限公司",
    "address":"115台北市南港區忠孝東路6段112號1F"
    }
  },
  {
    "type": "Feature",
    "geometry": {
       "type": "Point",
       "coordinates":  [ 121.5636361,25.0327831 ]
    },
    "properties": {
    "city":"台北市",
    "name":"萊爾富國際股份有限公司-北市101店",
    "address":"110台北市信義區信義路5段20號"
    }
  },
  {
    "type": "Feature",
    "geometry": {
       "type": "Point",
       "coordinates":  [ 121.496475,25.1331982 ]
    },
    "properties": {
    "city":"台北市",
    "name":"萊爾富國際股份有限公司-北市十信店",
    "address":"112台北市北投區北投路2段55號"
    }
  },
  {
    "type": "Feature",
    "geometry": {
       "type": "Point",
       "coordinates":  [ 121.5910904,25.0728868 ]
    },
    "properties": {
    "city":"台北市",
    "name":"萊爾富國際股份有限公司-北市三總店",
    "address":"114臺北市內湖區成功路二段325號B1(台北國防醫學中心)"
    }
  },
  {
    "type": "Feature",
    "geometry": {
       "type": "Point",
       "coordinates":  [ 121.5253069,25.0866371 ]
    },
    "properties": {
    "city":"台北市",
    "name":"萊爾富國際股份有限公司-北市士大店",
    "address":"111臺北市士林區大東路7號"
    }
  },
  {
    "type": "Feature",
    "geometry": {
       "type": "Point",
       "coordinates":  [ 121.5270143,25.1140181 ]
    },
    "properties": {
    "city":"台北市",
    "name":"萊爾富國際股份有限公司-北市士東店",
    "address":"111臺北市士林區中山北路六段429號"
    }
  },
  {
    "type": "Feature",
    "geometry": {
       "type": "Point",
       "coordinates":  [ 121.471137,25.1081747 ]
    },
    "properties": {
    "city":"台北市",
    "name":"萊爾富國際股份有限公司-北市士海店",
    "address":"111臺北市士林區延平北路九段212號(海洋技術學院士林校區-學生宿舍及福利社)"
    }
  },
  {
    "type": "Feature",
    "geometry": {
       "type": "Point",
       "coordinates":  [ 121.5317679,25.1052354 ]
    },
    "properties": {
    "city":"台北市",
    "name":"萊爾富國際股份有限公司-北市士陽店",
    "address":"111臺北市士林區雨聲街105號(北市陽明醫院)"
    }
  },
  {
    "type": "Feature",
    "geometry": {
       "type": "Point",
       "coordinates":  [ 121.5330741,25.1247086 ]
    },
    "properties": {
    "city":"台北市",
    "name":"萊爾富國際股份有限公司-北市士銓店",
    "address":"111臺北市士林區中山北路七段186號"
    }
  },
  {
    "type": "Feature",
    "geometry": {
       "type": "Point",
       "coordinates":  [ 121.5107271,25.0890991 ]
    },
    "properties": {
    "city":"台北市",
    "name":"萊爾富國際股份有限公司-北市士慶店",
    "address":"111臺北市士林區社正路75號"
    }
  },
  {
    "type": "Feature",
    "geometry": {
       "type": "Point",
       "coordinates":  [ 121.5246706,25.0870391 ]
    },
    "properties": {
    "city":"台北市",
    "name":"萊爾富國際股份有限公司-北市士鑽店",
    "address":"111臺北市士林區基河路15號A1-01"
    }
  },
  {
    "type": "Feature",
    "geometry": {
       "type": "Point",
       "coordinates":  [ 121.5218205,25.0663105 ]
    },
    "properties": {
    "city":"台北市",
    "name":"萊爾富國際股份有限公司-北市大同店",
    "address":"104臺北市中山區中山北路三段40號(大同大學經營大樓)"
    }
  },
  {
    "type": "Feature",
    "geometry": {
       "type": "Point",
       "coordinates":  [ 121.5025871,25.138125 ]
    },
    "properties": {
    "city":"台北市",
    "name":"萊爾富國際股份有限公司-北市大業店",
    "address":"112臺北市北投區中和街41號"
    }
  },
  {
    "type": "Feature",
    "geometry": {
       "type": "Point",
       "coordinates":  [ 121.5373396,25.0546056 ]
    },
    "properties": {
    "city":"台北市",
    "name":"萊爾富國際股份有限公司-北市山華店",
    "address":"104臺北市中山區長春路208號1樓"
    }
  },
  {
    "type": "Feature",
    "geometry": {
       "type": "Point",
       "coordinates":  [ 121.5419511,25.0484252 ]
    },
    "properties": {
    "city":"台北市",
    "name":"萊爾富國際股份有限公司-北市山寧店",
    "address":"104臺北市中山區長安東路二段171-7號"
    }
  },
  {
    "type": "Feature",
    "geometry": {
       "type": "Point",
       "coordinates":  [ 121.5360279,25.048221 ]
    },
    "properties": {
    "city":"台北市",
    "name":"萊爾富國際股份有限公司-北市山榮店",
    "address":"104臺北市中山區長安東路二段118號1樓"
    }
  },
  {
    "type": "Feature",
    "geometry": {
       "type": "Point",
       "coordinates":  [ 121.5295716,25.0666806 ]
    },
    "properties": {
    "city":"台北市",
    "name":"萊爾富國際股份有限公司-北市山德店",
    "address":"104臺北市中山區德惠街109號 1樓"
    }
  },
  {
    "type": "Feature",
    "geometry": {
       "type": "Point",
       "coordinates":  [ 121.5208112,25.062388 ]
    },
    "properties": {
    "city":"台北市",
    "name":"萊爾富國際股份有限公司-北市山擎店",
    "address":"104臺北市中山區天祥路70號一樓"
    }
  },
  {
    "type": "Feature",
    "geometry": {
       "type": "Point",
       "coordinates":  [ 121.5717404,25.0399168 ]
    },
    "properties": {
    "city":"台北市",
    "name":"萊爾富國際股份有限公司-北市工農店",
    "address":"110臺北市信義區忠孝東路五段236巷16號"
    }
  },
  {
    "type": "Feature",
    "geometry": {
       "type": "Point",
       "coordinates":  [ 121.524027,25.057142 ]
    },
    "properties": {
    "city":"台北市",
    "name":"萊爾富國際股份有限公司-北市中山三店",
    "address":"104臺北市中山區中山北路二段65巷13號"
    }
  },
  {
    "type": "Feature",
    "geometry": {
       "type": "Point",
       "coordinates":  [ 121.5237108,25.0616549 ]
    },
    "properties": {
    "city":"台北市",
    "name":"萊爾富國際股份有限公司-北市中山店",
    "address":"104臺北市中山區中山北路二段137巷2號"
    }
  },
  {
    "type": "Feature",
    "geometry": {
       "type": "Point",
       "coordinates":  [ 121.5290831,25.0590177 ]
    },
    "properties": {
    "city":"台北市",
    "name":"萊爾富國際股份有限公司-北市中原二店",
    "address":"104臺北市中山區中原街77號"
    }
  },
  {
    "type": "Feature",
    "geometry": {
       "type": "Point",
       "coordinates":  [ 121.5547464,24.9986236 ]
    },
    "properties": {
    "city":"台北市",
    "name":"萊爾富國際股份有限公司-北市中國店",
    "address":"116臺北市文山區興隆路三段56號(中國科技大學)"
    }
  },
  {
    "type": "Feature",
    "geometry": {
       "type": "Point",
       "coordinates":  [ 121.5903566,25.0674451 ]
    },
    "properties": {
    "city":"台北市",
    "name":"萊爾富國際股份有限公司-北市內湖二店",
    "address":"114臺北市內湖區成功路二段318之1號"
    }
  },
  {
    "type": "Feature",
    "geometry": {
       "type": "Point",
       "coordinates":  [ 121.5270768,25.1141796 ]
    },
    "properties": {
    "city":"台北市",
    "name":"萊爾富國際股份有限公司-北市天福店",
    "address":"111台北市士林區中山北路六段431之4號1樓"
    }
  },
  {
    "type": "Feature",
    "geometry": {
       "type": "Point",
       "coordinates":  [ 121.5574305,25.0056069 ]
    },
    "properties": {
    "city":"台北市",
    "name":"萊爾富國際股份有限公司-北市文辛店",
    "address":"116臺北市文山區辛亥路四段218.220號"
    }
  },
  {
    "type": "Feature",
    "geometry": {
       "type": "Point",
       "coordinates":  [ 121.5390519,25.0023859 ]
    },
    "properties": {
    "city":"台北市",
    "name":"萊爾富國際股份有限公司-北市文武店",
    "address":"116臺北市文山區羅斯福路五段203號1樓"
    }
  },
  {
    "type": "Feature",
    "geometry": {
       "type": "Point",
       "coordinates":  [ 121.5303861,25.0436029 ]
    },
    "properties": {
    "city":"台北市",
    "name":"萊爾富國際股份有限公司-北市文創店",
    "address":"105台北市中正區八德路一段34號"
    }
  },
  {
    "type": "Feature",
    "geometry": {
       "type": "Point",
       "coordinates":  [ 121.5389623,24.9936759 ]
    },
    "properties": {
    "city":"台北市",
    "name":"萊爾富國際股份有限公司-北市文福店",
    "address":"116臺北市文山區景福街230巷2號"
    }
  },
  {
    "type": "Feature",
    "geometry": {
       "type": "Point",
       "coordinates":  [ 121.5597037,24.9819378 ]
    },
    "properties": {
    "city":"台北市",
    "name":"萊爾富國際股份有限公司-北市木新二店",
    "address":"116臺北市文山區木新路三段232巷6弄18號"
    }
  },
  {
    "type": "Feature",
    "geometry": {
       "type": "Point",
       "coordinates":  [ 121.568769,24.983835 ]
    },
    "properties": {
    "city":"台北市",
    "name":"萊爾富國際股份有限公司-北市木新三店",
    "address":"116臺北市文山區木新路二段163號"
    }
  },
  {
    "type": "Feature",
    "geometry": {
       "type": "Point",
       "coordinates":  [ 121.54612,24.9866475 ]
    },
    "properties": {
    "city":"台北市",
    "name":"萊爾富國際股份有限公司-北市世新店",
    "address":"116臺北市文山區木柵路一段8號"
    }
  },
  {
    "type": "Feature",
    "geometry": {
       "type": "Point",
       "coordinates":  [ 121.4787739,25.1355412 ]
    },
    "properties": {
    "city":"台北市",
    "name":"萊爾富國際股份有限公司-北市北天店",
    "address":"112臺北市北投區一德里中央北路四段8號1樓"
    }
  },
  {
    "type": "Feature",
    "geometry": {
       "type": "Point",
       "coordinates":  [ 121.4718539,25.1255771 ]
    },
    "properties": {
    "city":"台北市",
    "name":"萊爾富國際股份有限公司-北市北功店",
    "address":"112臺北市北投區立德路60號"
    }
  },
  {
    "type": "Feature",
    "geometry": {
       "type": "Point",
       "coordinates":  [ 121.4981691,25.1435761 ]
    },
    "properties": {
    "city":"台北市",
    "name":"萊爾富國際股份有限公司-北市北和店",
    "address":"112臺北市北投區中和里中和街402號1樓"
    }
  },
  {
    "type": "Feature",
    "geometry": {
       "type": "Point",
       "coordinates":  [ 121.469144,25.1345474 ]
    },
    "properties": {
    "city":"台北市",
    "name":"萊爾富國際股份有限公司-北市北武店",
    "address":"112臺北市北投區學園路2號（北台科學技術學院-飲和樓商場）"
    }
  },
  {
    "type": "Feature",
    "geometry": {
       "type": "Point",
       "coordinates":  [ 121.537739,25.0435178 ]
    },
    "properties": {
    "city":"台北市",
    "name":"萊爾富國際股份有限公司-北市北科大店",
    "address":"106臺北市大安區建國南路一段81號(台北科技大學)"
    }
  },
  {
    "type": "Feature",
    "geometry": {
       "type": "Point",
       "coordinates":  [ 121.5254698,25.0423998 ]
    },
    "properties": {
    "city":"台北市",
    "name":"萊爾富國際股份有限公司-北市北商店",
    "address":"100臺北市中正區濟南路一段321號五育樓B1（國立台北商業技術學院）"
    }
  },
  {
    "type": "Feature",
    "geometry": {
       "type": "Point",
       "coordinates":  [ 121.4828384,25.1371417 ]
    },
    "properties": {
    "city":"台北市",
    "name":"萊爾富國際股份有限公司-北市北崗店",
    "address":"112臺北市北投區桃園里中央北路三段44.46號"
    }
  },
  {
    "type": "Feature",
    "geometry": {
       "type": "Point",
       "coordinates":  [ 121.5020551,25.1307049 ]
    },
    "properties": {
    "city":"台北市",
    "name":"萊爾富國際股份有限公司-北市北清店",
    "address":"112台北市北投區清江路53及55號"
    }
  },
  {
    "type": "Feature",
    "geometry": {
       "type": "Point",
       "coordinates":  [ 121.5227627,25.1208483 ]
    },
    "properties": {
    "city":"台北市",
    "name":"萊爾富國際股份有限公司-北市北華店",
    "address":"112臺北市北投區石牌路二段201號"
    }
  },
  {
    "type": "Feature",
    "geometry": {
       "type": "Point",
       "coordinates":  [ 121.5176412,25.1145278 ]
    },
    "properties": {
    "city":"台北市",
    "name":"萊爾富國際股份有限公司-北市北裕店",
    "address":"112臺北市北投區裕民六路120號"
    }
  },
  {
    "type": "Feature",
    "geometry": {
       "type": "Point",
       "coordinates":  [ 121.5019234,25.1289098 ]
    },
    "properties": {
    "city":"台北市",
    "name":"萊爾富國際股份有限公司-北市北達店",
    "address":"112臺北市北投區清江路47.49號"
    }
  },
  {
    "type": "Feature",
    "geometry": {
       "type": "Point",
       "coordinates":  [ 121.5279626,25.0192333 ]
    },
    "properties": {
    "city":"台北市",
    "name":"萊爾富國際股份有限公司-北市古亭店",
    "address":"100台北市中正區辛亥路一段17巷2號及19號"
    }
  },
  {
    "type": "Feature",
    "geometry": {
       "type": "Point",
       "coordinates":  [ 121.5112892,25.0367858 ]
    },
    "properties": {
    "city":"台北市",
    "name":"萊爾富國際股份有限公司-北市司法店",
    "address":"100臺北市中正區博愛路131號B1"
    }
  },
  {
    "type": "Feature",
    "geometry": {
       "type": "Point",
       "coordinates":  [ 121.5170835,25.0443093 ]
    },
    "properties": {
    "city":"台北市",
    "name":"萊爾富國際股份有限公司-北市台大店",
    "address":"100台北市中正區常德街1號B1"
    }
  },
  {
    "type": "Feature",
    "geometry": {
       "type": "Point",
       "coordinates":  [ 121.5249205,25.060151 ]
    },
    "properties": {
    "city":"台北市",
    "name":"萊爾富國際股份有限公司-北市台泥店",
    "address":"104臺北市中山區錦州街32號"
    }
  },
  {
    "type": "Feature",
    "geometry": {
       "type": "Point",
       "coordinates":  [ 121.5639969,25.037531 ]
    },
    "properties": {
    "city":"台北市",
    "name":"萊爾富國際股份有限公司-北市市政店",
    "address":"110台北市信義區市府路1號(市政大樓地下二樓)"
    }
  },
  {
    "type": "Feature",
    "geometry": {
       "type": "Point",
       "coordinates":  [ 121.5178968,25.0413516 ]
    },
    "properties": {
    "city":"台北市",
    "name":"萊爾富國際股份有限公司-北市正台店",
    "address":"100臺北市中正區常德街1號(臺大醫院)"
    }
  },
  {
    "type": "Feature",
    "geometry": {
       "type": "Point",
       "coordinates":  [ 121.5320331,25.0452719 ]
    },
    "properties": {
    "city":"台北市",
    "name":"萊爾富國際股份有限公司-北市正光店",
    "address":"100臺北市中正區市民大道三段8號1樓(光華商場光華新天地)"
    }
  },
  {
    "type": "Feature",
    "geometry": {
       "type": "Point",
       "coordinates":  [ 121.5308532,25.0437488 ]
    },
    "properties": {
    "city":"台北市",
    "name":"萊爾富國際股份有限公司-北市正宏店",
    "address":"100臺北市中正區八德路一段46號"
    }
  },
  {
    "type": "Feature",
    "geometry": {
       "type": "Point",
       "coordinates":  [ 121.5305682,25.0205844 ]
    },
    "properties": {
    "city":"台北市",
    "name":"萊爾富國際股份有限公司-北市正佳店",
    "address":"100臺北市中正區辛亥路一段39.41號1樓"
    }
  },
  {
    "type": "Feature",
    "geometry": {
       "type": "Point",
       "coordinates":  [ 121.5255925,25.0444724 ]
    },
    "properties": {
    "city":"台北市",
    "name":"萊爾富國際股份有限公司-北市正忠店",
    "address":"100台北市中正區梅花里８鄰忠孝東路一段３５號一樓全部"
    }
  },
  {
    "type": "Feature",
    "geometry": {
       "type": "Point",
       "coordinates":  [ 121.5246815,25.043401 ]
    },
    "properties": {
    "city":"台北市",
    "name":"萊爾富國際股份有限公司-北市正東店",
    "address":"100臺北市中正區紹興南街4-12號1樓"
    }
  },
  {
    "type": "Feature",
    "geometry": {
       "type": "Point",
       "coordinates":  [ 121.5143136,25.0471874 ]
    },
    "properties": {
    "city":"台北市",
    "name":"萊爾富國際股份有限公司-北市正前店",
    "address":"100台北市中正區忠孝西路一段173號，台北西B站"
    }
  },
  {
    "type": "Feature",
    "geometry": {
       "type": "Point",
       "coordinates":  [ 121.5145717,25.0282063 ]
    },
    "properties": {
    "city":"台北市",
    "name":"萊爾富國際股份有限公司-北市正泉店",
    "address":"100臺北市中正區泉州街31.34號1樓"
    }
  },
  {
    "type": "Feature",
    "geometry": {
       "type": "Point",
       "coordinates":  [ 121.5115764,25.0473969 ]
    },
    "properties": {
    "city":"台北市",
    "name":"萊爾富國際股份有限公司-北市正博店",
    "address":"100臺北市中正區博愛路9號"
    }
  },
  {
    "type": "Feature",
    "geometry": {
       "type": "Point",
       "coordinates":  [ 121.5191828,25.0251216 ]
    },
    "properties": {
    "city":"台北市",
    "name":"萊爾富國際股份有限公司-北市正喜店",
    "address":"100臺北市中正區板溪里牯嶺街117號1樓"
    }
  },
  {
    "type": "Feature",
    "geometry": {
       "type": "Point",
       "coordinates":  [ 121.518583,25.0443271 ]
    },
    "properties": {
    "city":"台北市",
    "name":"萊爾富國際股份有限公司-北市正童店",
    "address":"100臺北市中正區中山南路8號(台大兒童綜合醫院)   "
    }
  },
  {
    "type": "Feature",
    "geometry": {
       "type": "Point",
       "coordinates":  [ 121.5198716,25.0421407 ]
    },
    "properties": {
    "city":"台北市",
    "name":"萊爾富國際股份有限公司-北市正裕店",
    "address":"100臺北市中正區忠孝西路50號1樓"
    }
  },
  {
    "type": "Feature",
    "geometry": {
       "type": "Point",
       "coordinates":  [ 121.5318177,25.0436503 ]
    },
    "properties": {
    "city":"台北市",
    "name":"萊爾富國際股份有限公司-北市正德店",
    "address":"100臺北市中正區八德路一段82巷7號1樓"
    }
  },
  {
    "type": "Feature",
    "geometry": {
       "type": "Point",
       "coordinates":  [ 121.5091632,25.0422907 ]
    },
    "properties": {
    "city":"台北市",
    "name":"萊爾富國際股份有限公司-北市正慶店",
    "address":"100臺北市中正區衡陽路103號"
    }
  },
  {
    "type": "Feature",
    "geometry": {
       "type": "Point",
       "coordinates":  [ 121.515243,25.0451905 ]
    },
    "properties": {
    "city":"台北市",
    "name":"萊爾富國際股份有限公司-北市正館店",
    "address":"100臺北市中正區館前路45號1樓"
    }
  },
  {
    "type": "Feature",
    "geometry": {
       "type": "Point",
       "coordinates":  [ 121.5162662,25.0453967 ]
    },
    "properties": {
    "city":"台北市",
    "name":"萊爾富國際股份有限公司-北市正豐店",
    "address":"100臺北市中正區許昌街26-2號"
    }
  },
  {
    "type": "Feature",
    "geometry": {
       "type": "Point",
       "coordinates":  [ 121.5191987,25.0409785 ]
    },
    "properties": {
    "city":"台北市",
    "name":"萊爾富國際股份有限公司-北市正醫店",
    "address":"100臺北市中正區中山南路7號B1(台大醫院)"
    }
  },
  {
    "type": "Feature",
    "geometry": {
       "type": "Point",
       "coordinates":  [ 121.5103238,25.0416173 ]
    },
    "properties": {
    "city":"台北市",
    "name":"萊爾富國際股份有限公司-北市正寶店",
    "address":"100台北市中正區寶慶路35號"
    }
  },
  {
    "type": "Feature",
    "geometry": {
       "type": "Point",
       "coordinates":  [ 121.5148501,25.0445906 ]
    },
    "properties": {
    "city":"台北市",
    "name":"萊爾富國際股份有限公司-北市正鑽店",
    "address":"100臺北市中正區館前路36號 "
    }
  },
  {
    "type": "Feature",
    "geometry": {
       "type": "Point",
       "coordinates":  [ 121.5224143,25.0576654 ]
    },
    "properties": {
    "city":"台北市",
    "name":"萊爾富國際股份有限公司-北市民生店",
    "address":"104臺北市中山區民生西路2號"
    }
  },
  {
    "type": "Feature",
    "geometry": {
       "type": "Point",
       "coordinates":  [ 121.5876607,25.0693065 ]
    },
    "properties": {
    "city":"台北市",
    "name":"萊爾富國際股份有限公司-北市民東店",
    "address":"114臺北市內湖區民權東路六段69,71,75號"
    }
  },
  {
    "type": "Feature",
    "geometry": {
       "type": "Point",
       "coordinates":  [ 121.5644276,25.062771 ]
    },
    "properties": {
    "city":"台北市",
    "name":"萊爾富國際股份有限公司-北市民權二店",
    "address":"105臺北市松山區民權東路五段32號"
    }
  },
  {
    "type": "Feature",
    "geometry": {
       "type": "Point",
       "coordinates":  [ 121.5858188,25.0683182 ]
    },
    "properties": {
    "city":"台北市",
    "name":"萊爾富國際股份有限公司-北市民權三店",
    "address":"114臺北市內湖區民權東路六段90巷8號"
    }
  },
  {
    "type": "Feature",
    "geometry": {
       "type": "Point",
       "coordinates":  [ 121.5332259,25.0472323 ]
    },
    "properties": {
    "city":"台北市",
    "name":"萊爾富國際股份有限公司-北市永捷店",
    "address":"104台北市中山區松江路27號"
    }
  },
  {
    "type": "Feature",
    "geometry": {
       "type": "Point",
       "coordinates":  [ 121.5128774,25.0582174 ]
    },
    "properties": {
    "city":"台北市",
    "name":"萊爾富國際股份有限公司-北市甘州店",
    "address":"103臺北市大同區歸綏街183號"
    }
  },
  {
    "type": "Feature",
    "geometry": {
       "type": "Point",
       "coordinates":  [ 121.5164873,25.1185258 ]
    },
    "properties": {
    "city":"台北市",
    "name":"萊爾富國際股份有限公司-北市立農店",
    "address":"112台北市北投區義理街96號及立農街2段292號"
    }
  },
  {
    "type": "Feature",
    "geometry": {
       "type": "Point",
       "coordinates":  [ 121.5147185,25.0660135 ]
    },
    "properties": {
    "city":"台北市",
    "name":"萊爾富國際股份有限公司-北市同吉店",
    "address":"103臺北市大同區昌吉街63號"
    }
  },
  {
    "type": "Feature",
    "geometry": {
       "type": "Point",
       "coordinates":  [ 121.5142162,25.0517021 ]
    },
    "properties": {
    "city":"台北市",
    "name":"萊爾富國際股份有限公司-北市同安店",
    "address":"103臺北市大同區重慶北路一段63號"
    }
  },
  {
    "type": "Feature",
    "geometry": {
       "type": "Point",
       "coordinates":  [ 121.5088799,25.0535849 ]
    },
    "properties": {
    "city":"台北市",
    "name":"萊爾富國際股份有限公司-北市同京店",
    "address":"103臺北市大同區西寧北路35號"
    }
  },
  {
    "type": "Feature",
    "geometry": {
       "type": "Point",
       "coordinates":  [ 121.5158702,25.0747519 ]
    },
    "properties": {
    "city":"台北市",
    "name":"萊爾富國際股份有限公司-北市同密店",
    "address":"103臺北市大同區重慶里哈密街59巷21號"
    }
  },
  {
    "type": "Feature",
    "geometry": {
       "type": "Point",
       "coordinates":  [ 121.5202142,25.0500468 ]
    },
    "properties": {
    "city":"台北市",
    "name":"萊爾富國際股份有限公司-北市同捷店",
    "address":"103臺北市大同區長安西路52-1號B1"
    }
  },
  {
    "type": "Feature",
    "geometry": {
       "type": "Point",
       "coordinates":  [ 121.5190851,25.0601439 ]
    },
    "properties": {
    "city":"台北市",
    "name":"萊爾富國際股份有限公司-北市同淵店",
    "address":"103臺北市大同區錦西街82號 1樓"
    }
  },
  {
    "type": "Feature",
    "geometry": {
       "type": "Point",
       "coordinates":  [ 121.511436,25.05709 ]
    },
    "properties": {
    "city":"台北市",
    "name":"萊爾富國際股份有限公司-北市同達店",
    "address":"103臺北市大同區延平北路二段114.116.118號.民生西路335號"
    }
  },
  {
    "type": "Feature",
    "geometry": {
       "type": "Point",
       "coordinates":  [ 121.519314,25.0739165 ]
    },
    "properties": {
    "city":"台北市",
    "name":"萊爾富國際股份有限公司-北市同德店",
    "address":"103臺北市大同區承德路三段290號"
    }
  },
  {
    "type": "Feature",
    "geometry": {
       "type": "Point",
       "coordinates":  [ 121.5134642,25.0505609 ]
    },
    "properties": {
    "city":"台北市",
    "name":"萊爾富國際股份有限公司-北市同慶店",
    "address":"103臺北市大同區重慶北路一段24號1樓"
    }
  },
  {
    "type": "Feature",
    "geometry": {
       "type": "Point",
       "coordinates":  [ 121.5198557,25.0526014 ]
    },
    "properties": {
    "city":"台北市",
    "name":"萊爾富國際股份有限公司-北市同蝶店",
    "address":"103臺北市大同區南京西路30號"
    }
  },
  {
    "type": "Feature",
    "geometry": {
       "type": "Point",
       "coordinates":  [ 121.5326278,25.0471688 ]
    },
    "properties": {
    "city":"台北市",
    "name":"萊爾富國際股份有限公司-北市如意店",
    "address":"104臺北市中山區松江路28,30,30-1號"
    }
  },
  {
    "type": "Feature",
    "geometry": {
       "type": "Point",
       "coordinates":  [ 121.554553,25.0367168 ]
    },
    "properties": {
    "city":"台北市",
    "name":"萊爾富國際股份有限公司-北市安平店",
    "address":"110臺北市信義區仁愛路四段300巷15號1樓"
    }
  },
  {
    "type": "Feature",
    "geometry": {
       "type": "Point",
       "coordinates":  [ 121.554553,25.0367168 ]
    },
    "properties": {
    "city":"台北市",
    "name":"萊爾富國際股份有限公司-北市安平店",
    "address":"106台北市大安區仁愛路4段300巷15號"
    }
  },
  {
    "type": "Feature",
    "geometry": {
       "type": "Point",
       "coordinates":  [ 121.5549597,25.0211449 ]
    },
    "properties": {
    "city":"台北市",
    "name":"萊爾富國際股份有限公司-北市安弘店",
    "address":"106臺北市大安區安居街10號"
    }
  },
  {
    "type": "Feature",
    "geometry": {
       "type": "Point",
       "coordinates":  [ 121.542881,25.0418509 ]
    },
    "properties": {
    "city":"台北市",
    "name":"萊爾富國際股份有限公司-北市安孝店",
    "address":"106臺北市大安區忠孝東路三段287號"
    }
  },
  {
    "type": "Feature",
    "geometry": {
       "type": "Point",
       "coordinates":  [ 121.5382487,25.0345414 ]
    },
    "properties": {
    "city":"台北市",
    "name":"萊爾富國際股份有限公司-北市安建店",
    "address":"106臺北市大安區建國南路一段337號1樓"
    }
  },
  {
    "type": "Feature",
    "geometry": {
       "type": "Point",
       "coordinates":  [ 121.5293056,25.0268374 ]
    },
    "properties": {
    "city":"台北市",
    "name":"萊爾富國際股份有限公司-北市安盈店",
    "address":"106臺北市大安區和平東路一段129號 (台灣師範大學綜合大樓)"
    }
  },
  {
    "type": "Feature",
    "geometry": {
       "type": "Point",
       "coordinates":  [ 121.6182503,25.0733813 ]
    },
    "properties": {
    "city":"台北市",
    "name":"萊爾富國際股份有限公司-北市安泰店",
    "address":"114臺北市內湖區安泰街32號"
    }
  },
  {
    "type": "Feature",
    "geometry": {
       "type": "Point",
       "coordinates":  [ 121.5562525,25.0392789 ]
    },
    "properties": {
    "city":"台北市",
    "name":"萊爾富國際股份有限公司-北市安國店",
    "address":"106臺北市大安區光復南路290巷25號,25-1號"
    }
  },
  {
    "type": "Feature",
    "geometry": {
       "type": "Point",
       "coordinates":  [ 121.5432555,25.0285451 ]
    },
    "properties": {
    "city":"台北市",
    "name":"萊爾富國際股份有限公司-北市安傑店",
    "address":"106臺北市大安區復興南路二段146-1號 "
    }
  },
  {
    "type": "Feature",
    "geometry": {
       "type": "Point",
       "coordinates":  [ 121.5452222,25.0426795 ]
    },
    "properties": {
    "city":"台北市",
    "name":"萊爾富國際股份有限公司-北市安復店",
    "address":"106臺北市大安區復興南路一段135巷21號1樓.B1"
    }
  },
  {
    "type": "Feature",
    "geometry": {
       "type": "Point",
       "coordinates":  [ 121.5497562,25.0368937 ]
    },
    "properties": {
    "city":"台北市",
    "name":"萊爾富國際股份有限公司-北市安敦店",
    "address":"106臺北市大安區仁愛路四段112巷7號"
    }
  },
  {
    "type": "Feature",
    "geometry": {
       "type": "Point",
       "coordinates":  [ 121.5506995,25.0419753 ]
    },
    "properties": {
    "city":"台北市",
    "name":"萊爾富國際股份有限公司-北市安皓店",
    "address":"106臺北市大安區忠孝東路四段181巷8號"
    }
  },
  {
    "type": "Feature",
    "geometry": {
       "type": "Point",
       "coordinates":  [ 121.5558631,25.042938 ]
    },
    "properties": {
    "city":"台北市",
    "name":"萊爾富國際股份有限公司-北市安華店",
    "address":"106臺北市大安區華聲里延吉街131巷43號1樓"
    }
  },
  {
    "type": "Feature",
    "geometry": {
       "type": "Point",
       "coordinates":  [ 121.5425291,25.0427747 ]
    },
    "properties": {
    "city":"台北市",
    "name":"萊爾富國際股份有限公司-北市安震店",
    "address":"106臺北市大安區安東街50之2、50之3，50之4號"
    }
  },
  {
    "type": "Feature",
    "geometry": {
       "type": "Point",
       "coordinates":  [ 121.5431999,25.0282394 ]
    },
    "properties": {
    "city":"台北市",
    "name":"萊爾富國際股份有限公司-北市安興店",
    "address":"106台北市大安區復興南路2段148號1樓全部"
    }
  },
  {
    "type": "Feature",
    "geometry": {
       "type": "Point",
       "coordinates":  [ 121.5508679,25.01846 ]
    },
    "properties": {
    "city":"台北市",
    "name":"萊爾富國際股份有限公司-北市安龍店",
    "address":"106臺北市大安區臥龍街145之1號"
    }
  },
  {
    "type": "Feature",
    "geometry": {
       "type": "Point",
       "coordinates":  [ 121.5575177,25.0441752 ]
    },
    "properties": {
    "city":"台北市",
    "name":"萊爾富國際股份有限公司-北市安聯店",
    "address":"106臺北市大安區光復南路98之3號,98之5號"
    }
  },
  {
    "type": "Feature",
    "geometry": {
       "type": "Point",
       "coordinates":  [ 121.5439123,25.0359553 ]
    },
    "properties": {
    "city":"台北市",
    "name":"萊爾富國際股份有限公司-北市安豐店",
    "address":"106臺北市大安區復興南路一段265號"
    }
  },
  {
    "type": "Feature",
    "geometry": {
       "type": "Point",
       "coordinates":  [ 121.5452242,25.0372057 ]
    },
    "properties": {
    "city":"台北市",
    "name":"萊爾富國際股份有限公司-北市安醫店",
    "address":"106臺北市大安區仁愛路四段10號1樓(北市仁愛醫院)"
    }
  },
  {
    "type": "Feature",
    "geometry": {
       "type": "Point",
       "coordinates":  [ 121.5265452,25.03051 ]
    },
    "properties": {
    "city":"台北市",
    "name":"萊爾富國際股份有限公司-北市安麗店",
    "address":"106臺北市大安區金山南路二段69.71號1樓"
    }
  },
  {
    "type": "Feature",
    "geometry": {
       "type": "Point",
       "coordinates":  [ 121.5492626,25.0422399 ]
    },
    "properties": {
    "city":"台北市",
    "name":"萊爾富國際股份有限公司-北市安鑽店",
    "address":"106臺北市大安區敦化南路一段197號"
    }
  },
  {
    "type": "Feature",
    "geometry": {
       "type": "Point",
       "coordinates":  [ 121.6078248,25.075401 ]
    },
    "properties": {
    "city":"台北市",
    "name":"萊爾富國際股份有限公司-北市成康店",
    "address":"114臺北市內湖區成功路五段420巷7‧9號"
    }
  },
  {
    "type": "Feature",
    "geometry": {
       "type": "Point",
       "coordinates":  [ 121.6078248,25.075401 ]
    },
    "properties": {
    "city":"台北市",
    "name":"萊爾富國際股份有限公司-北市成康店",
    "address":"114台北市內湖區成功路五段420巷7‧9號"
    }
  },
  {
    "type": "Feature",
    "geometry": {
       "type": "Point",
       "coordinates":  [ 121.5627784,25.0827696 ]
    },
    "properties": {
    "city":"台北市",
    "name":"萊爾富國際股份有限公司-北市米蘭店",
    "address":"114台北市內湖區內湖路一段120巷16號一樓全部"
    }
  },
  {
    "type": "Feature",
    "geometry": {
       "type": "Point",
       "coordinates":  [ 121.5189895,25.0531606 ]
    },
    "properties": {
    "city":"台北市",
    "name":"萊爾富國際股份有限公司-北市衣蝶店",
    "address":"103臺北市大同區南京西路63號"
    }
  },
  {
    "type": "Feature",
    "geometry": {
       "type": "Point",
       "coordinates":  [ 121.5922491,25.0692842 ]
    },
    "properties": {
    "city":"台北市",
    "name":"萊爾富國際股份有限公司-北市宏普店",
    "address":"114臺北市內湖區民權東路六段117號"
    }
  },
  {
    "type": "Feature",
    "geometry": {
       "type": "Point",
       "coordinates":  [ 121.576413,25.0764621 ]
    },
    "properties": {
    "city":"台北市",
    "name":"萊爾富國際股份有限公司-北市亞緹店",
    "address":"114台北市內湖區江南街111號"
    }
  },
  {
    "type": "Feature",
    "geometry": {
       "type": "Point",
       "coordinates":  [ 121.5182923,25.0491295 ]
    },
    "properties": {
    "city":"台北市",
    "name":"萊爾富國際股份有限公司-北市京承店",
    "address":"103台北市大同區市民大道一段209號"
    }
  },
  {
    "type": "Feature",
    "geometry": {
       "type": "Point",
       "coordinates":  [ 121.5185758,25.0490982 ]
    },
    "properties": {
    "city":"台北市",
    "name":"萊爾富國際股份有限公司-北市京站店",
    "address":"103臺北市大同區市民大道一段209號(國道客運京站購物廣場)"
    }
  },
  {
    "type": "Feature",
    "geometry": {
       "type": "Point",
       "coordinates":  [ 121.5074699,25.0347608 ]
    },
    "properties": {
    "city":"台北市",
    "name":"萊爾富國際股份有限公司-北市和平店",
    "address":"100臺北市中正區延平南路210號"
    }
  },
  {
    "type": "Feature",
    "geometry": {
       "type": "Point",
       "coordinates":  [ 121.4721325,25.1282117 ]
    },
    "properties": {
    "city":"台北市",
    "name":"萊爾富國際股份有限公司-北市和信店",
    "address":"112臺北市北投區立德路125號(和信醫院)"
    }
  },
  {
    "type": "Feature",
    "geometry": {
       "type": "Point",
       "coordinates":  [ 121.5002427,25.1242763 ]
    },
    "properties": {
    "city":"台北市",
    "name":"萊爾富國際股份有限公司-北市奇岩店",
    "address":"112臺北市北投區中央南路二段5.7號"
    }
  },
  {
    "type": "Feature",
    "geometry": {
       "type": "Point",
       "coordinates":  [ 121.5549746,25.0209468 ]
    },
    "properties": {
    "city":"台北市",
    "name":"萊爾富國際股份有限公司-北市居安店",
    "address":"106台北市大安區安居街15號"
    }
  },
  {
    "type": "Feature",
    "geometry": {
       "type": "Point",
       "coordinates":  [ 121.5104927,25.0821563 ]
    },
    "properties": {
    "city":"台北市",
    "name":"萊爾富國際股份有限公司-北市延平二店",
    "address":"111臺北市士林區延平北路五段138號"
    }
  },
  {
    "type": "Feature",
    "geometry": {
       "type": "Point",
       "coordinates":  [ 121.51144,25.062618 ]
    },
    "properties": {
    "city":"台北市",
    "name":"萊爾富國際股份有限公司-北市延平店",
    "address":"103臺北市大同區延平北路二段255-1號"
    }
  },
  {
    "type": "Feature",
    "geometry": {
       "type": "Point",
       "coordinates":  [ 121.5547059,25.0401916 ]
    },
    "properties": {
    "city":"台北市",
    "name":"萊爾富國際股份有限公司-北市延吉二店",
    "address":"106臺北市大安區延吉街130號"
    }
  },
  {
    "type": "Feature",
    "geometry": {
       "type": "Point",
       "coordinates":  [ 121.5109793,25.0645608 ]
    },
    "properties": {
    "city":"台北市",
    "name":"萊爾富國際股份有限公司-北市延年店",
    "address":"103臺北市大同區延平北路三段40號一樓"
    }
  },
  {
    "type": "Feature",
    "geometry": {
       "type": "Point",
       "coordinates":  [ 121.5672732,25.0572969 ]
    },
    "properties": {
    "city":"台北市",
    "name":"萊爾富國際股份有限公司-北市延壽店",
    "address":"105臺北市松山區延壽街81號"
    }
  },
  {
    "type": "Feature",
    "geometry": {
       "type": "Point",
       "coordinates":  [ 121.5212248,25.0832379 ]
    },
    "properties": {
    "city":"台北市",
    "name":"萊爾富國際股份有限公司-北市承德店",
    "address":"111臺北市士林區承德路四段80巷59號"
    }
  },
  {
    "type": "Feature",
    "geometry": {
       "type": "Point",
       "coordinates":  [ 121.5937195,25.0514131 ]
    },
    "properties": {
    "city":"台北市",
    "name":"萊爾富國際股份有限公司-北市昆陽店",
    "address":"115臺北市南港區昆陽街99號"
    }
  },
  {
    "type": "Feature",
    "geometry": {
       "type": "Point",
       "coordinates":  [ 121.5497622,25.0778696 ]
    },
    "properties": {
    "city":"台北市",
    "name":"萊爾富國際股份有限公司-北市明水店",
    "address":"104臺北市中山區明水路397巷7弄32號"
    }
  },
  {
    "type": "Feature",
    "geometry": {
       "type": "Point",
       "coordinates":  [ 121.6088993,25.0702763 ]
    },
    "properties": {
    "city":"台北市",
    "name":"萊爾富國際股份有限公司-北市明湖店",
    "address":"114臺北市內湖區民權東路六段296巷68號"
    }
  },
  {
    "type": "Feature",
    "geometry": {
       "type": "Point",
       "coordinates":  [ 121.5240263,25.0345683 ]
    },
    "properties": {
    "city":"台北市",
    "name":"萊爾富國際股份有限公司-北市杭州店",
    "address":"106臺北市大安區杭州南路二段5號"
    }
  },
  {
    "type": "Feature",
    "geometry": {
       "type": "Point",
       "coordinates":  [ 121.5517288,25.032469 ]
    },
    "properties": {
    "city":"台北市",
    "name":"萊爾富國際股份有限公司-北市東方店",
    "address":"106臺北市大安區信義路四段186巷8號(東方高級工商職業學校)"
    }
  },
  {
    "type": "Feature",
    "geometry": {
       "type": "Point",
       "coordinates":  [ 121.5795268,25.0377973 ]
    },
    "properties": {
    "city":"台北市",
    "name":"萊爾富國際股份有限公司-北市林口店",
    "address":"110臺北市信義區林口街36號"
    }
  },
  {
    "type": "Feature",
    "geometry": {
       "type": "Point",
       "coordinates":  [ 121.5250174,25.0501578 ]
    },
    "properties": {
    "city":"台北市",
    "name":"萊爾富國際股份有限公司-北市林森店",
    "address":"104臺北市中山區林森北路101號"
    }
  },
  {
    "type": "Feature",
    "geometry": {
       "type": "Point",
       "coordinates":  [ 121.5743395,25.0453746 ]
    },
    "properties": {
    "city":"台北市",
    "name":"萊爾富國際股份有限公司-北市松永店",
    "address":"110臺北市信義區永吉路280號"
    }
  },
  {
    "type": "Feature",
    "geometry": {
       "type": "Point",
       "coordinates":  [ 121.5540893,25.0482963 ]
    },
    "properties": {
    "city":"台北市",
    "name":"萊爾富國際股份有限公司-北市松育店",
    "address":"105臺北市松山區八德路三段119號"
    }
  },
  {
    "type": "Feature",
    "geometry": {
       "type": "Point",
       "coordinates":  [ 121.5577568,25.0506016 ]
    },
    "properties": {
    "city":"台北市",
    "name":"萊爾富國際股份有限公司-北市松柏店",
    "address":"105臺北市松山區光復北路102號"
    }
  },
  {
    "type": "Feature",
    "geometry": {
       "type": "Point",
       "coordinates":  [ 121.5782834,25.049284 ]
    },
    "properties": {
    "city":"台北市",
    "name":"萊爾富國際股份有限公司-北市松站店",
    "address":"110臺北市信義區松山路11號(松山車站)"
    }
  },
  {
    "type": "Feature",
    "geometry": {
       "type": "Point",
       "coordinates":  [ 121.5673537,25.0554496 ]
    },
    "properties": {
    "city":"台北市",
    "name":"萊爾富國際股份有限公司-北市松康店",
    "address":"105臺北市松山區鵬程里健康路325巷12弄2號1樓"
    }
  },
  {
    "type": "Feature",
    "geometry": {
       "type": "Point",
       "coordinates":  [ 121.5660015,25.0506397 ]
    },
    "properties": {
    "city":"台北市",
    "name":"萊爾富國際股份有限公司-北市松清店",
    "address":"105臺北市松山區南京東路五段250巷3-1號"
    }
  },
  {
    "type": "Feature",
    "geometry": {
       "type": "Point",
       "coordinates":  [ 121.5592169,25.0512721 ]
    },
    "properties": {
    "city":"台北市",
    "name":"萊爾富國際股份有限公司-北市松華店",
    "address":"105臺北市松山區南京東路五段34號"
    }
  },
  {
    "type": "Feature",
    "geometry": {
       "type": "Point",
       "coordinates":  [ 121.551738,25.0633862 ]
    },
    "properties": {
    "city":"台北市",
    "name":"萊爾富國際股份有限公司-北市松運店",
    "address":"105臺北市松山區敦化北路338號(捷運松山機場)"
    }
  },
  {
    "type": "Feature",
    "geometry": {
       "type": "Point",
       "coordinates":  [ 121.5659296,25.0642812 ]
    },
    "properties": {
    "city":"台北市",
    "name":"萊爾富國際股份有限公司-北市松遠店",
    "address":"105臺北市松山區莊敬里撫遠街369巷36號"
    }
  },
  {
    "type": "Feature",
    "geometry": {
       "type": "Point",
       "coordinates":  [ 121.5068856,25.0875974 ]
    },
    "properties": {
    "city":"台北市",
    "name":"萊爾富國際股份有限公司-北市社子店",
    "address":"111臺北市士林區社子街63巷2號"
    }
  },
  {
    "type": "Feature",
    "geometry": {
       "type": "Point",
       "coordinates":  [ 121.509182,25.0886929 ]
    },
    "properties": {
    "city":"台北市",
    "name":"萊爾富國際股份有限公司-北市社正店",
    "address":"111臺北市士林區社正路27號"
    }
  },
  {
    "type": "Feature",
    "geometry": {
       "type": "Point",
       "coordinates":  [ 121.5483172,25.023908 ]
    },
    "properties": {
    "city":"台北市",
    "name":"萊爾富國際股份有限公司-北市虎嘯店",
    "address":"106臺北市大安區敦化南路二段174號"
    }
  },
  {
    "type": "Feature",
    "geometry": {
       "type": "Point",
       "coordinates":  [ 121.6042378,25.0733138 ]
    },
    "properties": {
    "city":"台北市",
    "name":"萊爾富國際股份有限公司-北市金湖店",
    "address":"114臺北市內湖區金湖路403號"
    }
  },
  {
    "type": "Feature",
    "geometry": {
       "type": "Point",
       "coordinates":  [ 121.5928651,25.0848167 ]
    },
    "properties": {
    "city":"台北市",
    "name":"萊爾富國際股份有限公司-北市金碧店",
    "address":"114台北市內湖區金龍路64、66號壹樓全部"
    }
  },
  {
    "type": "Feature",
    "geometry": {
       "type": "Point",
       "coordinates":  [ 121.5327639,25.0481704 ]
    },
    "properties": {
    "city":"台北市",
    "name":"萊爾富國際股份有限公司-北市長松店",
    "address":"104台北市中山區松江路50號"
    }
  },
  {
    "type": "Feature",
    "geometry": {
       "type": "Point",
       "coordinates":  [ 121.581698,25.044652 ]
    },
    "properties": {
    "city":"台北市",
    "name":"萊爾富國際股份有限公司-北市信北店",
    "address":"110臺北市信義區中坡北路17.19號1樓"
    }
  },
  {
    "type": "Feature",
    "geometry": {
       "type": "Point",
       "coordinates":  [ 121.570228,25.0458793 ]
    },
    "properties": {
    "city":"台北市",
    "name":"萊爾富國際股份有限公司-北市信吉店",
    "address":"110臺北市信義區永吉路125號"
    }
  },
  {
    "type": "Feature",
    "geometry": {
       "type": "Point",
       "coordinates":  [ 121.5666884,25.0412753 ]
    },
    "properties": {
    "city":"台北市",
    "name":"萊爾富國際股份有限公司-北市信東店",
    "address":"110臺北市信義區忠孝東路五段63號1樓"
    }
  },
  {
    "type": "Feature",
    "geometry": {
       "type": "Point",
       "coordinates":  [ 121.5629319,25.0285733 ]
    },
    "properties": {
    "city":"台北市",
    "name":"萊爾富國際股份有限公司-北市信長店",
    "address":"110臺北市信義區莊敬路290號"
    }
  },
  {
    "type": "Feature",
    "geometry": {
       "type": "Point",
       "coordinates":  [ 121.561147,25.036072 ]
    },
    "properties": {
    "city":"台北市",
    "name":"萊爾富國際股份有限公司-北市信彩店",
    "address":"110臺北市信義區基隆路一段350之41.43號"
    }
  },
  {
    "type": "Feature",
    "geometry": {
       "type": "Point",
       "coordinates":  [ 121.5783262,25.0378859 ]
    },
    "properties": {
    "city":"台北市",
    "name":"萊爾富國際股份有限公司-北市信誠店",
    "address":"110臺北市信義區松山路537號及541巷1號"
    }
  },
  {
    "type": "Feature",
    "geometry": {
       "type": "Point",
       "coordinates":  [ 121.574488,25.0379879 ]
    },
    "properties": {
    "city":"台北市",
    "name":"萊爾富國際股份有限公司-北市信德店",
    "address":"110臺北市信義區虎林街164巷60弄2號"
    }
  },
  {
    "type": "Feature",
    "geometry": {
       "type": "Point",
       "coordinates":  [ 121.5172415,25.0325161 ]
    },
    "properties": {
    "city":"台北市",
    "name":"萊爾富國際股份有限公司-北市南海店",
    "address":"100臺北市中正區南海路12,14號"
    }
  },
  {
    "type": "Feature",
    "geometry": {
       "type": "Point",
       "coordinates":  [ 121.6161506,25.0534493 ]
    },
    "properties": {
    "city":"台北市",
    "name":"萊爾富國際股份有限公司-北市南港二店",
    "address":"115臺北市南港區忠孝東路七段639號"
    }
  },
  {
    "type": "Feature",
    "geometry": {
       "type": "Point",
       "coordinates":  [ 121.588313,25.0488439 ]
    },
    "properties": {
    "city":"台北市",
    "name":"萊爾富國際股份有限公司-北市南港三店",
    "address":"115臺北市南港區忠孝東路六段252號"
    }
  },
  {
    "type": "Feature",
    "geometry": {
       "type": "Point",
       "coordinates":  [ 121.5135956,25.0723688 ]
    },
    "properties": {
    "city":"台北市",
    "name":"萊爾富國際股份有限公司-北市哈密店",
    "address":"103臺北市大同區重慶北路三段278號之2"
    }
  },
  {
    "type": "Feature",
    "geometry": {
       "type": "Point",
       "coordinates":  [ 121.574744,24.9877665 ]
    },
    "properties": {
    "city":"台北市",
    "name":"萊爾富國際股份有限公司-北市指南店",
    "address":"116臺北市文山區指南路二段32號"
    }
  },
  {
    "type": "Feature",
    "geometry": {
       "type": "Point",
       "coordinates":  [ 121.5765579,24.9866643 ]
    },
    "properties": {
    "city":"台北市",
    "name":"萊爾富國際股份有限公司-北市政商店",
    "address":"116台北市文山區指南路二段64號(商學院)"
    }
  },
  {
    "type": "Feature",
    "geometry": {
       "type": "Point",
       "coordinates":  [ 121.5779656,24.9870651 ]
    },
    "properties": {
    "city":"台北市",
    "name":"萊爾富國際股份有限公司-北市政學店",
    "address":"116台北市文山區指南路二段64號"
    }
  },
  {
    "type": "Feature",
    "geometry": {
       "type": "Point",
       "coordinates":  [ 121.4928649,25.1380863 ]
    },
    "properties": {
    "city":"台北市",
    "name":"萊爾富國際股份有限公司-北市政戰店",
    "address":"112臺北市北投區中央北路二段70號(政治作戰學校)"
    }
  },
  {
    "type": "Feature",
    "geometry": {
       "type": "Point",
       "coordinates":  [ 121.5319936,25.0436719 ]
    },
    "properties": {
    "city":"台北市",
    "name":"萊爾富國際股份有限公司-北市秋葉原店",
    "address":"100台北市中正區八德路一段８２巷１０號"
    }
  },
  {
    "type": "Feature",
    "geometry": {
       "type": "Point",
       "coordinates":  [ 121.509959,25.0551112 ]
    },
    "properties": {
    "city":"台北市",
    "name":"萊爾富國際股份有限公司-北市迪化店",
    "address":"103臺北市大同區迪化街一段50號"
    }
  },
  {
    "type": "Feature",
    "geometry": {
       "type": "Point",
       "coordinates":  [ 121.5537941,25.0495918 ]
    },
    "properties": {
    "city":"台北市",
    "name":"萊爾富國際股份有限公司-北市家聲店",
    "address":"105臺北市松山區寧安街12號(育達商職家聲樓B1)"
    }
  },
  {
    "type": "Feature",
    "geometry": {
       "type": "Point",
       "coordinates":  [ 121.5273658,25.0254571 ]
    },
    "properties": {
    "city":"台北市",
    "name":"萊爾富國際股份有限公司-北市師範店",
    "address":"106臺北市大安區和平東路一段162號(台灣師範大學校本部)"
    }
  },
  {
    "type": "Feature",
    "geometry": {
       "type": "Point",
       "coordinates":  [ 121.5366073,25.008113 ]
    },
    "properties": {
    "city":"台北市",
    "name":"萊爾富國際股份有限公司-北市師鑽店",
    "address":"116臺北市文山區汀州路四段88號（師範大學汀州分部）"
    }
  },
  {
    "type": "Feature",
    "geometry": {
       "type": "Point",
       "coordinates":  [ 121.4973343,25.0368989 ]
    },
    "properties": {
    "city":"台北市",
    "name":"萊爾富國際股份有限公司-北市班客店",
    "address":"108台北市萬華區廣州街247號"
    }
  },
  {
    "type": "Feature",
    "geometry": {
       "type": "Point",
       "coordinates":  [ 121.528484,25.129911 ]
    },
    "properties": {
    "city":"台北市",
    "name":"萊爾富國際股份有限公司-北市紗帽店",
    "address":"112台北市北投區行義路142-1及142-3號B1"
    }
  },
  {
    "type": "Feature",
    "geometry": {
       "type": "Point",
       "coordinates":  [ 121.5215891,25.058502 ]
    },
    "properties": {
    "city":"台北市",
    "name":"萊爾富國際股份有限公司-北市馬偕店",
    "address":"104臺北市中山區民生西路3巷2號"
    }
  },
  {
    "type": "Feature",
    "geometry": {
       "type": "Point",
       "coordinates":  [ 121.5809857,24.9985635 ]
    },
    "properties": {
    "city":"台北市",
    "name":"萊爾富國際股份有限公司-北市浣熊店",
    "address":"116臺北市文山區新光路二段30號(木柵動物園浣熊館販賣部)"
    }
  },
  {
    "type": "Feature",
    "geometry": {
       "type": "Point",
       "coordinates":  [ 121.5143136,25.0471874 ]
    },
    "properties": {
    "city":"台北市",
    "name":"萊爾富國際股份有限公司-北市國光店",
    "address":"100臺北市中正區忠孝西路一段173號(國光客運東站)"
    }
  },
  {
    "type": "Feature",
    "geometry": {
       "type": "Point",
       "coordinates":  [ 121.5953241,25.0690739 ]
    },
    "properties": {
    "city":"台北市",
    "name":"萊爾富國際股份有限公司-北市國防店",
    "address":"114台北市內湖區民權東路六段１６１號"
    }
  },
  {
    "type": "Feature",
    "geometry": {
       "type": "Point",
       "coordinates":  [ 121.5646506,25.0354136 ]
    },
    "properties": {
    "city":"台北市",
    "name":"萊爾富國際股份有限公司-北市國貿店",
    "address":"110臺北市信義區松壽路6號(世貿三館1樓展場)"
    }
  },
  {
    "type": "Feature",
    "geometry": {
       "type": "Point",
       "coordinates":  [ 121.5165705,25.0375286 ]
    },
    "properties": {
    "city":"台北市",
    "name":"萊爾富國際股份有限公司-北市國圖店",
    "address":"100臺北市中正區中山南路20號"
    }
  },
  {
    "type": "Feature",
    "geometry": {
       "type": "Point",
       "coordinates":  [ 121.5927745,25.0702812 ]
    },
    "properties": {
    "city":"台北市",
    "name":"萊爾富國際股份有限公司-北市國醫店",
    "address":"114臺北市內湖區民權東路六段123巷32號"
    }
  },
  {
    "type": "Feature",
    "geometry": {
       "type": "Point",
       "coordinates":  [ 121.5652373,25.0803952 ]
    },
    "properties": {
    "city":"台北市",
    "name":"萊爾富國際股份有限公司-北市基湖店",
    "address":"114臺北市內湖區基湖路25號"
    }
  },
  {
    "type": "Feature",
    "geometry": {
       "type": "Point",
       "coordinates":  [ 121.600146,25.062835 ]
    },
    "properties": {
    "city":"台北市",
    "name":"萊爾富國際股份有限公司-北市康湖店",
    "address":"114臺北市內湖區安康路142號"
    }
  },
  {
    "type": "Feature",
    "geometry": {
       "type": "Point",
       "coordinates":  [ 121.6114515,25.0704596 ]
    },
    "properties": {
    "city":"台北市",
    "name":"萊爾富國際股份有限公司-北市康寧店",
    "address":"114臺北市內湖區康寧路三段155號"
    }
  },
  {
    "type": "Feature",
    "geometry": {
       "type": "Point",
       "coordinates":  [ 121.6189162,25.0706298 ]
    },
    "properties": {
    "city":"台北市",
    "name":"萊爾富國際股份有限公司-北市康樂二店",
    "address":"114臺北市內湖區康樂街92號"
    }
  },
  {
    "type": "Feature",
    "geometry": {
       "type": "Point",
       "coordinates":  [ 121.5271635,25.1446525 ]
    },
    "properties": {
    "city":"台北市",
    "name":"萊爾富國際股份有限公司-北市惇敘店",
    "address":"112臺北市北投區泉源路221號(台北私立惇敘工商)"
    }
  },
  {
    "type": "Feature",
    "geometry": {
       "type": "Point",
       "coordinates":  [ 121.4977266,25.0376815 ]
    },
    "properties": {
    "city":"台北市",
    "name":"萊爾富國際股份有限公司-北市梧州店",
    "address":"108臺北市萬華區梧州街29號"
    }
  },
  {
    "type": "Feature",
    "geometry": {
       "type": "Point",
       "coordinates":  [ 121.525522,25.0453787 ]
    },
    "properties": {
    "city":"台北市",
    "name":"萊爾富國際股份有限公司-北市紹北店",
    "address":"100臺北市中正區紹興北街33號"
    }
  },
  {
    "type": "Feature",
    "geometry": {
       "type": "Point",
       "coordinates":  [ 121.5761017,25.0565695 ]
    },
    "properties": {
    "city":"台北市",
    "name":"萊爾富國際股份有限公司-北市麥帥店",
    "address":"114臺北市內湖區行善路33號"
    }
  },
  {
    "type": "Feature",
    "geometry": {
       "type": "Point",
       "coordinates":  [ 121.5162868,25.0458746 ]
    },
    "properties": {
    "city":"台北市",
    "name":"萊爾富國際股份有限公司-北市凱撒店",
    "address":"100台北市中正區南陽街1號"
    }
  },
  {
    "type": "Feature",
    "geometry": {
       "type": "Point",
       "coordinates":  [ 121.5775845,25.0775297 ]
    },
    "properties": {
    "city":"台北市",
    "name":"萊爾富國際股份有限公司-北市堯湖店",
    "address":"114臺北市內湖區港墘里江南街30號1樓"
    }
  },
  {
    "type": "Feature",
    "geometry": {
       "type": "Point",
       "coordinates":  [ 121.5507689,25.0462965 ]
    },
    "properties": {
    "city":"台北市",
    "name":"萊爾富國際股份有限公司-北市敦化店",
    "address":"105臺北市松山區八德路三段12巷51弄2號"
    }
  },
  {
    "type": "Feature",
    "geometry": {
       "type": "Point",
       "coordinates":  [ 121.537667,24.9991165 ]
    },
    "properties": {
    "city":"台北市",
    "name":"萊爾富國際股份有限公司-北市景福店",
    "address":"116臺北市文山區景福街58號"
    }
  },
  {
    "type": "Feature",
    "geometry": {
       "type": "Point",
       "coordinates":  [ 121.5808578,25.0466848 ]
    },
    "properties": {
    "city":"台北市",
    "name":"萊爾富國際股份有限公司-北市港北店",
    "address":"115臺北市南港區合成里中坡北路50巷1號1樓"
    }
  },
  {
    "type": "Feature",
    "geometry": {
       "type": "Point",
       "coordinates":  [ 121.5929132,25.054484 ]
    },
    "properties": {
    "city":"台北市",
    "name":"萊爾富國際股份有限公司-北市港玉店",
    "address":"116台北市南港區南港路三段8、10號一樓全部"
    }
  },
  {
    "type": "Feature",
    "geometry": {
       "type": "Point",
       "coordinates":  [ 121.5819697,25.0505041 ]
    },
    "properties": {
    "city":"台北市",
    "name":"萊爾富國際股份有限公司-北市港成店",
    "address":"115臺北市南港區玉成街27之1號"
    }
  },
  {
    "type": "Feature",
    "geometry": {
       "type": "Point",
       "coordinates":  [ 121.616499,25.0427816 ]
    },
    "properties": {
    "city":"台北市",
    "name":"萊爾富國際股份有限公司-北市港宏店",
    "address":"115臺北市南港區研究院路二段110號"
    }
  },
  {
    "type": "Feature",
    "geometry": {
       "type": "Point",
       "coordinates":  [ 121.5930499,25.054544 ]
    },
    "properties": {
    "city":"台北市",
    "name":"萊爾富國際股份有限公司-北市港東店",
    "address":"115臺北市南港區南港路三段2號"
    }
  },
  {
    "type": "Feature",
    "geometry": {
       "type": "Point",
       "coordinates":  [ 121.6223631,25.038283 ]
    },
    "properties": {
    "city":"台北市",
    "name":"萊爾富國際股份有限公司-北市港南店",
    "address":"115臺北市南港區舊莊街一段212巷2號"
    }
  },
  {
    "type": "Feature",
    "geometry": {
       "type": "Point",
       "coordinates":  [ 121.6181159,25.0566019 ]
    },
    "properties": {
    "city":"台北市",
    "name":"萊爾富國際股份有限公司-北市港捷店",
    "address":"115臺北市南港區經貿二路1號(南港展覽館)"
    }
  },
  {
    "type": "Feature",
    "geometry": {
       "type": "Point",
       "coordinates":  [ 121.581465,25.0479006 ]
    },
    "properties": {
    "city":"台北市",
    "name":"萊爾富國際股份有限公司-北市港華店",
    "address":"115臺北市南港區玉成街52巷2弄1號1樓"
    }
  },
  {
    "type": "Feature",
    "geometry": {
       "type": "Point",
       "coordinates":  [ 121.5813609,25.0478583 ]
    },
    "properties": {
    "city":"台北市",
    "name":"萊爾富國際股份有限公司-北市港運店",
    "address":"115台北市南港區玉成街52巷2弄3號1樓全部、5號1樓"
    }
  },
  {
    "type": "Feature",
    "geometry": {
       "type": "Point",
       "coordinates":  [ 121.6060399,25.054449 ]
    },
    "properties": {
    "city":"台北市",
    "name":"萊爾富國際股份有限公司-北市港漢店",
    "address":"115臺北市南港區東明里南港路二段4號"
    }
  },
  {
    "type": "Feature",
    "geometry": {
       "type": "Point",
       "coordinates":  [ 121.5861404,25.0465427 ]
    },
    "properties": {
    "city":"台北市",
    "name":"萊爾富國際股份有限公司-北市港醫店",
    "address":"115臺北市南港區同德路87號(忠孝醫院)"
    }
  },
  {
    "type": "Feature",
    "geometry": {
       "type": "Point",
       "coordinates":  [ 121.6070495,25.0535448 ]
    },
    "properties": {
    "city":"台北市",
    "name":"萊爾富國際股份有限公司-北市港鑫店",
    "address":"115台北市南港區南港路一段313號地下二樓商場"
    }
  },
  {
    "type": "Feature",
    "geometry": {
       "type": "Point",
       "coordinates":  [ 121.5753075,25.0631887 ]
    },
    "properties": {
    "city":"台北市",
    "name":"萊爾富國際股份有限公司-北市湖元店",
    "address":"114台北市內湖區新湖三路36號1樓"
    }
  },
  {
    "type": "Feature",
    "geometry": {
       "type": "Point",
       "coordinates":  [ 121.60127,25.0882592 ]
    },
    "properties": {
    "city":"台北市",
    "name":"萊爾富國際股份有限公司-北市湖月店",
    "address":"114台北市內湖區大湖山莊街179號1樓"
    }
  },
  {
    "type": "Feature",
    "geometry": {
       "type": "Point",
       "coordinates":  [ 121.5747315,25.0728908 ]
    },
    "properties": {
    "city":"台北市",
    "name":"萊爾富國際股份有限公司-北市湖玉店",
    "address":"114台北市內湖區陽光街298號一樓部份"
    }
  },
  {
    "type": "Feature",
    "geometry": {
       "type": "Point",
       "coordinates":  [ 121.5763637,25.0735891 ]
    },
    "properties": {
    "city":"台北市",
    "name":"萊爾富國際股份有限公司-北市湖光店",
    "address":"114臺北市內湖區瑞光路188巷60號"
    }
  },
  {
    "type": "Feature",
    "geometry": {
       "type": "Point",
       "coordinates":  [ 121.5628,25.0822757 ]
    },
    "properties": {
    "city":"台北市",
    "name":"萊爾富國際股份有限公司-北市湖志店",
    "address":"114臺北市內湖區內湖路一段120巷13號"
    }
  },
  {
    "type": "Feature",
    "geometry": {
       "type": "Point",
       "coordinates":  [ 121.5798233,25.0584684 ]
    },
    "properties": {
    "city":"台北市",
    "name":"萊爾富國際股份有限公司-北市湖宗店",
    "address":"114台北市內湖區新湖二路160.162號一樓全部"
    }
  },
  {
    "type": "Feature",
    "geometry": {
       "type": "Point",
       "coordinates":  [ 121.6156515,25.0810455 ]
    },
    "properties": {
    "city":"台北市",
    "name":"萊爾富國際股份有限公司-北市湖泰店",
    "address":"114台北市內湖區安泰街26.28號一樓全部"
    }
  },
  {
    "type": "Feature",
    "geometry": {
       "type": "Point",
       "coordinates":  [ 121.5606096,25.0867149 ]
    },
    "properties": {
    "city":"台北市",
    "name":"萊爾富國際股份有限公司-北市湖康店",
    "address":"114台北市內湖區文湖街21巷26、28號1樓及地下1樓全部(不含停車位)"
    }
  },
  {
    "type": "Feature",
    "geometry": {
       "type": "Point",
       "coordinates":  [ 121.5814788,25.0698378 ]
    },
    "properties": {
    "city":"台北市",
    "name":"萊爾富國際股份有限公司-北市湖森店",
    "address":"114臺北市內湖區湖元里瑞光路66巷33號"
    }
  },
  {
    "type": "Feature",
    "geometry": {
       "type": "Point",
       "coordinates":  [ 121.594355,25.083898 ]
    },
    "properties": {
    "city":"台北市",
    "name":"萊爾富國際股份有限公司-北市湖運店",
    "address":"114臺北市內湖區成功路四段186號(捷運內湖線內湖站)"
    }
  },
  {
    "type": "Feature",
    "geometry": {
       "type": "Point",
       "coordinates":  [ 121.6094778,25.0757493 ]
    },
    "properties": {
    "city":"台北市",
    "name":"萊爾富國際股份有限公司-北市湖寧店",
    "address":"114臺北市內湖區康寧路三段75巷137號第二教學大樓B1(康寧醫護暨管理專科學校)"
    }
  },
  {
    "type": "Feature",
    "geometry": {
       "type": "Point",
       "coordinates":  [ 121.5758964,25.0629017 ]
    },
    "properties": {
    "city":"台北市",
    "name":"萊爾富國際股份有限公司-北市湖潤店",
    "address":"114臺北市內湖區舊宗路一段188號(內湖大潤發二館)"
    }
  },
  {
    "type": "Feature",
    "geometry": {
       "type": "Point",
       "coordinates":  [ 121.6039503,25.0736471 ]
    },
    "properties": {
    "city":"台北市",
    "name":"萊爾富國際股份有限公司-北市湖鑫店",
    "address":"114台北市內湖區金湖路358、358-1號"
    }
  },
  {
    "type": "Feature",
    "geometry": {
       "type": "Point",
       "coordinates":  [ 121.5681006,25.0792803 ]
    },
    "properties": {
    "city":"台北市",
    "name":"萊爾富國際股份有限公司-北市湖鑽店",
    "address":"114臺北市內湖區瑞光路502號"
    }
  },
  {
    "type": "Feature",
    "geometry": {
       "type": "Point",
       "coordinates":  [ 121.5665421,25.0356777 ]
    },
    "properties": {
    "city":"台北市",
    "name":"萊爾富國際股份有限公司-北市華納店",
    "address":"110臺北市信義區松壽路16號1樓"
    }
  },
  {
    "type": "Feature",
    "geometry": {
       "type": "Point",
       "coordinates":  [ 121.4926854,25.0231953 ]
    },
    "properties": {
    "city":"台北市",
    "name":"萊爾富國際股份有限公司-北市華德店",
    "address":"108台北市萬華區德昌街241、243、245號"
    }
  },
  {
    "type": "Feature",
    "geometry": {
       "type": "Point",
       "coordinates":  [ 121.5050019,25.0884485 ]
    },
    "properties": {
    "city":"台北市",
    "name":"萊爾富國際股份有限公司-北市開利店",
    "address":"111臺北市士林區社子街142,144號"
    }
  },
  {
    "type": "Feature",
    "geometry": {
       "type": "Point",
       "coordinates":  [ 121.577991,25.0731176 ]
    },
    "properties": {
    "city":"台北市",
    "name":"萊爾富國際股份有限公司-北市陽光店",
    "address":"114臺北市內湖區陽光街347號"
    }
  },
  {
    "type": "Feature",
    "geometry": {
       "type": "Point",
       "coordinates":  [ 121.5216557,25.0708278 ]
    },
    "properties": {
    "city":"台北市",
    "name":"萊爾富國際股份有限公司-北市圓捷店",
    "address":"103臺北市大同區酒泉街15號"
    }
  },
  {
    "type": "Feature",
    "geometry": {
       "type": "Point",
       "coordinates":  [ 121.5873959,25.0579148 ]
    },
    "properties": {
    "city":"台北市",
    "name":"萊爾富國際股份有限公司-北市新明店",
    "address":"114台北市內湖區新明路241、241-1號"
    }
  },
  {
    "type": "Feature",
    "geometry": {
       "type": "Point",
       "coordinates":  [ 121.5315963,25.0666805 ]
    },
    "properties": {
    "city":"台北市",
    "name":"萊爾富國際股份有限公司-北市新喜店",
    "address":"104臺北市中山區德惠街167巷2號"
    }
  },
  {
    "type": "Feature",
    "geometry": {
       "type": "Point",
       "coordinates":  [ 121.5699179,25.0802141 ]
    },
    "properties": {
    "city":"台北市",
    "name":"萊爾富國際股份有限公司-北市新瑞店",
    "address":"114台北市內湖區瑞光路513巷36號一樓全部"
    }
  },
  {
    "type": "Feature",
    "geometry": {
       "type": "Point",
       "coordinates":  [ 121.5537941,25.0495918 ]
    },
    "properties": {
    "city":"台北市",
    "name":"萊爾富國際股份有限公司-北市新樸實店",
    "address":"105台北市松山區寧安街12號(育達高職樸實樓一樓107教室)"
    }
  },
  {
    "type": "Feature",
    "geometry": {
       "type": "Point",
       "coordinates":  [ 121.5281508,25.1304987 ]
    },
    "properties": {
    "city":"台北市",
    "name":"萊爾富國際股份有限公司-北市溫泉店",
    "address":"112臺北市北投區行義路154巷2號B1 "
    }
  },
  {
    "type": "Feature",
    "geometry": {
       "type": "Point",
       "coordinates":  [ 121.5065044,25.0454921 ]
    },
    "properties": {
    "city":"台北市",
    "name":"萊爾富國際股份有限公司-北市獅子林店",
    "address":"108臺北市萬華區西寧南路36之69號"
    }
  },
  {
    "type": "Feature",
    "geometry": {
       "type": "Point",
       "coordinates":  [ 121.4999037,25.0262618 ]
    },
    "properties": {
    "city":"台北市",
    "name":"萊爾富國際股份有限公司-北市萬和店",
    "address":"108臺北市萬華區全德里民和街9號1樓"
    }
  },
  {
    "type": "Feature",
    "geometry": {
       "type": "Point",
       "coordinates":  [ 121.505405,25.042911 ]
    },
    "properties": {
    "city":"台北市",
    "name":"萊爾富國際股份有限公司-北市萬都店",
    "address":"108臺北市萬華區成都路29.31號"
    }
  },
  {
    "type": "Feature",
    "geometry": {
       "type": "Point",
       "coordinates":  [ 121.4992751,25.0368457 ]
    },
    "properties": {
    "city":"台北市",
    "name":"萊爾富國際股份有限公司-北市萬園店",
    "address":"108臺北市萬華區西園路一段170號1樓"
    }
  },
  {
    "type": "Feature",
    "geometry": {
       "type": "Point",
       "coordinates":  [ 121.5059407,25.0405845 ]
    },
    "properties": {
    "city":"台北市",
    "name":"萊爾富國際股份有限公司-北市萬寧店",
    "address":"108台北市萬華區長沙街二段50號"
    }
  },
  {
    "type": "Feature",
    "geometry": {
       "type": "Point",
       "coordinates":  [ 121.5560456,25.0000067 ]
    },
    "properties": {
    "city":"台北市",
    "name":"萊爾富國際股份有限公司-北市萬興店",
    "address":"116臺北市文山區興隆路三段58號"
    }
  },
  {
    "type": "Feature",
    "geometry": {
       "type": "Point",
       "coordinates":  [ 121.4961283,25.0300895 ]
    },
    "properties": {
    "city":"台北市",
    "name":"萊爾富國際股份有限公司-北市萬寶店",
    "address":"108臺北市萬華區西園路二段146號1樓"
    }
  },
  {
    "type": "Feature",
    "geometry": {
       "type": "Point",
       "coordinates":  [ 121.4962967,25.030441 ]
    },
    "properties": {
    "city":"台北市",
    "name":"萊爾富國際股份有限公司-北市萬鑫店",
    "address":"108台北市萬華區西園路二段134、136、138號"
    }
  },
  {
    "type": "Feature",
    "geometry": {
       "type": "Point",
       "coordinates":  [ 121.5476728,24.9900374 ]
    },
    "properties": {
    "city":"台北市",
    "name":"萊爾富國際股份有限公司-北市試院店",
    "address":"116臺北市文山區試院路104號"
    }
  },
  {
    "type": "Feature",
    "geometry": {
       "type": "Point",
       "coordinates":  [ 121.5339907,25.0645895 ]
    },
    "properties": {
    "city":"台北市",
    "name":"萊爾富國際股份有限公司-北市農安店",
    "address":"104臺北市中山區農安街160號"
    }
  },
  {
    "type": "Feature",
    "geometry": {
       "type": "Point",
       "coordinates":  [ 121.5516882,25.0480649 ]
    },
    "properties": {
    "city":"台北市",
    "name":"萊爾富國際股份有限公司-北市旗艦店",
    "address":"105臺北市松山區八德路三段32號"
    }
  },
  {
    "type": "Feature",
    "geometry": {
       "type": "Point",
       "coordinates":  [ 121.5412421,25.0625575 ]
    },
    "properties": {
    "city":"台北市",
    "name":"萊爾富國際股份有限公司-北市榮輝店",
    "address":"104臺北市中山區民權東路三段7號1樓"
    }
  },
  {
    "type": "Feature",
    "geometry": {
       "type": "Point",
       "coordinates":  [ 121.5859161,25.0388805 ]
    },
    "properties": {
    "city":"台北市",
    "name":"萊爾富國際股份有限公司-北市福德店",
    "address":"110臺北市信義區福德街266號"
    }
  },
  {
    "type": "Feature",
    "geometry": {
       "type": "Point",
       "coordinates":  [ 121.493946,25.0302503 ]
    },
    "properties": {
    "city":"台北市",
    "name":"萊爾富國際股份有限公司-北市艋舺店",
    "address":"108臺北市萬華區雙園街69號"
    }
  },
  {
    "type": "Feature",
    "geometry": {
       "type": "Point",
       "coordinates":  [ 121.5279461,25.0861411 ]
    },
    "properties": {
    "city":"台北市",
    "name":"萊爾富國際股份有限公司-北市銘傳店",
    "address":"111臺北市士林區中山北路五段250號(銘傳大學)"
    }
  },
  {
    "type": "Feature",
    "geometry": {
       "type": "Point",
       "coordinates":  [ 121.4928055,25.0235452 ]
    },
    "properties": {
    "city":"台北市",
    "name":"萊爾富國際股份有限公司-北市德昌二店",
    "address":"108臺北市萬華區西園路二段281巷31號"
    }
  },
  {
    "type": "Feature",
    "geometry": {
       "type": "Point",
       "coordinates":  [ 121.5606402,25.0866528 ]
    },
    "properties": {
    "city":"台北市",
    "name":"萊爾富國際股份有限公司-北市德湖店",
    "address":"114臺北市內湖區文湖街21巷16號1樓.地下室"
    }
  },
  {
    "type": "Feature",
    "geometry": {
       "type": "Point",
       "coordinates":  [ 121.5328219,25.0565804 ]
    },
    "properties": {
    "city":"台北市",
    "name":"萊爾富國際股份有限公司-北市慶泰店",
    "address":"104臺北市中山區松江路186號之1"
    }
  },
  {
    "type": "Feature",
    "geometry": {
       "type": "Point",
       "coordinates":  [ 121.5537941,25.0495918 ]
    },
    "properties": {
    "city":"台北市",
    "name":"萊爾富國際股份有限公司-北市樸實店",
    "address":"105臺北市松山區寧安街12號(育達商職樸實樓一樓)"
    }
  },
  {
    "type": "Feature",
    "geometry": {
       "type": "Point",
       "coordinates":  [ 121.6164704,25.068312 ]
    },
    "properties": {
    "city":"台北市",
    "name":"萊爾富國際股份有限公司-北市興湖店",
    "address":"114臺北市內湖區東湖路121號"
    }
  },
  {
    "type": "Feature",
    "geometry": {
       "type": "Point",
       "coordinates":  [ 121.5487393,25.0021184 ]
    },
    "properties": {
    "city":"台北市",
    "name":"萊爾富國際股份有限公司-北市興隆店",
    "address":"116臺北市文山區興隆路二段203巷16號"
    }
  },
  {
    "type": "Feature",
    "geometry": {
       "type": "Point",
       "coordinates":  [ 121.5882852,24.9689676 ]
    },
    "properties": {
    "city":"台北市",
    "name":"萊爾富國際股份有限公司-北市貓空店",
    "address":"116台北市文山區指南路三段38巷35號"
    }
  },
  {
    "type": "Feature",
    "geometry": {
       "type": "Point",
       "coordinates":  [ 121.5423748,25.0521587 ]
    },
    "properties": {
    "city":"台北市",
    "name":"萊爾富國際股份有限公司-北市遼寧店",
    "address":"104臺北市中山區南京東路三段195號"
    }
  },
  {
    "type": "Feature",
    "geometry": {
       "type": "Point",
       "coordinates":  [ 121.53502,25.0601132 ]
    },
    "properties": {
    "city":"台北市",
    "name":"萊爾富國際股份有限公司-北市錦江店",
    "address":"104臺北市中山區錦州街276號"
    }
  },
  {
    "type": "Feature",
    "geometry": {
       "type": "Point",
       "coordinates":  [ 121.5139954,25.0563836 ]
    },
    "properties": {
    "city":"台北市",
    "name":"萊爾富國際股份有限公司-北市靜修店",
    "address":"103臺北市大同區民生西路231號"
    }
  },
  {
    "type": "Feature",
    "geometry": {
       "type": "Point",
       "coordinates":  [ 121.5561083,25.0296179 ]
    },
    "properties": {
    "city":"台北市",
    "name":"萊爾富國際股份有限公司-北市臨江店",
    "address":"106臺北市大安區臨江街40巷2號"
    }
  },
  {
    "type": "Feature",
    "geometry": {
       "type": "Point",
       "coordinates":  [ 121.520964,25.0575635 ]
    },
    "properties": {
    "city":"台北市",
    "name":"萊爾富國際股份有限公司-北市雙連店",
    "address":"104臺北市中山區民生西路62號"
    }
  },
  {
    "type": "Feature",
    "geometry": {
       "type": "Point",
       "coordinates":  [ 121.5188942,25.0525141 ]
    },
    "properties": {
    "city":"台北市",
    "name":"萊爾富國際股份有限公司-北市雙蝶店",
    "address":"103臺北市大同區南京西路64巷9弄2號"
    }
  },
  {
    "type": "Feature",
    "geometry": {
       "type": "Point",
       "coordinates":  [ 121.5197271,25.1105054 ]
    },
    "properties": {
    "city":"台北市",
    "name":"萊爾富國際股份有限公司-北市懷德店",
    "address":"112臺北市北投區懷德街5號"
    }
  },
  {
    "type": "Feature",
    "geometry": {
       "type": "Point",
       "coordinates":  [ 121.5231783,25.0264883 ]
    },
    "properties": {
    "city":"台北市",
    "name":"萊爾富國際股份有限公司-北市羅斯福店",
    "address":"106臺北市大安區羅斯福路二段75之1號"
    }
  },
  {
    "type": "Feature",
    "geometry": {
       "type": "Point",
       "coordinates":  [ 121.5779656,24.9870651 ]
    },
    "properties": {
    "city":"台北市",
    "name":"萊爾富國際股份有限公司-北市藝文店",
    "address":"116台北市文山區指南路二段64號四樓"
    }
  },
  {
    "type": "Feature",
    "geometry": {
       "type": "Point",
       "coordinates":  [ 121.4672614,25.1224483 ]
    },
    "properties": {
    "city":"台北市",
    "name":"萊爾富國際股份有限公司-北市關渡店",
    "address":"112臺北市北投區知行路314號"
    }
  },
  {
    "type": "Feature",
    "geometry": {
       "type": "Point",
       "coordinates":  [ 121.5708566,25.0817312 ]
    },
    "properties": {
    "city":"台北市",
    "name":"萊爾富國際股份有限公司-北市麗湖店",
    "address":"114臺北市內湖區內湖路一段409之1號"
    }
  },
  {
    "type": "Feature",
    "geometry": {
       "type": "Point",
       "coordinates":  [ 121.5574266,25.0518277 ]
    },
    "properties": {
    "city":"台北市",
    "name":"萊爾富國際股份有限公司-北市寶德店",
    "address":"105臺北市松山區南京東路5段61.63號"
    }
  },
  {
    "type": "Feature",
    "geometry": {
       "type": "Point",
       "coordinates":  [ 121.5817532,25.0647531 ]
    },
    "properties": {
    "city":"台北市",
    "name":"萊爾富國際股份有限公司-北市蘋果店",
    "address":"114臺北市內湖區行愛路141巷39號B1"
    }
  },
  {
    "type": "Feature",
    "geometry": {
       "type": "Point",
       "coordinates":  [ 121.5724799,25.0502374 ]
    },
    "properties": {
    "city":"台北市",
    "name":"萊爾富國際股份有限公司-北市饒河店",
    "address":"105臺北市松山區饒河街35號"
    }
  },
  {
    "type": "Feature",
    "geometry": {
       "type": "Point",
       "coordinates":  [ 121.584644,25.0686259 ]
    },
    "properties": {
    "city":"台北市",
    "name":"萊爾富國際股份有限公司-北市權湖店",
    "address":"114臺北市內湖區民權東路六段58號"
    }
  },
  {
    "type": "Feature",
    "geometry": {
       "type": "Point",
       "coordinates":  [ 121.5250174,25.0501578 ]
    },
    "properties": {
    "city":"台北市",
    "name":"萊爾富國際股份有限公司-北市鑫林森店",
    "address":"104台北市中山區林森北路101號"
    }
  },
  {
    "type": "Feature",
    "geometry": {
       "type": "Point",
       "coordinates":  [ 121.4976759,25.0360191 ]
    },
    "properties": {
    "city":"台北市",
    "name":"萊爾富國際股份有限公司-北市鑫梧店",
    "address":"108臺北市萬華區梧州街55號"
    }
  },
  {
    "type": "Feature",
    "geometry": {
       "type": "Point",
       "coordinates":  [ 121.5653031,25.0799367 ]
    },
    "properties": {
    "city":"台北市",
    "name":"萊爾富國際股份有限公司-北市鑫湖店",
    "address":"114台北市內湖區基湖路35巷11號一樓全部"
    }
  },
  {
    "type": "Feature",
    "geometry": {
       "type": "Point",
       "coordinates":  [ 121.527686,25.0935465 ]
    },
    "properties": {
    "city":"台北市",
    "name":"義德傢俱股份有限公司",
    "address":"111臺北市士林區中山北路五段505巷2號"
    }
  },
  {
    "type": "Feature",
    "geometry": {
       "type": "Point",
       "coordinates":  [ 121.5554643,25.0810846 ]
    },
    "properties": {
    "city":"台北市",
    "name":"遠百企業股份有限公司大直分公司",
    "address":"104臺北市中山區敬業三路123號"
    }
  },
  {
    "type": "Feature",
    "geometry": {
       "type": "Point",
       "coordinates":  [ 121.5733931,25.0411921 ]
    },
    "properties": {
    "city":"台北市",
    "name":"遠百企業股份有限公司忠孝分公司",
    "address":"110臺北市信義區忠孝東路五段297號"
    }
  },
  {
    "type": "Feature",
    "geometry": {
       "type": "Point",
       "coordinates":  [ 121.5422633,24.9921961 ]
    },
    "properties": {
    "city":"台北市",
    "name":"遠百企業股份有限公司景美分公司",
    "address":"116臺北市文山區景中街30巷12號"
    }
  },
  {
    "type": "Feature",
    "geometry": {
       "type": "Point",
       "coordinates":  [ 121.5426187,25.0463925 ]
    },
    "properties": {
    "city":"台北市",
    "name":"潤泰創新國際股份有限公司中崙分公司",
    "address":"104臺北市中山區八德路二段306號地下2樓之3、地下3樓"
    }
  },
  {
    "type": "Feature",
    "geometry": {
       "type": "Point",
       "coordinates":  [ 121.5324148,25.0440915 ]
    },
    "properties": {
    "city":"台北市",
    "name":"燦坤實業股份有限公司八德分公司",
    "address":"100台北市中正區八德路一段102號"
    }
  },
  {
    "type": "Feature",
    "geometry": {
       "type": "Point",
       "coordinates":  [ 121.529031,25.0957715 ]
    },
    "properties": {
    "city":"台北市",
    "name":"燦坤實業股份有限公司士林旗艦分公司",
    "address":"111台北市士林區中正路115號"
    }
  },
  {
    "type": "Feature",
    "geometry": {
       "type": "Point",
       "coordinates":  [ 121.5425866,25.0338022 ]
    },
    "properties": {
    "city":"台北市",
    "name":"燦坤實業股份有限公司大安分公司",
    "address":"106台北市大安區信義路三段153號"
    }
  },
  {
    "type": "Feature",
    "geometry": {
       "type": "Point",
       "coordinates":  [ 121.5489719,25.0835399 ]
    },
    "properties": {
    "city":"台北市",
    "name":"燦坤實業股份有限公司大直分公司",
    "address":"104台北市中山區北安路633號1F、B1"
    }
  },
  {
    "type": "Feature",
    "geometry": {
       "type": "Point",
       "coordinates":  [ 121.5730648,25.0627986 ]
    },
    "properties": {
    "city":"台北市",
    "name":"燦坤實業股份有限公司內湖旗艦分公司",
    "address":"114台北市內湖區堤頂大道一段331號"
    }
  },
  {
    "type": "Feature",
    "geometry": {
       "type": "Point",
       "coordinates":  [ 121.5263737,25.1201036 ]
    },
    "properties": {
    "city":"台北市",
    "name":"燦坤實業股份有限公司天母分公司",
    "address":"111台北市士林區天母北路３０號"
    }
  },
  {
    "type": "Feature",
    "geometry": {
       "type": "Point",
       "coordinates":  [ 121.5255592,25.1090395 ]
    },
    "properties": {
    "city":"台北市",
    "name":"燦坤實業股份有限公司天母蘭雅分公司",
    "address":"111台北市士林區中山北路六段238號1-2F"
    }
  },
  {
    "type": "Feature",
    "geometry": {
       "type": "Point",
       "coordinates":  [ 121.5841621,25.0783567 ]
    },
    "properties": {
    "city":"台北市",
    "name":"燦坤實業股份有限公司文德分公司",
    "address":"114台北市內湖區文德路212號"
    }
  },
  {
    "type": "Feature",
    "geometry": {
       "type": "Point",
       "coordinates":  [ 121.5596533,24.9815594 ]
    },
    "properties": {
    "city":"台北市",
    "name":"燦坤實業股份有限公司木新分公司",
    "address":"116台北市文山區木新路3段212號"
    }
  },
  {
    "type": "Feature",
    "geometry": {
       "type": "Point",
       "coordinates":  [ 121.49841,25.1310129 ]
    },
    "properties": {
    "city":"台北市",
    "name":"燦坤實業股份有限公司北投旗艦分公司",
    "address":"112台北市北投區北投路2段13號B1"
    }
  },
  {
    "type": "Feature",
    "geometry": {
       "type": "Point",
       "coordinates":  [ 121.5681079,25.0834178 ]
    },
    "properties": {
    "city":"台北市",
    "name":"燦坤實業股份有限公司台北西湖分公司",
    "address":"114台北市內湖區內湖路一段323巷11號1F.B1"
    }
  },
  {
    "type": "Feature",
    "geometry": {
       "type": "Point",
       "coordinates":  [ 121.5163048,25.0684256 ]
    },
    "properties": {
    "city":"台北市",
    "name":"燦坤實業股份有限公司民族西分公司",
    "address":"103台北市大同區民族西路136號1至3樓及138號2、3樓"
    }
  },
  {
    "type": "Feature",
    "geometry": {
       "type": "Point",
       "coordinates":  [ 121.5816344,25.0421811 ]
    },
    "properties": {
    "city":"台北市",
    "name":"燦坤實業股份有限公司永春分公司",
    "address":"110台北市信義區大道路16號、16號地下1樓"
    }
  },
  {
    "type": "Feature",
    "geometry": {
       "type": "Point",
       "coordinates":  [ 121.5164743,25.1176855 ]
    },
    "properties": {
    "city":"台北市",
    "name":"燦坤實業股份有限公司石牌分公司",
    "address":"112台北市北投區石牌路二段99巷1號"
    }
  },
  {
    "type": "Feature",
    "geometry": {
       "type": "Point",
       "coordinates":  [ 121.5594873,25.051342 ]
    },
    "properties": {
    "city":"台北市",
    "name":"燦坤實業股份有限公司吉祥分公司",
    "address":"105台北市松山區南京東路五段40號2F"
    }
  },
  {
    "type": "Feature",
    "geometry": {
       "type": "Point",
       "coordinates":  [ 121.4949543,25.0286327 ]
    },
    "properties": {
    "city":"台北市",
    "name":"燦坤實業股份有限公司西藏分公司",
    "address":"108台北市萬華區西藏路217與219號B1-1F"
    }
  },
  {
    "type": "Feature",
    "geometry": {
       "type": "Point",
       "coordinates":  [ 121.5213861,25.0270642 ]
    },
    "properties": {
    "city":"台北市",
    "name":"燦坤實業股份有限公司和平旗艦分公司",
    "address":"100台北市中正區和平西路一段13號"
    }
  },
  {
    "type": "Feature",
    "geometry": {
       "type": "Point",
       "coordinates":  [ 121.552859,25.0460774 ]
    },
    "properties": {
    "city":"台北市",
    "name":"燦坤實業股份有限公司延吉分公司",
    "address":"105台北市松山區延吉街30巷11號及9號地下1樓"
    }
  },
  {
    "type": "Feature",
    "geometry": {
       "type": "Point",
       "coordinates":  [ 121.5528113,25.0411143 ]
    },
    "properties": {
    "city":"台北市",
    "name":"燦坤實業股份有限公司忠孝分公司",
    "address":"106台北市大安區忠孝東路四段212號B1"
    }
  },
  {
    "type": "Feature",
    "geometry": {
       "type": "Point",
       "coordinates":  [ 121.5731837,25.0411432 ]
    },
    "properties": {
    "city":"台北市",
    "name":"燦坤實業股份有限公司忠孝永春分公司",
    "address":"110台北市信義區忠孝東路五段297-1號1 2F"
    }
  },
  {
    "type": "Feature",
    "geometry": {
       "type": "Point",
       "coordinates":  [ 121.544113,25.034036 ]
    },
    "properties": {
    "city":"台北市",
    "name":"燦坤實業股份有限公司忠孝復興分公司",
    "address":"106台北市大安區復興南路1段206號1-2F"
    }
  },
  {
    "type": "Feature",
    "geometry": {
       "type": "Point",
       "coordinates":  [ 121.504813,25.043507 ]
    },
    "properties": {
    "city":"台北市",
    "name":"燦坤實業股份有限公司昆明分公司",
    "address":"108台北市萬華區昆明街120號及122號1-2F"
    }
  },
  {
    "type": "Feature",
    "geometry": {
       "type": "Point",
       "coordinates":  [ 121.5275256,25.0346587 ]
    },
    "properties": {
    "city":"台北市",
    "name":"燦坤實業股份有限公司東門分公司",
    "address":"100台北市中正區金山南路一段155號B1"
    }
  },
  {
    "type": "Feature",
    "geometry": {
       "type": "Point",
       "coordinates":  [ 121.6114644,25.0699486 ]
    },
    "properties": {
    "city":"台北市",
    "name":"燦坤實業股份有限公司東湖分公司",
    "address":"114台北市內湖區康寧路三段74號1樓"
    }
  },
  {
    "type": "Feature",
    "geometry": {
       "type": "Point",
       "coordinates":  [ 121.5098256,25.0854516 ]
    },
    "properties": {
    "city":"台北市",
    "name":"燦坤實業股份有限公司社子分公司",
    "address":"111台北市士林區延平北路5段282號B1.1F"
    }
  },
  {
    "type": "Feature",
    "geometry": {
       "type": "Point",
       "coordinates":  [ 121.5577964,25.033297 ]
    },
    "properties": {
    "city":"台北市",
    "name":"燦坤實業股份有限公司信義分公司",
    "address":"110臺北市信義區信義路4段375號"
    }
  },
  {
    "type": "Feature",
    "geometry": {
       "type": "Point",
       "coordinates":  [ 121.5375235,25.052175 ]
    },
    "properties": {
    "city":"台北市",
    "name":"燦坤實業股份有限公司南京分公司",
    "address":"104台北市中山區南京東路三段9號"
    }
  },
  {
    "type": "Feature",
    "geometry": {
       "type": "Point",
       "coordinates":  [ 121.5283823,25.0518006 ]
    },
    "properties": {
    "city":"台北市",
    "name":"燦坤實業股份有限公司南京旗艦分公司",
    "address":"104台北市中山區南京東路二段6號"
    }
  },
  {
    "type": "Feature",
    "geometry": {
       "type": "Point",
       "coordinates":  [ 121.6062856,25.0565088 ]
    },
    "properties": {
    "city":"台北市",
    "name":"燦坤實業股份有限公司南港興中分公司",
    "address":"115台北市南港區興中路56巷11號及13號地下1樓"
    }
  },
  {
    "type": "Feature",
    "geometry": {
       "type": "Point",
       "coordinates":  [ 121.5744886,24.9880004 ]
    },
    "properties": {
    "city":"台北市",
    "name":"燦坤實業股份有限公司政大營業所",
    "address":"116台北市文山區指南路2段53號1-2F 51號2F"
    }
  },
  {
    "type": "Feature",
    "geometry": {
       "type": "Point",
       "coordinates":  [ 121.5590431,25.0830649 ]
    },
    "properties": {
    "city":"台北市",
    "name":"燦坤實業股份有限公司美麗華營業所",
    "address":"104台北市中山區樂群三路289號"
    }
  },
  {
    "type": "Feature",
    "geometry": {
       "type": "Point",
       "coordinates":  [ 121.5148788,25.0461716 ]
    },
    "properties": {
    "city":"台北市",
    "name":"燦坤實業股份有限公司站前分公司",
    "address":"100台北市中正區館前路4-6號"
    }
  },
  {
    "type": "Feature",
    "geometry": {
       "type": "Point",
       "coordinates":  [ 121.5525425,25.0261211 ]
    },
    "properties": {
    "city":"台北市",
    "name":"燦坤實業股份有限公司通化分公司",
    "address":"106台北市大安區通化街198號1F"
    }
  },
  {
    "type": "Feature",
    "geometry": {
       "type": "Point",
       "coordinates":  [ 121.4427991,24.9747451 ]
    },
    "properties": {
    "city":"台北市",
    "name":"燦坤實業股份有限公司富陽分公司",
    "address":"110台北市信義區和平東路3段333號B1"
    }
  },
  {
    "type": "Feature",
    "geometry": {
       "type": "Point",
       "coordinates":  [ 121.5444514,25.0595349 ]
    },
    "properties": {
    "city":"台北市",
    "name":"燦坤實業股份有限公司復北分公司",
    "address":"105台北市松山區復興北路325號"
    }
  },
  {
    "type": "Feature",
    "geometry": {
       "type": "Point",
       "coordinates":  [ 121.5436034,24.9918935 ]
    },
    "properties": {
    "city":"台北市",
    "name":"燦坤實業股份有限公司景美分公司",
    "address":"116台北市文山區景興路200號1樓"
    }
  },
  {
    "type": "Feature",
    "geometry": {
       "type": "Point",
       "coordinates":  [ 121.503316,25.1376468 ]
    },
    "properties": {
    "city":"台北市",
    "name":"燦坤實業股份有限公司新北投分公司",
    "address":"112台北市北投區中和街14號1樓"
    }
  },
  {
    "type": "Feature",
    "geometry": {
       "type": "Point",
       "coordinates":  [ 121.5610504,25.0589177 ]
    },
    "properties": {
    "city":"台北市",
    "name":"燦坤實業股份有限公司新民生分公司",
    "address":"105台北市松山區民生東路五段119-2號1樓、B1"
    }
  },
  {
    "type": "Feature",
    "geometry": {
       "type": "Point",
       "coordinates":  [ 121.5541264,25.0552958 ]
    },
    "properties": {
    "city":"台北市",
    "name":"燦坤實業股份有限公司新京華分公司",
    "address":"105台北市松山區八德店四段171號1f.169-171號b1"
    }
  },
  {
    "type": "Feature",
    "geometry": {
       "type": "Point",
       "coordinates":  [ 121.5750666,25.0498571 ]
    },
    "properties": {
    "city":"台北市",
    "name":"燦坤實業股份有限公司新松山分公司",
    "address":"105台北市松山區八德路四段650號1樓"
    }
  },
  {
    "type": "Feature",
    "geometry": {
       "type": "Point",
       "coordinates":  [ 121.5004672,25.0240051 ]
    },
    "properties": {
    "city":"台北市",
    "name":"燦坤實業股份有限公司萬大分公司",
    "address":"108台北市萬華區萬大路331號1F"
    }
  },
  {
    "type": "Feature",
    "geometry": {
       "type": "Point",
       "coordinates":  [ 121.5240932,25.0650615 ]
    },
    "properties": {
    "city":"台北市",
    "name":"燦坤實業股份有限公司農安分公司",
    "address":"104台北市中山區農安街19號2樓"
    }
  },
  {
    "type": "Feature",
    "geometry": {
       "type": "Point",
       "coordinates":  [ 121.515186,25.0568876 ]
    },
    "properties": {
    "city":"台北市",
    "name":"燦坤實業股份有限公司寧夏分公司",
    "address":"103台北市大同區民生西路204號1-3樓"
    }
  },
  {
    "type": "Feature",
    "geometry": {
       "type": "Point",
       "coordinates":  [ 121.5236594,25.0828245 ]
    },
    "properties": {
    "city":"台北市",
    "name":"燦坤實業股份有限公司劍潭分公司",
    "address":"111台北市士林區承德路4段83-1號及83-2號1-2F"
    }
  },
  {
    "type": "Feature",
    "geometry": {
       "type": "Point",
       "coordinates":  [ 121.532959,25.1094497 ]
    },
    "properties": {
    "city":"台北市",
    "name":"燦坤實業股份有限公司德行分公司",
    "address":"111台北市士林區德行東路223號B1-1F"
    }
  },
  {
    "type": "Feature",
    "geometry": {
       "type": "Point",
       "coordinates":  [ 121.5529736,25.0201867 ]
    },
    "properties": {
    "city":"台北市",
    "name":"燦坤實業股份有限公司樂業分公司",
    "address":"106台北市大安區樂業街127號B1.1F"
    }
  },
  {
    "type": "Feature",
    "geometry": {
       "type": "Point",
       "coordinates":  [ 121.5542299,25.0006593 ]
    },
    "properties": {
    "city":"台北市",
    "name":"燦坤實業股份有限公司興隆分公司",
    "address":"116台北市文山區興隆路二段252號B1"
    }
  },
  {
    "type": "Feature",
    "geometry": {
       "type": "Point",
       "coordinates":  [ 121.5213894,25.0602973 ]
    },
    "properties": {
    "city":"台北市",
    "name":"燦坤實業股份有限公司錦西分公司",
    "address":"104台北市中山區錦西街14-1號B1.1F"
    }
  },
  {
    "type": "Feature",
    "geometry": {
       "type": "Point",
       "coordinates":  [ 121.5330529,25.0362839 ]
    },
    "properties": {
    "city":"台北市",
    "name":"鴻源汽車股份有限公司大安分公司",
    "address":"106台北市新生南路1段141-8號"
    }
  },
  {
    "type": "Feature",
    "geometry": {
       "type": "Point",
       "coordinates":  [ 121.4577476,25.0175811 ]
    },
    "properties": {
    "city":"新北市",
    "name":" 台象股份有限公司-象印板橋服務中心",
    "address":"220新北市板橋區國光路52號1樓"
    }
  },
  {
    "type": "Feature",
    "geometry": {
       "type": "Point",
       "coordinates":  [ 121.4751912,25.0074361 ]
    },
    "properties": {
    "city":"新北市",
    "name":"7-11一級棒門市",
    "address":"242新北市新莊區中山路3段488.490號"
    }
  },
  {
    "type": "Feature",
    "geometry": {
       "type": "Point",
       "coordinates":  [ 121.4981655,25.0049236 ]
    },
    "properties": {
    "city":"新北市",
    "name":"7-11一新門市",
    "address":"235新北市中和區福祥里27鄰永和路56.58號1樓."
    }
  },
  {
    "type": "Feature",
    "geometry": {
       "type": "Point",
       "coordinates":  [ 121.845604,25.1092289 ]
    },
    "properties": {
    "city":"新北市",
    "name":"7-11九份門市",
    "address":"224新北市瑞芳區基山街3號"
    }
  },
  {
    "type": "Feature",
    "geometry": {
       "type": "Point",
       "coordinates":  [ 121.4688081,25.0784283 ]
    },
    "properties": {
    "city":"新北市",
    "name":"7-11九芎門市",
    "address":"247新北市蘆洲區中山二路272號."
    }
  },
  {
    "type": "Feature",
    "geometry": {
       "type": "Point",
       "coordinates":  [ 121.3383677,24.940863 ]
    },
    "properties": {
    "city":"新北市",
    "name":"7-11二橋門市",
    "address":"239新北市鶯歌區中正三路93號"
    }
  },
  {
    "type": "Feature",
    "geometry": {
       "type": "Point",
       "coordinates":  [ 121.4039288,25.1485837 ]
    },
    "properties": {
    "city":"新北市",
    "name":"7-11八仙門市",
    "address":"249新北市八里區中華路二段306號"
    }
  },
  {
    "type": "Feature",
    "geometry": {
       "type": "Point",
       "coordinates":  [ 121.399421,25.1472442 ]
    },
    "properties": {
    "city":"新北市",
    "name":"7-11八里門市",
    "address":"249新北市八里區中山路二段341號"
    }
  },
  {
    "type": "Feature",
    "geometry": {
       "type": "Point",
       "coordinates":  [ 121.4320613,25.0577264 ]
    },
    "properties": {
    "city":"新北市",
    "name":"7-11十八甲門市",
    "address":"243新北市泰山區福興一街87號"
    }
  },
  {
    "type": "Feature",
    "geometry": {
       "type": "Point",
       "coordinates":  [ 121.8134393,25.1060569 ]
    },
    "properties": {
    "city":"新北市",
    "name":"7-11三爪坑門市",
    "address":"224新北市瑞芳區三爪子坑路15、17號"
    }
  },
  {
    "type": "Feature",
    "geometry": {
       "type": "Point",
       "coordinates":  [ 121.4918558,25.080193 ]
    },
    "properties": {
    "city":"新北市",
    "name":"7-11三好門市",
    "address":"241新北市三重區溪美里仁愛街367號"
    }
  },
  {
    "type": "Feature",
    "geometry": {
       "type": "Point",
       "coordinates":  [ 121.496013,25.0692538 ]
    },
    "properties": {
    "city":"新北市",
    "name":"7-11三安門市",
    "address":"241新北市三重區正義北路235號"
    }
  },
  {
    "type": "Feature",
    "geometry": {
       "type": "Point",
       "coordinates":  [ 121.426316,25.030192 ]
    },
    "properties": {
    "city":"新北市",
    "name":"7-11三洋門市",
    "address":"242新北市新莊區中正路612-1號"
    }
  },
  {
    "type": "Feature",
    "geometry": {
       "type": "Point",
       "coordinates":  [ 121.4950997,25.0613024 ]
    },
    "properties": {
    "city":"新北市",
    "name":"7-11三重門市",
    "address":"241新北市三重區重新路3段18號"
    }
  },
  {
    "type": "Feature",
    "geometry": {
       "type": "Point",
       "coordinates":  [ 121.4228639,24.9948624 ]
    },
    "properties": {
    "city":"新北市",
    "name":"7-11三暉門市",
    "address":"238新北市樹林區樹福里復興路1號"
    }
  },
  {
    "type": "Feature",
    "geometry": {
       "type": "Point",
       "coordinates":  [ 121.3569298,24.9420372 ]
    },
    "properties": {
    "city":"新北市",
    "name":"7-11三靖門市",
    "address":"239新北市鶯歌區三鶯路52號一樓"
    }
  },
  {
    "type": "Feature",
    "geometry": {
       "type": "Point",
       "coordinates":  [ 121.4808843,25.0755032 ]
    },
    "properties": {
    "city":"新北市",
    "name":"7-11下竹圍門市",
    "address":"241新北市三重區下竹圍街26號"
    }
  },
  {
    "type": "Feature",
    "geometry": {
       "type": "Point",
       "coordinates":  [ 121.4604199,24.9774754 ]
    },
    "properties": {
    "city":"新北市",
    "name":"7-11上北可門市",
    "address":"236新北市土城區明德路一段232號"
    }
  },
  {
    "type": "Feature",
    "geometry": {
       "type": "Point",
       "coordinates":  [ 121.5176138,24.9730199 ]
    },
    "properties": {
    "city":"新北市",
    "name":"7-11凡賽絲門市",
    "address":"231新北市新店區安民街248號"
    }
  },
  {
    "type": "Feature",
    "geometry": {
       "type": "Point",
       "coordinates":  [ 121.4254053,24.9961075 ]
    },
    "properties": {
    "city":"新北市",
    "name":"7-11千歲門市",
    "address":"238新北市樹林區千歲街26-10號"
    }
  },
  {
    "type": "Feature",
    "geometry": {
       "type": "Point",
       "coordinates":  [ 121.4758165,25.0151125 ]
    },
    "properties": {
    "city":"新北市",
    "name":"7-11千群門市",
    "address":"220新北市板橋區東丘里民享街53號"
    }
  },
  {
    "type": "Feature",
    "geometry": {
       "type": "Point",
       "coordinates":  [ 121.4372532,24.9679493 ]
    },
    "properties": {
    "city":"新北市",
    "name":"7-11土城門市",
    "address":"236新北市土城區中央路三段42號"
    }
  },
  {
    "type": "Feature",
    "geometry": {
       "type": "Point",
       "coordinates":  [ 121.4380284,25.0838977 ]
    },
    "properties": {
    "city":"新北市",
    "name":"7-11大五股門市",
    "address":"248新北市五股區成泰路2段81號"
    }
  },
  {
    "type": "Feature",
    "geometry": {
       "type": "Point",
       "coordinates":  [ 121.5167997,25.0082822 ]
    },
    "properties": {
    "city":"新北市",
    "name":"7-11大正門市",
    "address":"234新北市永和區中正路555號"
    }
  },
  {
    "type": "Feature",
    "geometry": {
       "type": "Point",
       "coordinates":  [ 121.5421228,24.9831051 ]
    },
    "properties": {
    "city":"新北市",
    "name":"7-11大坪林門市",
    "address":"231新北市新店區民權路18號"
    }
  },
  {
    "type": "Feature",
    "geometry": {
       "type": "Point",
       "coordinates":  [ 121.4002466,24.9582747 ]
    },
    "properties": {
    "city":"新北市",
    "name":"7-11大東圓門市",
    "address":"238新北市樹林區柑園街一段67.67-1.67-2號1樓"
    }
  },
  {
    "type": "Feature",
    "geometry": {
       "type": "Point",
       "coordinates":  [ 121.3671341,24.9359337 ]
    },
    "properties": {
    "city":"新北市",
    "name":"7-11大勇門市",
    "address":"237新北市三峽區文化路254號"
    }
  },
  {
    "type": "Feature",
    "geometry": {
       "type": "Point",
       "coordinates":  [ 121.4269778,25.0062427 ]
    },
    "properties": {
    "city":"新北市",
    "name":"7-11大展門市",
    "address":"238新北市樹林區俊英街244.246號"
    }
  },
  {
    "type": "Feature",
    "geometry": {
       "type": "Point",
       "coordinates":  [ 121.3762555,24.941816 ]
    },
    "properties": {
    "city":"新北市",
    "name":"7-11大峽門市",
    "address":"237新北市三峽區大學路13鄰147號1樓"
    }
  },
  {
    "type": "Feature",
    "geometry": {
       "type": "Point",
       "coordinates":  [ 121.4589717,25.0182669 ]
    },
    "properties": {
    "city":"新北市",
    "name":"7-11大庭門市",
    "address":"220新北市板橋區國光里6鄰國光路65號1樓"
    }
  },
  {
    "type": "Feature",
    "geometry": {
       "type": "Point",
       "coordinates":  [ 121.5392751,24.9782946 ]
    },
    "properties": {
    "city":"新北市",
    "name":"7-11大盛門市",
    "address":"231新北市新店區建國路133號"
    }
  },
  {
    "type": "Feature",
    "geometry": {
       "type": "Point",
       "coordinates":  [ 121.495201,25.0634768 ]
    },
    "properties": {
    "city":"新北市",
    "name":"7-11大智門市",
    "address":"241新北市三重區大同北路63號"
    }
  },
  {
    "type": "Feature",
    "geometry": {
       "type": "Point",
       "coordinates":  [ 121.3905563,24.9600762 ]
    },
    "properties": {
    "city":"新北市",
    "name":"7-11大智通門市",
    "address":"238新北市樹林區佳園路二段70-1號"
    }
  },
  {
    "type": "Feature",
    "geometry": {
       "type": "Point",
       "coordinates":  [ 121.4470903,25.0053676 ]
    },
    "properties": {
    "city":"新北市",
    "name":"7-11大觀門市",
    "address":"220新北市板橋區大觀路1段26號"
    }
  },
  {
    "type": "Feature",
    "geometry": {
       "type": "Point",
       "coordinates":  [ 121.4002009,24.9746779 ]
    },
    "properties": {
    "city":"新北市",
    "name":"7-11山佳門市",
    "address":"238新北市樹林區中山路3段87號"
    }
  },
  {
    "type": "Feature",
    "geometry": {
       "type": "Point",
       "coordinates":  [ 121.4001904,25.0772093 ]
    },
    "properties": {
    "city":"新北市",
    "name":"7-11工林門市",
    "address":"244新北市林口區工六路76號"
    }
  },
  {
    "type": "Feature",
    "geometry": {
       "type": "Point",
       "coordinates":  [ 121.4541505,25.0225341 ]
    },
    "properties": {
    "city":"新北市",
    "name":"7-11中一門市",
    "address":"220新北市板橋區中正里中正路411號"
    }
  },
  {
    "type": "Feature",
    "geometry": {
       "type": "Point",
       "coordinates":  [ 121.5107352,24.9976043 ]
    },
    "properties": {
    "city":"新北市",
    "name":"7-11中安門市",
    "address":"235新北市中和區宜安路62.66號"
    }
  },
  {
    "type": "Feature",
    "geometry": {
       "type": "Point",
       "coordinates":  [ 121.542047,24.9633504 ]
    },
    "properties": {
    "city":"新北市",
    "name":"7-11中行門市",
    "address":"231新北市新店區中興路一段193.195號"
    }
  },
  {
    "type": "Feature",
    "geometry": {
       "type": "Point",
       "coordinates":  [ 121.4431551,24.9777751 ]
    },
    "properties": {
    "city":"新北市",
    "name":"7-11中林門市",
    "address":"236新北市土城區員林街14號"
    }
  },
  {
    "type": "Feature",
    "geometry": {
       "type": "Point",
       "coordinates":  [ 121.4935919,25.054007 ]
    },
    "properties": {
    "city":"新北市",
    "name":"7-11中南門市",
    "address":"241新北市三重區中正南路248-1.248-2號"
    }
  },
  {
    "type": "Feature",
    "geometry": {
       "type": "Point",
       "coordinates":  [ 121.4492724,25.0452827 ]
    },
    "properties": {
    "city":"新北市",
    "name":"7-11中泰門市",
    "address":"242新北市新莊區中港一街10.10-1號"
    }
  },
  {
    "type": "Feature",
    "geometry": {
       "type": "Point",
       "coordinates":  [ 121.4551897,25.0402384 ]
    },
    "properties": {
    "city":"新北市",
    "name":"7-11中港門市",
    "address":"242新北市新莊區中港路133號"
    }
  },
  {
    "type": "Feature",
    "geometry": {
       "type": "Point",
       "coordinates":  [ 121.3679283,24.9279987 ]
    },
    "properties": {
    "city":"新北市",
    "name":"7-11中園門市",
    "address":"237新北市三峽區民權街231號"
    }
  },
  {
    "type": "Feature",
    "geometry": {
       "type": "Point",
       "coordinates":  [ 121.3900698,24.9706453 ]
    },
    "properties": {
    "city":"新北市",
    "name":"7-11丹鳳門市",
    "address":"242新北市新莊區雙鳳里中山路三段664號"
    }
  },
  {
    "type": "Feature",
    "geometry": {
       "type": "Point",
       "coordinates":  [ 121.459387,25.0665546 ]
    },
    "properties": {
    "city":"新北市",
    "name":"7-11五工門市",
    "address":"242新北市新莊區福基里17鄰五工二路91號"
    }
  },
  {
    "type": "Feature",
    "geometry": {
       "type": "Point",
       "coordinates":  [ 121.5446277,24.9666828 ]
    },
    "properties": {
    "city":"新北市",
    "name":"7-11五峰門市",
    "address":"231新北市新店區中興路一段252號"
    }
  },
  {
    "type": "Feature",
    "geometry": {
       "type": "Point",
       "coordinates":  [ 121.4911698,25.084073 ]
    },
    "properties": {
    "city":"新北市",
    "name":"7-11五華門市",
    "address":"241新北市三重區五華街148號."
    }
  },
  {
    "type": "Feature",
    "geometry": {
       "type": "Point",
       "coordinates":  [ 121.4958355,25.0726393 ]
    },
    "properties": {
    "city":"新北市",
    "name":"7-11仁仁門市",
    "address":"241新北市三重區仁愛街52號"
    }
  },
  {
    "type": "Feature",
    "geometry": {
       "type": "Point",
       "coordinates":  [ 121.4302529,25.0537996 ]
    },
    "properties": {
    "city":"新北市",
    "name":"7-11仁泰門市",
    "address":"243新北市泰山區明志路二段1號"
    }
  },
  {
    "type": "Feature",
    "geometry": {
       "type": "Point",
       "coordinates":  [ 121.4049198,25.0978615 ]
    },
    "properties": {
    "city":"新北市",
    "name":"7-11仁森門市",
    "address":"244新北市林口區粉寮路1段64號"
    }
  },
  {
    "type": "Feature",
    "geometry": {
       "type": "Point",
       "coordinates":  [ 121.5081997,25.0115892 ]
    },
    "properties": {
    "city":"新北市",
    "name":"7-11仁寶門市",
    "address":"234新北市永和區仁愛路302、304號"
    }
  },
  {
    "type": "Feature",
    "geometry": {
       "type": "Point",
       "coordinates":  [ 121.5083577,25.0146308 ]
    },
    "properties": {
    "city":"新北市",
    "name":"7-11元坊門市",
    "address":"234新北市永和區保安路134.136號"
    }
  },
  {
    "type": "Feature",
    "geometry": {
       "type": "Point",
       "coordinates":  [ 121.4722644,25.0204781 ]
    },
    "properties": {
    "city":"新北市",
    "name":"7-11元秀門市",
    "address":"220新北市板橋區莊敬路220巷17.19號"
    }
  },
  {
    "type": "Feature",
    "geometry": {
       "type": "Point",
       "coordinates":  [ 121.5024225,25.1341007 ]
    },
    "properties": {
    "city":"新北市",
    "name":"7-11元町門市",
    "address":"239新北市鶯歌區光明路136號"
    }
  },
  {
    "type": "Feature",
    "geometry": {
       "type": "Point",
       "coordinates":  [ 121.4323168,25.0549289 ]
    },
    "properties": {
    "city":"新北市",
    "name":"7-11公園賞門市",
    "address":"243新北市泰山區仁愛路66號"
    }
  },
  {
    "type": "Feature",
    "geometry": {
       "type": "Point",
       "coordinates":  [ 121.4893538,25.0820675 ]
    },
    "properties": {
    "city":"新北市",
    "name":"7-11分子尾門市",
    "address":"241新北市三重區分子尾街45號"
    }
  },
  {
    "type": "Feature",
    "geometry": {
       "type": "Point",
       "coordinates":  [ 121.5166807,24.9666113 ]
    },
    "properties": {
    "city":"新北市",
    "name":"7-11及人門市",
    "address":"231新北市新店區安民街72號"
    }
  },
  {
    "type": "Feature",
    "geometry": {
       "type": "Point",
       "coordinates":  [ 121.3717225,24.9261793 ]
    },
    "properties": {
    "city":"新北市",
    "name":"7-11天下門市",
    "address":"237新北市三峽區中正路一段242.244號"
    }
  },
  {
    "type": "Feature",
    "geometry": {
       "type": "Point",
       "coordinates":  [ 121.483885,25.18671 ]
    },
    "properties": {
    "city":"新北市",
    "name":"7-11天元門市",
    "address":"251新北市淡水區北新路三段34號"
    }
  },
  {
    "type": "Feature",
    "geometry": {
       "type": "Point",
       "coordinates":  [ 121.4981991,25.0608009 ]
    },
    "properties": {
    "city":"新北市",
    "name":"7-11天台門市",
    "address":"241新北市三重區仁德里正義南路13.15號1樓"
    }
  },
  {
    "type": "Feature",
    "geometry": {
       "type": "Point",
       "coordinates":  [ 121.5153348,24.9931105 ]
    },
    "properties": {
    "city":"新北市",
    "name":"7-11天城門市",
    "address":"235新北市中和區景平路240巷1弄4號"
    }
  },
  {
    "type": "Feature",
    "geometry": {
       "type": "Point",
       "coordinates":  [ 121.4832762,25.0809288 ]
    },
    "properties": {
    "city":"新北市",
    "name":"7-11天勝門市",
    "address":"241新北市三重區仁愛街687號"
    }
  },
  {
    "type": "Feature",
    "geometry": {
       "type": "Point",
       "coordinates":  [ 121.5002451,25.0733643 ]
    },
    "properties": {
    "city":"新北市",
    "name":"7-11天龍門市",
    "address":"241新北市三重區龍門路217.219.221號"
    }
  },
  {
    "type": "Feature",
    "geometry": {
       "type": "Point",
       "coordinates":  [ 121.5372862,24.9617293 ]
    },
    "properties": {
    "city":"新北市",
    "name":"7-11天闊門市",
    "address":"231新北市新店區環河路16號"
    }
  },
  {
    "type": "Feature",
    "geometry": {
       "type": "Point",
       "coordinates":  [ 121.4205509,24.9629422 ]
    },
    "properties": {
    "city":"新北市",
    "name":"7-11太子門市",
    "address":"236新北市土城區中山路47號"
    }
  },
  {
    "type": "Feature",
    "geometry": {
       "type": "Point",
       "coordinates":  [ 121.4178585,24.9790873 ]
    },
    "properties": {
    "city":"新北市",
    "name":"7-11太順門市",
    "address":"238新北市樹林區太順街49巷2號"
    }
  },
  {
    "type": "Feature",
    "geometry": {
       "type": "Point",
       "coordinates":  [ 121.4638274,25.0060582 ]
    },
    "properties": {
    "city":"新北市",
    "name":"7-11心心門市",
    "address":"220新北市板橋區實踐路105.107號"
    }
  },
  {
    "type": "Feature",
    "geometry": {
       "type": "Point",
       "coordinates":  [ 121.4589499,24.9777835 ]
    },
    "properties": {
    "city":"新北市",
    "name":"7-11文青門市",
    "address":"236新北市土城區青雲路243.245號"
    }
  },
  {
    "type": "Feature",
    "geometry": {
       "type": "Point",
       "coordinates":  [ 121.4768729,25.0306987 ]
    },
    "properties": {
    "city":"新北市",
    "name":"7-11文聖門市",
    "address":"220新北市板橋區文聖街64號"
    }
  },
  {
    "type": "Feature",
    "geometry": {
       "type": "Point",
       "coordinates":  [ 121.4743245,25.0914915 ]
    },
    "properties": {
    "city":"新北市",
    "name":"7-11文豪門市",
    "address":"247新北市蘆洲區民族路321號"
    }
  },
  {
    "type": "Feature",
    "geometry": {
       "type": "Point",
       "coordinates":  [ 121.5000011,25.0622907 ]
    },
    "properties": {
    "city":"新北市",
    "name":"7-11文興門市",
    "address":"241新北市三重區文化南路7號"
    }
  },
  {
    "type": "Feature",
    "geometry": {
       "type": "Point",
       "coordinates":  [ 121.4341954,25.0598008 ]
    },
    "properties": {
    "city":"新北市",
    "name":"7-11日勝門市",
    "address":"243新北市泰山區山腳村泰林路2段515.517號."
    }
  },
  {
    "type": "Feature",
    "geometry": {
       "type": "Point",
       "coordinates":  [ 121.4884178,25.0631737 ]
    },
    "properties": {
    "city":"新北市",
    "name":"7-11日揚門市",
    "address":"241新北市三重區中正北路18-1號"
    }
  },
  {
    "type": "Feature",
    "geometry": {
       "type": "Point",
       "coordinates":  [ 121.5107507,25.0021002 ]
    },
    "properties": {
    "city":"新北市",
    "name":"7-11日福門市",
    "address":"235新北市中和區中和路380號"
    }
  },
  {
    "type": "Feature",
    "geometry": {
       "type": "Point",
       "coordinates":  [ 121.5039073,25.0048103 ]
    },
    "properties": {
    "city":"新北市",
    "name":"7-11水源門市",
    "address":"234新北市中和區中山路2段62號"
    }
  },
  {
    "type": "Feature",
    "geometry": {
       "type": "Point",
       "coordinates":  [ 121.4335883,25.0725964 ]
    },
    "properties": {
    "city":"新北市",
    "name":"7-11水碓門市",
    "address":"248新北市五股區水碓路14號"
    }
  },
  {
    "type": "Feature",
    "geometry": {
       "type": "Point",
       "coordinates":  [ 121.446056,25.1775403 ]
    },
    "properties": {
    "city":"新北市",
    "name":"7-11水鑫門市",
    "address":"251新北市淡水區大忠街83號"
    }
  },
  {
    "type": "Feature",
    "geometry": {
       "type": "Point",
       "coordinates":  [ 121.4447242,25.0453782 ]
    },
    "properties": {
    "city":"新北市",
    "name":"7-11加州門市",
    "address":"242新北市新莊區中平路81巷2號"
    }
  },
  {
    "type": "Feature",
    "geometry": {
       "type": "Point",
       "coordinates":  [ 121.5534307,24.9533183 ]
    },
    "properties": {
    "city":"新北市",
    "name":"7-11北宜門市",
    "address":"231新北市新店區北宜路二段82號之2."
    }
  },
  {
    "type": "Feature",
    "geometry": {
       "type": "Point",
       "coordinates":  [ 121.6395856,25.2193631 ]
    },
    "properties": {
    "city":"新北市",
    "name":"7-11北海門市",
    "address":"208新北市金山鄉中山路105號"
    }
  },
  {
    "type": "Feature",
    "geometry": {
       "type": "Point",
       "coordinates":  [ 121.6122936,25.0010494 ]
    },
    "properties": {
    "city":"新北市",
    "name":"7-11北深門市",
    "address":"222新北市深坑區北深路二段183號"
    }
  },
  {
    "type": "Feature",
    "geometry": {
       "type": "Point",
       "coordinates":  [ 121.5428924,24.9737091 ]
    },
    "properties": {
    "city":"新北市",
    "name":"7-11北新門市",
    "address":"231新北市新店區北新路1段289.291號"
    }
  },
  {
    "type": "Feature",
    "geometry": {
       "type": "Point",
       "coordinates":  [ 121.521922,25.0079823 ]
    },
    "properties": {
    "city":"新北市",
    "name":"7-11北福門市",
    "address":"234新北市永和區福和路128號"
    }
  },
  {
    "type": "Feature",
    "geometry": {
       "type": "Point",
       "coordinates":  [ 121.3720421,24.9453407 ]
    },
    "properties": {
    "city":"新北市",
    "name":"7-11北學一門市",
    "address":"237新北市三峽區大學路151號B1(商學大樓B1)"
    }
  },
  {
    "type": "Feature",
    "geometry": {
       "type": "Point",
       "coordinates":  [ 121.3694779,24.9422246 ]
    },
    "properties": {
    "city":"新北市",
    "name":"7-11北學二門市",
    "address":"237新北市三峽區大學路151號1樓"
    }
  },
  {
    "type": "Feature",
    "geometry": {
       "type": "Point",
       "coordinates":  [ 121.4475927,25.005238 ]
    },
    "properties": {
    "city":"新北市",
    "name":"7-11台藝大門市",
    "address":"220新北市板橋區大觀路一段59號"
    }
  },
  {
    "type": "Feature",
    "geometry": {
       "type": "Point",
       "coordinates":  [ 121.4913424,25.0035178 ]
    },
    "properties": {
    "city":"新北市",
    "name":"7-11巨門門市",
    "address":"235新北市中和區中山路二段380號之1"
    }
  },
  {
    "type": "Feature",
    "geometry": {
       "type": "Point",
       "coordinates":  [ 121.4495408,25.1788662 ]
    },
    "properties": {
    "city":"新北市",
    "name":"7-11巧立門市",
    "address":"251新北市淡水區北新路184巷57.59號1樓"
    }
  },
  {
    "type": "Feature",
    "geometry": {
       "type": "Point",
       "coordinates":  [ 121.4300972,25.1589722 ]
    },
    "properties": {
    "city":"新北市",
    "name":"7-11左岸門市",
    "address":"249新北市八里區龍米路2段246號"
    }
  },
  {
    "type": "Feature",
    "geometry": {
       "type": "Point",
       "coordinates":  [ 121.4974771,25.0641573 ]
    },
    "properties": {
    "city":"新北市",
    "name":"7-11平安門市",
    "address":"241新北市三重區正義北路51號."
    }
  },
  {
    "type": "Feature",
    "geometry": {
       "type": "Point",
       "coordinates":  [ 121.6178887,25.0020826 ]
    },
    "properties": {
    "city":"新北市",
    "name":"7-11平埔門市",
    "address":"222新北市深坑區文化街82號"
    }
  },
  {
    "type": "Feature",
    "geometry": {
       "type": "Point",
       "coordinates":  [ 121.4208138,25.0229386 ]
    },
    "properties": {
    "city":"新北市",
    "name":"7-11弘安門市",
    "address":"242新北市新莊區萬安街82.84號"
    }
  },
  {
    "type": "Feature",
    "geometry": {
       "type": "Point",
       "coordinates":  [ 121.4396841,25.0832045 ]
    },
    "properties": {
    "city":"新北市",
    "name":"7-11弘龍門市",
    "address":"248新北市五股區工商路16號"
    }
  },
  {
    "type": "Feature",
    "geometry": {
       "type": "Point",
       "coordinates":  [ 121.3746329,25.0771756 ]
    },
    "properties": {
    "city":"新北市",
    "name":"7-11未來門市",
    "address":"244新北市林口區文化二路一段553號"
    }
  },
  {
    "type": "Feature",
    "geometry": {
       "type": "Point",
       "coordinates":  [ 121.4758272,25.069495 ]
    },
    "properties": {
    "city":"新北市",
    "name":"7-11正大門市",
    "address":"241新北市三重區中正北路235號"
    }
  },
  {
    "type": "Feature",
    "geometry": {
       "type": "Point",
       "coordinates":  [ 121.5339056,24.9829207 ]
    },
    "properties": {
    "city":"新北市",
    "name":"7-11正民門市",
    "address":"231新北市新店區中正路506號"
    }
  },
  {
    "type": "Feature",
    "geometry": {
       "type": "Point",
       "coordinates":  [ 121.4822824,25.0678373 ]
    },
    "properties": {
    "city":"新北市",
    "name":"7-11正孝門市",
    "address":"241新北市三重區忠孝路2段160號"
    }
  },
  {
    "type": "Feature",
    "geometry": {
       "type": "Point",
       "coordinates":  [ 121.4985466,25.0592791 ]
    },
    "properties": {
    "city":"新北市",
    "name":"7-11正南門市",
    "address":"241新北市三重區正義南路67.69號"
    }
  },
  {
    "type": "Feature",
    "geometry": {
       "type": "Point",
       "coordinates":  [ 121.4787819,25.0134912 ]
    },
    "properties": {
    "city":"新北市",
    "name":"7-11正泰門市",
    "address":"220新北市板橋區三民路二段202-18號"
    }
  },
  {
    "type": "Feature",
    "geometry": {
       "type": "Point",
       "coordinates":  [ 121.4548501,25.0205015 ]
    },
    "properties": {
    "city":"新北市",
    "name":"7-11正華門市",
    "address":"220新北市板橋區中正路274.276號"
    }
  },
  {
    "type": "Feature",
    "geometry": {
       "type": "Point",
       "coordinates":  [ 121.4964009,25.0672674 ]
    },
    "properties": {
    "city":"新北市",
    "name":"7-11正陽門市",
    "address":"241新北市三重區正義北路386.388號"
    }
  },
  {
    "type": "Feature",
    "geometry": {
       "type": "Point",
       "coordinates":  [ 121.4753845,25.0129716 ]
    },
    "properties": {
    "city":"新北市",
    "name":"7-11正隆門市",
    "address":"220新北市板橋區民生路一段53號"
    }
  },
  {
    "type": "Feature",
    "geometry": {
       "type": "Point",
       "coordinates":  [ 121.4945286,25.0706913 ]
    },
    "properties": {
    "city":"新北市",
    "name":"7-11正龍門市",
    "address":"241新北市三重區正義北路332號"
    }
  },
  {
    "type": "Feature",
    "geometry": {
       "type": "Point",
       "coordinates":  [ 121.4720682,25.0930383 ]
    },
    "properties": {
    "city":"新北市",
    "name":"7-11民仁門市",
    "address":"247新北市蘆洲區仁愛街41號"
    }
  },
  {
    "type": "Feature",
    "geometry": {
       "type": "Point",
       "coordinates":  [ 121.4152587,24.9591432 ]
    },
    "properties": {
    "city":"新北市",
    "name":"7-11民生廠門市",
    "address":"236新北市土城區民生街4號B1"
    }
  },
  {
    "type": "Feature",
    "geometry": {
       "type": "Point",
       "coordinates":  [ 121.5151275,24.996627 ]
    },
    "properties": {
    "city":"新北市",
    "name":"7-11民光門市",
    "address":"234新北市永和區中正路166號"
    }
  },
  {
    "type": "Feature",
    "geometry": {
       "type": "Point",
       "coordinates":  [ 121.474174,25.0019992 ]
    },
    "properties": {
    "city":"新北市",
    "name":"7-11民自門市",
    "address":"235新北市中和區冠穗里民享街38.38之1號"
    }
  },
  {
    "type": "Feature",
    "geometry": {
       "type": "Point",
       "coordinates":  [ 121.4707687,25.0065559 ]
    },
    "properties": {
    "city":"新北市",
    "name":"7-11民族門市",
    "address":"220新北市板橋區福祿里民族路310號"
    }
  },
  {
    "type": "Feature",
    "geometry": {
       "type": "Point",
       "coordinates":  [ 121.4683448,24.9988053 ]
    },
    "properties": {
    "city":"新北市",
    "name":"7-11民德門市",
    "address":"235新北市中和區民德路47.47-1號"
    }
  },
  {
    "type": "Feature",
    "geometry": {
       "type": "Point",
       "coordinates":  [ 121.5130239,25.0108592 ]
    },
    "properties": {
    "city":"新北市",
    "name":"7-11永中門市",
    "address":"234新北市永和區中山路一段58號"
    }
  },
  {
    "type": "Feature",
    "geometry": {
       "type": "Point",
       "coordinates":  [ 121.5100171,25.0094297 ]
    },
    "properties": {
    "city":"新北市",
    "name":"7-11永平門市",
    "address":"234新北市永和區中山路一段149-153號"
    }
  },
  {
    "type": "Feature",
    "geometry": {
       "type": "Point",
       "coordinates":  [ 121.5200532,25.0108083 ]
    },
    "properties": {
    "city":"新北市",
    "name":"7-11永竹門市",
    "address":"234新北市永和區竹林路146號"
    }
  },
  {
    "type": "Feature",
    "geometry": {
       "type": "Point",
       "coordinates":  [ 121.5222391,25.0017177 ]
    },
    "properties": {
    "city":"新北市",
    "name":"7-11永利門市",
    "address":"234新北市永和區永元里永元路93號"
    }
  },
  {
    "type": "Feature",
    "geometry": {
       "type": "Point",
       "coordinates":  [ 121.5154099,25.0148564 ]
    },
    "properties": {
    "city":"新北市",
    "name":"7-11永和門市",
    "address":"234新北市永和區文化路7號"
    }
  },
  {
    "type": "Feature",
    "geometry": {
       "type": "Point",
       "coordinates":  [ 121.5027553,24.99558 ]
    },
    "properties": {
    "city":"新北市",
    "name":"7-11永振門市",
    "address":"235新北市中和區南華路16號"
    }
  },
  {
    "type": "Feature",
    "geometry": {
       "type": "Point",
       "coordinates":  [ 121.5195857,25.0120479 ]
    },
    "properties": {
    "city":"新北市",
    "name":"7-11永興門市",
    "address":"234新北市永和區竹林路98號"
    }
  },
  {
    "type": "Feature",
    "geometry": {
       "type": "Point",
       "coordinates":  [ 121.5200887,24.9984528 ]
    },
    "properties": {
    "city":"新北市",
    "name":"7-11永權門市",
    "address":"234新北市永和區民權路52.54號"
    }
  },
  {
    "type": "Feature",
    "geometry": {
       "type": "Point",
       "coordinates":  [ 121.6192382,25.0480399 ]
    },
    "properties": {
    "city":"新北市",
    "name":"7-11白雲門市",
    "address":"221新北市汐止區民權街二段79號之1"
    }
  },
  {
    "type": "Feature",
    "geometry": {
       "type": "Point",
       "coordinates":  [ 121.5678764,25.2918746 ]
    },
    "properties": {
    "city":"新北市",
    "name":"7-11石門門市",
    "address":"251新北市石門區中山路78號"
    }
  },
  {
    "type": "Feature",
    "geometry": {
       "type": "Point",
       "coordinates":  [ 121.4617974,25.1359212 ]
    },
    "properties": {
    "city":"新北市",
    "name":"7-11立竹門市",
    "address":"251新北市淡水區民族路56號"
    }
  },
  {
    "type": "Feature",
    "geometry": {
       "type": "Point",
       "coordinates":  [ 121.4827194,25.0764136 ]
    },
    "properties": {
    "city":"新北市",
    "name":"7-11立行門市",
    "address":"241新北市三重區力行路2段160號"
    }
  },
  {
    "type": "Feature",
    "geometry": {
       "type": "Point",
       "coordinates":  [ 121.4841005,25.0063728 ]
    },
    "properties": {
    "city":"新北市",
    "name":"7-11立言門市",
    "address":"235新北市中和區中正路872號"
    }
  },
  {
    "type": "Feature",
    "geometry": {
       "type": "Point",
       "coordinates":  [ 121.5227773,25.058131 ]
    },
    "properties": {
    "city":"新北市",
    "name":"7-11立征門市",
    "address":"251新北市淡水區中山北路1段149巷26.28號"
    }
  },
  {
    "type": "Feature",
    "geometry": {
       "type": "Point",
       "coordinates":  [ 121.4621317,24.9879935 ]
    },
    "properties": {
    "city":"新北市",
    "name":"7-11立金門市",
    "address":"236新北市土城區立德路70.72號"
    }
  },
  {
    "type": "Feature",
    "geometry": {
       "type": "Point",
       "coordinates":  [ 121.4859681,25.0084766 ]
    },
    "properties": {
    "city":"新北市",
    "name":"7-11立德門市",
    "address":"235新北市中和區立德街103號"
    }
  },
  {
    "type": "Feature",
    "geometry": {
       "type": "Point",
       "coordinates":  [ 121.4775855,25.017925 ]
    },
    "properties": {
    "city":"新北市",
    "name":"7-11光仁門市",
    "address":"220新北市板橋區中山路二段273號"
    }
  },
  {
    "type": "Feature",
    "geometry": {
       "type": "Point",
       "coordinates":  [ 121.4421414,24.9745421 ]
    },
    "properties": {
    "city":"新北市",
    "name":"7-11光員門市",
    "address":"236新北市土城區光明街15號"
    }
  },
  {
    "type": "Feature",
    "geometry": {
       "type": "Point",
       "coordinates":  [ 121.4282196,25.0103866 ]
    },
    "properties": {
    "city":"新北市",
    "name":"7-11光華門市",
    "address":"242新北市新莊區民安西路390號"
    }
  },
  {
    "type": "Feature",
    "geometry": {
       "type": "Point",
       "coordinates":  [ 121.4835102,24.9946089 ]
    },
    "properties": {
    "city":"新北市",
    "name":"7-11全茂門市",
    "address":"235新北市中和區連城路469巷9.11號"
    }
  },
  {
    "type": "Feature",
    "geometry": {
       "type": "Point",
       "coordinates":  [ 121.5108089,24.9599453 ]
    },
    "properties": {
    "city":"新北市",
    "name":"7-11全新門市",
    "address":"231新北市新店區安康路2段196-1號"
    }
  },
  {
    "type": "Feature",
    "geometry": {
       "type": "Point",
       "coordinates":  [ 121.4626397,25.1281856 ]
    },
    "properties": {
    "city":"新北市",
    "name":"7-11吉發門市",
    "address":"251新北市淡水區自強路275號"
    }
  },
  {
    "type": "Feature",
    "geometry": {
       "type": "Point",
       "coordinates":  [ 121.536733,24.983011 ]
    },
    "properties": {
    "city":"新北市",
    "name":"7-11同仁門市",
    "address":"231新北市新店區民權路96號"
    }
  },
  {
    "type": "Feature",
    "geometry": {
       "type": "Point",
       "coordinates":  [ 121.6420299,25.0651132 ]
    },
    "properties": {
    "city":"新北市",
    "name":"7-11名帥門市",
    "address":"221新北市汐止區樟樹一路131號1樓"
    }
  },
  {
    "type": "Feature",
    "geometry": {
       "type": "Point",
       "coordinates":  [ 121.479581,25.0746414 ]
    },
    "properties": {
    "city":"新北市",
    "name":"7-11合康門市",
    "address":"241新北市三重區永福街199及201-2號"
    }
  },
  {
    "type": "Feature",
    "geometry": {
       "type": "Point",
       "coordinates":  [ 121.404955,25.0163459 ]
    },
    "properties": {
    "city":"新北市",
    "name":"7-11合喬門市",
    "address":"238新北市樹林區三福街68號"
    }
  },
  {
    "type": "Feature",
    "geometry": {
       "type": "Point",
       "coordinates":  [ 121.4251258,25.0261273 ]
    },
    "properties": {
    "city":"新北市",
    "name":"7-11后福門市",
    "address":"242新北市新莊區後港一路29號"
    }
  },
  {
    "type": "Feature",
    "geometry": {
       "type": "Point",
       "coordinates":  [ 121.4311066,24.9905951 ]
    },
    "properties": {
    "city":"新北市",
    "name":"7-11存德門市",
    "address":"220新北市板橋區篤行路二段104.106號"
    }
  },
  {
    "type": "Feature",
    "geometry": {
       "type": "Point",
       "coordinates":  [ 121.5213979,25.0035205 ]
    },
    "properties": {
    "city":"新北市",
    "name":"7-11宇陽門市",
    "address":"234新北市永和區永利路77號"
    }
  },
  {
    "type": "Feature",
    "geometry": {
       "type": "Point",
       "coordinates":  [ 121.5165398,24.976319 ]
    },
    "properties": {
    "city":"新北市",
    "name":"7-11安民門市",
    "address":"231新北市新店區安民路133巷9.11號"
    }
  },
  {
    "type": "Feature",
    "geometry": {
       "type": "Point",
       "coordinates":  [ 121.510387,24.9606569 ]
    },
    "properties": {
    "city":"新北市",
    "name":"7-11安成門市",
    "address":"231新北市新店區安成街35.29號"
    }
  },
  {
    "type": "Feature",
    "geometry": {
       "type": "Point",
       "coordinates":  [ 121.4755309,24.9569108 ]
    },
    "properties": {
    "city":"新北市",
    "name":"7-11安佳門市",
    "address":"231新北市新店區安祥路111號"
    }
  },
  {
    "type": "Feature",
    "geometry": {
       "type": "Point",
       "coordinates":  [ 121.5144762,24.9621068 ]
    },
    "properties": {
    "city":"新北市",
    "name":"7-11安忠門市",
    "address":"231新北市新店區安忠路20號"
    }
  },
  {
    "type": "Feature",
    "geometry": {
       "type": "Point",
       "coordinates":  [ 121.369715,25.0725444 ]
    },
    "properties": {
    "city":"新北市",
    "name":"7-11安林門市",
    "address":"244新北市林口區文化二路一段24.26號"
    }
  },
  {
    "type": "Feature",
    "geometry": {
       "type": "Point",
       "coordinates":  [ 121.5234103,24.9632122 ]
    },
    "properties": {
    "city":"新北市",
    "name":"7-11安城門市",
    "address":"231新北市新店區安康路一段283號"
    }
  },
  {
    "type": "Feature",
    "geometry": {
       "type": "Point",
       "coordinates":  [ 121.4456222,25.0416023 ]
    },
    "properties": {
    "city":"新北市",
    "name":"7-11安復門市",
    "address":"242新北市新莊區復興路1段213號"
    }
  },
  {
    "type": "Feature",
    "geometry": {
       "type": "Point",
       "coordinates":  [ 121.5117418,25.0014303 ]
    },
    "properties": {
    "city":"新北市",
    "name":"7-11安斌門市",
    "address":"235新北市中和區中安街96號"
    }
  },
  {
    "type": "Feature",
    "geometry": {
       "type": "Point",
       "coordinates":  [ 121.5192411,25.0075107 ]
    },
    "properties": {
    "city":"新北市",
    "name":"7-11安福門市",
    "address":"234新北市永和區福和路213號"
    }
  },
  {
    "type": "Feature",
    "geometry": {
       "type": "Point",
       "coordinates":  [ 121.3383491,24.97373 ]
    },
    "properties": {
    "city":"新北市",
    "name":"7-11尖山門市",
    "address":"239新北市鶯歌區國際二路6巷1號"
    }
  },
  {
    "type": "Feature",
    "geometry": {
       "type": "Point",
       "coordinates":  [ 121.4332575,24.9938199 ]
    },
    "properties": {
    "city":"新北市",
    "name":"7-11成合門市",
    "address":"220新北市板橋區金門街40號"
    }
  },
  {
    "type": "Feature",
    "geometry": {
       "type": "Point",
       "coordinates":  [ 121.4493308,25.1040427 ]
    },
    "properties": {
    "city":"新北市",
    "name":"7-11成洲門市",
    "address":"248新北市五股區成泰路三段577巷92、94號"
    }
  },
  {
    "type": "Feature",
    "geometry": {
       "type": "Point",
       "coordinates":  [ 121.4382989,25.0840965 ]
    },
    "properties": {
    "city":"新北市",
    "name":"7-11成泰門市",
    "address":"248新北市五股區成泰路二段45.47號"
    }
  },
  {
    "type": "Feature",
    "geometry": {
       "type": "Point",
       "coordinates":  [ 121.6794157,25.0710356 ]
    },
    "properties": {
    "city":"新北市",
    "name":"7-11旭昇門市",
    "address":"221新北市汐止區大同路三段332號"
    }
  },
  {
    "type": "Feature",
    "geometry": {
       "type": "Point",
       "coordinates":  [ 121.5167043,24.9964055 ]
    },
    "properties": {
    "city":"新北市",
    "name":"7-11有民門市",
    "address":"234新北市永和區民有街26、28號"
    }
  },
  {
    "type": "Feature",
    "geometry": {
       "type": "Point",
       "coordinates":  [ 121.4792056,25.0882596 ]
    },
    "properties": {
    "city":"新北市",
    "name":"7-11池田門市",
    "address":"247新北市蘆洲區民族路165號"
    }
  },
  {
    "type": "Feature",
    "geometry": {
       "type": "Point",
       "coordinates":  [ 121.6627051,25.0690976 ]
    },
    "properties": {
    "city":"新北市",
    "name":"7-11汐止站門市",
    "address":"221新北市汐止區信義路1號"
    }
  },
  {
    "type": "Feature",
    "geometry": {
       "type": "Point",
       "coordinates":  [ 121.6637533,25.0681665 ]
    },
    "properties": {
    "city":"新北市",
    "name":"7-11汐忠門市",
    "address":"221新北市汐止區忠孝東路282號"
    }
  },
  {
    "type": "Feature",
    "geometry": {
       "type": "Point",
       "coordinates":  [ 121.6322411,25.0647258 ]
    },
    "properties": {
    "city":"新北市",
    "name":"7-11汐旺門市",
    "address":"221新北市汐止區中興里6鄰中興路105號"
    }
  },
  {
    "type": "Feature",
    "geometry": {
       "type": "Point",
       "coordinates":  [ 121.6517037,25.0729537 ]
    },
    "properties": {
    "city":"新北市",
    "name":"7-11汐政門市",
    "address":"221新北市汐止區汐萬路一段222號"
    }
  },
  {
    "type": "Feature",
    "geometry": {
       "type": "Point",
       "coordinates":  [ 121.6511199,25.0640029 ]
    },
    "properties": {
    "city":"新北市",
    "name":"7-11汐科門市",
    "address":"221新北市汐止區大同路二段167-1號1樓"
    }
  },
  {
    "type": "Feature",
    "geometry": {
       "type": "Point",
       "coordinates":  [ 121.633933,25.0647432 ]
    },
    "properties": {
    "city":"新北市",
    "name":"7-11汐福門市",
    "address":"221新北市汐止區福德一路243號"
    }
  },
  {
    "type": "Feature",
    "geometry": {
       "type": "Point",
       "coordinates":  [ 121.4963044,25.0821808 ]
    },
    "properties": {
    "city":"新北市",
    "name":"7-11百利門市",
    "address":"241新北市三重區仁義街208號"
    }
  },
  {
    "type": "Feature",
    "geometry": {
       "type": "Point",
       "coordinates":  [ 121.5338754,24.9804223 ]
    },
    "properties": {
    "city":"新北市",
    "name":"7-11百和門市",
    "address":"231新北市新店區中正路306.308號"
    }
  },
  {
    "type": "Feature",
    "geometry": {
       "type": "Point",
       "coordinates":  [ 121.4945331,25.0850539 ]
    },
    "properties": {
    "city":"新北市",
    "name":"7-11百義門市",
    "address":"241新北市三重區仁義街232號"
    }
  },
  {
    "type": "Feature",
    "geometry": {
       "type": "Point",
       "coordinates":  [ 121.4648419,25.0187484 ]
    },
    "properties": {
    "city":"新北市",
    "name":"7-11百壽門市",
    "address":"220新北市板橋區公館里2鄰文化路一段287號1樓"
    }
  },
  {
    "type": "Feature",
    "geometry": {
       "type": "Point",
       "coordinates":  [ 121.5359722,24.9714976 ]
    },
    "properties": {
    "city":"新北市",
    "name":"7-11百福門市",
    "address":"231新北市新店區三民路77號"
    }
  },
  {
    "type": "Feature",
    "geometry": {
       "type": "Point",
       "coordinates":  [ 121.5261947,24.9630834 ]
    },
    "properties": {
    "city":"新北市",
    "name":"7-11百豐門市",
    "address":"231新北市新店區安康路一段160號"
    }
  },
  {
    "type": "Feature",
    "geometry": {
       "type": "Point",
       "coordinates":  [ 121.5208004,25.0088376 ]
    },
    "properties": {
    "city":"新北市",
    "name":"7-11竹林門市",
    "address":"234新北市永和區竹林路211號"
    }
  },
  {
    "type": "Feature",
    "geometry": {
       "type": "Point",
       "coordinates":  [ 121.4604198,25.1367712 ]
    },
    "properties": {
    "city":"新北市",
    "name":"7-11竹捷門市",
    "address":"251新北市淡水區竹圍里民族路10號"
    }
  },
  {
    "type": "Feature",
    "geometry": {
       "type": "Point",
       "coordinates":  [ 121.4601049,25.1284439 ]
    },
    "properties": {
    "city":"新北市",
    "name":"7-11竹圍門市",
    "address":"251新北市淡水區民權路109.111號"
    }
  },
  {
    "type": "Feature",
    "geometry": {
       "type": "Point",
       "coordinates":  [ 121.4433758,25.1685562 ]
    },
    "properties": {
    "city":"新北市",
    "name":"7-11老街門市",
    "address":"251新北市淡水區公明街54號"
    }
  },
  {
    "type": "Feature",
    "geometry": {
       "type": "Point",
       "coordinates":  [ 121.6701773,25.0690607 ]
    },
    "properties": {
    "city":"新北市",
    "name":"7-11艾科卡門市",
    "address":"221新北市汐止區茄苳路196號"
    }
  },
  {
    "type": "Feature",
    "geometry": {
       "type": "Point",
       "coordinates":  [ 121.4858173,24.9976407 ]
    },
    "properties": {
    "city":"新北市",
    "name":"7-11艾德蒙門市",
    "address":"235新北市中和區中正路736號"
    }
  },
  {
    "type": "Feature",
    "geometry": {
       "type": "Point",
       "coordinates":  [ 121.4269784,25.017984 ]
    },
    "properties": {
    "city":"新北市",
    "name":"7-11西盛門市",
    "address":"242新北市新莊區民安西路113號之1"
    }
  },
  {
    "type": "Feature",
    "geometry": {
       "type": "Point",
       "coordinates":  [ 121.4327919,25.0581641 ]
    },
    "properties": {
    "city":"新北市",
    "name":"7-11西堤門市",
    "address":"243新北市泰山區中山路二段476號"
    }
  },
  {
    "type": "Feature",
    "geometry": {
       "type": "Point",
       "coordinates":  [ 121.4049111,25.1509375 ]
    },
    "properties": {
    "city":"新北市",
    "name":"7-11西雅圖門市",
    "address":"249新北市八里區中山路2段276號"
    }
  },
  {
    "type": "Feature",
    "geometry": {
       "type": "Point",
       "coordinates":  [ 121.4640636,24.9945764 ]
    },
    "properties": {
    "city":"新北市",
    "name":"7-11佑容門市",
    "address":"220新北市板橋區五權里五權街49.51號."
    }
  },
  {
    "type": "Feature",
    "geometry": {
       "type": "Point",
       "coordinates":  [ 121.6351274,25.0715282 ]
    },
    "properties": {
    "city":"新北市",
    "name":"7-11伯爵門市",
    "address":"221新北市汐止區明峰街12號"
    }
  },
  {
    "type": "Feature",
    "geometry": {
       "type": "Point",
       "coordinates":  [ 121.449661,25.0973746 ]
    },
    "properties": {
    "city":"新北市",
    "name":"7-11利客來門市",
    "address":"248新北市五股區成泰路3段419號"
    }
  },
  {
    "type": "Feature",
    "geometry": {
       "type": "Point",
       "coordinates":  [ 121.4418477,25.1802086 ]
    },
    "properties": {
    "city":"新北市",
    "name":"7-11利璋門市",
    "address":"251新北市淡水區新興街64號"
    }
  },
  {
    "type": "Feature",
    "geometry": {
       "type": "Point",
       "coordinates":  [ 121.5111431,24.9836242 ]
    },
    "properties": {
    "city":"新北市",
    "name":"7-11孝忠門市",
    "address":"235新北市中和區忠孝街37巷2號"
    }
  },
  {
    "type": "Feature",
    "geometry": {
       "type": "Point",
       "coordinates":  [ 121.4474639,25.0469849 ]
    },
    "properties": {
    "city":"新北市",
    "name":"7-11宏全門市",
    "address":"242新北市新莊區中和街61號"
    }
  },
  {
    "type": "Feature",
    "geometry": {
       "type": "Point",
       "coordinates":  [ 121.5133169,25.0073963 ]
    },
    "properties": {
    "city":"新北市",
    "name":"7-11宏圖門市",
    "address":"234新北市永和區永和路一段85號"
    }
  },
  {
    "type": "Feature",
    "geometry": {
       "type": "Point",
       "coordinates":  [ 121.4434529,25.0355198 ]
    },
    "properties": {
    "city":"新北市",
    "name":"7-11宏福門市",
    "address":"242新北市新莊區公園一路38號"
    }
  },
  {
    "type": "Feature",
    "geometry": {
       "type": "Point",
       "coordinates":  [ 121.4272196,25.0204581 ]
    },
    "properties": {
    "city":"新北市",
    "name":"7-11宏懋門市",
    "address":"242新北市新莊區民安里18鄰民安西路58號1樓"
    }
  },
  {
    "type": "Feature",
    "geometry": {
       "type": "Point",
       "coordinates":  [ 121.5012737,24.9954478 ]
    },
    "properties": {
    "city":"新北市",
    "name":"7-11宏禧門市",
    "address":"235新北市中和區景平路429號1樓"
    }
  },
  {
    "type": "Feature",
    "geometry": {
       "type": "Point",
       "coordinates":  [ 121.4845641,25.0023075 ]
    },
    "properties": {
    "city":"新北市",
    "name":"7-11宏鑫門市",
    "address":"235新北市中和區中正路837號"
    }
  },
  {
    "type": "Feature",
    "geometry": {
       "type": "Point",
       "coordinates":  [ 121.4612284,24.9831006 ]
    },
    "properties": {
    "city":"新北市",
    "name":"7-11廷寮門市",
    "address":"236新北市土城區清水路237號"
    }
  },
  {
    "type": "Feature",
    "geometry": {
       "type": "Point",
       "coordinates":  [ 121.5220341,24.9937172 ]
    },
    "properties": {
    "city":"新北市",
    "name":"7-11志一門市",
    "address":"235新北市中和區自立路16號"
    }
  },
  {
    "type": "Feature",
    "geometry": {
       "type": "Point",
       "coordinates":  [ 121.4699177,24.9888527 ]
    },
    "properties": {
    "city":"新北市",
    "name":"7-11志城門市",
    "address":"236新北市土城區金城路三段249.251號"
    }
  },
  {
    "type": "Feature",
    "geometry": {
       "type": "Point",
       "coordinates":  [ 121.6596506,25.0646161 ]
    },
    "properties": {
    "city":"新北市",
    "name":"7-11秀峰門市",
    "address":"221新北市汐止區秀峰路60號"
    }
  },
  {
    "type": "Feature",
    "geometry": {
       "type": "Point",
       "coordinates":  [ 121.5248302,24.9994924 ]
    },
    "properties": {
    "city":"新北市",
    "name":"7-11秀朗門市",
    "address":"234新北市永和區得和路377號"
    }
  },
  {
    "type": "Feature",
    "geometry": {
       "type": "Point",
       "coordinates":  [ 121.4970294,24.994446 ]
    },
    "properties": {
    "city":"新北市",
    "name":"7-11秀景門市",
    "address":"235新北市中和區成功南路115.117號"
    }
  },
  {
    "type": "Feature",
    "geometry": {
       "type": "Point",
       "coordinates":  [ 121.375179,25.088929 ]
    },
    "properties": {
    "city":"新北市",
    "name":"7-11貝比門市",
    "address":"244新北市林口區湖南村8鄰頭湖70-9號"
    }
  },
  {
    "type": "Feature",
    "geometry": {
       "type": "Point",
       "coordinates":  [ 121.4856066,25.060808 ]
    },
    "properties": {
    "city":"新北市",
    "name":"7-11車路頭門市",
    "address":"241新北市三重區車頭街135號."
    }
  },
  {
    "type": "Feature",
    "geometry": {
       "type": "Point",
       "coordinates":  [ 121.5506535,24.862007 ]
    },
    "properties": {
    "city":"新北市",
    "name":"7-11那魯灣門市",
    "address":"233新北市烏來區烏來村溫泉街80號"
    }
  },
  {
    "type": "Feature",
    "geometry": {
       "type": "Point",
       "coordinates":  [ 121.4538751,24.9950999 ]
    },
    "properties": {
    "city":"新北市",
    "name":"7-11亞苑門市",
    "address":"220新北市板橋區四川路2段51號"
    }
  },
  {
    "type": "Feature",
    "geometry": {
       "type": "Point",
       "coordinates":  [ 121.4529059,24.9971306 ]
    },
    "properties": {
    "city":"新北市",
    "name":"7-11亞醫門市",
    "address":"220新北市板橋區南雅南路二段21號(亞東醫院內)"
    }
  },
  {
    "type": "Feature",
    "geometry": {
       "type": "Point",
       "coordinates":  [ 121.4184386,24.9779575 ]
    },
    "properties": {
    "city":"新北市",
    "name":"7-11佳宏門市",
    "address":"238新北市樹林區太平路150巷1號"
    }
  },
  {
    "type": "Feature",
    "geometry": {
       "type": "Point",
       "coordinates":  [ 121.3823492,24.9443558 ]
    },
    "properties": {
    "city":"新北市",
    "name":"7-11佳辰門市",
    "address":"238新北市樹林區佳園路三段488號"
    }
  },
  {
    "type": "Feature",
    "geometry": {
       "type": "Point",
       "coordinates":  [ 121.3875627,25.0822252 ]
    },
    "properties": {
    "city":"新北市",
    "name":"7-11佳林門市",
    "address":"244新北市林口區林口路197號"
    }
  },
  {
    "type": "Feature",
    "geometry": {
       "type": "Point",
       "coordinates":  [ 121.4683448,24.9988053 ]
    },
    "properties": {
    "city":"新北市",
    "name":"7-11佳客門市",
    "address":"235新北市中和區民德路126.126之1號"
    }
  },
  {
    "type": "Feature",
    "geometry": {
       "type": "Point",
       "coordinates":  [ 121.3876238,24.9512491 ]
    },
    "properties": {
    "city":"新北市",
    "name":"7-11佳園門市",
    "address":"238新北市樹林區佳園路三段103號"
    }
  },
  {
    "type": "Feature",
    "geometry": {
       "type": "Point",
       "coordinates":  [ 121.4585622,24.9831458 ]
    },
    "properties": {
    "city":"新北市",
    "name":"7-11佳福門市",
    "address":"236新北市土城區青雲路152號"
    }
  },
  {
    "type": "Feature",
    "geometry": {
       "type": "Point",
       "coordinates":  [ 121.435196,25.0741941 ]
    },
    "properties": {
    "city":"新北市",
    "name":"7-11來峰門市",
    "address":"248新北市五股區成泰路一段157號"
    }
  },
  {
    "type": "Feature",
    "geometry": {
       "type": "Point",
       "coordinates":  [ 121.548551,24.870012 ]
    },
    "properties": {
    "city":"新北市",
    "name":"7-11來鑫門市",
    "address":"233新北市烏來區忠治村堰堤.9.11號"
    }
  },
  {
    "type": "Feature",
    "geometry": {
       "type": "Point",
       "coordinates":  [ 121.4414802,25.1744057 ]
    },
    "properties": {
    "city":"新北市",
    "name":"7-11協元門市",
    "address":"251新北市淡水區中山路188號"
    }
  },
  {
    "type": "Feature",
    "geometry": {
       "type": "Point",
       "coordinates":  [ 121.9244889,25.0557714 ]
    },
    "properties": {
    "city":"新北市",
    "name":"7-11和川門市",
    "address":"228新北市貢寮區延平街63號"
    }
  },
  {
    "type": "Feature",
    "geometry": {
       "type": "Point",
       "coordinates":  [ 121.5249217,25.0014586 ]
    },
    "properties": {
    "city":"新北市",
    "name":"7-11和和門市",
    "address":"234新北市永和區秀朗路2段128號"
    }
  },
  {
    "type": "Feature",
    "geometry": {
       "type": "Point",
       "coordinates":  [ 121.505749,24.989705 ]
    },
    "properties": {
    "city":"新北市",
    "name":"7-11和復門市",
    "address":"235新北市中和區復興路19號"
    }
  },
  {
    "type": "Feature",
    "geometry": {
       "type": "Point",
       "coordinates":  [ 121.4697198,25.0821508 ]
    },
    "properties": {
    "city":"新北市",
    "name":"7-11和華門市",
    "address":"247新北市蘆洲區正和街28號"
    }
  },
  {
    "type": "Feature",
    "geometry": {
       "type": "Point",
       "coordinates":  [ 121.4909668,24.9897285 ]
    },
    "properties": {
    "city":"新北市",
    "name":"7-11和錦門市",
    "address":"235新北市中和區錦和路406、410號"
    }
  },
  {
    "type": "Feature",
    "geometry": {
       "type": "Point",
       "coordinates":  [ 121.4936518,24.9931046 ]
    },
    "properties": {
    "city":"新北市",
    "name":"7-11和醫門市",
    "address":"235新北市中和區中正路291號B1"
    }
  },
  {
    "type": "Feature",
    "geometry": {
       "type": "Point",
       "coordinates":  [ 121.7096115,24.9353168 ]
    },
    "properties": {
    "city":"新北市",
    "name":"7-11坪林門市",
    "address":"232新北市坪林區水柳腳路159號"
    }
  },
  {
    "type": "Feature",
    "geometry": {
       "type": "Point",
       "coordinates":  [ 121.457419,25.0086948 ]
    },
    "properties": {
    "city":"新北市",
    "name":"7-11坤耀門市",
    "address":"220新北市板橋區南門街39號1F"
    }
  },
  {
    "type": "Feature",
    "geometry": {
       "type": "Point",
       "coordinates":  [ 121.523894,25.0041529 ]
    },
    "properties": {
    "city":"新北市",
    "name":"7-11孟揚門市",
    "address":"234新北市永和區秀和里林森路62號"
    }
  },
  {
    "type": "Feature",
    "geometry": {
       "type": "Point",
       "coordinates":  [ 121.433777,25.0567775 ]
    },
    "properties": {
    "city":"新北市",
    "name":"7-11季欣門市",
    "address":"243新北市泰山區全興路109號"
    }
  },
  {
    "type": "Feature",
    "geometry": {
       "type": "Point",
       "coordinates":  [ 121.5095925,24.9986106 ]
    },
    "properties": {
    "city":"新北市",
    "name":"7-11宜安門市",
    "address":"235新北市中和區宜安路148號"
    }
  },
  {
    "type": "Feature",
    "geometry": {
       "type": "Point",
       "coordinates":  [ 121.5583785,24.954238 ]
    },
    "properties": {
    "city":"新北市",
    "name":"7-11宜峰門市",
    "address":"231新北市新店區北宜路二段353號"
    }
  },
  {
    "type": "Feature",
    "geometry": {
       "type": "Point",
       "coordinates":  [ 121.444929,25.0482125 ]
    },
    "properties": {
    "city":"新北市",
    "name":"7-11宜增門市",
    "address":"242新北市新莊區立基里33鄰中平路192號"
    }
  },
  {
    "type": "Feature",
    "geometry": {
       "type": "Point",
       "coordinates":  [ 121.4098966,24.9305921 ]
    },
    "properties": {
    "city":"新北市",
    "name":"7-11岩昇門市",
    "address":"237新北市三峽區溪東路300號"
    }
  },
  {
    "type": "Feature",
    "geometry": {
       "type": "Point",
       "coordinates":  [ 121.4914028,25.0755448 ]
    },
    "properties": {
    "city":"新北市",
    "name":"7-11幸亞門市",
    "address":"241新北市三重區溪尾街29號"
    }
  },
  {
    "type": "Feature",
    "geometry": {
       "type": "Point",
       "coordinates":  [ 121.447299,25.049658 ]
    },
    "properties": {
    "city":"新北市",
    "name":"7-11幸和門市",
    "address":"242新北市新莊區中和街153號"
    }
  },
  {
    "type": "Feature",
    "geometry": {
       "type": "Point",
       "coordinates":  [ 121.5078827,24.9988769 ]
    },
    "properties": {
    "city":"新北市",
    "name":"7-11幸運門市",
    "address":"220新北市板橋區區運路21號"
    }
  },
  {
    "type": "Feature",
    "geometry": {
       "type": "Point",
       "coordinates":  [ 121.4330561,25.0732788 ]
    },
    "properties": {
    "city":"新北市",
    "name":"7-11幸福門市",
    "address":"241新北市三重區自強路1段272號"
    }
  },
  {
    "type": "Feature",
    "geometry": {
       "type": "Point",
       "coordinates":  [ 121.456086,25.0094907 ]
    },
    "properties": {
    "city":"新北市",
    "name":"7-11府中門市",
    "address":"220新北市板橋區赤松里府中路127號"
    }
  },
  {
    "type": "Feature",
    "geometry": {
       "type": "Point",
       "coordinates":  [ 121.4626053,25.0029225 ]
    },
    "properties": {
    "city":"新北市",
    "name":"7-11府運門市",
    "address":"220新北市板橋區重慶路18.20號1樓"
    }
  },
  {
    "type": "Feature",
    "geometry": {
       "type": "Point",
       "coordinates":  [ 121.4669244,24.9897134 ]
    },
    "properties": {
    "city":"新北市",
    "name":"7-11延和門市",
    "address":"236新北市土城區平和里延和路106號"
    }
  },
  {
    "type": "Feature",
    "geometry": {
       "type": "Point",
       "coordinates":  [ 121.4675292,24.9902622 ]
    },
    "properties": {
    "city":"新北市",
    "name":"7-11延城門市",
    "address":"236新北市土城區延和路103號"
    }
  },
  {
    "type": "Feature",
    "geometry": {
       "type": "Point",
       "coordinates":  [ 121.4681695,24.9919991 ]
    },
    "properties": {
    "city":"新北市",
    "name":"7-11延福門市",
    "address":"236新北市土城區延平街36號"
    }
  },
  {
    "type": "Feature",
    "geometry": {
       "type": "Point",
       "coordinates":  [ 121.5179142,25.0120953 ]
    },
    "properties": {
    "city":"新北市",
    "name":"7-11忠信門市",
    "address":"234新北市永和區中興街101號"
    }
  },
  {
    "type": "Feature",
    "geometry": {
       "type": "Point",
       "coordinates":  [ 121.3788016,25.0683371 ]
    },
    "properties": {
    "city":"新北市",
    "name":"7-11忠柯門市",
    "address":"244新北市林口區忠孝路642號"
    }
  },
  {
    "type": "Feature",
    "geometry": {
       "type": "Point",
       "coordinates":  [ 121.4472623,24.9896576 ]
    },
    "properties": {
    "city":"新北市",
    "name":"7-11忠華門市",
    "address":"236新北市土城區中華路1段193號"
    }
  },
  {
    "type": "Feature",
    "geometry": {
       "type": "Point",
       "coordinates":  [ 121.4359317,24.9663453 ]
    },
    "properties": {
    "city":"新北市",
    "name":"7-11承天門市",
    "address":"236新北市土城區承天路1號"
    }
  },
  {
    "type": "Feature",
    "geometry": {
       "type": "Point",
       "coordinates":  [ 121.4547443,25.0509821 ]
    },
    "properties": {
    "city":"新北市",
    "name":"7-11昌宏門市",
    "address":"242新北市新莊區昌隆街31號"
    }
  },
  {
    "type": "Feature",
    "geometry": {
       "type": "Point",
       "coordinates":  [ 121.4738295,25.0100376 ]
    },
    "properties": {
    "city":"新北市",
    "name":"7-11昌林門市",
    "address":"220新北市板橋區長安街138巷一弄50號"
    }
  },
  {
    "type": "Feature",
    "geometry": {
       "type": "Point",
       "coordinates":  [ 121.4194347,24.9878035 ]
    },
    "properties": {
    "city":"新北市",
    "name":"7-11昌聖門市",
    "address":"238新北市樹林區文化街26號"
    }
  },
  {
    "type": "Feature",
    "geometry": {
       "type": "Point",
       "coordinates":  [ 121.4226458,25.0405285 ]
    },
    "properties": {
    "city":"新北市",
    "name":"7-11明志門市",
    "address":"243新北市泰山區工專路72號"
    }
  },
  {
    "type": "Feature",
    "geometry": {
       "type": "Point",
       "coordinates":  [ 121.6280731,25.0697662 ]
    },
    "properties": {
    "city":"新北市",
    "name":"7-11明峰門市",
    "address":"221新北市汐止區明峰街190號"
    }
  },
  {
    "type": "Feature",
    "geometry": {
       "type": "Point",
       "coordinates":  [ 121.4807474,25.0662614 ]
    },
    "properties": {
    "city":"新北市",
    "name":"7-11明益門市",
    "address":"241新北市三重區忠孝路三段61號"
    }
  },
  {
    "type": "Feature",
    "geometry": {
       "type": "Point",
       "coordinates":  [ 121.4250629,25.0419993 ]
    },
    "properties": {
    "city":"新北市",
    "name":"7-11明貴門市",
    "address":"243新北市泰山區明志路3段77號"
    }
  },
  {
    "type": "Feature",
    "geometry": {
       "type": "Point",
       "coordinates":  [ 121.4626096,25.0251931 ]
    },
    "properties": {
    "city":"新北市",
    "name":"7-11明陽門市",
    "address":"220新北市板橋區新翠里陽明街251號"
    }
  },
  {
    "type": "Feature",
    "geometry": {
       "type": "Point",
       "coordinates":  [ 121.6494752,25.0822916 ]
    },
    "properties": {
    "city":"新北市",
    "name":"7-11明園門市",
    "address":"221新北市汐止區汐萬路二段62巷1號1樓"
    }
  },
  {
    "type": "Feature",
    "geometry": {
       "type": "Point",
       "coordinates":  [ 121.5119973,25.0047252 ]
    },
    "properties": {
    "city":"新北市",
    "name":"7-11昇庚門市",
    "address":"234新北市永和區永貞路182.184號"
    }
  },
  {
    "type": "Feature",
    "geometry": {
       "type": "Point",
       "coordinates":  [ 121.4636748,24.9973774 ]
    },
    "properties": {
    "city":"新北市",
    "name":"7-11昇容門市",
    "address":"220新北市板橋區重慶路346巷8號"
    }
  },
  {
    "type": "Feature",
    "geometry": {
       "type": "Point",
       "coordinates":  [ 121.508782,25.000081 ]
    },
    "properties": {
    "city":"新北市",
    "name":"7-11昇陽門市",
    "address":"234新北市永和區雙和里1鄰中和路417.419號"
    }
  },
  {
    "type": "Feature",
    "geometry": {
       "type": "Point",
       "coordinates":  [ 121.4125033,25.0061985 ]
    },
    "properties": {
    "city":"新北市",
    "name":"7-11東明門市",
    "address":"238新北市樹林區保安街二段293-1號"
    }
  },
  {
    "type": "Feature",
    "geometry": {
       "type": "Point",
       "coordinates":  [ 121.6623173,25.0658238 ]
    },
    "properties": {
    "city":"新北市",
    "name":"7-11東晴門市",
    "address":"221新北市汐止區新台五路2段80號"
    }
  },
  {
    "type": "Feature",
    "geometry": {
       "type": "Point",
       "coordinates":  [ 121.4260338,25.0219564 ]
    },
    "properties": {
    "city":"新北市",
    "name":"7-11林宏門市",
    "address":"242新北市新莊區成功街1號"
    }
  },
  {
    "type": "Feature",
    "geometry": {
       "type": "Point",
       "coordinates":  [ 121.4989227,24.9997272 ]
    },
    "properties": {
    "city":"新北市",
    "name":"7-11杰明門市",
    "address":"235新北市中和區泰和街48號"
    }
  },
  {
    "type": "Feature",
    "geometry": {
       "type": "Point",
       "coordinates":  [ 121.4570683,25.0258694 ]
    },
    "properties": {
    "city":"新北市",
    "name":"7-11杰朋門市",
    "address":"220新北市板橋區龍泉街53號"
    }
  },
  {
    "type": "Feature",
    "geometry": {
       "type": "Point",
       "coordinates":  [ 121.4551069,25.011604 ]
    },
    "properties": {
    "city":"新北市",
    "name":"7-11板林門市",
    "address":"220新北市板橋區自強里中正路1巷18號"
    }
  },
  {
    "type": "Feature",
    "geometry": {
       "type": "Point",
       "coordinates":  [ 121.4588397,24.9918623 ]
    },
    "properties": {
    "city":"新北市",
    "name":"7-11板信門市",
    "address":"220新北市板橋區信義路148號"
    }
  },
  {
    "type": "Feature",
    "geometry": {
       "type": "Point",
       "coordinates":  [ 121.4883397,25.0064251 ]
    },
    "properties": {
    "city":"新北市",
    "name":"7-11板南門市",
    "address":"235新北市中和區板南路486號"
    }
  },
  {
    "type": "Feature",
    "geometry": {
       "type": "Point",
       "coordinates":  [ 121.4620253,25.0147301 ]
    },
    "properties": {
    "city":"新北市",
    "name":"7-11板站北門市",
    "address":"220新北市板橋區文化路一段54號"
    }
  },
  {
    "type": "Feature",
    "geometry": {
       "type": "Point",
       "coordinates":  [ 121.4620253,25.0147301 ]
    },
    "properties": {
    "city":"新北市",
    "name":"7-11板站東門市",
    "address":"220新北市板橋區文化路一段54號"
    }
  },
  {
    "type": "Feature",
    "geometry": {
       "type": "Point",
       "coordinates":  [ 121.4620253,25.0147301 ]
    },
    "properties": {
    "city":"新北市",
    "name":"7-11板站門市",
    "address":"220新北市板橋區文化路一段54號"
    }
  },
  {
    "type": "Feature",
    "geometry": {
       "type": "Point",
       "coordinates":  [ 121.494377,24.9972693 ]
    },
    "properties": {
    "city":"新北市",
    "name":"7-11板勝門市",
    "address":"235新北市中和區連城路219巷4號"
    }
  },
  {
    "type": "Feature",
    "geometry": {
       "type": "Point",
       "coordinates":  [ 121.4751724,25.0327074 ]
    },
    "properties": {
    "city":"新北市",
    "name":"7-11板聖門市",
    "address":"220新北市板橋區文化路二段472號"
    }
  },
  {
    "type": "Feature",
    "geometry": {
       "type": "Point",
       "coordinates":  [ 121.4604775,25.0017994 ]
    },
    "properties": {
    "city":"新北市",
    "name":"7-11板慶門市",
    "address":"220新北市板橋區忠孝路40號"
    }
  },
  {
    "type": "Feature",
    "geometry": {
       "type": "Point",
       "coordinates":  [ 121.459195,25.0138626 ]
    },
    "properties": {
    "city":"新北市",
    "name":"7-11板權門市",
    "address":"220新北市板橋區民權路198-200號"
    }
  },
  {
    "type": "Feature",
    "geometry": {
       "type": "Point",
       "coordinates":  [ 121.476633,25.0061179 ]
    },
    "properties": {
    "city":"新北市",
    "name":"7-11松旺門市",
    "address":"235新北市中和區中山路三段108號"
    }
  },
  {
    "type": "Feature",
    "geometry": {
       "type": "Point",
       "coordinates":  [ 121.4692666,25.030416 ]
    },
    "properties": {
    "city":"新北市",
    "name":"7-11松林門市",
    "address":"220新北市板橋區江翠里松江街118號"
    }
  },
  {
    "type": "Feature",
    "geometry": {
       "type": "Point",
       "coordinates":  [ 121.4539838,25.1801459 ]
    },
    "properties": {
    "city":"新北市",
    "name":"7-11欣聯門市",
    "address":"251新北市淡水區淡金路一段166號"
    }
  },
  {
    "type": "Feature",
    "geometry": {
       "type": "Point",
       "coordinates":  [ 121.4334259,25.0548464 ]
    },
    "properties": {
    "city":"新北市",
    "name":"7-11武仁門市",
    "address":"243新北市泰山區仁愛路100巷28、30號"
    }
  },
  {
    "type": "Feature",
    "geometry": {
       "type": "Point",
       "coordinates":  [ 121.468364,25.0248747 ]
    },
    "properties": {
    "city":"新北市",
    "name":"7-11武江門市",
    "address":"220新北市板橋區光武街2巷2號"
    }
  },
  {
    "type": "Feature",
    "geometry": {
       "type": "Point",
       "coordinates":  [ 121.4135165,25.0032681 ]
    },
    "properties": {
    "city":"新北市",
    "name":"7-11武林門市",
    "address":"238新北市樹林區光華街2.4號"
    }
  },
  {
    "type": "Feature",
    "geometry": {
       "type": "Point",
       "coordinates":  [ 121.4652719,25.1338142 ]
    },
    "properties": {
    "city":"新北市",
    "name":"7-11武強門市",
    "address":"251新北市淡水區自強路152號"
    }
  },
  {
    "type": "Feature",
    "geometry": {
       "type": "Point",
       "coordinates":  [ 121.4692814,24.9789331 ]
    },
    "properties": {
    "city":"新北市",
    "name":"7-11泳豐門市",
    "address":"236新北市土城區永豐路264之1號"
    }
  },
  {
    "type": "Feature",
    "geometry": {
       "type": "Point",
       "coordinates":  [ 121.3789988,24.9293019 ]
    },
    "properties": {
    "city":"新北市",
    "name":"7-11矽功門市",
    "address":"221新北市汐止區大同路1段284號"
    }
  },
  {
    "type": "Feature",
    "geometry": {
       "type": "Point",
       "coordinates":  [ 121.631629,25.0657651 ]
    },
    "properties": {
    "city":"新北市",
    "name":"7-11社后門市",
    "address":"221新北市汐止區中興里中興路190號"
    }
  },
  {
    "type": "Feature",
    "geometry": {
       "type": "Point",
       "coordinates":  [ 121.4695888,25.0722093 ]
    },
    "properties": {
    "city":"新北市",
    "name":"7-11股興門市",
    "address":"248新北市五股區中興路一段3號"
    }
  },
  {
    "type": "Feature",
    "geometry": {
       "type": "Point",
       "coordinates":  [ 121.4307293,25.031423 ]
    },
    "properties": {
    "city":"新北市",
    "name":"7-11芳榮門市",
    "address":"237新北市三峽區中正路536.538號"
    }
  },
  {
    "type": "Feature",
    "geometry": {
       "type": "Point",
       "coordinates":  [ 121.4564577,25.0406806 ]
    },
    "properties": {
    "city":"新北市",
    "name":"7-11花旗門市",
    "address":"242新北市新莊區中港路132巷26號"
    }
  },
  {
    "type": "Feature",
    "geometry": {
       "type": "Point",
       "coordinates":  [ 121.4158919,25.0294146 ]
    },
    "properties": {
    "city":"新北市",
    "name":"7-11采旺門市",
    "address":"242新北市新莊區天祥街74號"
    }
  },
  {
    "type": "Feature",
    "geometry": {
       "type": "Point",
       "coordinates":  [ 121.3645201,25.0720098 ]
    },
    "properties": {
    "city":"新北市",
    "name":"7-11采鋺門市",
    "address":"244新北市林口區文化三路一段368號"
    }
  },
  {
    "type": "Feature",
    "geometry": {
       "type": "Point",
       "coordinates":  [ 121.6368572,25.2223258 ]
    },
    "properties": {
    "city":"新北市",
    "name":"7-11金中門市",
    "address":"208新北市金山鄉中山路305.307號"
    }
  },
  {
    "type": "Feature",
    "geometry": {
       "type": "Point",
       "coordinates":  [ 121.4490188,25.2080951 ]
    },
    "properties": {
    "city":"新北市",
    "name":"7-11金旦門市",
    "address":"251新北市淡水區淡金路三段254.256號"
    }
  },
  {
    "type": "Feature",
    "geometry": {
       "type": "Point",
       "coordinates":  [ 121.629406,25.2350857 ]
    },
    "properties": {
    "city":"新北市",
    "name":"7-11金全門市",
    "address":"208新北市金山鄉清水路52號"
    }
  },
  {
    "type": "Feature",
    "geometry": {
       "type": "Point",
       "coordinates":  [ 121.4227833,25.1828597 ]
    },
    "properties": {
    "city":"新北市",
    "name":"7-11金沙門市",
    "address":"251新北市淡水區沙崙路133號."
    }
  },
  {
    "type": "Feature",
    "geometry": {
       "type": "Point",
       "coordinates":  [ 121.4315334,24.988453 ]
    },
    "properties": {
    "city":"新北市",
    "name":"7-11金林門市",
    "address":"220新北市板橋區金門街303.305號"
    }
  },
  {
    "type": "Feature",
    "geometry": {
       "type": "Point",
       "coordinates":  [ 121.4976118,25.2595732 ]
    },
    "properties": {
    "city":"新北市",
    "name":"7-11金芝門市",
    "address":"252新北市三芝區中興街一段2號"
    }
  },
  {
    "type": "Feature",
    "geometry": {
       "type": "Point",
       "coordinates":  [ 121.4662571,24.9872209 ]
    },
    "properties": {
    "city":"新北市",
    "name":"7-11金城門市",
    "address":"236新北市土城區金城路3段71號"
    }
  },
  {
    "type": "Feature",
    "geometry": {
       "type": "Point",
       "coordinates":  [ 121.4460226,25.1784789 ]
    },
    "properties": {
    "city":"新北市",
    "name":"7-11金星門市",
    "address":"251新北市淡水區北新路65號"
    }
  },
  {
    "type": "Feature",
    "geometry": {
       "type": "Point",
       "coordinates":  [ 121.446573,25.19732 ]
    },
    "properties": {
    "city":"新北市",
    "name":"7-11金紅門市",
    "address":"251新北市淡水區淡金路3段2號"
    }
  },
  {
    "type": "Feature",
    "geometry": {
       "type": "Point",
       "coordinates":  [ 121.4672188,24.9862853 ]
    },
    "properties": {
    "city":"新北市",
    "name":"7-11金峰門市",
    "address":"236新北市土城區明峰街9.11號"
    }
  },
  {
    "type": "Feature",
    "geometry": {
       "type": "Point",
       "coordinates":  [ 121.4597023,25.0423522 ]
    },
    "properties": {
    "city":"新北市",
    "name":"7-11金座門市",
    "address":"242新北市新莊區思源路123號"
    }
  },
  {
    "type": "Feature",
    "geometry": {
       "type": "Point",
       "coordinates":  [ 121.4214947,25.1812664 ]
    },
    "properties": {
    "city":"新北市",
    "name":"7-11金崙門市",
    "address":"251新北市淡水區沙崙路26-28號"
    }
  },
  {
    "type": "Feature",
    "geometry": {
       "type": "Point",
       "coordinates":  [ 121.6403515,25.2169961 ]
    },
    "properties": {
    "city":"新北市",
    "name":"7-11金強門市",
    "address":"208新北市金山鄉自強路18-2號"
    }
  },
  {
    "type": "Feature",
    "geometry": {
       "type": "Point",
       "coordinates":  [ 121.6321424,25.2211327 ]
    },
    "properties": {
    "city":"新北市",
    "name":"7-11金祥門市",
    "address":"208新北市金山鄉中正路145號"
    }
  },
  {
    "type": "Feature",
    "geometry": {
       "type": "Point",
       "coordinates":  [ 121.4326484,24.9901079 ]
    },
    "properties": {
    "city":"新北市",
    "name":"7-11金園門市",
    "address":"220新北市板橋區金門街175號"
    }
  },
  {
    "type": "Feature",
    "geometry": {
       "type": "Point",
       "coordinates":  [ 121.4403325,24.9759634 ]
    },
    "properties": {
    "city":"新北市",
    "name":"7-11金源門市",
    "address":"236新北市土城區水源街59號"
    }
  },
  {
    "type": "Feature",
    "geometry": {
       "type": "Point",
       "coordinates":  [ 121.454876,24.9828854 ]
    },
    "properties": {
    "city":"新北市",
    "name":"7-11金裕門市",
    "address":"236新北市土城區柑林里8鄰裕民路257之1號"
    }
  },
  {
    "type": "Feature",
    "geometry": {
       "type": "Point",
       "coordinates":  [ 121.3755971,24.9333275 ]
    },
    "properties": {
    "city":"新北市",
    "name":"7-11金銘門市",
    "address":"237新北市三峽區介壽路一段27號"
    }
  },
  {
    "type": "Feature",
    "geometry": {
       "type": "Point",
       "coordinates":  [ 121.347062,24.9534826 ]
    },
    "properties": {
    "city":"新北市",
    "name":"7-11金億門市",
    "address":"239新北市鶯歌區建國路278號"
    }
  },
  {
    "type": "Feature",
    "geometry": {
       "type": "Point",
       "coordinates":  [ 121.4387041,25.1710839 ]
    },
    "properties": {
    "city":"新北市",
    "name":"7-11金寶門市",
    "address":"251新北市淡水區中正路169號"
    }
  },
  {
    "type": "Feature",
    "geometry": {
       "type": "Point",
       "coordinates":  [ 121.3380403,24.9546935 ]
    },
    "properties": {
    "city":"新北市",
    "name":"7-11金鶯門市",
    "address":"238新北市鶯歌區鶯桃路131-133號"
    }
  },
  {
    "type": "Feature",
    "geometry": {
       "type": "Point",
       "coordinates":  [ 121.4987809,25.0658759 ]
    },
    "properties": {
    "city":"新北市",
    "name":"7-11長元門市",
    "address":"241新北市三重區長元街2-2號"
    }
  },
  {
    "type": "Feature",
    "geometry": {
       "type": "Point",
       "coordinates":  [ 121.46991,25.032776 ]
    },
    "properties": {
    "city":"新北市",
    "name":"7-11長江門市",
    "address":"220新北市板橋區長江路2段280號之1"
    }
  },
  {
    "type": "Feature",
    "geometry": {
       "type": "Point",
       "coordinates":  [ 121.392134,25.1302102 ]
    },
    "properties": {
    "city":"新北市",
    "name":"7-11長坑門市",
    "address":"249新北市八里區中華路3段168號"
    }
  },
  {
    "type": "Feature",
    "geometry": {
       "type": "Point",
       "coordinates":  [ 121.371503,25.0696041 ]
    },
    "properties": {
    "city":"新北市",
    "name":"7-11長坤門市",
    "address":"244新北市林口區文化一路一段52號"
    }
  },
  {
    "type": "Feature",
    "geometry": {
       "type": "Point",
       "coordinates":  [ 121.3334045,24.9642118 ]
    },
    "properties": {
    "city":"新北市",
    "name":"7-11長虹門市",
    "address":"239新北市鶯歌區鶯桃路412號一樓"
    }
  },
  {
    "type": "Feature",
    "geometry": {
       "type": "Point",
       "coordinates":  [ 121.4990466,25.069033 ]
    },
    "properties": {
    "city":"新北市",
    "name":"7-11長泰門市",
    "address":"241新北市三重區介壽路1號"
    }
  },
  {
    "type": "Feature",
    "geometry": {
       "type": "Point",
       "coordinates":  [ 121.5012526,25.0665795 ]
    },
    "properties": {
    "city":"新北市",
    "name":"7-11長揚門市",
    "address":"241新北市三重區三和路二段6號之2"
    }
  },
  {
    "type": "Feature",
    "geometry": {
       "type": "Point",
       "coordinates":  [ 121.4965568,25.0671855 ]
    },
    "properties": {
    "city":"新北市",
    "name":"7-11長壽門市",
    "address":"241新北市三重區正義北路159號"
    }
  },
  {
    "type": "Feature",
    "geometry": {
       "type": "Point",
       "coordinates":  [ 121.4585441,25.0839173 ]
    },
    "properties": {
    "city":"新北市",
    "name":"7-11長樂門市",
    "address":"247新北市蘆洲區長安街269號"
    }
  },
  {
    "type": "Feature",
    "geometry": {
       "type": "Point",
       "coordinates":  [ 121.4589499,24.9777835 ]
    },
    "properties": {
    "city":"新北市",
    "name":"7-11青雲門市",
    "address":"236新北市土城區青雲路499.501號"
    }
  },
  {
    "type": "Feature",
    "geometry": {
       "type": "Point",
       "coordinates":  [ 121.5383665,24.9572853 ]
    },
    "properties": {
    "city":"新北市",
    "name":"7-11青潭門市",
    "address":"231新北市新店區北宜路一段41-1號"
    }
  },
  {
    "type": "Feature",
    "geometry": {
       "type": "Point",
       "coordinates":  [ 121.4820736,25.0219147 ]
    },
    "properties": {
    "city":"新北市",
    "name":"7-11青蘋果門市",
    "address":"220新北市板橋區中山路2段531巷17弄20號"
    }
  },
  {
    "type": "Feature",
    "geometry": {
       "type": "Point",
       "coordinates":  [ 121.4402493,24.9718414 ]
    },
    "properties": {
    "city":"新北市",
    "name":"7-11信利門市",
    "address":"236新北市土城區興城路96巷4號"
    }
  },
  {
    "type": "Feature",
    "geometry": {
       "type": "Point",
       "coordinates":  [ 121.5103699,25.0060686 ]
    },
    "properties": {
    "city":"新北市",
    "name":"7-11保平門市",
    "address":"234新北市永和區保平路135號"
    }
  },
  {
    "type": "Feature",
    "geometry": {
       "type": "Point",
       "coordinates":  [ 121.5065778,25.0071214 ]
    },
    "properties": {
    "city":"新北市",
    "name":"7-11保生門市",
    "address":"234新北市永和區保安里保生路1號."
    }
  },
  {
    "type": "Feature",
    "geometry": {
       "type": "Point",
       "coordinates":  [ 121.5032531,25.0107384 ]
    },
    "properties": {
    "city":"新北市",
    "name":"7-11保順門市",
    "address":"234新北市永和區保順路39號、保順路37巷2號"
    }
  },
  {
    "type": "Feature",
    "geometry": {
       "type": "Point",
       "coordinates":  [ 121.5142543,25.0122689 ]
    },
    "properties": {
    "city":"新北市",
    "name":"7-11保騰門市",
    "address":"234新北市永和區信義路16號"
    }
  },
  {
    "type": "Feature",
    "geometry": {
       "type": "Point",
       "coordinates":  [ 121.5146183,25.0008951 ]
    },
    "properties": {
    "city":"新北市",
    "name":"7-11保鑽門市",
    "address":"234新北市永和區潭墘里安樂路138.140號"
    }
  },
  {
    "type": "Feature",
    "geometry": {
       "type": "Point",
       "coordinates":  [ 121.4268545,25.0067139 ]
    },
    "properties": {
    "city":"新北市",
    "name":"7-11俊安門市",
    "address":"238新北市樹林區俊英街162-162-1號"
    }
  },
  {
    "type": "Feature",
    "geometry": {
       "type": "Point",
       "coordinates":  [ 121.4179278,25.0153167 ]
    },
    "properties": {
    "city":"新北市",
    "name":"7-11俊興門市",
    "address":"238新北市樹林區圳安里19鄰俊興街232號"
    }
  },
  {
    "type": "Feature",
    "geometry": {
       "type": "Point",
       "coordinates":  [ 121.4143335,25.015483 ]
    },
    "properties": {
    "city":"新北市",
    "name":"7-11俊龍門市",
    "address":"238新北市樹林區三俊街96號1樓"
    }
  },
  {
    "type": "Feature",
    "geometry": {
       "type": "Point",
       "coordinates":  [ 121.5428924,24.9737091 ]
    },
    "properties": {
    "city":"新北市",
    "name":"7-11冠冠門市",
    "address":"231新北市新店區北新路1段231號"
    }
  },
  {
    "type": "Feature",
    "geometry": {
       "type": "Point",
       "coordinates":  [ 121.3723267,24.9306477 ]
    },
    "properties": {
    "city":"新北市",
    "name":"7-11冠綸門市",
    "address":"237新北市三峽區中華路46.46-1號"
    }
  },
  {
    "type": "Feature",
    "geometry": {
       "type": "Point",
       "coordinates":  [ 121.518919,24.9914237 ]
    },
    "properties": {
    "city":"新北市",
    "name":"7-11冠德門市",
    "address":"235新北市中和區景平路71-5號"
    }
  },
  {
    "type": "Feature",
    "geometry": {
       "type": "Point",
       "coordinates":  [ 121.467923,25.0850799 ]
    },
    "properties": {
    "city":"新北市",
    "name":"7-11前進門市",
    "address":"247新北市蘆洲區光華路22巷57號"
    }
  },
  {
    "type": "Feature",
    "geometry": {
       "type": "Point",
       "coordinates":  [ 121.5061052,25.0057564 ]
    },
    "properties": {
    "city":"新北市",
    "name":"7-11前瞻門市",
    "address":"241新北市三重區中山路375號"
    }
  },
  {
    "type": "Feature",
    "geometry": {
       "type": "Point",
       "coordinates":  [ 121.4461401,24.9555609 ]
    },
    "properties": {
    "city":"新北市",
    "name":"7-11南天母門市",
    "address":"236新北市土城區南天母路8.10號"
    }
  },
  {
    "type": "Feature",
    "geometry": {
       "type": "Point",
       "coordinates":  [ 121.5050959,24.999867 ]
    },
    "properties": {
    "city":"新北市",
    "name":"7-11南谷門市",
    "address":"235新北市中和區中和路257號"
    }
  },
  {
    "type": "Feature",
    "geometry": {
       "type": "Point",
       "coordinates":  [ 121.4149456,25.0483142 ]
    },
    "properties": {
    "city":"新北市",
    "name":"7-11南亞三門市",
    "address":"243新北市泰山區南林路98號8樓"
    }
  },
  {
    "type": "Feature",
    "geometry": {
       "type": "Point",
       "coordinates":  [ 121.5446382,24.9806445 ]
    },
    "properties": {
    "city":"新北市",
    "name":"7-11南強門市",
    "address":"231新北市新店區中興路3段156號"
    }
  },
  {
    "type": "Feature",
    "geometry": {
       "type": "Point",
       "coordinates":  [ 121.4560083,25.0065881 ]
    },
    "properties": {
    "city":"新北市",
    "name":"7-11南雅門市",
    "address":"220新北市板橋區新興里南雅南路一段8號1樓."
    }
  },
  {
    "type": "Feature",
    "geometry": {
       "type": "Point",
       "coordinates":  [ 121.5108048,24.9907547 ]
    },
    "properties": {
    "city":"新北市",
    "name":"7-11南勢角門市",
    "address":"235新北市中和區興南路1段55號"
    }
  },
  {
    "type": "Feature",
    "geometry": {
       "type": "Point",
       "coordinates":  [ 121.44102,25.029303 ]
    },
    "properties": {
    "city":"新北市",
    "name":"7-11品嘉門市",
    "address":"242新北市新莊區新樹路69號之6"
    }
  },
  {
    "type": "Feature",
    "geometry": {
       "type": "Point",
       "coordinates":  [ 121.4375939,24.9646093 ]
    },
    "properties": {
    "city":"新北市",
    "name":"7-11城運門市",
    "address":"236新北市土城區承天路10號"
    }
  },
  {
    "type": "Feature",
    "geometry": {
       "type": "Point",
       "coordinates":  [ 121.427639,25.0494376 ]
    },
    "properties": {
    "city":"新北市",
    "name":"7-11奕真門市",
    "address":"243新北市泰山區明志路二段187號"
    }
  },
  {
    "type": "Feature",
    "geometry": {
       "type": "Point",
       "coordinates":  [ 121.4923048,25.0004027 ]
    },
    "properties": {
    "city":"新北市",
    "name":"7-11建一門市",
    "address":"235新北市中和區健康路101號"
    }
  },
  {
    "type": "Feature",
    "geometry": {
       "type": "Point",
       "coordinates":  [ 121.4500409,25.0375753 ]
    },
    "properties": {
    "city":"新北市",
    "name":"7-11建中門市",
    "address":"242新北市新莊區建興街42號"
    }
  },
  {
    "type": "Feature",
    "geometry": {
       "type": "Point",
       "coordinates":  [ 121.4861624,25.0020298 ]
    },
    "properties": {
    "city":"新北市",
    "name":"7-11建六門市",
    "address":"235新北市中和區建六路62號"
    }
  },
  {
    "type": "Feature",
    "geometry": {
       "type": "Point",
       "coordinates":  [ 121.4277612,24.9857536 ]
    },
    "properties": {
    "city":"新北市",
    "name":"7-11建宗門市",
    "address":"220新北市板橋區溪福里篤行路3段玉平巷76弄8號及10號"
    }
  },
  {
    "type": "Feature",
    "geometry": {
       "type": "Point",
       "coordinates":  [ 121.4596575,25.0046052 ]
    },
    "properties": {
    "city":"新北市",
    "name":"7-11建茗門市",
    "address":"220新北市板橋區四川路一段104號"
    }
  },
  {
    "type": "Feature",
    "geometry": {
       "type": "Point",
       "coordinates":  [ 121.5397767,24.9731244 ]
    },
    "properties": {
    "city":"新北市",
    "name":"7-11建國門市",
    "address":"231新北市新店區中正路236號"
    }
  },
  {
    "type": "Feature",
    "geometry": {
       "type": "Point",
       "coordinates":  [ 121.623664,25.0615552 ]
    },
    "properties": {
    "city":"新北市",
    "name":"7-11建陽門市",
    "address":"221新北市汐止區南陽街105-107號"
    }
  },
  {
    "type": "Feature",
    "geometry": {
       "type": "Point",
       "coordinates":  [ 121.6274003,25.0608414 ]
    },
    "properties": {
    "city":"新北市",
    "name":"7-11建德門市",
    "address":"221新北市汐止區福德一路394號"
    }
  },
  {
    "type": "Feature",
    "geometry": {
       "type": "Point",
       "coordinates":  [ 121.4270773,25.026503 ]
    },
    "properties": {
    "city":"新北市",
    "name":"7-11後港門市",
    "address":"242新北市新莊區後港一路78號"
    }
  },
  {
    "type": "Feature",
    "geometry": {
       "type": "Point",
       "coordinates":  [ 121.4512043,25.049193 ]
    },
    "properties": {
    "city":"新北市",
    "name":"7-11思源門市",
    "address":"242新北市新莊區幸福路40.42號"
    }
  },
  {
    "type": "Feature",
    "geometry": {
       "type": "Point",
       "coordinates":  [ 121.487983,24.9989362 ]
    },
    "properties": {
    "city":"新北市",
    "name":"7-11春吉門市",
    "address":"235新北市中和區建一路148號"
    }
  },
  {
    "type": "Feature",
    "geometry": {
       "type": "Point",
       "coordinates":  [ 121.5200914,25.0079087 ]
    },
    "properties": {
    "city":"新北市",
    "name":"7-11春福門市",
    "address":"234新北市永和區光明里14鄰福和路196號"
    }
  },
  {
    "type": "Feature",
    "geometry": {
       "type": "Point",
       "coordinates":  [ 121.3743107,24.9520763 ]
    },
    "properties": {
    "city":"新北市",
    "name":"7-11柏園門市",
    "address":"238新北市樹林區柑園街二段119.121號1樓"
    }
  },
  {
    "type": "Feature",
    "geometry": {
       "type": "Point",
       "coordinates":  [ 121.5059714,24.9997061 ]
    },
    "properties": {
    "city":"新北市",
    "name":"7-11界和門市",
    "address":"234新北市永和區中和路331.333號"
    }
  },
  {
    "type": "Feature",
    "geometry": {
       "type": "Point",
       "coordinates":  [ 121.4390007,25.1826449 ]
    },
    "properties": {
    "city":"新北市",
    "name":"7-11皇后門市",
    "address":"251新北市淡水區新春街87號"
    }
  },
  {
    "type": "Feature",
    "geometry": {
       "type": "Point",
       "coordinates":  [ 121.4460712,24.9871811 ]
    },
    "properties": {
    "city":"新北市",
    "name":"7-11皇翔門市",
    "address":"236新北市土城區中央路一段92.94號"
    }
  },
  {
    "type": "Feature",
    "geometry": {
       "type": "Point",
       "coordinates":  [ 121.4504571,24.9860846 ]
    },
    "properties": {
    "city":"新北市",
    "name":"7-11皇裕門市",
    "address":"236新北市土城區裕民路114巷16號1樓"
    }
  },
  {
    "type": "Feature",
    "geometry": {
       "type": "Point",
       "coordinates":  [ 121.4932993,25.0061561 ]
    },
    "properties": {
    "city":"新北市",
    "name":"7-11秋閔門市",
    "address":"235新北市中和區橋和路288.290號"
    }
  },
  {
    "type": "Feature",
    "geometry": {
       "type": "Point",
       "coordinates":  [ 121.4506836,24.9957295 ]
    },
    "properties": {
    "city":"新北市",
    "name":"7-11秋雅門市",
    "address":"220新北市板橋區南雅南路二段144巷16號"
    }
  },
  {
    "type": "Feature",
    "geometry": {
       "type": "Point",
       "coordinates":  [ 121.4923651,25.0559839 ]
    },
    "properties": {
    "city":"新北市",
    "name":"7-11美吉門市",
    "address":"241新北市三重區光明里8鄰重安街81號1樓"
    }
  },
  {
    "type": "Feature",
    "geometry": {
       "type": "Point",
       "coordinates":  [ 121.3710167,25.0733481 ]
    },
    "properties": {
    "city":"新北市",
    "name":"7-11美雅仕門市",
    "address":"244新北市林口區文化二路一段260巷2號"
    }
  },
  {
    "type": "Feature",
    "geometry": {
       "type": "Point",
       "coordinates":  [ 121.4862379,25.0792928 ]
    },
    "properties": {
    "city":"新北市",
    "name":"7-11美慈門市",
    "address":"241新北市三重區慈愛街52號"
    }
  },
  {
    "type": "Feature",
    "geometry": {
       "type": "Point",
       "coordinates":  [ 121.4536569,25.0437263 ]
    },
    "properties": {
    "city":"新北市",
    "name":"7-11美新門市",
    "address":"242新北市新莊區中港路264號1F"
    }
  },
  {
    "type": "Feature",
    "geometry": {
       "type": "Point",
       "coordinates":  [ 121.4819154,25.0902307 ]
    },
    "properties": {
    "city":"新北市",
    "name":"7-11美禎門市",
    "address":"247新北市蘆洲區復興路322號"
    }
  },
  {
    "type": "Feature",
    "geometry": {
       "type": "Point",
       "coordinates":  [ 121.4659378,25.0205465 ]
    },
    "properties": {
    "city":"新北市",
    "name":"7-11致理門市",
    "address":"220新北市板橋區陽明街23巷29號1樓"
    }
  },
  {
    "type": "Feature",
    "geometry": {
       "type": "Point",
       "coordinates":  [ 121.665934,25.0706959 ]
    },
    "properties": {
    "city":"新北市",
    "name":"7-11茄苳門市",
    "address":"221新北市汐止區茄苳路42號"
    }
  },
  {
    "type": "Feature",
    "geometry": {
       "type": "Point",
       "coordinates":  [ 121.4603873,25.0431818 ]
    },
    "properties": {
    "city":"新北市",
    "name":"7-11茂源門市",
    "address":"242新北市新莊區思源路40-1號"
    }
  },
  {
    "type": "Feature",
    "geometry": {
       "type": "Point",
       "coordinates":  [ 121.4601928,25.0244744 ]
    },
    "properties": {
    "city":"新北市",
    "name":"7-11英海門市",
    "address":"220新北市板橋區新海路344號"
    }
  },
  {
    "type": "Feature",
    "geometry": {
       "type": "Point",
       "coordinates":  [ 121.4163951,24.9575951 ]
    },
    "properties": {
    "city":"新北市",
    "name":"7-11虹海門市",
    "address":"236新北市土城區中央路4段121號"
    }
  },
  {
    "type": "Feature",
    "geometry": {
       "type": "Point",
       "coordinates":  [ 121.4796566,25.0718381 ]
    },
    "properties": {
    "city":"新北市",
    "name":"7-11虹諭門市",
    "address":"241新北市三重區大勇街82巷17號"
    }
  },
  {
    "type": "Feature",
    "geometry": {
       "type": "Point",
       "coordinates":  [ 121.4910515,25.0574248 ]
    },
    "properties": {
    "city":"新北市",
    "name":"7-11重安門市",
    "address":"241新北市三重區重安街60號及60-1號"
    }
  },
  {
    "type": "Feature",
    "geometry": {
       "type": "Point",
       "coordinates":  [ 121.4892065,25.0730416 ]
    },
    "properties": {
    "city":"新北市",
    "name":"7-11重智門市",
    "address":"241新北市三重區大智街240號"
    }
  },
  {
    "type": "Feature",
    "geometry": {
       "type": "Point",
       "coordinates":  [ 121.4878581,25.0575884 ]
    },
    "properties": {
    "city":"新北市",
    "name":"7-11重新門市",
    "address":"241新北市三重區重新路四段45號"
    }
  },
  {
    "type": "Feature",
    "geometry": {
       "type": "Point",
       "coordinates":  [ 121.45681,25.0831173 ]
    },
    "properties": {
    "city":"新北市",
    "name":"7-11飛龍門市",
    "address":"247新北市蘆洲區永安南路二段330號"
    }
  },
  {
    "type": "Feature",
    "geometry": {
       "type": "Point",
       "coordinates":  [ 121.4519892,25.0125408 ]
    },
    "properties": {
    "city":"新北市",
    "name":"7-11香雅門市",
    "address":"220新北市板橋區南雅西路2段297.299號"
    }
  },
  {
    "type": "Feature",
    "geometry": {
       "type": "Point",
       "coordinates":  [ 121.3687983,25.0716219 ]
    },
    "properties": {
    "city":"新北市",
    "name":"7-11香賓門市",
    "address":"244新北市林口區文化二路一段170號"
    }
  },
  {
    "type": "Feature",
    "geometry": {
       "type": "Point",
       "coordinates":  [ 121.4757781,25.0868628 ]
    },
    "properties": {
    "city":"新北市",
    "name":"7-11珈英門市",
    "address":"247新北市蘆洲區復興路92號"
    }
  },
  {
    "type": "Feature",
    "geometry": {
       "type": "Point",
       "coordinates":  [ 121.4963327,25.0717756 ]
    },
    "properties": {
    "city":"新北市",
    "name":"7-11竑嘉門市",
    "address":"241新北市三重區仁愛街32號之1"
    }
  },
  {
    "type": "Feature",
    "geometry": {
       "type": "Point",
       "coordinates":  [ 121.4891541,25.0663632 ]
    },
    "properties": {
    "city":"新北市",
    "name":"7-11修德門市",
    "address":"241新北市三重區重陽路3段7-2號"
    }
  },
  {
    "type": "Feature",
    "geometry": {
       "type": "Point",
       "coordinates":  [ 121.387157,25.077609 ]
    },
    "properties": {
    "city":"新北市",
    "name":"7-11卿斳門市",
    "address":"244新北市林口區竹林路48號"
    }
  },
  {
    "type": "Feature",
    "geometry": {
       "type": "Point",
       "coordinates":  [ 121.4660036,25.0545599 ]
    },
    "properties": {
    "city":"新北市",
    "name":"7-11原成門市",
    "address":"242新北市新莊區化成路279號"
    }
  },
  {
    "type": "Feature",
    "geometry": {
       "type": "Point",
       "coordinates":  [ 121.4811129,24.9967585 ]
    },
    "properties": {
    "city":"新北市",
    "name":"7-11員山門市",
    "address":"235新北市中和區員山路163號"
    }
  },
  {
    "type": "Feature",
    "geometry": {
       "type": "Point",
       "coordinates":  [ 121.4795791,25.0083844 ]
    },
    "properties": {
    "city":"新北市",
    "name":"7-11員新門市",
    "address":"235新北市中和區員山路504號"
    }
  },
  {
    "type": "Feature",
    "geometry": {
       "type": "Point",
       "coordinates":  [ 121.365001,24.9076481 ]
    },
    "properties": {
    "city":"新北市",
    "name":"7-11埔大門市",
    "address":"237新北市三峽區中正路2段397號"
    }
  },
  {
    "type": "Feature",
    "geometry": {
       "type": "Point",
       "coordinates":  [ 121.4673434,25.0226291 ]
    },
    "properties": {
    "city":"新北市",
    "name":"7-11埔西門市",
    "address":"220新北市板橋區文化路一段423號"
    }
  },
  {
    "type": "Feature",
    "geometry": {
       "type": "Point",
       "coordinates":  [ 121.6202542,25.002371 ]
    },
    "properties": {
    "city":"新北市",
    "name":"7-11埔昇門市",
    "address":"222新北市深坑區埔新街63號"
    }
  },
  {
    "type": "Feature",
    "geometry": {
       "type": "Point",
       "coordinates":  [ 121.4735015,25.0191581 ]
    },
    "properties": {
    "city":"新北市",
    "name":"7-11埔墘門市",
    "address":"220新北市板橋區永豐街87號"
    }
  },
  {
    "type": "Feature",
    "geometry": {
       "type": "Point",
       "coordinates":  [ 121.4939222,25.0019575 ]
    },
    "properties": {
    "city":"新北市",
    "name":"7-11家美門市",
    "address":"235新北市中和區中山路二段317號之1"
    }
  },
  {
    "type": "Feature",
    "geometry": {
       "type": "Point",
       "coordinates":  [ 121.390265,25.0789819 ]
    },
    "properties": {
    "city":"新北市",
    "name":"7-11家園門市",
    "address":"244新北市林口區中山路164號"
    }
  },
  {
    "type": "Feature",
    "geometry": {
       "type": "Point",
       "coordinates":  [ 121.4752966,25.0165773 ]
    },
    "properties": {
    "city":"新北市",
    "name":"7-11家豐門市",
    "address":"220新北市板橋區中山路二段141號"
    }
  },
  {
    "type": "Feature",
    "geometry": {
       "type": "Point",
       "coordinates":  [ 121.467643,25.0316496 ]
    },
    "properties": {
    "city":"新北市",
    "name":"7-11家麒門市",
    "address":"220新北市板橋區宏國路27號"
    }
  },
  {
    "type": "Feature",
    "geometry": {
       "type": "Point",
       "coordinates":  [ 121.37759,24.9288531 ]
    },
    "properties": {
    "city":"新北市",
    "name":"7-11峽北門市",
    "address":"237新北市三峽區大同路7號"
    }
  },
  {
    "type": "Feature",
    "geometry": {
       "type": "Point",
       "coordinates":  [ 121.3750153,24.9291573 ]
    },
    "properties": {
    "city":"新北市",
    "name":"7-11峽光門市",
    "address":"237新北市三峽區光明路62號1樓"
    }
  },
  {
    "type": "Feature",
    "geometry": {
       "type": "Point",
       "coordinates":  [ 121.3625697,24.9385191 ]
    },
    "properties": {
    "city":"新北市",
    "name":"7-11恩主門市",
    "address":"237新北市三峽區鳶山里21鄰復興路447號"
    }
  },
  {
    "type": "Feature",
    "geometry": {
       "type": "Point",
       "coordinates":  [ 121.4327919,25.0581641 ]
    },
    "properties": {
    "city":"新北市",
    "name":"7-11泰山門市",
    "address":"243新北市泰山區明志路1段149.151號"
    }
  },
  {
    "type": "Feature",
    "geometry": {
       "type": "Point",
       "coordinates":  [ 121.5013685,25.0673106 ]
    },
    "properties": {
    "city":"新北市",
    "name":"7-11泰和門市",
    "address":"241新北市三重區長安街71號1樓"
    }
  },
  {
    "type": "Feature",
    "geometry": {
       "type": "Point",
       "coordinates":  [ 121.45155,25.102932 ]
    },
    "properties": {
    "city":"新北市",
    "name":"7-11泰股門市",
    "address":"248新北市五股區成泰路3段577巷24號"
    }
  },
  {
    "type": "Feature",
    "geometry": {
       "type": "Point",
       "coordinates":  [ 121.4574542,25.0870995 ]
    },
    "properties": {
    "city":"新北市",
    "name":"7-11泰星門市",
    "address":"247新北市蘆洲區成功里長安街276號"
    }
  },
  {
    "type": "Feature",
    "geometry": {
       "type": "Point",
       "coordinates":  [ 121.4327919,25.0581641 ]
    },
    "properties": {
    "city":"新北市",
    "name":"7-11泰陽門市",
    "address":"243新北市泰山區中山路二段832號"
    }
  },
  {
    "type": "Feature",
    "geometry": {
       "type": "Point",
       "coordinates":  [ 121.4870107,25.0082616 ]
    },
    "properties": {
    "city":"新北市",
    "name":"7-11泰隆門市",
    "address":"235新北市中和區立德街102號"
    }
  },
  {
    "type": "Feature",
    "geometry": {
       "type": "Point",
       "coordinates":  [ 121.471327,25.0084408 ]
    },
    "properties": {
    "city":"新北市",
    "name":"7-11海山門市",
    "address":"220新北市板橋區漢生東路310號"
    }
  },
  {
    "type": "Feature",
    "geometry": {
       "type": "Point",
       "coordinates":  [ 121.3974233,25.1462984 ]
    },
    "properties": {
    "city":"新北市",
    "name":"7-11益彰門市",
    "address":"249新北市八里區中山路二段409、411號"
    }
  },
  {
    "type": "Feature",
    "geometry": {
       "type": "Point",
       "coordinates":  [ 121.4886185,25.0504179 ]
    },
    "properties": {
    "city":"新北市",
    "name":"7-11真旺門市",
    "address":"241新北市三重區成功路50巷1號"
    }
  },
  {
    "type": "Feature",
    "geometry": {
       "type": "Point",
       "coordinates":  [ 121.5989784,25.0043683 ]
    },
    "properties": {
    "city":"新北市",
    "name":"7-11真誠門市",
    "address":"222新北市深坑區北深路三段263號"
    }
  },
  {
    "type": "Feature",
    "geometry": {
       "type": "Point",
       "coordinates":  [ 121.4519024,25.0363397 ]
    },
    "properties": {
    "city":"新北市",
    "name":"7-11真豪門市",
    "address":"242新北市新莊區中華路1段73號"
    }
  },
  {
    "type": "Feature",
    "geometry": {
       "type": "Point",
       "coordinates":  [ 121.4523935,25.1260536 ]
    },
    "properties": {
    "city":"新北市",
    "name":"7-11神州門市",
    "address":"249新北市八里區龍米路一段113號"
    }
  },
  {
    "type": "Feature",
    "geometry": {
       "type": "Point",
       "coordinates":  [ 121.4033256,25.0865024 ]
    },
    "properties": {
    "city":"新北市",
    "name":"7-11粉寮門市",
    "address":"244新北市林口區粉寮路二段36號"
    }
  },
  {
    "type": "Feature",
    "geometry": {
       "type": "Point",
       "coordinates":  [ 121.4770536,25.0691983 ]
    },
    "properties": {
    "city":"新北市",
    "name":"7-11陡門頭門市",
    "address":"241新北市三重區三民街329號"
    }
  },
  {
    "type": "Feature",
    "geometry": {
       "type": "Point",
       "coordinates":  [ 121.4927217,25.0786387 ]
    },
    "properties": {
    "city":"新北市",
    "name":"7-11高仁門市",
    "address":"241新北市三重區仁愛街274號."
    }
  },
  {
    "type": "Feature",
    "geometry": {
       "type": "Point",
       "coordinates":  [ 121.442112,24.9757349 ]
    },
    "properties": {
    "city":"新北市",
    "name":"7-11高峰門市",
    "address":"236新北市土城區中央路二段187號"
    }
  },
  {
    "type": "Feature",
    "geometry": {
       "type": "Point",
       "coordinates":  [ 121.4677118,25.0208329 ]
    },
    "properties": {
    "city":"新北市",
    "name":"7-11偉嘉門市",
    "address":"220新北市板橋區文化路一段270巷3弄2號"
    }
  },
  {
    "type": "Feature",
    "geometry": {
       "type": "Point",
       "coordinates":  [ 121.4684862,25.0896247 ]
    },
    "properties": {
    "city":"新北市",
    "name":"7-11健倫門市",
    "address":"247新北市蘆洲區保新里4鄰三民路230號"
    }
  },
  {
    "type": "Feature",
    "geometry": {
       "type": "Point",
       "coordinates":  [ 121.4849561,25.0706669 ]
    },
    "properties": {
    "city":"新北市",
    "name":"7-11健華門市",
    "address":"241新北市三重區忠孝路二段63號"
    }
  },
  {
    "type": "Feature",
    "geometry": {
       "type": "Point",
       "coordinates":  [ 121.4619346,25.1378758 ]
    },
    "properties": {
    "city":"新北市",
    "name":"7-11偕成門市",
    "address":"251新北市淡水區民生路54號"
    }
  },
  {
    "type": "Feature",
    "geometry": {
       "type": "Point",
       "coordinates":  [ 121.459805,24.9955713 ]
    },
    "properties": {
    "city":"新北市",
    "name":"7-11國和門市",
    "address":"220新北市板橋區和平路29號"
    }
  },
  {
    "type": "Feature",
    "geometry": {
       "type": "Point",
       "coordinates":  [ 121.4611696,25.0185355 ]
    },
    "properties": {
    "city":"新北市",
    "name":"7-11國府門市",
    "address":"220新北市板橋區國光路189號"
    }
  },
  {
    "type": "Feature",
    "geometry": {
       "type": "Point",
       "coordinates":  [ 121.4327359,25.0065874 ]
    },
    "properties": {
    "city":"新北市",
    "name":"7-11國瑞門市",
    "address":"242新北市新莊區新樹路300號之5"
    }
  },
  {
    "type": "Feature",
    "geometry": {
       "type": "Point",
       "coordinates":  [ 121.4618788,24.996295 ]
    },
    "properties": {
    "city":"新北市",
    "name":"7-11國慶門市",
    "address":"220新北市板橋區國慶路151號"
    }
  },
  {
    "type": "Feature",
    "geometry": {
       "type": "Point",
       "coordinates":  [ 121.3498808,24.9571591 ]
    },
    "properties": {
    "city":"新北市",
    "name":"7-11國鶯門市",
    "address":"239新北市鶯歌區中山路142號1F"
    }
  },
  {
    "type": "Feature",
    "geometry": {
       "type": "Point",
       "coordinates":  [ 121.6328765,25.0684667 ]
    },
    "properties": {
    "city":"新北市",
    "name":"7-11康湖門市",
    "address":"221新北市汐止區康寧街490號"
    }
  },
  {
    "type": "Feature",
    "geometry": {
       "type": "Point",
       "coordinates":  [ 121.4929001,24.9527577 ]
    },
    "properties": {
    "city":"新北市",
    "name":"7-11康曜門市",
    "address":"231新北市新店區安康路三段41號"
    }
  },
  {
    "type": "Feature",
    "geometry": {
       "type": "Point",
       "coordinates":  [ 121.517889,25.0002651 ]
    },
    "properties": {
    "city":"新北市",
    "name":"7-11得和門市",
    "address":"234新北市永和區中正路342號"
    }
  },
  {
    "type": "Feature",
    "geometry": {
       "type": "Point",
       "coordinates":  [ 121.5099942,24.9926179 ]
    },
    "properties": {
    "city":"新北市",
    "name":"7-11得晴門市",
    "address":"235新北市中和區景平路239巷1號1樓"
    }
  },
  {
    "type": "Feature",
    "geometry": {
       "type": "Point",
       "coordinates":  [ 121.5203628,25.0001523 ]
    },
    "properties": {
    "city":"新北市",
    "name":"7-11得福門市",
    "address":"234新北市永和區得和路241號"
    }
  },
  {
    "type": "Feature",
    "geometry": {
       "type": "Point",
       "coordinates":  [ 121.3750471,24.9372794 ]
    },
    "properties": {
    "city":"新北市",
    "name":"7-11御成門市",
    "address":"237新北市三峽區國光街35號"
    }
  },
  {
    "type": "Feature",
    "geometry": {
       "type": "Point",
       "coordinates":  [ 121.3913062,24.9623135 ]
    },
    "properties": {
    "city":"新北市",
    "name":"7-11御昇門市",
    "address":"238新北市樹林區佳園路二段34號1樓"
    }
  },
  {
    "type": "Feature",
    "geometry": {
       "type": "Point",
       "coordinates":  [ 121.5108048,24.9907547 ]
    },
    "properties": {
    "city":"新北市",
    "name":"7-11捷興門市",
    "address":"235新北市中和區興南路1段81號"
    }
  },
  {
    "type": "Feature",
    "geometry": {
       "type": "Point",
       "coordinates":  [ 121.4492477,25.1770917 ]
    },
    "properties": {
    "city":"新北市",
    "name":"7-11淡大門市",
    "address":"251新北市淡水區北新路182巷5弄39號"
    }
  },
  {
    "type": "Feature",
    "geometry": {
       "type": "Point",
       "coordinates":  [ 121.4453964,25.1688703 ]
    },
    "properties": {
    "city":"新北市",
    "name":"7-11淡水門市",
    "address":"251新北市淡水區中正東路3號"
    }
  },
  {
    "type": "Feature",
    "geometry": {
       "type": "Point",
       "coordinates":  [ 121.4464532,25.1755483 ]
    },
    "properties": {
    "city":"新北市",
    "name":"7-11淡江門市",
    "address":"251新北市淡水區學府路207號"
    }
  },
  {
    "type": "Feature",
    "geometry": {
       "type": "Point",
       "coordinates":  [ 121.4522911,25.1743806 ]
    },
    "properties": {
    "city":"新北市",
    "name":"7-11淡欣門市",
    "address":"251新北市淡水區水源街2段104號"
    }
  },
  {
    "type": "Feature",
    "geometry": {
       "type": "Point",
       "coordinates":  [ 121.4566635,25.2381111 ]
    },
    "properties": {
    "city":"新北市",
    "name":"7-11淡芝門市",
    "address":"251新北市淡水區淡金路5段100.102號"
    }
  },
  {
    "type": "Feature",
    "geometry": {
       "type": "Point",
       "coordinates":  [ 121.5085699,25.0079598 ]
    },
    "properties": {
    "city":"新北市",
    "name":"7-11添丁門市",
    "address":"234新北市永和區中山路一段213號1樓"
    }
  },
  {
    "type": "Feature",
    "geometry": {
       "type": "Point",
       "coordinates":  [ 121.473436,25.2534922 ]
    },
    "properties": {
    "city":"新北市",
    "name":"7-11淺水灣門市",
    "address":"252新北市三芝區北勢子42號"
    }
  },
  {
    "type": "Feature",
    "geometry": {
       "type": "Point",
       "coordinates":  [ 121.4577497,24.9814932 ]
    },
    "properties": {
    "city":"新北市",
    "name":"7-11清和門市",
    "address":"236新北市土城區清水路100號"
    }
  },
  {
    "type": "Feature",
    "geometry": {
       "type": "Point",
       "coordinates":  [ 121.487367,25.0510605 ]
    },
    "properties": {
    "city":"新北市",
    "name":"7-11清茂門市",
    "address":"241新北市三重區成功路106號之2"
    }
  },
  {
    "type": "Feature",
    "geometry": {
       "type": "Point",
       "coordinates":  [ 121.5340821,24.9589455 ]
    },
    "properties": {
    "city":"新北市",
    "name":"7-11涵碧門市",
    "address":"231新北市新店區碧潭路39.41號"
    }
  },
  {
    "type": "Feature",
    "geometry": {
       "type": "Point",
       "coordinates":  [ 121.534118,24.95636 ]
    },
    "properties": {
    "city":"新北市",
    "name":"7-11涵碧門市",
    "address":"231新北市新店區碧潭路37號"
    }
  },
  {
    "type": "Feature",
    "geometry": {
       "type": "Point",
       "coordinates":  [ 121.6034021,25.0027725 ]
    },
    "properties": {
    "city":"新北市",
    "name":"7-11深坑門市",
    "address":"222新北市深坑區北深路三段145號"
    }
  },
  {
    "type": "Feature",
    "geometry": {
       "type": "Point",
       "coordinates":  [ 121.4678407,24.9851675 ]
    },
    "properties": {
    "city":"新北市",
    "name":"7-11祥吉門市",
    "address":"236新北市土城區延吉街194號"
    }
  },
  {
    "type": "Feature",
    "geometry": {
       "type": "Point",
       "coordinates":  [ 121.425571,24.9642094 ]
    },
    "properties": {
    "city":"新北市",
    "name":"7-11祥泰門市",
    "address":"236新北市土城區中山路38號"
    }
  },
  {
    "type": "Feature",
    "geometry": {
       "type": "Point",
       "coordinates":  [ 121.4232989,24.9914843 ]
    },
    "properties": {
    "city":"新北市",
    "name":"7-11統友門市",
    "address":"238新北市樹林區中山路一段86號"
    }
  },
  {
    "type": "Feature",
    "geometry": {
       "type": "Point",
       "coordinates":  [ 121.4592903,25.0915428 ]
    },
    "properties": {
    "city":"新北市",
    "name":"7-11統吉門市",
    "address":"247新北市蘆洲區永平街32巷12弄1號"
    }
  },
  {
    "type": "Feature",
    "geometry": {
       "type": "Point",
       "coordinates":  [ 121.5173061,24.972348 ]
    },
    "properties": {
    "city":"新北市",
    "name":"7-11統和門市",
    "address":"231新北市新店區安和里安民街335.337號"
    }
  },
  {
    "type": "Feature",
    "geometry": {
       "type": "Point",
       "coordinates":  [ 121.5494193,24.9733703 ]
    },
    "properties": {
    "city":"新北市",
    "name":"7-11統客門市",
    "address":"231新北市新店區寶興路47號"
    }
  },
  {
    "type": "Feature",
    "geometry": {
       "type": "Point",
       "coordinates":  [ 121.4341954,25.0598008 ]
    },
    "properties": {
    "city":"新北市",
    "name":"7-11羚陽門市",
    "address":"243新北市泰山區泰林路二段302.304號"
    }
  },
  {
    "type": "Feature",
    "geometry": {
       "type": "Point",
       "coordinates":  [ 121.4727359,25.0011273 ]
    },
    "properties": {
    "city":"新北市",
    "name":"7-11莒光門市",
    "address":"235新北市中和區莒光路149號"
    }
  },
  {
    "type": "Feature",
    "geometry": {
       "type": "Point",
       "coordinates":  [ 121.4732952,25.0087815 ]
    },
    "properties": {
    "city":"新北市",
    "name":"7-11莒城門市",
    "address":"235新北市中和區莒光路91.93號1樓"
    }
  },
  {
    "type": "Feature",
    "geometry": {
       "type": "Point",
       "coordinates":  [ 121.4659334,25.0492422 ]
    },
    "properties": {
    "city":"新北市",
    "name":"7-11莊成門市",
    "address":"242新北市新莊區化成路354號"
    }
  },
  {
    "type": "Feature",
    "geometry": {
       "type": "Point",
       "coordinates":  [ 121.450232,25.0321775 ]
    },
    "properties": {
    "city":"新北市",
    "name":"7-11莊泰門市",
    "address":"242新北市新莊區新泰路21號"
    }
  },
  {
    "type": "Feature",
    "geometry": {
       "type": "Point",
       "coordinates":  [ 121.4151803,25.0214946 ]
    },
    "properties": {
    "city":"新北市",
    "name":"7-11莊龍門市",
    "address":"242新北市新莊區龍安路66號"
    }
  },
  {
    "type": "Feature",
    "geometry": {
       "type": "Point",
       "coordinates":  [ 121.5334674,24.9850077 ]
    },
    "properties": {
    "city":"新北市",
    "name":"7-11莊鑫門市",
    "address":"231新北市新店區中正路519號"
    }
  },
  {
    "type": "Feature",
    "geometry": {
       "type": "Point",
       "coordinates":  [ 121.4302837,24.9702909 ]
    },
    "properties": {
    "city":"新北市",
    "name":"7-11連宇門市",
    "address":"236新北市土城區自強街11巷2號"
    }
  },
  {
    "type": "Feature",
    "geometry": {
       "type": "Point",
       "coordinates":  [ 121.4948111,24.9922597 ]
    },
    "properties": {
    "city":"新北市",
    "name":"7-11連通門市",
    "address":"235新北市中和區圓通路293號"
    }
  },
  {
    "type": "Feature",
    "geometry": {
       "type": "Point",
       "coordinates":  [ 121.4993652,24.9986687 ]
    },
    "properties": {
    "city":"新北市",
    "name":"7-11連勝門市",
    "address":"235新北市中和區景平路513號"
    }
  },
  {
    "type": "Feature",
    "geometry": {
       "type": "Point",
       "coordinates":  [ 121.5411013,24.9804084 ]
    },
    "properties": {
    "city":"新北市",
    "name":"7-11連豐門市",
    "address":"231新北市新店區大豐路12號"
    }
  },
  {
    "type": "Feature",
    "geometry": {
       "type": "Point",
       "coordinates":  [ 121.4143257,24.9563497 ]
    },
    "properties": {
    "city":"新北市",
    "name":"7-11頂埔門市",
    "address":"236新北市土城區頂埔里中央路四段290號"
    }
  },
  {
    "type": "Feature",
    "geometry": {
       "type": "Point",
       "coordinates":  [ 121.4719067,25.0495568 ]
    },
    "properties": {
    "city":"新北市",
    "name":"7-11頂崁門市",
    "address":"241新北市三重區光復路一段70號1樓"
    }
  },
  {
    "type": "Feature",
    "geometry": {
       "type": "Point",
       "coordinates":  [ 121.4776496,25.0664878 ]
    },
    "properties": {
    "city":"新北市",
    "name":"7-11頂華門市",
    "address":"241新北市三重區頂崁街189號"
    }
  },
  {
    "type": "Feature",
    "geometry": {
       "type": "Point",
       "coordinates":  [ 121.5076532,24.9845354 ]
    },
    "properties": {
    "city":"新北市",
    "name":"7-11頂新門市",
    "address":"235新北市中和區華新街28號之1.2.3."
    }
  },
  {
    "type": "Feature",
    "geometry": {
       "type": "Point",
       "coordinates":  [ 121.411338,25.0200557 ]
    },
    "properties": {
    "city":"新北市",
    "name":"7-11傑元門市",
    "address":"242新北市新莊區中正路929巷27號"
    }
  },
  {
    "type": "Feature",
    "geometry": {
       "type": "Point",
       "coordinates":  [ 121.4545118,25.0535444 ]
    },
    "properties": {
    "city":"新北市",
    "name":"7-11傑出門市",
    "address":"242新北市新莊區昌平街69號"
    }
  },
  {
    "type": "Feature",
    "geometry": {
       "type": "Point",
       "coordinates":  [ 121.4198366,24.978749 ]
    },
    "properties": {
    "city":"新北市",
    "name":"7-11凱園門市",
    "address":"238新北市樹林區名園街45號"
    }
  },
  {
    "type": "Feature",
    "geometry": {
       "type": "Point",
       "coordinates":  [ 121.4780187,25.0232243 ]
    },
    "properties": {
    "city":"新北市",
    "name":"7-11勝多門市",
    "address":"220新北市板橋區縣民大道三段270巷2-6號"
    }
  },
  {
    "type": "Feature",
    "geometry": {
       "type": "Point",
       "coordinates":  [ 121.6380897,25.0682954 ]
    },
    "properties": {
    "city":"新北市",
    "name":"7-11勝福門市",
    "address":"221新北市汐止區福德一路89、91號"
    }
  },
  {
    "type": "Feature",
    "geometry": {
       "type": "Point",
       "coordinates":  [ 121.3308757,24.9370363 ]
    },
    "properties": {
    "city":"新北市",
    "name":"7-11博鑫門市",
    "address":"239新北市鶯歌區中正三路283-1.283-2號1樓"
    }
  },
  {
    "type": "Feature",
    "geometry": {
       "type": "Point",
       "coordinates":  [ 121.3987033,25.1449163 ]
    },
    "properties": {
    "city":"新北市",
    "name":"7-11喜城門市",
    "address":"249新北市八里區中華路二段562號"
    }
  },
  {
    "type": "Feature",
    "geometry": {
       "type": "Point",
       "coordinates":  [ 121.4762913,25.0519995 ]
    },
    "properties": {
    "city":"新北市",
    "name":"7-11富仟門市",
    "address":"241新北市三重區五谷王北街139號"
    }
  },
  {
    "type": "Feature",
    "geometry": {
       "type": "Point",
       "coordinates":  [ 121.4556516,25.0453624 ]
    },
    "properties": {
    "city":"新北市",
    "name":"7-11富旺門市",
    "address":"242新北市新莊區自立街172號"
    }
  },
  {
    "type": "Feature",
    "geometry": {
       "type": "Point",
       "coordinates":  [ 121.5153734,25.0118652 ]
    },
    "properties": {
    "city":"新北市",
    "name":"7-11富朋門市",
    "address":"234新北市永和區永和路二段116號"
    }
  },
  {
    "type": "Feature",
    "geometry": {
       "type": "Point",
       "coordinates":  [ 121.4501012,25.0669776 ]
    },
    "properties": {
    "city":"新北市",
    "name":"7-11富美門市",
    "address":"248新北市五股區五股工業區五權路23號"
    }
  },
  {
    "type": "Feature",
    "geometry": {
       "type": "Point",
       "coordinates":  [ 121.4536042,25.0686448 ]
    },
    "properties": {
    "city":"新北市",
    "name":"7-11富得門市",
    "address":"248新北市五股區五權路48號1樓"
    }
  },
  {
    "type": "Feature",
    "geometry": {
       "type": "Point",
       "coordinates":  [ 121.4337395,25.0113712 ]
    },
    "properties": {
    "city":"新北市",
    "name":"7-11富新門市",
    "address":"242新北市新莊區瓊林南路118-5號"
    }
  },
  {
    "type": "Feature",
    "geometry": {
       "type": "Point",
       "coordinates":  [ 121.6211942,25.0413578 ]
    },
    "properties": {
    "city":"新北市",
    "name":"7-11富鄰門市",
    "address":"221新北市汐止區宜興街8號"
    }
  },
  {
    "type": "Feature",
    "geometry": {
       "type": "Point",
       "coordinates":  [ 121.5024634,24.9901833 ]
    },
    "properties": {
    "city":"新北市",
    "name":"7-11富興門市",
    "address":"235新北市中和區中興里復興路277-1.279號"
    }
  },
  {
    "type": "Feature",
    "geometry": {
       "type": "Point",
       "coordinates":  [ 121.4184801,25.0262335 ]
    },
    "properties": {
    "city":"新北市",
    "name":"7-11富營門市",
    "address":"242新北市新莊區富國路20號1樓"
    }
  },
  {
    "type": "Feature",
    "geometry": {
       "type": "Point",
       "coordinates":  [ 121.6390284,25.0782612 ]
    },
    "properties": {
    "city":"新北市",
    "name":"7-11尊爵門市",
    "address":"221新北市汐止區伯爵街32號"
    }
  },
  {
    "type": "Feature",
    "geometry": {
       "type": "Point",
       "coordinates":  [ 121.4230429,24.9619109 ]
    },
    "properties": {
    "city":"新北市",
    "name":"7-11崴城門市",
    "address":"236新北市土城區中央路4段35-3號"
    }
  },
  {
    "type": "Feature",
    "geometry": {
       "type": "Point",
       "coordinates":  [ 121.4192001,24.9895288 ]
    },
    "properties": {
    "city":"新北市",
    "name":"7-11復育門市",
    "address":"238新北市樹林區樹西里13鄰育英街146號1樓."
    }
  },
  {
    "type": "Feature",
    "geometry": {
       "type": "Point",
       "coordinates":  [ 121.5083115,25.014867 ]
    },
    "properties": {
    "city":"新北市",
    "name":"7-11復美門市",
    "address":"234新北市永和區秀朗路1段146號"
    }
  },
  {
    "type": "Feature",
    "geometry": {
       "type": "Point",
       "coordinates":  [ 121.3655032,24.9388696 ]
    },
    "properties": {
    "city":"新北市",
    "name":"7-11復峽門市",
    "address":"237新北市三峽區復興路157.159號"
    }
  },
  {
    "type": "Feature",
    "geometry": {
       "type": "Point",
       "coordinates":  [ 121.471972,25.0597319 ]
    },
    "properties": {
    "city":"新北市",
    "name":"7-11復貴門市",
    "address":"241新北市三重區頂崁里光復路2段140-1號"
    }
  },
  {
    "type": "Feature",
    "geometry": {
       "type": "Point",
       "coordinates":  [ 121.5113037,24.9572577 ]
    },
    "properties": {
    "city":"新北市",
    "name":"7-11景大門市",
    "address":"231新北市新店區安忠路71巷1號1樓"
    }
  },
  {
    "type": "Feature",
    "geometry": {
       "type": "Point",
       "coordinates":  [ 121.5119169,24.9862492 ]
    },
    "properties": {
    "city":"新北市",
    "name":"7-11景仁門市",
    "address":"235新北市中和區東南里14鄰忠孝街103號1樓"
    }
  },
  {
    "type": "Feature",
    "geometry": {
       "type": "Point",
       "coordinates":  [ 121.5038982,24.9907899 ]
    },
    "properties": {
    "city":"新北市",
    "name":"7-11景安門市",
    "address":"235新北市中和區景安路210號"
    }
  },
  {
    "type": "Feature",
    "geometry": {
       "type": "Point",
       "coordinates":  [ 121.1472739,25.0471235 ]
    },
    "properties": {
    "city":"新北市",
    "name":"7-11景旺門市",
    "address":"235新北市中和區成功南路1號"
    }
  },
  {
    "type": "Feature",
    "geometry": {
       "type": "Point",
       "coordinates":  [ 121.5171584,24.9922708 ]
    },
    "properties": {
    "city":"新北市",
    "name":"7-11景勇門市",
    "address":"235新北市中和區景平路166號"
    }
  },
  {
    "type": "Feature",
    "geometry": {
       "type": "Point",
       "coordinates":  [ 121.484757,25.00024 ]
    },
    "properties": {
    "city":"新北市",
    "name":"7-11景順門市",
    "address":"235新北市中和區平河里中正路755之1號"
    }
  },
  {
    "type": "Feature",
    "geometry": {
       "type": "Point",
       "coordinates":  [ 121.4975006,24.9953733 ]
    },
    "properties": {
    "city":"新北市",
    "name":"7-11景圓門市",
    "address":"235新北市中和區圓通路162-1.162-21F"
    }
  },
  {
    "type": "Feature",
    "geometry": {
       "type": "Point",
       "coordinates":  [ 121.5130869,24.9884713 ]
    },
    "properties": {
    "city":"新北市",
    "name":"7-11景新門市",
    "address":"235新北市中和區景新街436號"
    }
  },
  {
    "type": "Feature",
    "geometry": {
       "type": "Point",
       "coordinates":  [ 121.5105933,24.9521782 ]
    },
    "properties": {
    "city":"新北市",
    "name":"7-11景愿門市",
    "address":"231新北市新店區安忠路99號1樓"
    }
  },
  {
    "type": "Feature",
    "geometry": {
       "type": "Point",
       "coordinates":  [ 121.5143127,24.9883042 ]
    },
    "properties": {
    "city":"新北市",
    "name":"7-11景福門市",
    "address":"235新北市中和區景新街467巷22號"
    }
  },
  {
    "type": "Feature",
    "geometry": {
       "type": "Point",
       "coordinates":  [ 121.50536,24.9951001 ]
    },
    "properties": {
    "city":"新北市",
    "name":"7-11景禮門市",
    "address":"235新北市中和區景安路100.102號"
    }
  },
  {
    "type": "Feature",
    "geometry": {
       "type": "Point",
       "coordinates":  [ 121.4849942,24.997907 ]
    },
    "properties": {
    "city":"新北市",
    "name":"7-11景鑫門市",
    "address":"235新北市中和區中正路683號"
    }
  },
  {
    "type": "Feature",
    "geometry": {
       "type": "Point",
       "coordinates":  [ 121.5140389,24.9952915 ]
    },
    "properties": {
    "city":"新北市",
    "name":"7-11智光門市",
    "address":"234新北市永和區中正路88號"
    }
  },
  {
    "type": "Feature",
    "geometry": {
       "type": "Point",
       "coordinates":  [ 121.4679761,25.0827997 ]
    },
    "properties": {
    "city":"新北市",
    "name":"7-11智華門市",
    "address":"247新北市蘆洲區光華路72號"
    }
  },
  {
    "type": "Feature",
    "geometry": {
       "type": "Point",
       "coordinates":  [ 121.6535283,25.0663938 ]
    },
    "properties": {
    "city":"新北市",
    "name":"7-11智慧門市",
    "address":"221新北市汐止區大同路2段281號"
    }
  },
  {
    "type": "Feature",
    "geometry": {
       "type": "Point",
       "coordinates":  [ 121.4581618,25.0220451 ]
    },
    "properties": {
    "city":"新北市",
    "name":"7-11智樂門市",
    "address":"220新北市板橋區新生街89巷2號"
    }
  },
  {
    "type": "Feature",
    "geometry": {
       "type": "Point",
       "coordinates":  [ 121.4517053,25.0513159 ]
    },
    "properties": {
    "city":"新北市",
    "name":"7-11港義門市",
    "address":"242新北市新莊區中港路527號"
    }
  },
  {
    "type": "Feature",
    "geometry": {
       "type": "Point",
       "coordinates":  [ 121.4381038,25.1716184 ]
    },
    "properties": {
    "city":"新北市",
    "name":"7-11渡船頭門市",
    "address":"251新北市淡水區中正路57.59號"
    }
  },
  {
    "type": "Feature",
    "geometry": {
       "type": "Point",
       "coordinates":  [ 121.6311439,25.0737172 ]
    },
    "properties": {
    "city":"新北市",
    "name":"7-11湖前門市",
    "address":"221新北市汐止區湖前街99.101號"
    }
  },
  {
    "type": "Feature",
    "geometry": {
       "type": "Point",
       "coordinates":  [ 121.468142,25.045665 ]
    },
    "properties": {
    "city":"新北市",
    "name":"7-11湯旺門市",
    "address":"241新北市三重區中興里重新路5段609巷2-1號"
    }
  },
  {
    "type": "Feature",
    "geometry": {
       "type": "Point",
       "coordinates":  [ 121.4673492,25.0466723 ]
    },
    "properties": {
    "city":"新北市",
    "name":"7-11湯城門市",
    "address":"241新北市三重區重新路5段609巷10號之6"
    }
  },
  {
    "type": "Feature",
    "geometry": {
       "type": "Point",
       "coordinates":  [ 121.4049198,25.0978615 ]
    },
    "properties": {
    "city":"新北市",
    "name":"7-11登林門市",
    "address":"244新北市林口區粉寮路1段84號"
    }
  },
  {
    "type": "Feature",
    "geometry": {
       "type": "Point",
       "coordinates":  [ 121.65415,25.06274 ]
    },
    "properties": {
    "city":"新北市",
    "name":"7-11登峰門市",
    "address":"221新北市汐止區新台五路1段151號"
    }
  },
  {
    "type": "Feature",
    "geometry": {
       "type": "Point",
       "coordinates":  [ 121.4718113,25.0534372 ]
    },
    "properties": {
    "city":"新北市",
    "name":"7-11登頂門市",
    "address":"241新北市三重區光復路2段2號"
    }
  },
  {
    "type": "Feature",
    "geometry": {
       "type": "Point",
       "coordinates":  [ 121.4306847,25.0695806 ]
    },
    "properties": {
    "city":"新北市",
    "name":"7-11登福門市",
    "address":"248新北市五股區登林路76之3號"
    }
  },
  {
    "type": "Feature",
    "geometry": {
       "type": "Point",
       "coordinates":  [ 121.4621298,25.0804872 ]
    },
    "properties": {
    "city":"新北市",
    "name":"7-11華安門市",
    "address":"247新北市蘆洲區長安街82號"
    }
  },
  {
    "type": "Feature",
    "geometry": {
       "type": "Point",
       "coordinates":  [ 121.4713595,25.0242898 ]
    },
    "properties": {
    "city":"新北市",
    "name":"7-11華翠門市",
    "address":"220新北市板橋區莒光路63號"
    }
  },
  {
    "type": "Feature",
    "geometry": {
       "type": "Point",
       "coordinates":  [ 121.4213769,25.0312155 ]
    },
    "properties": {
    "city":"新北市",
    "name":"7-11貴鳳門市",
    "address":"243新北市泰山區貴鳳街2號"
    }
  },
  {
    "type": "Feature",
    "geometry": {
       "type": "Point",
       "coordinates":  [ 121.4578846,25.004352 ]
    },
    "properties": {
    "city":"新北市",
    "name":"7-11貴興門市",
    "address":"220新北市板橋區貴興路7號"
    }
  },
  {
    "type": "Feature",
    "geometry": {
       "type": "Point",
       "coordinates":  [ 121.65575,25.066673 ]
    },
    "properties": {
    "city":"新北市",
    "name":"7-11進益門市",
    "address":"221新北市汐止區大同路二段314號"
    }
  },
  {
    "type": "Feature",
    "geometry": {
       "type": "Point",
       "coordinates":  [ 121.6687411,25.0814027 ]
    },
    "properties": {
    "city":"新北市",
    "name":"7-11鄉長門市",
    "address":"221新北市汐止區鄉長路二段16號"
    }
  },
  {
    "type": "Feature",
    "geometry": {
       "type": "Point",
       "coordinates":  [ 121.4535023,24.9830019 ]
    },
    "properties": {
    "city":"新北市",
    "name":"7-11隆城門市",
    "address":"236新北市土城區學士路14號"
    }
  },
  {
    "type": "Feature",
    "geometry": {
       "type": "Point",
       "coordinates":  [ 121.4697979,25.011829 ]
    },
    "properties": {
    "city":"新北市",
    "name":"7-11雅盛門市",
    "address":"220新北市板橋區長安里漢生東路187號"
    }
  },
  {
    "type": "Feature",
    "geometry": {
       "type": "Point",
       "coordinates":  [ 121.4894707,25.052914 ]
    },
    "properties": {
    "city":"新北市",
    "name":"7-11集美門市",
    "address":"241新北市三重區集美街107號"
    }
  },
  {
    "type": "Feature",
    "geometry": {
       "type": "Point",
       "coordinates":  [ 121.4810605,25.083498 ]
    },
    "properties": {
    "city":"新北市",
    "name":"7-11集賢門市",
    "address":"247新北市蘆洲區集賢路271號"
    }
  },
  {
    "type": "Feature",
    "geometry": {
       "type": "Point",
       "coordinates":  [ 121.4910952,25.0540712 ]
    },
    "properties": {
    "city":"新北市",
    "name":"7-11集興門市",
    "address":"241新北市三重區光明里24鄰集美街202號"
    }
  },
  {
    "type": "Feature",
    "geometry": {
       "type": "Point",
       "coordinates":  [ 121.4106997,24.9779523 ]
    },
    "properties": {
    "city":"新北市",
    "name":"7-11順興門市",
    "address":"238新北市樹林區東興街41號"
    }
  },
  {
    "type": "Feature",
    "geometry": {
       "type": "Point",
       "coordinates":  [ 121.481901,25.078971 ]
    },
    "properties": {
    "city":"新北市",
    "name":"7-11匯和門市",
    "address":"241新北市三重區三和路4段390巷2號"
    }
  },
  {
    "type": "Feature",
    "geometry": {
       "type": "Point",
       "coordinates":  [ 121.4537813,25.0092927 ]
    },
    "properties": {
    "city":"新北市",
    "name":"7-11園林門市",
    "address":"220新北市板橋區光華里林園街1號"
    }
  },
  {
    "type": "Feature",
    "geometry": {
       "type": "Point",
       "coordinates":  [ 121.3680418,24.9269659 ]
    },
    "properties": {
    "city":"新北市",
    "name":"7-11園道門市",
    "address":"237新北市三峽區中園街22號"
    }
  },
  {
    "type": "Feature",
    "geometry": {
       "type": "Point",
       "coordinates":  [ 121.4925743,24.9907232 ]
    },
    "properties": {
    "city":"新北市",
    "name":"7-11圓通門市",
    "address":"235新北市中和區圓通路280.282號"
    }
  },
  {
    "type": "Feature",
    "geometry": {
       "type": "Point",
       "coordinates":  [ 121.4693508,25.0493322 ]
    },
    "properties": {
    "city":"新北市",
    "name":"7-11愛家門市",
    "address":"241新北市三重區中興北街42巷11號"
    }
  },
  {
    "type": "Feature",
    "geometry": {
       "type": "Point",
       "coordinates":  [ 121.3928657,25.0763143 ]
    },
    "properties": {
    "city":"新北市",
    "name":"7-11愛鄉門市",
    "address":"244新北市林口區仁愛路1段635號"
    }
  },
  {
    "type": "Feature",
    "geometry": {
       "type": "Point",
       "coordinates":  [ 121.635587,25.0613107 ]
    },
    "properties": {
    "city":"新北市",
    "name":"7-11新工建門市",
    "address":"221新北市汐止區中興路60號"
    }
  },
  {
    "type": "Feature",
    "geometry": {
       "type": "Point",
       "coordinates":  [ 121.5416485,24.9717709 ]
    },
    "properties": {
    "city":"新北市",
    "name":"7-11新中門市",
    "address":"231新北市新店區中正路152號"
    }
  },
  {
    "type": "Feature",
    "geometry": {
       "type": "Point",
       "coordinates":  [ 121.4662447,25.052164 ]
    },
    "properties": {
    "city":"新北市",
    "name":"7-11新化成門市",
    "address":"242新北市新莊區化成路500號"
    }
  },
  {
    "type": "Feature",
    "geometry": {
       "type": "Point",
       "coordinates":  [ 121.4506434,25.0621818 ]
    },
    "properties": {
    "city":"新北市",
    "name":"7-11新台門市",
    "address":"248新北市五股區五工六路14號"
    }
  },
  {
    "type": "Feature",
    "geometry": {
       "type": "Point",
       "coordinates":  [ 121.4631312,25.0310893 ]
    },
    "properties": {
    "city":"新北市",
    "name":"7-11新巨蛋門市",
    "address":"220新北市板橋區長江路一段419.421.423號"
    }
  },
  {
    "type": "Feature",
    "geometry": {
       "type": "Point",
       "coordinates":  [ 121.4447389,25.1828246 ]
    },
    "properties": {
    "city":"新北市",
    "name":"7-11新市鎮門市",
    "address":"251新北市淡水區中山北路一段382號"
    }
  },
  {
    "type": "Feature",
    "geometry": {
       "type": "Point",
       "coordinates":  [ 121.5341371,24.9899999 ]
    },
    "properties": {
    "city":"新北市",
    "name":"7-11新正門市",
    "address":"231新北市新店區中正路682號"
    }
  },
  {
    "type": "Feature",
    "geometry": {
       "type": "Point",
       "coordinates":  [ 121.4745825,25.0014408 ]
    },
    "properties": {
    "city":"新北市",
    "name":"7-11新民享門市",
    "address":"235新北市中和區民享街91號"
    }
  },
  {
    "type": "Feature",
    "geometry": {
       "type": "Point",
       "coordinates":  [ 121.5222386,25.0006945 ]
    },
    "properties": {
    "city":"新北市",
    "name":"7-11新永元門市",
    "address":"234新北市永和區永元路28、30號"
    }
  },
  {
    "type": "Feature",
    "geometry": {
       "type": "Point",
       "coordinates":  [ 121.4308691,24.9647825 ]
    },
    "properties": {
    "city":"新北市",
    "name":"7-11新永寧門市",
    "address":"236新北市土城區中央路三段191之1號、永寧路1、3號"
    }
  },
  {
    "type": "Feature",
    "geometry": {
       "type": "Point",
       "coordinates":  [ 121.4638274,25.0060582 ]
    },
    "properties": {
    "city":"新北市",
    "name":"7-11新兆圓門市",
    "address":"220新北市板橋區實踐路34.34-1號1樓"
    }
  },
  {
    "type": "Feature",
    "geometry": {
       "type": "Point",
       "coordinates":  [ 121.473444,25.0809329 ]
    },
    "properties": {
    "city":"新北市",
    "name":"7-11新吉麗門市",
    "address":"247新北市蘆洲區中山一路204號1樓"
    }
  },
  {
    "type": "Feature",
    "geometry": {
       "type": "Point",
       "coordinates":  [ 121.420663,24.9957621 ]
    },
    "properties": {
    "city":"新北市",
    "name":"7-11新宇鈞門市",
    "address":"238新北市樹林區大安路115.117號1樓"
    }
  },
  {
    "type": "Feature",
    "geometry": {
       "type": "Point",
       "coordinates":  [ 121.43097,25.020766 ]
    },
    "properties": {
    "city":"新北市",
    "name":"7-11新安門市",
    "address":"242新北市新莊區民安東路127號"
    }
  },
  {
    "type": "Feature",
    "geometry": {
       "type": "Point",
       "coordinates":  [ 121.446342,25.031803 ]
    },
    "properties": {
    "city":"新北市",
    "name":"7-11新年門市",
    "address":"242新北市新莊區豐年街54號"
    }
  },
  {
    "type": "Feature",
    "geometry": {
       "type": "Point",
       "coordinates":  [ 121.6618854,25.073495 ]
    },
    "properties": {
    "city":"新北市",
    "name":"7-11新旭勝門市",
    "address":"221新北市汐止區建成路160巷2號"
    }
  },
  {
    "type": "Feature",
    "geometry": {
       "type": "Point",
       "coordinates":  [ 121.641961,25.0640666 ]
    },
    "properties": {
    "city":"新北市",
    "name":"7-11新汐農門市",
    "address":"221新北市汐止區樟樹一路113、115號"
    }
  },
  {
    "type": "Feature",
    "geometry": {
       "type": "Point",
       "coordinates":  [ 121.4288096,25.0270242 ]
    },
    "properties": {
    "city":"新北市",
    "name":"7-11新宏盛門市",
    "address":"242新北市新莊區後港一路114號"
    }
  },
  {
    "type": "Feature",
    "geometry": {
       "type": "Point",
       "coordinates":  [ 121.4342033,24.9725233 ]
    },
    "properties": {
    "city":"新北市",
    "name":"7-11新亞洲門市",
    "address":"236新北市土城區亞洲路104號"
    }
  },
  {
    "type": "Feature",
    "geometry": {
       "type": "Point",
       "coordinates":  [ 121.5197601,24.9855245 ]
    },
    "properties": {
    "city":"新北市",
    "name":"7-11新和門市",
    "address":"231新北市新店區新和街57號"
    }
  },
  {
    "type": "Feature",
    "geometry": {
       "type": "Point",
       "coordinates":  [ 121.48875,24.9945118 ]
    },
    "properties": {
    "city":"新北市",
    "name":"7-11新和高門市",
    "address":"235新北市中和區中正路502號1樓"
    }
  },
  {
    "type": "Feature",
    "geometry": {
       "type": "Point",
       "coordinates":  [ 121.5590203,24.9542688 ]
    },
    "properties": {
    "city":"新北市",
    "name":"7-11新宜門市",
    "address":"231新北市新店區北宜路二段4.6號"
    }
  },
  {
    "type": "Feature",
    "geometry": {
       "type": "Point",
       "coordinates":  [ 121.5375963,24.9578583 ]
    },
    "properties": {
    "city":"新北市",
    "name":"7-11新店站門市",
    "address":"231新北市新店區北宜路一段2號"
    }
  },
  {
    "type": "Feature",
    "geometry": {
       "type": "Point",
       "coordinates":  [ 121.394697,25.0772248 ]
    },
    "properties": {
    "city":"新北市",
    "name":"7-11新林口門市",
    "address":"244新北市林口區中正路83號"
    }
  },
  {
    "type": "Feature",
    "geometry": {
       "type": "Point",
       "coordinates":  [ 121.4627576,25.0130994 ]
    },
    "properties": {
    "city":"新北市",
    "name":"7-11新板橋門市",
    "address":"220新北市板橋區文化路1段135號"
    }
  },
  {
    "type": "Feature",
    "geometry": {
       "type": "Point",
       "coordinates":  [ 121.5400009,24.9844166 ]
    },
    "properties": {
    "city":"新北市",
    "name":"7-11新矽谷門市",
    "address":"231新北市新店區北新路三段205-1號"
    }
  },
  {
    "type": "Feature",
    "geometry": {
       "type": "Point",
       "coordinates":  [ 121.5069653,25.0077686 ]
    },
    "properties": {
    "city":"新北市",
    "name":"7-11新保捷門市",
    "address":"234新北市永和區保生路22巷2號1樓"
    }
  },
  {
    "type": "Feature",
    "geometry": {
       "type": "Point",
       "coordinates":  [ 121.507232,25.0135654 ]
    },
    "properties": {
    "city":"新北市",
    "name":"7-11新保福門市",
    "address":"234新北市永和區保安路220號"
    }
  },
  {
    "type": "Feature",
    "geometry": {
       "type": "Point",
       "coordinates":  [ 121.7618214,25.1008022 ]
    },
    "properties": {
    "city":"新北市",
    "name":"7-11新建興門市",
    "address":"224新北市瑞芳區大埔路138號"
    }
  },
  {
    "type": "Feature",
    "geometry": {
       "type": "Point",
       "coordinates":  [ 121.4417343,25.1815302 ]
    },
    "properties": {
    "city":"新北市",
    "name":"7-11新春門市",
    "address":"251新北市淡水區新春街140號"
    }
  },
  {
    "type": "Feature",
    "geometry": {
       "type": "Point",
       "coordinates":  [ 121.4836865,25.0631101 ]
    },
    "properties": {
    "city":"新北市",
    "name":"7-11新洛華門市",
    "address":"241新北市三重區中華路95號"
    }
  },
  {
    "type": "Feature",
    "geometry": {
       "type": "Point",
       "coordinates":  [ 121.4661164,25.0546819 ]
    },
    "properties": {
    "city":"新北市",
    "name":"7-11新茂門市",
    "address":"242新北市新莊區化成路118.120號"
    }
  },
  {
    "type": "Feature",
    "geometry": {
       "type": "Point",
       "coordinates":  [ 121.4280731,25.0156145 ]
    },
    "properties": {
    "city":"新北市",
    "name":"7-11新展盛門市",
    "address":"242新北市新莊區西盛街325.327號1樓"
    }
  },
  {
    "type": "Feature",
    "geometry": {
       "type": "Point",
       "coordinates":  [ 121.4458391,25.0401467 ]
    },
    "properties": {
    "city":"新北市",
    "name":"7-11新泰門市",
    "address":"242新北市新莊區新泰路267號"
    }
  },
  {
    "type": "Feature",
    "geometry": {
       "type": "Point",
       "coordinates":  [ 121.4609806,25.0233604 ]
    },
    "properties": {
    "city":"新北市",
    "name":"7-11新海門市",
    "address":"220新北市板橋區文德里新海路138號"
    }
  },
  {
    "type": "Feature",
    "geometry": {
       "type": "Point",
       "coordinates":  [ 121.4367634,25.1788898 ]
    },
    "properties": {
    "city":"新北市",
    "name":"7-11新真理門市",
    "address":"251新北市淡水區新民街102.104號"
    }
  },
  {
    "type": "Feature",
    "geometry": {
       "type": "Point",
       "coordinates":  [ 121.4375527,25.1791848 ]
    },
    "properties": {
    "city":"新北市",
    "name":"7-11新淡專門市",
    "address":"251新北市淡水區新民街180巷12.16號"
    }
  },
  {
    "type": "Feature",
    "geometry": {
       "type": "Point",
       "coordinates":  [ 121.654714,25.0713059 ]
    },
    "properties": {
    "city":"新北市",
    "name":"7-11新盛昌門市",
    "address":"221新北市汐止區長江街13巷1號"
    }
  },
  {
    "type": "Feature",
    "geometry": {
       "type": "Point",
       "coordinates":  [ 121.4468454,25.036715 ]
    },
    "properties": {
    "city":"新北市",
    "name":"7-11新統義門市",
    "address":"242新北市新莊區建中街92號1樓"
    }
  },
  {
    "type": "Feature",
    "geometry": {
       "type": "Point",
       "coordinates":  [ 121.416346,24.957733 ]
    },
    "properties": {
    "city":"新北市",
    "name":"7-11新通信門市",
    "address":"236新北市土城區中央路四段70.72號"
    }
  },
  {
    "type": "Feature",
    "geometry": {
       "type": "Point",
       "coordinates":  [ 121.4882685,24.9952248 ]
    },
    "properties": {
    "city":"新北市",
    "name":"7-11新連正門市",
    "address":"235新北市中和區連城路347巷2號"
    }
  },
  {
    "type": "Feature",
    "geometry": {
       "type": "Point",
       "coordinates":  [ 121.6882871,25.2039253 ]
    },
    "properties": {
    "city":"新北市",
    "name":"7-11新野柳門市",
    "address":"207新北市萬里鄉野柳港東路158號"
    }
  },
  {
    "type": "Feature",
    "geometry": {
       "type": "Point",
       "coordinates":  [ 121.5090806,24.9830825 ]
    },
    "properties": {
    "city":"新北市",
    "name":"7-11新景和門市",
    "address":"235新北市中和區忠孝街1-2號"
    }
  },
  {
    "type": "Feature",
    "geometry": {
       "type": "Point",
       "coordinates":  [ 121.4460754,25.0362424 ]
    },
    "properties": {
    "city":"新北市",
    "name":"7-11新港原門市",
    "address":"242新北市新莊區中原路201.203號1樓"
    }
  },
  {
    "type": "Feature",
    "geometry": {
       "type": "Point",
       "coordinates":  [ 121.4191596,24.9648364 ]
    },
    "properties": {
    "city":"新北市",
    "name":"7-11新紫城門市",
    "address":"236新北市土城區福安街38、40號"
    }
  },
  {
    "type": "Feature",
    "geometry": {
       "type": "Point",
       "coordinates":  [ 121.4341954,25.0598008 ]
    },
    "properties": {
    "city":"新北市",
    "name":"7-11新陽光門市",
    "address":"243新北市泰山區泰林路2段368.370號"
    }
  },
  {
    "type": "Feature",
    "geometry": {
       "type": "Point",
       "coordinates":  [ 121.5405745,24.9862684 ]
    },
    "properties": {
    "city":"新北市",
    "name":"7-11新順安門市",
    "address":"231新北市新店區順安街57號"
    }
  },
  {
    "type": "Feature",
    "geometry": {
       "type": "Point",
       "coordinates":  [ 121.9234974,25.0486147 ]
    },
    "properties": {
    "city":"新北市",
    "name":"7-11新順興門市",
    "address":"228新北市貢寮區仁和路2號"
    }
  },
  {
    "type": "Feature",
    "geometry": {
       "type": "Point",
       "coordinates":  [ 121.4349378,25.0765727 ]
    },
    "properties": {
    "city":"新北市",
    "name":"7-11新圓山門市",
    "address":"248新北市五股區成泰路一段191號"
    }
  },
  {
    "type": "Feature",
    "geometry": {
       "type": "Point",
       "coordinates":  [ 121.5431641,24.9779922 ]
    },
    "properties": {
    "city":"新北市",
    "name":"7-11新極景門市",
    "address":"231新北市新店區北新路2段252-1號"
    }
  },
  {
    "type": "Feature",
    "geometry": {
       "type": "Point",
       "coordinates":  [ 121.5176577,24.9836254 ]
    },
    "properties": {
    "city":"新北市",
    "name":"7-11新猷門市",
    "address":"231新北市新店區安和路三段77號"
    }
  },
  {
    "type": "Feature",
    "geometry": {
       "type": "Point",
       "coordinates":  [ 121.4753067,25.0911285 ]
    },
    "properties": {
    "city":"新北市",
    "name":"7-11新義民門市",
    "address":"247新北市蘆洲區民族路122.124號"
    }
  },
  {
    "type": "Feature",
    "geometry": {
       "type": "Point",
       "coordinates":  [ 121.449035,24.9879975 ]
    },
    "properties": {
    "city":"新北市",
    "name":"7-11新裕生門市",
    "address":"236新北市土城區裕民路57號、55巷2號"
    }
  },
  {
    "type": "Feature",
    "geometry": {
       "type": "Point",
       "coordinates":  [ 121.4457725,25.0122825 ]
    },
    "properties": {
    "city":"新北市",
    "name":"7-11新僑中門市",
    "address":"220新北市板橋區僑中一街124巷3弄3號"
    }
  },
  {
    "type": "Feature",
    "geometry": {
       "type": "Point",
       "coordinates":  [ 121.5304611,24.9736617 ]
    },
    "properties": {
    "city":"新北市",
    "name":"7-11新福民門市",
    "address":"231新北市新店區中央路135號"
    }
  },
  {
    "type": "Feature",
    "geometry": {
       "type": "Point",
       "coordinates":  [ 121.9444987,25.0167487 ]
    },
    "properties": {
    "city":"新北市",
    "name":"7-11新福隆門市",
    "address":"228新北市貢寮區福隆村興隆街24-1號"
    }
  },
  {
    "type": "Feature",
    "geometry": {
       "type": "Point",
       "coordinates":  [ 121.4582308,25.0653538 ]
    },
    "properties": {
    "city":"新北市",
    "name":"7-11新福圓門市",
    "address":"242新北市新莊區五工三路93號1樓"
    }
  },
  {
    "type": "Feature",
    "geometry": {
       "type": "Point",
       "coordinates":  [ 121.4799613,25.0230679 ]
    },
    "properties": {
    "city":"新北市",
    "name":"7-11新翠華門市",
    "address":"220新北市板橋區三民路一段31巷14、16號"
    }
  },
  {
    "type": "Feature",
    "geometry": {
       "type": "Point",
       "coordinates":  [ 121.412365,25.0127181 ]
    },
    "properties": {
    "city":"新北市",
    "name":"7-11新遠門市",
    "address":"242新北市新莊區中正路651號之8號"
    }
  },
  {
    "type": "Feature",
    "geometry": {
       "type": "Point",
       "coordinates":  [ 121.5337444,24.9853306 ]
    },
    "properties": {
    "city":"新北市",
    "name":"7-11新廣門市",
    "address":"231新北市新店區中正路542之2號"
    }
  },
  {
    "type": "Feature",
    "geometry": {
       "type": "Point",
       "coordinates":  [ 121.6407421,25.0683359 ]
    },
    "properties": {
    "city":"新北市",
    "name":"7-11新樟樹門市",
    "address":"221新北市汐止區樟樹二路255號"
    }
  },
  {
    "type": "Feature",
    "geometry": {
       "type": "Point",
       "coordinates":  [ 121.459747,24.9885054 ]
    },
    "properties": {
    "city":"新北市",
    "name":"7-11新學府門市",
    "address":"236新北市土城區學府路1段169號"
    }
  },
  {
    "type": "Feature",
    "geometry": {
       "type": "Point",
       "coordinates":  [ 121.4158663,25.0014176 ]
    },
    "properties": {
    "city":"新北市",
    "name":"7-11新樹工門市",
    "address":"238新北市樹林區保安街二段6號"
    }
  },
  {
    "type": "Feature",
    "geometry": {
       "type": "Point",
       "coordinates":  [ 121.4348576,25.0225656 ]
    },
    "properties": {
    "city":"新北市",
    "name":"7-11新樹門市",
    "address":"242新北市新莊區新樹路166號.民安路461號"
    }
  },
  {
    "type": "Feature",
    "geometry": {
       "type": "Point",
       "coordinates":  [ 121.5487393,24.9189919 ]
    },
    "properties": {
    "city":"新北市",
    "name":"7-11新燕門市",
    "address":"231新北市新店區新烏路2段382.384號1樓"
    }
  },
  {
    "type": "Feature",
    "geometry": {
       "type": "Point",
       "coordinates":  [ 121.4778866,25.0012304 ]
    },
    "properties": {
    "city":"新北市",
    "name":"7-11新積穗門市",
    "address":"235新北市中和區民安街27.29號1樓"
    }
  },
  {
    "type": "Feature",
    "geometry": {
       "type": "Point",
       "coordinates":  [ 121.4792017,24.9438346 ]
    },
    "properties": {
    "city":"新北市",
    "name":"7-11新錦秀門市",
    "address":"231新北市新店區錦秀路13.15號1樓"
    }
  },
  {
    "type": "Feature",
    "geometry": {
       "type": "Point",
       "coordinates":  [ 121.425855,25.0143873 ]
    },
    "properties": {
    "city":"新北市",
    "name":"7-11新龍門市",
    "address":"242新北市新莊區光明里民安西路232號"
    }
  },
  {
    "type": "Feature",
    "geometry": {
       "type": "Point",
       "coordinates":  [ 121.4208404,25.019689 ]
    },
    "properties": {
    "city":"新北市",
    "name":"7-11新龍俊門市",
    "address":"242新北市新莊區龍安路351.353號1樓"
    }
  },
  {
    "type": "Feature",
    "geometry": {
       "type": "Point",
       "coordinates":  [ 121.5341805,24.9905336 ]
    },
    "properties": {
    "city":"新北市",
    "name":"7-11新鵬門市",
    "address":"231新北市新店區中正路696號1樓"
    }
  },
  {
    "type": "Feature",
    "geometry": {
       "type": "Point",
       "coordinates":  [ 121.5506957,24.9781674 ]
    },
    "properties": {
    "city":"新北市",
    "name":"7-11新寶橋門市",
    "address":"231新北市新店區寶橋路192號"
    }
  },
  {
    "type": "Feature",
    "geometry": {
       "type": "Point",
       "coordinates":  [ 121.3552804,24.9545245 ]
    },
    "properties": {
    "city":"新北市",
    "name":"7-11新鶯歌站門市",
    "address":"239新北市鶯歌區文化路68號之1"
    }
  },
  {
    "type": "Feature",
    "geometry": {
       "type": "Point",
       "coordinates":  [ 121.4450572,25.0003563 ]
    },
    "properties": {
    "city":"新北市",
    "name":"7-11新觀和門市",
    "address":"220新北市板橋區大觀路二段55.57號1樓"
    }
  },
  {
    "type": "Feature",
    "geometry": {
       "type": "Point",
       "coordinates":  [ 121.5098429,24.9952522 ]
    },
    "properties": {
    "city":"新北市",
    "name":"7-11椰城門市",
    "address":"235新北市中和區安平路61號"
    }
  },
  {
    "type": "Feature",
    "geometry": {
       "type": "Point",
       "coordinates":  [ 121.6442859,25.2149735 ]
    },
    "properties": {
    "city":"新北市",
    "name":"7-11溫泉門市",
    "address":"207新北市萬里鄉加投路197-2號"
    }
  },
  {
    "type": "Feature",
    "geometry": {
       "type": "Point",
       "coordinates":  [ 121.4296291,24.9922026 ]
    },
    "properties": {
    "city":"新北市",
    "name":"7-11溪崑門市",
    "address":"220新北市板橋區大觀路三段236號1F之6"
    }
  },
  {
    "type": "Feature",
    "geometry": {
       "type": "Point",
       "coordinates":  [ 121.4787788,25.0274906 ]
    },
    "properties": {
    "city":"新北市",
    "name":"7-11瑞林門市",
    "address":"220新北市板橋區龍翠里大同街52號"
    }
  },
  {
    "type": "Feature",
    "geometry": {
       "type": "Point",
       "coordinates":  [ 121.8072688,25.1079488 ]
    },
    "properties": {
    "city":"新北市",
    "name":"7-11瑞芳門市",
    "address":"224新北市瑞芳區明燈路3段50號."
    }
  },
  {
    "type": "Feature",
    "geometry": {
       "type": "Point",
       "coordinates":  [ 121.805895,25.1073721 ]
    },
    "properties": {
    "city":"新北市",
    "name":"7-11瑞信門市",
    "address":"224新北市瑞芳區民生街23號"
    }
  },
  {
    "type": "Feature",
    "geometry": {
       "type": "Point",
       "coordinates":  [ 121.4557174,25.0212646 ]
    },
    "properties": {
    "city":"新北市",
    "name":"7-11瑞新門市",
    "address":"220新北市板橋區瑞安街75號"
    }
  },
  {
    "type": "Feature",
    "geometry": {
       "type": "Point",
       "coordinates":  [ 121.8294613,25.1218613 ]
    },
    "properties": {
    "city":"新北市",
    "name":"7-11瑞濱門市",
    "address":"224新北市瑞芳區海濱路157號"
    }
  },
  {
    "type": "Feature",
    "geometry": {
       "type": "Point",
       "coordinates":  [ 121.3290444,24.9693897 ]
    },
    "properties": {
    "city":"新北市",
    "name":"7-11萬全門市",
    "address":"239新北市鶯歌區鶯桃路660號"
    }
  },
  {
    "type": "Feature",
    "geometry": {
       "type": "Point",
       "coordinates":  [ 121.68805,25.1822729 ]
    },
    "properties": {
    "city":"新北市",
    "name":"7-11萬里門市",
    "address":"207新北市萬里鄉瑪鍊路49.51號"
    }
  },
  {
    "type": "Feature",
    "geometry": {
       "type": "Point",
       "coordinates":  [ 121.4742541,25.0224788 ]
    },
    "properties": {
    "city":"新北市",
    "name":"7-11萬板門市",
    "address":"220新北市板橋區莒光路221、223號"
    }
  },
  {
    "type": "Feature",
    "geometry": {
       "type": "Point",
       "coordinates":  [ 121.376017,24.9364879 ]
    },
    "properties": {
    "city":"新北市",
    "name":"7-11萬誠門市",
    "address":"237新北市三峽區民生街25號.27巷1號"
    }
  },
  {
    "type": "Feature",
    "geometry": {
       "type": "Point",
       "coordinates":  [ 121.4715993,25.0222918 ]
    },
    "properties": {
    "city":"新北市",
    "name":"7-11萬鄰門市",
    "address":"220新北市板橋區華江里民生路二段226巷46號1樓"
    }
  },
  {
    "type": "Feature",
    "geometry": {
       "type": "Point",
       "coordinates":  [ 121.427348,25.0486919 ]
    },
    "properties": {
    "city":"新北市",
    "name":"7-11義學門市",
    "address":"243新北市泰山區明志路2段74.76號"
    }
  },
  {
    "type": "Feature",
    "geometry": {
       "type": "Point",
       "coordinates":  [ 121.4618222,25.0897217 ]
    },
    "properties": {
    "city":"新北市",
    "name":"7-11群英門市",
    "address":"247新北市蘆洲區長樂路231號"
    }
  },
  {
    "type": "Feature",
    "geometry": {
       "type": "Point",
       "coordinates":  [ 121.4832023,25.002817 ]
    },
    "properties": {
    "city":"新北市",
    "name":"7-11聖武門市",
    "address":"235新北市中和區新生街112號"
    }
  },
  {
    "type": "Feature",
    "geometry": {
       "type": "Point",
       "coordinates":  [ 121.4520035,25.226775 ]
    },
    "properties": {
    "city":"新北市",
    "name":"7-11聖約翰門市",
    "address":"251新北市淡水區淡金路四段532號"
    }
  },
  {
    "type": "Feature",
    "geometry": {
       "type": "Point",
       "coordinates":  [ 121.3547439,24.9536294 ]
    },
    "properties": {
    "city":"新北市",
    "name":"7-11聖陶門市",
    "address":"239新北市鶯歌區文化路407.411號"
    }
  },
  {
    "type": "Feature",
    "geometry": {
       "type": "Point",
       "coordinates":  [ 121.4570447,24.9772803 ]
    },
    "properties": {
    "city":"新北市",
    "name":"7-11聖運門市",
    "address":"236新北市土城區柑林里明德路二段159號"
    }
  },
  {
    "type": "Feature",
    "geometry": {
       "type": "Point",
       "coordinates":  [ 121.4570447,24.9772803 ]
    },
    "properties": {
    "city":"新北市",
    "name":"7-11聖運門市",
    "address":"236新北市土城區柑林里明德路二段159號"
    }
  },
  {
    "type": "Feature",
    "geometry": {
       "type": "Point",
       "coordinates":  [ 121.4590771,25.0275883 ]
    },
    "properties": {
    "city":"新北市",
    "name":"7-11裕民門市",
    "address":"220新北市板橋區裕民街126號"
    }
  },
  {
    "type": "Feature",
    "geometry": {
       "type": "Point",
       "coordinates":  [ 121.4555315,25.0167983 ]
    },
    "properties": {
    "city":"新北市",
    "name":"7-11路加門市",
    "address":"220新北市板橋區大仁街27號"
    }
  },
  {
    "type": "Feature",
    "geometry": {
       "type": "Point",
       "coordinates":  [ 121.505214,24.9426581 ]
    },
    "properties": {
    "city":"新北市",
    "name":"7-11達冠門市",
    "address":"231新北市新店區達觀路6號地下壹樓之一"
    }
  },
  {
    "type": "Feature",
    "geometry": {
       "type": "Point",
       "coordinates":  [ 121.446561,25.0117883 ]
    },
    "properties": {
    "city":"新北市",
    "name":"7-11僑一門市",
    "address":"220新北市板橋區僑中一街104號"
    }
  },
  {
    "type": "Feature",
    "geometry": {
       "type": "Point",
       "coordinates":  [ 121.3695338,24.9105397 ]
    },
    "properties": {
    "city":"新北市",
    "name":"7-11嘉添門市",
    "address":"237新北市三峽區嘉添109-2號"
    }
  },
  {
    "type": "Feature",
    "geometry": {
       "type": "Point",
       "coordinates":  [ 121.5108048,24.9907547 ]
    },
    "properties": {
    "city":"新北市",
    "name":"7-11壽南門市",
    "address":"235新北市中和區興南路1段164號"
    }
  },
  {
    "type": "Feature",
    "geometry": {
       "type": "Point",
       "coordinates":  [ 121.4660194,25.0049459 ]
    },
    "properties": {
    "city":"新北市",
    "name":"7-11實全門市",
    "address":"220新北市板橋區實踐路93巷52號"
    }
  },
  {
    "type": "Feature",
    "geometry": {
       "type": "Point",
       "coordinates":  [ 121.5441923,24.969896 ]
    },
    "properties": {
    "city":"新北市",
    "name":"7-11嶄新門市",
    "address":"231新北市新店區中正路57-2號1樓"
    }
  },
  {
    "type": "Feature",
    "geometry": {
       "type": "Point",
       "coordinates":  [ 121.4481457,25.050847 ]
    },
    "properties": {
    "city":"新北市",
    "name":"7-11榮和門市",
    "address":"242新北市新莊區中和街216號"
    }
  },
  {
    "type": "Feature",
    "geometry": {
       "type": "Point",
       "coordinates":  [ 121.4479936,25.0527772 ]
    },
    "properties": {
    "city":"新北市",
    "name":"7-11榮富門市",
    "address":"242新北市新莊區中榮街43.47號"
    }
  },
  {
    "type": "Feature",
    "geometry": {
       "type": "Point",
       "coordinates":  [ 121.4181154,24.983691 ]
    },
    "properties": {
    "city":"新北市",
    "name":"7-11榮德門市",
    "address":"238新北市樹林區東榮街8-10號"
    }
  },
  {
    "type": "Feature",
    "geometry": {
       "type": "Point",
       "coordinates":  [ 121.3464615,24.9486161 ]
    },
    "properties": {
    "city":"新北市",
    "name":"7-11歌亭門市",
    "address":"239新北市鶯歌區尖山里尖山路150號"
    }
  },
  {
    "type": "Feature",
    "geometry": {
       "type": "Point",
       "coordinates":  [ 121.3429875,24.9556788 ]
    },
    "properties": {
    "city":"新北市",
    "name":"7-11歌園門市",
    "address":"239新北市鶯歌區國華路31號"
    }
  },
  {
    "type": "Feature",
    "geometry": {
       "type": "Point",
       "coordinates":  [ 121.3333215,24.9575568 ]
    },
    "properties": {
    "city":"新北市",
    "name":"7-11歌德門市",
    "address":"239新北市鶯歌區德昌二街77號之1"
    }
  },
  {
    "type": "Feature",
    "geometry": {
       "type": "Point",
       "coordinates":  [ 121.5023999,25.0031312 ]
    },
    "properties": {
    "city":"新北市",
    "name":"7-11漳和門市",
    "address":"235新北市中和區中山路2段131-6號"
    }
  },
  {
    "type": "Feature",
    "geometry": {
       "type": "Point",
       "coordinates":  [ 121.4654038,25.0314882 ]
    },
    "properties": {
    "city":"新北市",
    "name":"7-11漢江門市",
    "address":"220新北市板橋區柏翠里長江路二段110號"
    }
  },
  {
    "type": "Feature",
    "geometry": {
       "type": "Point",
       "coordinates":  [ 121.462895,25.0193446 ]
    },
    "properties": {
    "city":"新北市",
    "name":"7-11漢西門市",
    "address":"220新北市板橋區漢生西路82號"
    }
  },
  {
    "type": "Feature",
    "geometry": {
       "type": "Point",
       "coordinates":  [ 121.4718355,25.0082403 ]
    },
    "properties": {
    "city":"新北市",
    "name":"7-11漢東門市",
    "address":"220新北市板橋區漢生東路309號"
    }
  },
  {
    "type": "Feature",
    "geometry": {
       "type": "Point",
       "coordinates":  [ 121.4327919,25.0581641 ]
    },
    "properties": {
    "city":"新北市",
    "name":"7-11滿泰門市",
    "address":"243新北市泰山區明志路1段28號"
    }
  },
  {
    "type": "Feature",
    "geometry": {
       "type": "Point",
       "coordinates":  [ 121.4327391,25.1748783 ]
    },
    "properties": {
    "city":"新北市",
    "name":"7-11滬站門市",
    "address":"251新北市淡水區中正路1號"
    }
  },
  {
    "type": "Feature",
    "geometry": {
       "type": "Point",
       "coordinates":  [ 121.5373574,24.9563937 ]
    },
    "properties": {
    "city":"新北市",
    "name":"7-11碧湖門市",
    "address":"231新北市新店區新店路208號"
    }
  },
  {
    "type": "Feature",
    "geometry": {
       "type": "Point",
       "coordinates":  [ 121.538076,24.956896 ]
    },
    "properties": {
    "city":"新北市",
    "name":"7-11碧潭門市",
    "address":"231新北市新店區北宜路一段28號"
    }
  },
  {
    "type": "Feature",
    "geometry": {
       "type": "Point",
       "coordinates":  [ 121.539049,24.955158 ]
    },
    "properties": {
    "city":"新北市",
    "name":"7-11碧興門市",
    "address":"231新北市新店區北宜路一段110號"
    }
  },
  {
    "type": "Feature",
    "geometry": {
       "type": "Point",
       "coordinates":  [ 121.6634114,25.0644562 ]
    },
    "properties": {
    "city":"新北市",
    "name":"7-11福仁門市",
    "address":"221新北市汐止區仁愛路143號"
    }
  },
  {
    "type": "Feature",
    "geometry": {
       "type": "Point",
       "coordinates":  [ 121.4081224,25.01652 ]
    },
    "properties": {
    "city":"新北市",
    "name":"7-11福多門市",
    "address":"238新北市樹林區三福里12鄰三福街45號"
    }
  },
  {
    "type": "Feature",
    "geometry": {
       "type": "Point",
       "coordinates":  [ 121.6363151,25.0663691 ]
    },
    "properties": {
    "city":"新北市",
    "name":"7-11福百門市",
    "address":"221新北市汐止區福德一路161號"
    }
  },
  {
    "type": "Feature",
    "geometry": {
       "type": "Point",
       "coordinates":  [ 121.4771331,25.0171225 ]
    },
    "properties": {
    "city":"新北市",
    "name":"7-11福利門市",
    "address":"220新北市板橋區中山路二段172號"
    }
  },
  {
    "type": "Feature",
    "geometry": {
       "type": "Point",
       "coordinates":  [ 121.4568298,25.0646512 ]
    },
    "properties": {
    "city":"新北市",
    "name":"7-11福來門市",
    "address":"242新北市新莊區五工路98號"
    }
  },
  {
    "type": "Feature",
    "geometry": {
       "type": "Point",
       "coordinates":  [ 121.517146,24.9931753 ]
    },
    "properties": {
    "city":"新北市",
    "name":"7-11福和門市",
    "address":"235新北市中和區秀朗里大勇街25巷1號"
    }
  },
  {
    "type": "Feature",
    "geometry": {
       "type": "Point",
       "coordinates":  [ 121.4589792,25.066849 ]
    },
    "properties": {
    "city":"新北市",
    "name":"7-11福旺門市",
    "address":"242新北市新莊區福基里17鄰五權一路80號"
    }
  },
  {
    "type": "Feature",
    "geometry": {
       "type": "Point",
       "coordinates":  [ 121.5116045,24.9927916 ]
    },
    "properties": {
    "city":"新北市",
    "name":"7-11福美門市",
    "address":"235新北市中和區景平路756.758號"
    }
  },
  {
    "type": "Feature",
    "geometry": {
       "type": "Point",
       "coordinates":  [ 121.4335055,25.0897571 ]
    },
    "properties": {
    "city":"新北市",
    "name":"7-11福泰門市",
    "address":"248新北市五股區五福路54號"
    }
  },
  {
    "type": "Feature",
    "geometry": {
       "type": "Point",
       "coordinates":  [ 121.4578929,25.063637 ]
    },
    "properties": {
    "city":"新北市",
    "name":"7-11福基門市",
    "address":"242新北市新莊區福基里五工路70號"
    }
  },
  {
    "type": "Feature",
    "geometry": {
       "type": "Point",
       "coordinates":  [ 121.533853,24.9730149 ]
    },
    "properties": {
    "city":"新北市",
    "name":"7-11福強門市",
    "address":"231新北市新店區三民路149-1號"
    }
  },
  {
    "type": "Feature",
    "geometry": {
       "type": "Point",
       "coordinates":  [ 121.4460712,24.9871811 ]
    },
    "properties": {
    "city":"新北市",
    "name":"7-11福祥門市",
    "address":"236新北市土城區中央路一段320.322號"
    }
  },
  {
    "type": "Feature",
    "geometry": {
       "type": "Point",
       "coordinates":  [ 121.4986672,25.007582 ]
    },
    "properties": {
    "city":"新北市",
    "name":"7-11福勝門市",
    "address":"235新北市中和區福祥路158號"
    }
  },
  {
    "type": "Feature",
    "geometry": {
       "type": "Point",
       "coordinates":  [ 121.4523856,25.0494567 ]
    },
    "properties": {
    "city":"新北市",
    "name":"7-11福港門市",
    "address":"242新北市新莊區中港路390號"
    }
  },
  {
    "type": "Feature",
    "geometry": {
       "type": "Point",
       "coordinates":  [ 121.674551,25.0739099 ]
    },
    "properties": {
    "city":"新北市",
    "name":"7-11福菖門市",
    "address":"221新北市汐止區大同路三段188號"
    }
  },
  {
    "type": "Feature",
    "geometry": {
       "type": "Point",
       "coordinates":  [ 121.5081611,25.0116283 ]
    },
    "properties": {
    "city":"新北市",
    "name":"7-11福愛門市",
    "address":"234新北市永和區永平路274號仁愛路242號"
    }
  },
  {
    "type": "Feature",
    "geometry": {
       "type": "Point",
       "coordinates":  [ 121.5021523,25.0653664 ]
    },
    "properties": {
    "city":"新北市",
    "name":"7-11福運門市",
    "address":"241新北市三重區福德北路55號"
    }
  },
  {
    "type": "Feature",
    "geometry": {
       "type": "Point",
       "coordinates":  [ 121.4578298,25.0517868 ]
    },
    "properties": {
    "city":"新北市",
    "name":"7-11福壽門市",
    "address":"242新北市新莊區福壽街140號"
    }
  },
  {
    "type": "Feature",
    "geometry": {
       "type": "Point",
       "coordinates":  [ 121.5351864,24.9755904 ]
    },
    "properties": {
    "city":"新北市",
    "name":"7-11福德門市",
    "address":"231新北市新店區三民路189號"
    }
  },
  {
    "type": "Feature",
    "geometry": {
       "type": "Point",
       "coordinates":  [ 121.434688,25.0297414 ]
    },
    "properties": {
    "city":"新北市",
    "name":"7-11福營門市",
    "address":"242新北市新莊區福營里建國一路50.52號"
    }
  },
  {
    "type": "Feature",
    "geometry": {
       "type": "Point",
       "coordinates":  [ 121.4339854,25.0871443 ]
    },
    "properties": {
    "city":"新北市",
    "name":"7-11福臨門市",
    "address":"248新北市五股區工商路150號"
    }
  },
  {
    "type": "Feature",
    "geometry": {
       "type": "Point",
       "coordinates":  [ 121.3638462,24.936923 ]
    },
    "properties": {
    "city":"新北市",
    "name":"7-11綠洲門市",
    "address":"237新北市三峽區鳶山里12鄰中山路186號1樓"
    }
  },
  {
    "type": "Feature",
    "geometry": {
       "type": "Point",
       "coordinates":  [ 121.3709943,24.9362961 ]
    },
    "properties": {
    "city":"新北市",
    "name":"7-11綠雅門市",
    "address":"237新北市三峽區文化路122號"
    }
  },
  {
    "type": "Feature",
    "geometry": {
       "type": "Point",
       "coordinates":  [ 121.467966,25.074763 ]
    },
    "properties": {
    "city":"新北市",
    "name":"7-11維中門市",
    "address":"248新北市五股區四維路120號"
    }
  },
  {
    "type": "Feature",
    "geometry": {
       "type": "Point",
       "coordinates":  [ 121.4228731,25.0225735 ]
    },
    "properties": {
    "city":"新北市",
    "name":"7-11維妮門市",
    "address":"242新北市新莊區四維路17.19號"
    }
  },
  {
    "type": "Feature",
    "geometry": {
       "type": "Point",
       "coordinates":  [ 121.4634627,25.0238219 ]
    },
    "properties": {
    "city":"新北市",
    "name":"7-11維陽門市",
    "address":"220新北市板橋區陽明街131號"
    }
  },
  {
    "type": "Feature",
    "geometry": {
       "type": "Point",
       "coordinates":  [ 121.4649905,25.0253662 ]
    },
    "properties": {
    "city":"新北市",
    "name":"7-11維群門市",
    "address":"220新北市板橋區四維路139號"
    }
  },
  {
    "type": "Feature",
    "geometry": {
       "type": "Point",
       "coordinates":  [ 121.463066,25.028826 ]
    },
    "properties": {
    "city":"新北市",
    "name":"7-11維禮門市",
    "address":"220新北市板橋區四維路282號"
    }
  },
  {
    "type": "Feature",
    "geometry": {
       "type": "Point",
       "coordinates":  [ 121.6888154233399,25.19549147721792 ]
    },
    "properties": {
    "city":"新北市",
    "name":"7-11翡翠灣門市",
    "address":"207新北市萬里鄉龜吼村美崙38.39號"
    }
  },
  {
    "type": "Feature",
    "geometry": {
       "type": "Point",
       "coordinates":  [ 121.4334252,25.0324865 ]
    },
    "properties": {
    "city":"新北市",
    "name":"7-11輔大門市",
    "address":"242新北市新莊區中正路516-1號"
    }
  },
  {
    "type": "Feature",
    "geometry": {
       "type": "Point",
       "coordinates":  [ 121.4310097,25.0342602 ]
    },
    "properties": {
    "city":"新北市",
    "name":"7-11輔明門市",
    "address":"242新北市新莊區中正路514巷99號"
    }
  },
  {
    "type": "Feature",
    "geometry": {
       "type": "Point",
       "coordinates":  [ 121.438511,25.0341259 ]
    },
    "properties": {
    "city":"新北市",
    "name":"7-11輔泰門市",
    "address":"242新北市新莊區三泰路11號"
    }
  },
  {
    "type": "Feature",
    "geometry": {
       "type": "Point",
       "coordinates":  [ 121.4120828,25.0135671 ]
    },
    "properties": {
    "city":"新北市",
    "name":"7-11輔進門市",
    "address":"242新北市新莊區中正路510號"
    }
  },
  {
    "type": "Feature",
    "geometry": {
       "type": "Point",
       "coordinates":  [ 121.4327919,25.0581641 ]
    },
    "properties": {
    "city":"新北市",
    "name":"7-11輔新門市",
    "address":"243新北市泰山區中山路2段487號"
    }
  },
  {
    "type": "Feature",
    "geometry": {
       "type": "Point",
       "coordinates":  [ 121.4520163,24.9970226 ]
    },
    "properties": {
    "city":"新北市",
    "name":"7-11遠揚門市",
    "address":"220新北市板橋區南雅南路2段124號"
    }
  },
  {
    "type": "Feature",
    "geometry": {
       "type": "Point",
       "coordinates":  [ 121.4990463,25.0646871 ]
    },
    "properties": {
    "city":"新北市",
    "name":"7-11銀座門市",
    "address":"241新北市三重區信義西街4號"
    }
  },
  {
    "type": "Feature",
    "geometry": {
       "type": "Point",
       "coordinates":  [ 121.4815003,25.0873344 ]
    },
    "properties": {
    "city":"新北市",
    "name":"7-11領袖門市",
    "address":"247新北市蘆洲區集賢路224巷60.62號"
    }
  },
  {
    "type": "Feature",
    "geometry": {
       "type": "Point",
       "coordinates":  [ 121.3346186,24.9692101 ]
    },
    "properties": {
    "city":"新北市",
    "name":"7-11鳳鳴門市",
    "address":"239新北市鶯歌區永和街126.128號"
    }
  },
  {
    "type": "Feature",
    "geometry": {
       "type": "Point",
       "coordinates":  [ 121.4224832,25.0215977 ]
    },
    "properties": {
    "city":"新北市",
    "name":"7-11廣進門市",
    "address":"242新北市新莊區四維路173號"
    }
  },
  {
    "type": "Feature",
    "geometry": {
       "type": "Point",
       "coordinates":  [ 121.502842,25.0015434 ]
    },
    "properties": {
    "city":"新北市",
    "name":"7-11廣麗門市",
    "address":"235新北市中和區廣福路82號"
    }
  },
  {
    "type": "Feature",
    "geometry": {
       "type": "Point",
       "coordinates":  [ 121.5440594,24.9720944 ]
    },
    "properties": {
    "city":"新北市",
    "name":"7-11德正門市",
    "address":"231新北市新店區德正街23巷1號"
    }
  },
  {
    "type": "Feature",
    "geometry": {
       "type": "Point",
       "coordinates":  [ 121.4880397,24.9516727 ]
    },
    "properties": {
    "city":"新北市",
    "name":"7-11德玉門市",
    "address":"231新北市新店區安康路三段195號"
    }
  },
  {
    "type": "Feature",
    "geometry": {
       "type": "Point",
       "coordinates":  [ 121.4577198,24.9773902 ]
    },
    "properties": {
    "city":"新北市",
    "name":"7-11德城門市",
    "address":"236新北市土城區明德路一段139.141號"
    }
  },
  {
    "type": "Feature",
    "geometry": {
       "type": "Point",
       "coordinates":  [ 121.4998437,24.9921229 ]
    },
    "properties": {
    "city":"新北市",
    "name":"7-11德偉門市",
    "address":"235新北市中和區中興街134號"
    }
  },
  {
    "type": "Feature",
    "geometry": {
       "type": "Point",
       "coordinates":  [ 121.3690106,25.0703537 ]
    },
    "properties": {
    "city":"新北市",
    "name":"7-11德園門市",
    "address":"244新北市林口區公園路129號"
    }
  },
  {
    "type": "Feature",
    "geometry": {
       "type": "Point",
       "coordinates":  [ 121.3665825,25.0675728 ]
    },
    "properties": {
    "city":"新北市",
    "name":"7-11德聖門市",
    "address":"244新北市林口區公園路17號"
    }
  },
  {
    "type": "Feature",
    "geometry": {
       "type": "Point",
       "coordinates":  [ 121.4626053,25.0029225 ]
    },
    "properties": {
    "city":"新北市",
    "name":"7-11慶中門市",
    "address":"220新北市板橋區重慶路159.161號"
    }
  },
  {
    "type": "Feature",
    "geometry": {
       "type": "Point",
       "coordinates":  [ 121.4381921,24.9750273 ]
    },
    "properties": {
    "city":"新北市",
    "name":"7-11慶祥門市",
    "address":"236新北市土城區慶祥街2號"
    }
  },
  {
    "type": "Feature",
    "geometry": {
       "type": "Point",
       "coordinates":  [ 121.3966153,24.9709407 ]
    },
    "properties": {
    "city":"新北市",
    "name":"7-11慶斌門市",
    "address":"238新北市樹林區中洲街51巷1號"
    }
  },
  {
    "type": "Feature",
    "geometry": {
       "type": "Point",
       "coordinates":  [ 121.4162723,24.9998934 ]
    },
    "properties": {
    "city":"新北市",
    "name":"7-11慶嶸門市",
    "address":"238新北市樹林區保安街二段33號"
    }
  },
  {
    "type": "Feature",
    "geometry": {
       "type": "Point",
       "coordinates":  [ 121.642719,25.068014 ]
    },
    "properties": {
    "city":"新北市",
    "name":"7-11樟福門市",
    "address":"221新北市汐止區樟樹一路268號之3.4"
    }
  },
  {
    "type": "Feature",
    "geometry": {
       "type": "Point",
       "coordinates":  [ 121.4801356,25.0190648 ]
    },
    "properties": {
    "city":"新北市",
    "name":"7-11樂福門市",
    "address":"220新北市板橋區中山路二段316號"
    }
  },
  {
    "type": "Feature",
    "geometry": {
       "type": "Point",
       "coordinates":  [ 121.4834426,25.0007363 ]
    },
    "properties": {
    "city":"新北市",
    "name":"7-11樂鑫門市",
    "address":"235新北市中和區新生街146號"
    }
  },
  {
    "type": "Feature",
    "geometry": {
       "type": "Point",
       "coordinates":  [ 121.3784338,24.9421525 ]
    },
    "properties": {
    "city":"新北市",
    "name":"7-11歐洲門市",
    "address":"237新北市三峽區三樹路199號"
    }
  },
  {
    "type": "Feature",
    "geometry": {
       "type": "Point",
       "coordinates":  [ 121.5165368,24.9986014 ]
    },
    "properties": {
    "city":"新北市",
    "name":"7-11潭安門市",
    "address":"234新北市永和區中正路167號."
    }
  },
  {
    "type": "Feature",
    "geometry": {
       "type": "Point",
       "coordinates":  [ 121.6551311,25.0639072 ]
    },
    "properties": {
    "city":"新北市",
    "name":"7-11潤安門市",
    "address":"221新北市汐止區龍安路32號"
    }
  },
  {
    "type": "Feature",
    "geometry": {
       "type": "Point",
       "coordinates":  [ 121.4548501,25.0205015 ]
    },
    "properties": {
    "city":"新北市",
    "name":"7-11緯中門市",
    "address":"220新北市板橋區中正路21.23號"
    }
  },
  {
    "type": "Feature",
    "geometry": {
       "type": "Point",
       "coordinates":  [ 121.4555099,24.9876977 ]
    },
    "properties": {
    "city":"新北市",
    "name":"7-11學城門市",
    "address":"236新北市土城區學府路一段118號"
    }
  },
  {
    "type": "Feature",
    "geometry": {
       "type": "Point",
       "coordinates":  [ 121.376368,24.9441566 ]
    },
    "properties": {
    "city":"新北市",
    "name":"7-11學勤門市",
    "address":"237新北市三峽區學勤路105號.大德路211號1樓"
    }
  },
  {
    "type": "Feature",
    "geometry": {
       "type": "Point",
       "coordinates":  [ 121.4693803,25.0833392 ]
    },
    "properties": {
    "city":"新北市",
    "name":"7-11憲金門市",
    "address":"247新北市蘆洲區光華路22巷1號"
    }
  },
  {
    "type": "Feature",
    "geometry": {
       "type": "Point",
       "coordinates":  [ 121.4757682,25.0206265 ]
    },
    "properties": {
    "city":"新北市",
    "name":"7-11戰國門市",
    "address":"220新北市板橋區永豐街173、175號"
    }
  },
  {
    "type": "Feature",
    "geometry": {
       "type": "Point",
       "coordinates":  [ 121.3984793,24.9355105 ]
    },
    "properties": {
    "city":"新北市",
    "name":"7-11橫溪門市",
    "address":"237新北市三峽區溪北街109號"
    }
  },
  {
    "type": "Feature",
    "geometry": {
       "type": "Point",
       "coordinates":  [ 121.4221913,24.9825717 ]
    },
    "properties": {
    "city":"新北市",
    "name":"7-11樹中門市",
    "address":"238新北市樹林區中華路117號"
    }
  },
  {
    "type": "Feature",
    "geometry": {
       "type": "Point",
       "coordinates":  [ 121.4213578,24.9929538 ]
    },
    "properties": {
    "city":"新北市",
    "name":"7-11樹仁門市",
    "address":"238新北市樹林區復興路102號"
    }
  },
  {
    "type": "Feature",
    "geometry": {
       "type": "Point",
       "coordinates":  [ 121.412869,25.0126601 ]
    },
    "properties": {
    "city":"新北市",
    "name":"7-11樹正門市",
    "address":"238新北市樹林區中正路464號1F"
    }
  },
  {
    "type": "Feature",
    "geometry": {
       "type": "Point",
       "coordinates":  [ 121.4139599,24.9865001 ]
    },
    "properties": {
    "city":"新北市",
    "name":"7-11樹安門市",
    "address":"238新北市樹林區大安路502號"
    }
  },
  {
    "type": "Feature",
    "geometry": {
       "type": "Point",
       "coordinates":  [ 121.4244453,24.9913202 ]
    },
    "properties": {
    "city":"新北市",
    "name":"7-11樹林(一)門市",
    "address":"238新北市樹林區鎮前街112號"
    }
  },
  {
    "type": "Feature",
    "geometry": {
       "type": "Point",
       "coordinates":  [ 121.41128,25.0078599 ]
    },
    "properties": {
    "city":"新北市",
    "name":"7-11樹林門市",
    "address":"238新北市樹林區保安街1段3號"
    }
  },
  {
    "type": "Feature",
    "geometry": {
       "type": "Point",
       "coordinates":  [ 121.412478,25.0100219 ]
    },
    "properties": {
    "city":"新北市",
    "name":"7-11樹保門市",
    "address":"238新北市樹林區保安街二段357號"
    }
  },
  {
    "type": "Feature",
    "geometry": {
       "type": "Point",
       "coordinates":  [ 121.4177915,24.9806484 ]
    },
    "properties": {
    "city":"新北市",
    "name":"7-11樹英門市",
    "address":"238新北市樹林區大同里中華路120號"
    }
  },
  {
    "type": "Feature",
    "geometry": {
       "type": "Point",
       "coordinates":  [ 121.416127,24.986478 ]
    },
    "properties": {
    "city":"新北市",
    "name":"7-11樹復門市",
    "address":"238新北市樹林區復興路340號"
    }
  },
  {
    "type": "Feature",
    "geometry": {
       "type": "Point",
       "coordinates":  [ 121.392953,24.9705593 ]
    },
    "properties": {
    "city":"新北市",
    "name":"7-11樹園門市",
    "address":"238新北市樹林區佳園路一段52號1樓"
    }
  },
  {
    "type": "Feature",
    "geometry": {
       "type": "Point",
       "coordinates":  [ 121.4311155,25.0008728 ]
    },
    "properties": {
    "city":"新北市",
    "name":"7-11樹新門市",
    "address":"238新北市樹林區樹新路245號"
    }
  },
  {
    "type": "Feature",
    "geometry": {
       "type": "Point",
       "coordinates":  [ 121.4151283,24.980144 ]
    },
    "properties": {
    "city":"新北市",
    "name":"7-11樹樺門市",
    "address":"238新北市樹林區中華路341之5.341之6號一樓"
    }
  },
  {
    "type": "Feature",
    "geometry": {
       "type": "Point",
       "coordinates":  [ 121.4191592,25.0065795 ]
    },
    "properties": {
    "city":"新北市",
    "name":"7-11樹龍門市",
    "address":"238新北市樹林區中正路222號1樓"
    }
  },
  {
    "type": "Feature",
    "geometry": {
       "type": "Point",
       "coordinates":  [ 121.6642489,25.0727784 ]
    },
    "properties": {
    "city":"新北市",
    "name":"7-11橋東門市",
    "address":"221新北市汐止區建成路30號"
    }
  },
  {
    "type": "Feature",
    "geometry": {
       "type": "Point",
       "coordinates":  [ 121.4655369,25.0122763 ]
    },
    "properties": {
    "city":"新北市",
    "name":"7-11縣政府門市",
    "address":"220新北市板橋區中山路一段161號B1"
    }
  },
  {
    "type": "Feature",
    "geometry": {
       "type": "Point",
       "coordinates":  [ 121.4695214,25.0169641 ]
    },
    "properties": {
    "city":"新北市",
    "name":"7-11縣道門市",
    "address":"220新北市板橋區觀光街92巷2號"
    }
  },
  {
    "type": "Feature",
    "geometry": {
       "type": "Point",
       "coordinates":  [ 121.496971,25.0562535 ]
    },
    "properties": {
    "city":"新北市",
    "name":"7-11興光門市",
    "address":"241新北市三重區大同南路220號"
    }
  },
  {
    "type": "Feature",
    "geometry": {
       "type": "Point",
       "coordinates":  [ 121.5241398,24.9913506 ]
    },
    "properties": {
    "city":"新北市",
    "name":"7-11興和門市",
    "address":"235新北市中和區秀景里自立路193號"
    }
  },
  {
    "type": "Feature",
    "geometry": {
       "type": "Point",
       "coordinates":  [ 121.3578124,25.0763105 ]
    },
    "properties": {
    "city":"新北市",
    "name":"7-11興林門市",
    "address":"244新北市林口區南勢村南勢街280號"
    }
  },
  {
    "type": "Feature",
    "geometry": {
       "type": "Point",
       "coordinates":  [ 121.453368,24.9941245 ]
    },
    "properties": {
    "city":"新北市",
    "name":"7-11興板門市",
    "address":"220新北市板橋區德興街22、24號"
    }
  },
  {
    "type": "Feature",
    "geometry": {
       "type": "Point",
       "coordinates":  [ 121.4430796,25.0452436 ]
    },
    "properties": {
    "city":"新北市",
    "name":"7-11興洲門市",
    "address":"242新北市新莊區新泰路472號1樓"
    }
  },
  {
    "type": "Feature",
    "geometry": {
       "type": "Point",
       "coordinates":  [ 121.3710918,25.0739465 ]
    },
    "properties": {
    "city":"新北市",
    "name":"7-11興都門市",
    "address":"244新北市林口區文化二路一段378號1樓之一.二.三"
    }
  },
  {
    "type": "Feature",
    "geometry": {
       "type": "Point",
       "coordinates":  [ 121.4691253,25.0560267 ]
    },
    "properties": {
    "city":"新北市",
    "name":"7-11興頂門市",
    "address":"241新北市三重區中興北街177號"
    }
  },
  {
    "type": "Feature",
    "geometry": {
       "type": "Point",
       "coordinates":  [ 121.4865617,25.0601848 ]
    },
    "properties": {
    "city":"新北市",
    "name":"7-11興園門市",
    "address":"241新北市三重區重陽路一段122號"
    }
  },
  {
    "type": "Feature",
    "geometry": {
       "type": "Point",
       "coordinates":  [ 121.5054471,24.9844931 ]
    },
    "properties": {
    "city":"新北市",
    "name":"7-11興榮門市",
    "address":"235新北市中和區福南里21鄰興南路二段90號1樓"
    }
  },
  {
    "type": "Feature",
    "geometry": {
       "type": "Point",
       "coordinates":  [ 121.5161861,25.0099847 ]
    },
    "properties": {
    "city":"新北市",
    "name":"7-11豫溪門市",
    "address":"234新北市永和區中正路704.706.708號"
    }
  },
  {
    "type": "Feature",
    "geometry": {
       "type": "Point",
       "coordinates":  [ 121.652859,25.007101 ]
    },
    "properties": {
    "city":"新北市",
    "name":"7-11錠富門市",
    "address":"223新北市石碇區隆盛村雙溪58號"
    }
  },
  {
    "type": "Feature",
    "geometry": {
       "type": "Point",
       "coordinates":  [ 121.4933603,24.9903454 ]
    },
    "properties": {
    "city":"新北市",
    "name":"7-11錦盛門市",
    "address":"235新北市中和區錦盛里圓通路335巷三弄21號"
    }
  },
  {
    "type": "Feature",
    "geometry": {
       "type": "Point",
       "coordinates":  [ 121.4596196,25.0455215 ]
    },
    "properties": {
    "city":"新北市",
    "name":"7-11錦興門市",
    "address":"242新北市新莊區思源路181號"
    }
  },
  {
    "type": "Feature",
    "geometry": {
       "type": "Point",
       "coordinates":  [ 121.4648209,25.0599397 ]
    },
    "properties": {
    "city":"新北市",
    "name":"7-11頭前門市",
    "address":"242新北市新莊區化成路429-4號"
    }
  },
  {
    "type": "Feature",
    "geometry": {
       "type": "Point",
       "coordinates":  [ 121.460038,25.0073146 ]
    },
    "properties": {
    "city":"新北市",
    "name":"7-11館東門市",
    "address":"220新北市板橋區館前東路17號"
    }
  },
  {
    "type": "Feature",
    "geometry": {
       "type": "Point",
       "coordinates":  [ 121.4605447,25.0071006 ]
    },
    "properties": {
    "city":"新北市",
    "name":"7-11館慶門市",
    "address":"220新北市板橋區館前東路26號"
    }
  },
  {
    "type": "Feature",
    "geometry": {
       "type": "Point",
       "coordinates":  [ 121.449758,25.1021824 ]
    },
    "properties": {
    "city":"新北市",
    "name":"7-11龍五門市",
    "address":"248新北市五股區凌雲路一段136號"
    }
  },
  {
    "type": "Feature",
    "geometry": {
       "type": "Point",
       "coordinates":  [ 121.4214593,25.0194331 ]
    },
    "properties": {
    "city":"新北市",
    "name":"7-11龍安門市",
    "address":"242新北市新莊區龍安路256號"
    }
  },
  {
    "type": "Feature",
    "geometry": {
       "type": "Point",
       "coordinates":  [ 121.5112442,25.0160173 ]
    },
    "properties": {
    "city":"新北市",
    "name":"7-11龍馬門市",
    "address":"234新北市永和區文化路188號"
    }
  },
  {
    "type": "Feature",
    "geometry": {
       "type": "Point",
       "coordinates":  [ 121.4737047,25.0291137 ]
    },
    "properties": {
    "city":"新北市",
    "name":"7-11龍翠門市",
    "address":"220新北市板橋區雙十路二段138-1之2號"
    }
  },
  {
    "type": "Feature",
    "geometry": {
       "type": "Point",
       "coordinates":  [ 121.403108,25.015865 ]
    },
    "properties": {
    "city":"新北市",
    "name":"7-11龍興門市",
    "address":"238新北市樹林區三興里龍興街33號"
    }
  },
  {
    "type": "Feature",
    "geometry": {
       "type": "Point",
       "coordinates":  [ 121.5024785,25.0700401 ]
    },
    "properties": {
    "city":"新北市",
    "name":"7-11龍濱門市",
    "address":"241新北市三重區河邊北街100巷32號."
    }
  },
  {
    "type": "Feature",
    "geometry": {
       "type": "Point",
       "coordinates":  [ 121.456153,24.9918021 ]
    },
    "properties": {
    "city":"新北市",
    "name":"7-11濬家門市",
    "address":"236新北市土城區廣明街2號"
    }
  },
  {
    "type": "Feature",
    "geometry": {
       "type": "Point",
       "coordinates":  [ 121.4747785,25.0066732 ]
    },
    "properties": {
    "city":"新北市",
    "name":"7-11環冠門市",
    "address":"235新北市中和區中山路3段122號B2"
    }
  },
  {
    "type": "Feature",
    "geometry": {
       "type": "Point",
       "coordinates":  [ 121.502207,25.0602754 ]
    },
    "properties": {
    "city":"新北市",
    "name":"7-11環德門市",
    "address":"241新北市三重區福德南路46.48號"
    }
  },
  {
    "type": "Feature",
    "geometry": {
       "type": "Point",
       "coordinates":  [ 121.5075894,24.9824412 ]
    },
    "properties": {
    "city":"新北市",
    "name":"7-11禧緻門市",
    "address":"235新北市中和區華新街156號"
    }
  },
  {
    "type": "Feature",
    "geometry": {
       "type": "Point",
       "coordinates":  [ 121.6408506,25.0613016 ]
    },
    "properties": {
    "city":"新北市",
    "name":"7-11聯合報門市",
    "address":"221新北市汐止區大同路一段369號1樓"
    }
  },
  {
    "type": "Feature",
    "geometry": {
       "type": "Point",
       "coordinates":  [ 121.5223728,24.9967771 ]
    },
    "properties": {
    "city":"新北市",
    "name":"7-11邁群門市",
    "address":"234新北市永和區民生路42號"
    }
  },
  {
    "type": "Feature",
    "geometry": {
       "type": "Point",
       "coordinates":  [ 121.4560194,25.161429 ]
    },
    "properties": {
    "city":"新北市",
    "name":"7-11霞關門市",
    "address":"251新北市淡水區淡金路59-61號B1"
    }
  },
  {
    "type": "Feature",
    "geometry": {
       "type": "Point",
       "coordinates":  [ 121.458165,24.9885595 ]
    },
    "properties": {
    "city":"新北市",
    "name":"7-11鴻成門市",
    "address":"236新北市土城區埤林里學府路一段34號"
    }
  },
  {
    "type": "Feature",
    "geometry": {
       "type": "Point",
       "coordinates":  [ 121.4582926,25.0090322 ]
    },
    "properties": {
    "city":"新北市",
    "name":"7-11鴻府門市",
    "address":"220新北市板橋區挹秀里府中路53號"
    }
  },
  {
    "type": "Feature",
    "geometry": {
       "type": "Point",
       "coordinates":  [ 121.4868635,24.9984768 ]
    },
    "properties": {
    "city":"新北市",
    "name":"7-11鴻陞門市",
    "address":"235新北市中和區建八路28號"
    }
  },
  {
    "type": "Feature",
    "geometry": {
       "type": "Point",
       "coordinates":  [ 121.4569537,25.0247117 ]
    },
    "properties": {
    "city":"新北市",
    "name":"7-11糧驛門市",
    "address":"220新北市板橋區德翠里龍泉街93號"
    }
  },
  {
    "type": "Feature",
    "geometry": {
       "type": "Point",
       "coordinates":  [ 121.4828995,25.0208087 ]
    },
    "properties": {
    "city":"新北市",
    "name":"7-11舊社門市",
    "address":"220新北市板橋區中山路2段412號"
    }
  },
  {
    "type": "Feature",
    "geometry": {
       "type": "Point",
       "coordinates":  [ 121.502144,24.9987109 ]
    },
    "properties": {
    "city":"新北市",
    "name":"7-11藍山門市",
    "address":"235新北市中和區南山路41號.37巷2號"
    }
  },
  {
    "type": "Feature",
    "geometry": {
       "type": "Point",
       "coordinates":  [ 121.4788895,25.0150178 ]
    },
    "properties": {
    "city":"新北市",
    "name":"7-11豐成門市",
    "address":"220新北市板橋區三民路1段31巷89弄18、20號"
    }
  },
  {
    "type": "Feature",
    "geometry": {
       "type": "Point",
       "coordinates":  [ 121.4268481,24.9253858 ]
    },
    "properties": {
    "city":"新北市",
    "name":"7-11豐康門市",
    "address":"237新北市三峽區成福路241號"
    }
  },
  {
    "type": "Feature",
    "geometry": {
       "type": "Point",
       "coordinates":  [ 121.4568236,24.9950818 ]
    },
    "properties": {
    "city":"新北市",
    "name":"7-11鎮板橋門市",
    "address":"220新北市板橋區信義路28號"
    }
  },
  {
    "type": "Feature",
    "geometry": {
       "type": "Point",
       "coordinates":  [ 121.5386808,24.9585377 ]
    },
    "properties": {
    "city":"新北市",
    "name":"7-11鎮鑫門市",
    "address":"231新北市新店區中興路1段289號"
    }
  },
  {
    "type": "Feature",
    "geometry": {
       "type": "Point",
       "coordinates":  [ 121.5368665,24.9801868 ]
    },
    "properties": {
    "city":"新北市",
    "name":"7-11雙建門市",
    "address":"231新北市新店區二十張路62號"
    }
  },
  {
    "type": "Feature",
    "geometry": {
       "type": "Point",
       "coordinates":  [ 121.4449903,25.0419791 ]
    },
    "properties": {
    "city":"新北市",
    "name":"7-11雙泰門市",
    "address":"242新北市新莊區新泰路330號"
    }
  },
  {
    "type": "Feature",
    "geometry": {
       "type": "Point",
       "coordinates":  [ 121.8641931,25.0388251 ]
    },
    "properties": {
    "city":"新北市",
    "name":"7-11雙祥門市",
    "address":"227新北市雙溪區雙溪村太平路65.67號"
    }
  },
  {
    "type": "Feature",
    "geometry": {
       "type": "Point",
       "coordinates":  [ 121.4632138,25.0816507 ]
    },
    "properties": {
    "city":"新北市",
    "name":"7-11雙華門市",
    "address":"247新北市蘆洲區中華街8號"
    }
  },
  {
    "type": "Feature",
    "geometry": {
       "type": "Point",
       "coordinates":  [ 121.4752426,25.025876 ]
    },
    "properties": {
    "city":"新北市",
    "name":"7-11雙源門市",
    "address":"220新北市板橋區雙十路二段47巷30、32號"
    }
  },
  {
    "type": "Feature",
    "geometry": {
       "type": "Point",
       "coordinates":  [ 121.8661515,25.0391209 ]
    },
    "properties": {
    "city":"新北市",
    "name":"7-11雙溪門市",
    "address":"227新北市雙溪區自強路7號"
    }
  },
  {
    "type": "Feature",
    "geometry": {
       "type": "Point",
       "coordinates":  [ 121.4135397,25.0282541 ]
    },
    "properties": {
    "city":"新北市",
    "name":"7-11雙鳳門市",
    "address":"242新北市新莊區雙鳳路114號1樓"
    }
  },
  {
    "type": "Feature",
    "geometry": {
       "type": "Point",
       "coordinates":  [ 121.5427583,24.976441 ]
    },
    "properties": {
    "city":"新北市",
    "name":"7-11雙鑫門市",
    "address":"231新北市新店區北新路二段169號"
    }
  },
  {
    "type": "Feature",
    "geometry": {
       "type": "Point",
       "coordinates":  [ 121.478886,25.0184413 ]
    },
    "properties": {
    "city":"新北市",
    "name":"7-11馥都門市",
    "address":"220新北市板橋區中山路二段399.401號"
    }
  },
  {
    "type": "Feature",
    "geometry": {
       "type": "Point",
       "coordinates":  [ 121.4251648,25.1840606 ]
    },
    "properties": {
    "city":"新北市",
    "name":"7-11鯊魚門市",
    "address":"251新北市淡水區沙崙路214號"
    }
  },
  {
    "type": "Feature",
    "geometry": {
       "type": "Point",
       "coordinates":  [ 121.4785399,25.0311608 ]
    },
    "properties": {
    "city":"新北市",
    "name":"7-11懷民門市",
    "address":"220新北市板橋區民治街111號"
    }
  },
  {
    "type": "Feature",
    "geometry": {
       "type": "Point",
       "coordinates":  [ 121.4801569,25.0304125 ]
    },
    "properties": {
    "city":"新北市",
    "name":"7-11懷翠門市",
    "address":"220新北市板橋區懷德街181巷23號"
    }
  },
  {
    "type": "Feature",
    "geometry": {
       "type": "Point",
       "coordinates":  [ 121.4785568,25.0312943 ]
    },
    "properties": {
    "city":"新北市",
    "name":"7-11懷德門市",
    "address":"220新北市板橋區懷德街55.57號"
    }
  },
  {
    "type": "Feature",
    "geometry": {
       "type": "Point",
       "coordinates":  [ 121.4446008,25.0516144 ]
    },
    "properties": {
    "city":"新北市",
    "name":"7-11藝高門市",
    "address":"242新北市新莊區中平路357號"
    }
  },
  {
    "type": "Feature",
    "geometry": {
       "type": "Point",
       "coordinates":  [ 121.4442249,25.0505618 ]
    },
    "properties": {
    "city":"新北市",
    "name":"7-11藝寶門市",
    "address":"242新北市新莊區立信三街8號"
    }
  },
  {
    "type": "Feature",
    "geometry": {
       "type": "Point",
       "coordinates":  [ 121.3796381,25.0820457 ]
    },
    "properties": {
    "city":"新北市",
    "name":"7-11麗池門市",
    "address":"244新北市林口區文化二路2段120號"
    }
  },
  {
    "type": "Feature",
    "geometry": {
       "type": "Point",
       "coordinates":  [ 121.5270987,25.0028283 ]
    },
    "properties": {
    "city":"新北市",
    "name":"7-11麗金門市",
    "address":"234新北市永和區成功路一段91號"
    }
  },
  {
    "type": "Feature",
    "geometry": {
       "type": "Point",
       "coordinates":  [ 121.3742414,25.0715097 ]
    },
    "properties": {
    "city":"新北市",
    "name":"7-11麗園門市",
    "address":"244新北市林口區文化一路一段118號"
    }
  },
  {
    "type": "Feature",
    "geometry": {
       "type": "Point",
       "coordinates":  [ 121.3770075,25.0704501 ]
    },
    "properties": {
    "city":"新北市",
    "name":"7-11麗興門市",
    "address":"244新北市林口區麗園一街11巷1號1樓之2"
    }
  },
  {
    "type": "Feature",
    "geometry": {
       "type": "Point",
       "coordinates":  [ 121.5418791,24.9868476 ]
    },
    "properties": {
    "city":"新北市",
    "name":"7-11寶中門市",
    "address":"231新北市新店區寶慶街66號"
    }
  },
  {
    "type": "Feature",
    "geometry": {
       "type": "Point",
       "coordinates":  [ 121.5427761,24.9731911 ]
    },
    "properties": {
    "city":"新北市",
    "name":"7-11寶新門市",
    "address":"231新北市新店區北新路二段57號"
    }
  },
  {
    "type": "Feature",
    "geometry": {
       "type": "Point",
       "coordinates":  [ 121.4613891,25.0088579 ]
    },
    "properties": {
    "city":"新北市",
    "name":"7-11耀心門市",
    "address":"220新北市板橋區中山路一段50巷11號"
    }
  },
  {
    "type": "Feature",
    "geometry": {
       "type": "Point",
       "coordinates":  [ 121.4759504,25.0827348 ]
    },
    "properties": {
    "city":"新北市",
    "name":"7-11蘆三門市",
    "address":"247新北市蘆洲區三民路28號"
    }
  },
  {
    "type": "Feature",
    "geometry": {
       "type": "Point",
       "coordinates":  [ 121.4673669,25.0872271 ]
    },
    "properties": {
    "city":"新北市",
    "name":"7-11蘆正門市",
    "address":"247新北市蘆洲區中正路261號"
    }
  },
  {
    "type": "Feature",
    "geometry": {
       "type": "Point",
       "coordinates":  [ 121.4675846,25.0770306 ]
    },
    "properties": {
    "city":"新北市",
    "name":"7-11蘆永門市",
    "address":"247新北市蘆洲區永安南路二段18號"
    }
  },
  {
    "type": "Feature",
    "geometry": {
       "type": "Point",
       "coordinates":  [ 121.4640767,25.0789799 ]
    },
    "properties": {
    "city":"新北市",
    "name":"7-11蘆安門市",
    "address":"247新北市蘆洲區長安街11號"
    }
  },
  {
    "type": "Feature",
    "geometry": {
       "type": "Point",
       "coordinates":  [ 121.4602367,25.0848235 ]
    },
    "properties": {
    "city":"新北市",
    "name":"7-11蘆荻門市",
    "address":"247新北市蘆洲區永康街1巷37號"
    }
  },
  {
    "type": "Feature",
    "geometry": {
       "type": "Point",
       "coordinates":  [ 121.4746401,25.078909 ]
    },
    "properties": {
    "city":"新北市",
    "name":"7-11蘆揚門市",
    "address":"247新北市蘆洲區民生街30號"
    }
  },
  {
    "type": "Feature",
    "geometry": {
       "type": "Point",
       "coordinates":  [ 121.4599707,25.0821735 ]
    },
    "properties": {
    "city":"新北市",
    "name":"7-11蘆華門市",
    "address":"247新北市蘆洲區長安街205號"
    }
  },
  {
    "type": "Feature",
    "geometry": {
       "type": "Point",
       "coordinates":  [ 121.4629348,25.0860937 ]
    },
    "properties": {
    "city":"新北市",
    "name":"7-11蘆樂門市",
    "address":"247新北市蘆洲區長樂路55號1樓"
    }
  },
  {
    "type": "Feature",
    "geometry": {
       "type": "Point",
       "coordinates":  [ 121.4704622,25.0805663 ]
    },
    "properties": {
    "city":"新北市",
    "name":"7-11蘆讚門市",
    "address":"247新北市蘆洲區中山二路184號"
    }
  },
  {
    "type": "Feature",
    "geometry": {
       "type": "Point",
       "coordinates":  [ 121.4727033,25.0266269 ]
    },
    "properties": {
    "city":"新北市",
    "name":"7-11議會門市",
    "address":"220新北市板橋區莊敬路60號"
    }
  },
  {
    "type": "Feature",
    "geometry": {
       "type": "Point",
       "coordinates":  [ 121.4327388,25.0133594 ]
    },
    "properties": {
    "city":"新北市",
    "name":"7-11儷新門市",
    "address":"242新北市新莊區新樹路451號"
    }
  },
  {
    "type": "Feature",
    "geometry": {
       "type": "Point",
       "coordinates":  [ 121.348938,24.9542239 ]
    },
    "properties": {
    "city":"新北市",
    "name":"7-11鶯育門市",
    "address":"239新北市鶯歌區南雅路35號"
    }
  },
  {
    "type": "Feature",
    "geometry": {
       "type": "Point",
       "coordinates":  [ 121.3260037,24.9718909 ]
    },
    "properties": {
    "city":"新北市",
    "name":"7-11鶯桃門市",
    "address":"239新北市鶯歌區鶯桃路二段7號"
    }
  },
  {
    "type": "Feature",
    "geometry": {
       "type": "Point",
       "coordinates":  [ 121.3470837,24.951157 ]
    },
    "properties": {
    "city":"新北市",
    "name":"7-11鶯瓷門市",
    "address":"239新北市鶯歌區尖山埔路100.102號"
    }
  },
  {
    "type": "Feature",
    "geometry": {
       "type": "Point",
       "coordinates":  [ 121.3509315,24.9536612 ]
    },
    "properties": {
    "city":"新北市",
    "name":"7-11鶯歌門市",
    "address":"239新北市鶯歌區國慶街139號"
    }
  },
  {
    "type": "Feature",
    "geometry": {
       "type": "Point",
       "coordinates":  [ 121.4602661,25.0923294 ]
    },
    "properties": {
    "city":"新北市",
    "name":"7-11鷺江門市",
    "address":"247新北市蘆洲區長榮路679號1樓"
    }
  },
  {
    "type": "Feature",
    "geometry": {
       "type": "Point",
       "coordinates":  [ 121.4472623,24.9896576 ]
    },
    "properties": {
    "city":"新北市",
    "name":"7-11鑫城門市",
    "address":"236新北市土城區中華路1段94號"
    }
  },
  {
    "type": "Feature",
    "geometry": {
       "type": "Point",
       "coordinates":  [ 121.6304926,25.0090679 ]
    },
    "properties": {
    "city":"新北市",
    "name":"7-11鑫庫門市",
    "address":"222新北市深坑區北深路一段118.120號"
    }
  },
  {
    "type": "Feature",
    "geometry": {
       "type": "Point",
       "coordinates":  [ 121.4869391,25.0736592 ]
    },
    "properties": {
    "city":"新北市",
    "name":"7-11鑫強門市",
    "address":"241新北市三重區自強路三段30.32號"
    }
  },
  {
    "type": "Feature",
    "geometry": {
       "type": "Point",
       "coordinates":  [ 121.5356088,24.982674 ]
    },
    "properties": {
    "city":"新北市",
    "name":"7-11鑫權門市",
    "address":"231新北市新店區民權路125號"
    }
  },
  {
    "type": "Feature",
    "geometry": {
       "type": "Point",
       "coordinates":  [ 121.4514417,25.1741832 ]
    },
    "properties": {
    "city":"新北市",
    "name":"7-11鑫鑫門市",
    "address":"251新北市淡水區水源街2段76號"
    }
  },
  {
    "type": "Feature",
    "geometry": {
       "type": "Point",
       "coordinates":  [ 121.3884435,25.0815544 ]
    },
    "properties": {
    "city":"新北市",
    "name":"7-11觀林門市",
    "address":"244新北市林口區林口路78.80號"
    }
  },
  {
    "type": "Feature",
    "geometry": {
       "type": "Point",
       "coordinates":  [ 121.4421036,25.0032467 ]
    },
    "properties": {
    "city":"新北市",
    "name":"7-11觀泰門市",
    "address":"220新北市板橋區大觀路2段174巷166弄2.4號"
    }
  },
  {
    "type": "Feature",
    "geometry": {
       "type": "Point",
       "coordinates":  [ 121.4529611,25.1257076 ]
    },
    "properties": {
    "city":"新北市",
    "name":"7-11觀海門市",
    "address":"249新北市八里區龍米路一段140號"
    }
  },
  {
    "type": "Feature",
    "geometry": {
       "type": "Point",
       "coordinates":  [ 121.4214791,25.1624463 ]
    },
    "properties": {
    "city":"新北市",
    "name":"7-11觀景門市",
    "address":"249新北市八里區觀海大道61.63號"
    }
  },
  {
    "type": "Feature",
    "geometry": {
       "type": "Point",
       "coordinates":  [ 121.4430236,25.0001985 ]
    },
    "properties": {
    "city":"新北市",
    "name":"7-11觀龍門市",
    "address":"220新北市板橋區龍興街24號"
    }
  },
  {
    "type": "Feature",
    "geometry": {
       "type": "Point",
       "coordinates":  [ 121.497124,25.0011464 ]
    },
    "properties": {
    "city":"新北市",
    "name":"一俐車業有限公司",
    "address":"235新北市中和區景平路670號"
    }
  },
  {
    "type": "Feature",
    "geometry": {
       "type": "Point",
       "coordinates":  [ 121.5247526,25.0047535 ]
    },
    "properties": {
    "city":"新北市",
    "name":"一楓車業有限公司",
    "address":"234新北市永和區林森路48巷2號"
    }
  },
  {
    "type": "Feature",
    "geometry": {
       "type": "Point",
       "coordinates":  [ 121.4679843,24.9975763 ]
    },
    "properties": {
    "city":"新北市",
    "name":"力昌機車行",
    "address":"235新北市中和區民德路236號"
    }
  },
  {
    "type": "Feature",
    "geometry": {
       "type": "Point",
       "coordinates":  [ 121.4431851,24.9820804 ]
    },
    "properties": {
    "city":"新北市",
    "name":"力溢車業有限公司",
    "address":"236新北市土城區中央路一段302號"
    }
  },
  {
    "type": "Feature",
    "geometry": {
       "type": "Point",
       "coordinates":  [ 121.5148418,24.9982602 ]
    },
    "properties": {
    "city":"新北市",
    "name":"久川車業有限公司",
    "address":"235新北市中和區安樂路68號"
    }
  },
  {
    "type": "Feature",
    "geometry": {
       "type": "Point",
       "coordinates":  [ 121.4965088,25.0661909 ]
    },
    "properties": {
    "city":"新北市",
    "name":"大同綜合訊電股份有限公司-大同3C_三重正義門市",
    "address":"241新北市三重區正義北路150號"
    }
  },
  {
    "type": "Feature",
    "geometry": {
       "type": "Point",
       "coordinates":  [ 121.372839,24.9362091 ]
    },
    "properties": {
    "city":"新北市",
    "name":"大同綜合訊電股份有限公司-大同3C_三峽門市",
    "address":"237新北市三峽區文化路48號"
    }
  },
  {
    "type": "Feature",
    "geometry": {
       "type": "Point",
       "coordinates":  [ 121.44179,24.976144 ]
    },
    "properties": {
    "city":"新北市",
    "name":"大同綜合訊電股份有限公司-大同3C_土城中央門市",
    "address":"236新北市土城區中央路二段186號"
    }
  },
  {
    "type": "Feature",
    "geometry": {
       "type": "Point",
       "coordinates":  [ 121.5047593,24.9995656 ]
    },
    "properties": {
    "city":"新北市",
    "name":"大同綜合訊電股份有限公司-大同3C_中和雙和門市",
    "address":"235新北市中和區中和路176號"
    }
  },
  {
    "type": "Feature",
    "geometry": {
       "type": "Point",
       "coordinates":  [ 121.5126771,25.0105374 ]
    },
    "properties": {
    "city":"新北市",
    "name":"大同綜合訊電股份有限公司-大同3C_永和中山門市",
    "address":"234新北市永和區中山路一段65號"
    }
  },
  {
    "type": "Feature",
    "geometry": {
       "type": "Point",
       "coordinates":  [ 121.5173922,24.9992291 ]
    },
    "properties": {
    "city":"新北市",
    "name":"大同綜合訊電股份有限公司-大同3C_永和中正門市",
    "address":"234新北市永和區中正路306號"
    }
  },
  {
    "type": "Feature",
    "geometry": {
       "type": "Point",
       "coordinates":  [ 121.6610228,25.0687669 ]
    },
    "properties": {
    "city":"新北市",
    "name":"大同綜合訊電股份有限公司-大同3C_汐止大同門市",
    "address":"221新北市汐止區大同路二段497號"
    }
  },
  {
    "type": "Feature",
    "geometry": {
       "type": "Point",
       "coordinates":  [ 121.6336646,25.0646208 ]
    },
    "properties": {
    "city":"新北市",
    "name":"大同綜合訊電股份有限公司-大同3C_汐止福德門市",
    "address":"221新北市汐止區福德一路249號"
    }
  },
  {
    "type": "Feature",
    "geometry": {
       "type": "Point",
       "coordinates":  [ 121.4566676,25.0169227 ]
    },
    "properties": {
    "city":"新北市",
    "name":"大同綜合訊電股份有限公司-大同3C_板橋中正門市",
    "address":"220新北市板橋區中正路162號"
    }
  },
  {
    "type": "Feature",
    "geometry": {
       "type": "Point",
       "coordinates":  [ 121.4612125,24.9960931 ]
    },
    "properties": {
    "city":"新北市",
    "name":"大同綜合訊電股份有限公司-大同3C_板橋國慶門市",
    "address":"220新北市板橋區國慶路143號"
    }
  },
  {
    "type": "Feature",
    "geometry": {
       "type": "Point",
       "coordinates":  [ 121.429314,25.0525772 ]
    },
    "properties": {
    "city":"新北市",
    "name":"大同綜合訊電股份有限公司-大同3C_泰山門市",
    "address":"243新北市泰山區明志路二段59號"
    }
  },
  {
    "type": "Feature",
    "geometry": {
       "type": "Point",
       "coordinates":  [ 121.5365203,24.9748434 ]
    },
    "properties": {
    "city":"新北市",
    "name":"大同綜合訊電股份有限公司-大同3C_新店中正門市",
    "address":"231新北市新店區中正路309號"
    }
  },
  {
    "type": "Feature",
    "geometry": {
       "type": "Point",
       "coordinates":  [ 121.4453818,25.0409662 ]
    },
    "properties": {
    "city":"新北市",
    "name":"大同綜合訊電股份有限公司-大同3C_新莊新泰門市",
    "address":"242新北市新莊區新泰路303號"
    }
  },
  {
    "type": "Feature",
    "geometry": {
       "type": "Point",
       "coordinates":  [ 121.4241509,25.0238006 ]
    },
    "properties": {
    "city":"新北市",
    "name":"大同綜合訊電股份有限公司-大同3C_新莊鴻金寶門市",
    "address":"242新北市新莊區富國路188號"
    }
  },
  {
    "type": "Feature",
    "geometry": {
       "type": "Point",
       "coordinates":  [ 121.4259853,24.9930289 ]
    },
    "properties": {
    "city":"新北市",
    "name":"大同綜合訊電股份有限公司-大同3C_樹林門市",
    "address":"238新北市樹林區鎮前街32號"
    }
  },
  {
    "type": "Feature",
    "geometry": {
       "type": "Point",
       "coordinates":  [ 121.4645055,25.0819907 ]
    },
    "properties": {
    "city":"新北市",
    "name":"大同綜合訊電股份有限公司-大同3C_蘆洲光華門市",
    "address":"247新北市蘆洲區光華路188、190號"
    }
  },
  {
    "type": "Feature",
    "geometry": {
       "type": "Point",
       "coordinates":  [ 121.516477,24.9924134 ]
    },
    "properties": {
    "city":"新北市",
    "name":"大潤發流通事業股分有限公司中和分公司景平店",
    "address":"235新北市中和區景平路182號地下1樓"
    }
  },
  {
    "type": "Feature",
    "geometry": {
       "type": "Point",
       "coordinates":  [ 121.4343686,24.9638392 ]
    },
    "properties": {
    "city":"新北市",
    "name":"大潤發流通事業股份有限公司土城分公司",
    "address":"236新北市土城區永安街25號"
    }
  },
  {
    "type": "Feature",
    "geometry": {
       "type": "Point",
       "coordinates":  [ 121.537275,24.9619585 ]
    },
    "properties": {
    "city":"新北市",
    "name":"大潤發流通事業股份有限公司新店分公司",
    "address":"231新北市新店區環河路22號B1"
    }
  },
  {
    "type": "Feature",
    "geometry": {
       "type": "Point",
       "coordinates":  [ 121.5130953,24.9942466 ]
    },
    "properties": {
    "city":"新北市",
    "name":"大鑫車業有限公司",
    "address":"234新北市永和區中正路40號"
    }
  },
  {
    "type": "Feature",
    "geometry": {
       "type": "Point",
       "coordinates":  [ 121.505938,24.9971274 ]
    },
    "properties": {
    "city":"新北市",
    "name":"川吉機車行",
    "address":"235新北市中和區景新街133號"
    }
  },
  {
    "type": "Feature",
    "geometry": {
       "type": "Point",
       "coordinates":  [ 121.4999223,25.0019184 ]
    },
    "properties": {
    "city":"新北市",
    "name":"中和地區農會超市",
    "address":"235新北市中和區中和路25號"
    }
  },
  {
    "type": "Feature",
    "geometry": {
       "type": "Point",
       "coordinates":  [ 121.4944867,25.0617647 ]
    },
    "properties": {
    "city":"新北市",
    "name":"中華電信股份有限公司（股）新北營運處三重服務中心",
    "address":"241新北市三重區重新路三段27號"
    }
  },
  {
    "type": "Feature",
    "geometry": {
       "type": "Point",
       "coordinates":  [ 121.4018203,25.1491876 ]
    },
    "properties": {
    "city":"新北市",
    "name":"中華電信股份有限公司台北營運處八里服務中心",
    "address":"249新北市八里區中山路二段356巷12號"
    }
  },
  {
    "type": "Feature",
    "geometry": {
       "type": "Point",
       "coordinates":  [ 121.4999343,25.2575582 ]
    },
    "properties": {
    "city":"新北市",
    "name":"中華電信股份有限公司台北營運處三芝服務中心",
    "address":"252新北市三芝區公正街1號"
    }
  },
  {
    "type": "Feature",
    "geometry": {
       "type": "Point",
       "coordinates":  [ 121.5395723,24.9830772 ]
    },
    "properties": {
    "city":"新北市",
    "name":"中華電信股份有限公司台北營運處大坪林服務中心",
    "address":"231新北市新店區民權路48號"
    }
  },
  {
    "type": "Feature",
    "geometry": {
       "type": "Point",
       "coordinates":  [ 121.5682224,25.2924767 ]
    },
    "properties": {
    "city":"新北市",
    "name":"中華電信股份有限公司台北營運處石門洞服務中心",
    "address":"253新北市石門區中央路32號"
    }
  },
  {
    "type": "Feature",
    "geometry": {
       "type": "Point",
       "coordinates":  [ 121.4985511,24.9557506 ]
    },
    "properties": {
    "city":"新北市",
    "name":"中華電信股份有限公司台北營運處安康服務中心",
    "address":"231新北市新店區安康路二段337號"
    }
  },
  {
    "type": "Feature",
    "geometry": {
       "type": "Point",
       "coordinates":  [ 121.4603008,25.1359772 ]
    },
    "properties": {
    "city":"新北市",
    "name":"中華電信股份有限公司台北營運處竹圍服務中心",
    "address":"251新北市淡水區民權路157號"
    }
  },
  {
    "type": "Feature",
    "geometry": {
       "type": "Point",
       "coordinates":  [ 121.4467294,25.1680826 ]
    },
    "properties": {
    "city":"新北市",
    "name":"中華電信股份有限公司台北營運處淡水服務中心",
    "address":"251新北市淡水區中正東路51號"
    }
  },
  {
    "type": "Feature",
    "geometry": {
       "type": "Point",
       "coordinates":  [ 121.4467294,25.1680826 ]
    },
    "properties": {
    "city":"新北市",
    "name":"中華電信股份有限公司台北營運處淡水捷運服務中心",
    "address":"251新北市淡水區中正東路51號"
    }
  },
  {
    "type": "Feature",
    "geometry": {
       "type": "Point",
       "coordinates":  [ 121.4440422,25.1853835 ]
    },
    "properties": {
    "city":"新北市",
    "name":"中華電信股份有限公司台北營運處淡水新市服務中心",
    "address":"251新北市淡水區中山北路二段191號"
    }
  },
  {
    "type": "Feature",
    "geometry": {
       "type": "Point",
       "coordinates":  [ 121.6156527,25.0024997 ]
    },
    "properties": {
    "city":"新北市",
    "name":"中華電信股份有限公司台北營運處深坑服務中心",
    "address":"222新北市深坑區深坑街14號"
    }
  },
  {
    "type": "Feature",
    "geometry": {
       "type": "Point",
       "coordinates":  [ 121.5395723,24.9830772 ]
    },
    "properties": {
    "city":"新北市",
    "name":"中華電信股份有限公司台北營運處新店服務中心",
    "address":"231新北市新店區民權路48號"
    }
  },
  {
    "type": "Feature",
    "geometry": {
       "type": "Point",
       "coordinates":  [ 121.6593724,25.0635214 ]
    },
    "properties": {
    "city":"新北市",
    "name":"中華電信股份有限公司基隆營運處汐止服務中心",
    "address":"221新北市汐止區仁愛路12號"
    }
  },
  {
    "type": "Feature",
    "geometry": {
       "type": "Point",
       "coordinates":  [ 121.6324751,25.0641362 ]
    },
    "properties": {
    "city":"新北市",
    "name":"中華電信股份有限公司基隆營運處汐止福德服務中心",
    "address":"221新北市汐止區福德一路264號"
    }
  },
  {
    "type": "Feature",
    "geometry": {
       "type": "Point",
       "coordinates":  [ 121.8060612,25.1073625 ]
    },
    "properties": {
    "city":"新北市",
    "name":"中華電信股份有限公司基隆營運處金山服務中心",
    "address":"224新北市瑞芳區中正路65號2樓"
    }
  },
  {
    "type": "Feature",
    "geometry": {
       "type": "Point",
       "coordinates":  [ 121.663892,25.0682726 ]
    },
    "properties": {
    "city":"新北市",
    "name":"中華電信股份有限公司基隆營運處站前服務中心",
    "address":"221新北市汐止區忠孝東路286號"
    }
  },
  {
    "type": "Feature",
    "geometry": {
       "type": "Point",
       "coordinates":  [ 121.9076213,25.0199368 ]
    },
    "properties": {
    "city":"新北市",
    "name":"中華電信股份有限公司基隆營運處貢寮服務中心",
    "address":"228新北市貢寮區長泰路18號"
    }
  },
  {
    "type": "Feature",
    "geometry": {
       "type": "Point",
       "coordinates":  [ 121.8060612,25.1073625 ]
    },
    "properties": {
    "city":"新北市",
    "name":"中華電信股份有限公司基隆營運處瑞芳服務中心",
    "address":"224新北市瑞芳區中正路65號2樓"
    }
  },
  {
    "type": "Feature",
    "geometry": {
       "type": "Point",
       "coordinates":  [ 121.6875017,25.1754984 ]
    },
    "properties": {
    "city":"新北市",
    "name":"中華電信股份有限公司基隆營運處萬里服務中心",
    "address":"207新北市萬里區瑪鍊路16號"
    }
  },
  {
    "type": "Feature",
    "geometry": {
       "type": "Point",
       "coordinates":  [ 121.8658946,25.0389712 ]
    },
    "properties": {
    "city":"新北市",
    "name":"中華電信股份有限公司基隆營運處雙溪服務中心",
    "address":"227新北市雙溪區中華路107號"
    }
  },
  {
    "type": "Feature",
    "geometry": {
       "type": "Point",
       "coordinates":  [ 121.4977929,25.0630543 ]
    },
    "properties": {
    "city":"新北市",
    "name":"中華電信股份有限公司新北營運處三重正義服務中心",
    "address":"241新北市三重區正義北路15-3號"
    }
  },
  {
    "type": "Feature",
    "geometry": {
       "type": "Point",
       "coordinates":  [ 121.3696414,24.9339939 ]
    },
    "properties": {
    "city":"新北市",
    "name":"中華電信股份有限公司新北營運處三峽服務中心",
    "address":"237新北市三峽區民權街36號"
    }
  },
  {
    "type": "Feature",
    "geometry": {
       "type": "Point",
       "coordinates":  [ 121.3708391,24.9386551 ]
    },
    "properties": {
    "city":"新北市",
    "name":"中華電信股份有限公司新北營運處三峽復興服務中心",
    "address":"237新北市三峽區復興路172號"
    }
  },
  {
    "type": "Feature",
    "geometry": {
       "type": "Point",
       "coordinates":  [ 121.4589502,24.9854217 ]
    },
    "properties": {
    "city":"新北市",
    "name":"中華電信股份有限公司新北營運處土城服務中心",
    "address":"236新北市土城區青雲路136號"
    }
  },
  {
    "type": "Feature",
    "geometry": {
       "type": "Point",
       "coordinates":  [ 121.503653,24.999576 ]
    },
    "properties": {
    "city":"新北市",
    "name":"中華電信股份有限公司新北營運處中和南山服務中心",
    "address":"235新北市中和區中和路138號"
    }
  },
  {
    "type": "Feature",
    "geometry": {
       "type": "Point",
       "coordinates":  [ 121.4419827,25.0882413 ]
    },
    "properties": {
    "city":"新北市",
    "name":"中華電信股份有限公司新北營運處五股服務中心",
    "address":"248新北市五股區成泰路三段18號"
    }
  },
  {
    "type": "Feature",
    "geometry": {
       "type": "Point",
       "coordinates":  [ 121.3727998,24.9463845 ]
    },
    "properties": {
    "city":"新北市",
    "name":"中華電信股份有限公司新北營運處北大服務中心",
    "address":"237新北市三峽區大學路168號"
    }
  },
  {
    "type": "Feature",
    "geometry": {
       "type": "Point",
       "coordinates":  [ 121.5175653,25.0005768 ]
    },
    "properties": {
    "city":"新北市",
    "name":"中華電信股份有限公司新北營運處永和中正服務中心",
    "address":"234新北市永和區中正路261號"
    }
  },
  {
    "type": "Feature",
    "geometry": {
       "type": "Point",
       "coordinates":  [ 121.5195517,25.0085749 ]
    },
    "properties": {
    "city":"新北市",
    "name":"中華電信股份有限公司新北營運處永和服務中心",
    "address":"234新北市永和區國光路8號"
    }
  },
  {
    "type": "Feature",
    "geometry": {
       "type": "Point",
       "coordinates":  [ 121.4757697,25.0281564 ]
    },
    "properties": {
    "city":"新北市",
    "name":"中華電信股份有限公司新北營運處江翠服務中心",
    "address":"220新北市板橋區雙十路二段70巷2號"
    }
  },
  {
    "type": "Feature",
    "geometry": {
       "type": "Point",
       "coordinates":  [ 121.4594021,25.0099774 ]
    },
    "properties": {
    "city":"新北市",
    "name":"中華電信股份有限公司新北營運處府中服務中心",
    "address":"220新北市板橋區府後街1號"
    }
  },
  {
    "type": "Feature",
    "geometry": {
       "type": "Point",
       "coordinates":  [ 121.424863,25.039671 ]
    },
    "properties": {
    "city":"新北市",
    "name":"中華電信股份有限公司新北營運處明志服務中心",
    "address":"243新北市泰山區明志路三段155號"
    }
  },
  {
    "type": "Feature",
    "geometry": {
       "type": "Point",
       "coordinates":  [ 121.3690383,25.0713586 ]
    },
    "properties": {
    "city":"新北市",
    "name":"中華電信股份有限公司新北營運處林口忠孝服務中心",
    "address":"244新北市林口區忠孝路370號1樓"
    }
  },
  {
    "type": "Feature",
    "geometry": {
       "type": "Point",
       "coordinates":  [ 121.3851649,25.080186 ]
    },
    "properties": {
    "city":"新北市",
    "name":"中華電信股份有限公司新北營運處林口服務中心",
    "address":"244新北市林口區中山路262號"
    }
  },
  {
    "type": "Feature",
    "geometry": {
       "type": "Point",
       "coordinates":  [ 121.4792523,25.0144869 ]
    },
    "properties": {
    "city":"新北市",
    "name":"中華電信股份有限公司新北營運處板橋三民服務中心",
    "address":"220新北市板橋區三民路2段171號"
    }
  },
  {
    "type": "Feature",
    "geometry": {
       "type": "Point",
       "coordinates":  [ 121.463566,25.0273314 ]
    },
    "properties": {
    "city":"新北市",
    "name":"中華電信股份有限公司新北營運處板橋四維服務中心",
    "address":"220新北市板橋區四維路229號"
    }
  },
  {
    "type": "Feature",
    "geometry": {
       "type": "Point",
       "coordinates":  [ 121.4653016,25.0082317 ]
    },
    "properties": {
    "city":"新北市",
    "name":"中華電信股份有限公司新北營運處板橋服務中心",
    "address":"220新北市板橋區民族路166號"
    }
  },
  {
    "type": "Feature",
    "geometry": {
       "type": "Point",
       "coordinates":  [ 121.4690223,25.0252677 ]
    },
    "properties": {
    "city":"新北市",
    "name":"中華電信股份有限公司新北營運處板橋新埔服務中心",
    "address":"220新北市板橋區文化路二段51 號"
    }
  },
  {
    "type": "Feature",
    "geometry": {
       "type": "Point",
       "coordinates":  [ 121.5134804,24.9920916 ]
    },
    "properties": {
    "city":"新北市",
    "name":"中華電信股份有限公司新北營運處南勢角服務中心",
    "address":"235新北市中和區景平路155號"
    }
  },
  {
    "type": "Feature",
    "geometry": {
       "type": "Point",
       "coordinates":  [ 121.4239471,25.0244765 ]
    },
    "properties": {
    "city":"新北市",
    "name":"中華電信股份有限公司新北營運處後港服務中心",
    "address":"242新北市新莊區四維路7號"
    }
  },
  {
    "type": "Feature",
    "geometry": {
       "type": "Point",
       "coordinates":  [ 121.4331847,25.0623017 ]
    },
    "properties": {
    "city":"新北市",
    "name":"中華電信股份有限公司新北營運處泰明服務中心",
    "address":"243新北市泰山區明志路一段167號1樓"
    }
  },
  {
    "type": "Feature",
    "geometry": {
       "type": "Point",
       "coordinates":  [ 121.449706,24.9876592 ]
    },
    "properties": {
    "city":"新北市",
    "name":"中華電信股份有限公司新北營運處海山捷運服務中心",
    "address":"236新北市土城區裕民路73號"
    }
  },
  {
    "type": "Feature",
    "geometry": {
       "type": "Point",
       "coordinates":  [ 121.4965036,25.0002716 ]
    },
    "properties": {
    "city":"新北市",
    "name":"中華電信股份有限公司新北營運處連城服務中心",
    "address":"235新北市中和區連城路94號"
    }
  },
  {
    "type": "Feature",
    "geometry": {
       "type": "Point",
       "coordinates":  [ 121.5054668,24.9936732 ]
    },
    "properties": {
    "city":"新北市",
    "name":"中華電信股份有限公司新北營運處景安捷運服務中心",
    "address":"235新北市中和區景平路476號"
    }
  },
  {
    "type": "Feature",
    "geometry": {
       "type": "Point",
       "coordinates":  [ 121.4810306,25.0844761 ]
    },
    "properties": {
    "city":"新北市",
    "name":"中華電信股份有限公司新北營運處集賢服務中心",
    "address":"247新北市蘆洲區集賢路338號1樓"
    }
  },
  {
    "type": "Feature",
    "geometry": {
       "type": "Point",
       "coordinates":  [ 121.4445561,25.052233 ]
    },
    "properties": {
    "city":"新北市",
    "name":"中華電信股份有限公司新北營運處新莊中平服務中心",
    "address":"242新北市新莊區中平路369號"
    }
  },
  {
    "type": "Feature",
    "geometry": {
       "type": "Point",
       "coordinates":  [ 121.425871,25.0226659 ]
    },
    "properties": {
    "city":"新北市",
    "name":"中華電信股份有限公司新北營運處新莊民安服務中心",
    "address":"242新北市新莊區民安路214號1樓"
    }
  },
  {
    "type": "Feature",
    "geometry": {
       "type": "Point",
       "coordinates":  [ 121.4517432,25.0493352 ]
    },
    "properties": {
    "city":"新北市",
    "name":"中華電信股份有限公司新北營運處新莊幸福服務中心",
    "address":"242新北市新莊區幸福路612號1樓"
    }
  },
  {
    "type": "Feature",
    "geometry": {
       "type": "Point",
       "coordinates":  [ 121.4518393,25.0389869 ]
    },
    "properties": {
    "city":"新北市",
    "name":"中華電信股份有限公司新北營運處新莊服務中心",
    "address":"242新北市新莊區中華路一段57號"
    }
  },
  {
    "type": "Feature",
    "geometry": {
       "type": "Point",
       "coordinates":  [ 121.5129022,25.006851 ]
    },
    "properties": {
    "city":"新北市",
    "name":"中華電信股份有限公司新北營運處樂華夜市服務中心",
    "address":"234新北市永和區永和路一段57號"
    }
  },
  {
    "type": "Feature",
    "geometry": {
       "type": "Point",
       "coordinates":  [ 121.426559,24.9941169 ]
    },
    "properties": {
    "city":"新北市",
    "name":"中華電信股份有限公司新北營運處樹林中華服務中心",
    "address":"238新北市樹林區樹新路15號"
    }
  },
  {
    "type": "Feature",
    "geometry": {
       "type": "Point",
       "coordinates":  [ 121.416792,24.9803406 ]
    },
    "properties": {
    "city":"新北市",
    "name":"中華電信股份有限公司新北營運處樹林服務中心",
    "address":"238新北市樹林區中華路144號"
    }
  },
  {
    "type": "Feature",
    "geometry": {
       "type": "Point",
       "coordinates":  [ 121.4745391,25.005925 ]
    },
    "properties": {
    "city":"新北市",
    "name":"中華電信股份有限公司新北營運處環球服務中心",
    "address":"235新北市中和區中山路三段117 號"
    }
  },
  {
    "type": "Feature",
    "geometry": {
       "type": "Point",
       "coordinates":  [ 121.4620063,25.0803758 ]
    },
    "properties": {
    "city":"新北市",
    "name":"中華電信股份有限公司新北營運處蘆洲中華服務中心",
    "address":"247新北市蘆洲區中華街73號1樓"
    }
  },
  {
    "type": "Feature",
    "geometry": {
       "type": "Point",
       "coordinates":  [ 121.4620063,25.0803758 ]
    },
    "properties": {
    "city":"新北市",
    "name":"中華電信股份有限公司新北營運處蘆洲服務中心",
    "address":"247新北市蘆洲區中華街73號1樓"
    }
  },
  {
    "type": "Feature",
    "geometry": {
       "type": "Point",
       "coordinates":  [ 121.3503391,24.9547071 ]
    },
    "properties": {
    "city":"新北市",
    "name":"中華電信股份有限公司新北營運處鶯歌服務中心",
    "address":"239新北市鶯歌區國慶街93號"
    }
  },
  {
    "type": "Feature",
    "geometry": {
       "type": "Point",
       "coordinates":  [ 121.5261887,24.9942427 ]
    },
    "properties": {
    "city":"新北市",
    "name":"元宏機車行",
    "address":"235新北市中和區秀朗路3段74-3號"
    }
  },
  {
    "type": "Feature",
    "geometry": {
       "type": "Point",
       "coordinates":  [ 121.4553368,24.9818811 ]
    },
    "properties": {
    "city":"新北市",
    "name":"元泓機車行",
    "address":"236新北市土城區裕民路282號"
    }
  },
  {
    "type": "Feature",
    "geometry": {
       "type": "Point",
       "coordinates":  [ 121.4537791,25.0102296 ]
    },
    "properties": {
    "city":"新北市",
    "name":"日日興車業行",
    "address":"220新北市板橋區林園街40號"
    }
  },
  {
    "type": "Feature",
    "geometry": {
       "type": "Point",
       "coordinates":  [ 121.5138602,24.9884191 ]
    },
    "properties": {
    "city":"新北市",
    "name":"世昌車業行",
    "address":"235新北市中和區景新街467巷15弄1號1樓"
    }
  },
  {
    "type": "Feature",
    "geometry": {
       "type": "Point",
       "coordinates":  [ 121.5054857,24.9932621 ]
    },
    "properties": {
    "city":"新北市",
    "name":"世揚車業有限公司",
    "address":"235新北市中和區景平路337號"
    }
  },
  {
    "type": "Feature",
    "geometry": {
       "type": "Point",
       "coordinates":  [ 121.4432942,24.9810822 ]
    },
    "properties": {
    "city":"新北市",
    "name":"世煇車業有限公司",
    "address":"236新北市土城區中央路一段357號"
    }
  },
  {
    "type": "Feature",
    "geometry": {
       "type": "Point",
       "coordinates":  [ 121.4555747,25.0115816 ]
    },
    "properties": {
    "city":"新北市",
    "name":"北門車業有限公司",
    "address":"220新北市板橋區西門街12號"
    }
  },
  {
    "type": "Feature",
    "geometry": {
       "type": "Point",
       "coordinates":  [ 121.5165124,24.9775094 ]
    },
    "properties": {
    "city":"新北市",
    "name":"北都汽車股份有限公司-安坑營業所",
    "address":"231新北市新店區安和路2段251號"
    }
  },
  {
    "type": "Feature",
    "geometry": {
       "type": "Point",
       "coordinates":  [ 121.6710193,25.0770855 ]
    },
    "properties": {
    "city":"新北市",
    "name":"北都汽車股份有限公司-汐止營業所",
    "address":"221新北市汐止區大同路3段110號"
    }
  },
  {
    "type": "Feature",
    "geometry": {
       "type": "Point",
       "coordinates":  [ 121.5511456,24.9807206 ]
    },
    "properties": {
    "city":"新北市",
    "name":"北都汽車股份有限公司-新店營業所",
    "address":"231新北市新店區寶橋路233-1號1樓"
    }
  },
  {
    "type": "Feature",
    "geometry": {
       "type": "Point",
       "coordinates":  [ 121.465826,25.0315688 ]
    },
    "properties": {
    "city":"新北市",
    "name":"仟松車業有限公司",
    "address":"220新北市板橋區長江路2段128號"
    }
  },
  {
    "type": "Feature",
    "geometry": {
       "type": "Point",
       "coordinates":  [ 121.5126448,25.0049177 ]
    },
    "properties": {
    "city":"新北市",
    "name":"台北縣淡水鎮農會生鮮超級市場",
    "address":"251新北市淡水區水源街1段31號"
    }
  },
  {
    "type": "Feature",
    "geometry": {
       "type": "Point",
       "coordinates":  [ 121.4669944,25.0137024 ]
    },
    "properties": {
    "city":"新北市",
    "name":"台象股份有限公司-象印大遠百板橋據點",
    "address":"220新北市板橋區新站路28號7樓"
    }
  },
  {
    "type": "Feature",
    "geometry": {
       "type": "Point",
       "coordinates":  [ 121.4489909,25.0694494 ]
    },
    "properties": {
    "city":"新北市",
    "name":"台象股份有限公司-象印五股服務中心",
    "address":"248新北市五股區五權八路41號1樓"
    }
  },
  {
    "type": "Feature",
    "geometry": {
       "type": "Point",
       "coordinates":  [ 121.5075086,25.00802 ]
    },
    "properties": {
    "city":"新北市",
    "name":"台象股份有限公司-象印比漾廣場據點",
    "address":"234新北市永和區中山路一段238號?5樓"
    }
  },
  {
    "type": "Feature",
    "geometry": {
       "type": "Point",
       "coordinates":  [ 121.4644505,25.010977 ]
    },
    "properties": {
    "city":"新北市",
    "name":"台象股份有限公司-象印遠東板橋據點",
    "address":"220新北市板橋區中山路一段152號10樓"
    }
  },
  {
    "type": "Feature",
    "geometry": {
       "type": "Point",
       "coordinates":  [ 121.5127591,24.9927816 ]
    },
    "properties": {
    "city":"新北市",
    "name":"台灣歐德家具",
    "address":"235新北市中和區景平路306號"
    }
  },
  {
    "type": "Feature",
    "geometry": {
       "type": "Point",
       "coordinates":  [ 121.510968,25.0058104 ]
    },
    "properties": {
    "city":"新北市",
    "name":"弘安車業有限公司",
    "address":"234新北市永和區永貞路344號"
    }
  },
  {
    "type": "Feature",
    "geometry": {
       "type": "Point",
       "coordinates":  [ 121.4677167,25.0076531 ]
    },
    "properties": {
    "city":"新北市",
    "name":"永督機車行",
    "address":"220新北市板橋區民族路178號"
    }
  },
  {
    "type": "Feature",
    "geometry": {
       "type": "Point",
       "coordinates":  [ 121.5129052,25.0151662 ]
    },
    "properties": {
    "city":"新北市",
    "name":"永諭車行",
    "address":"234新北市永和區文化路105號"
    }
  },
  {
    "type": "Feature",
    "geometry": {
       "type": "Point",
       "coordinates":  [ 121.5651773,25.2911165 ]
    },
    "properties": {
    "city":"新北市",
    "name":"石門鄉農會超市",
    "address":"253新北市石門區石門村中央路2號"
    }
  },
  {
    "type": "Feature",
    "geometry": {
       "type": "Point",
       "coordinates":  [ 121.5185711,25.0148294 ]
    },
    "properties": {
    "city":"新北市",
    "name":"立志機車行",
    "address":"234新北市永和區竹林路39巷15號"
    }
  },
  {
    "type": "Feature",
    "geometry": {
       "type": "Point",
       "coordinates":  [ 121.508668,25.0046771 ]
    },
    "properties": {
    "city":"新北市",
    "name":"立晟車業有限公司",
    "address":"234新北市永和區保平路213號"
    }
  },
  {
    "type": "Feature",
    "geometry": {
       "type": "Point",
       "coordinates":  [ 121.4590115,24.9885749 ]
    },
    "properties": {
    "city":"新北市",
    "name":"任峰機車行",
    "address":"236新北市土城區學府路一段16號"
    }
  },
  {
    "type": "Feature",
    "geometry": {
       "type": "Point",
       "coordinates":  [ 121.4520395,25.1281391 ]
    },
    "properties": {
    "city":"新北市",
    "name":"全家便利商店股份有限公司-八里春池店",
    "address":"249新北市八里區龍源村龍米路一段２０６號１樓"
    }
  },
  {
    "type": "Feature",
    "geometry": {
       "type": "Point",
       "coordinates":  [ 121.4346949,25.1585066 ]
    },
    "properties": {
    "city":"新北市",
    "name":"全家便利商店股份有限公司-八里船頭店",
    "address":"249新北市八里區渡船頭街１號"
    }
  },
  {
    "type": "Feature",
    "geometry": {
       "type": "Point",
       "coordinates":  [ 121.3256006,24.9722804 ]
    },
    "properties": {
    "city":"新北市",
    "name":"全家便利商店股份有限公司-八德鳳福店",
    "address":"239新北市鶯歌區鶯桃路二段２７號"
    }
  },
  {
    "type": "Feature",
    "geometry": {
       "type": "Point",
       "coordinates":  [ 121.5020751,25.2586776 ]
    },
    "properties": {
    "city":"新北市",
    "name":"全家便利商店股份有限公司-三芝吉祥店",
    "address":"252新北市三芝區淡金路一段７３，７５，７７號"
    }
  },
  {
    "type": "Feature",
    "geometry": {
       "type": "Point",
       "coordinates":  [ 121.4861794,25.067951 ]
    },
    "properties": {
    "city":"新北市",
    "name":"全家便利商店股份有限公司-三重力行店",
    "address":"241新北市三重區力行路一段４０號"
    }
  },
  {
    "type": "Feature",
    "geometry": {
       "type": "Point",
       "coordinates":  [ 121.4849241,25.0633051 ]
    },
    "properties": {
    "city":"新北市",
    "name":"全家便利商店股份有限公司-三重三民店",
    "address":"241新北市三重區三民街１１２號"
    }
  },
  {
    "type": "Feature",
    "geometry": {
       "type": "Point",
       "coordinates":  [ 121.5004754,25.0655281 ]
    },
    "properties": {
    "city":"新北市",
    "name":"全家便利商店股份有限公司-三重三佾店",
    "address":"241新北市三重區中央北路５８號１樓"
    }
  },
  {
    "type": "Feature",
    "geometry": {
       "type": "Point",
       "coordinates":  [ 121.4842879,25.0781188 ]
    },
    "properties": {
    "city":"新北市",
    "name":"全家便利商店股份有限公司-三重三和店",
    "address":"241新北市三重區三和路四段１４３之１號"
    }
  },
  {
    "type": "Feature",
    "geometry": {
       "type": "Point",
       "coordinates":  [ 121.4888888,25.0865642 ]
    },
    "properties": {
    "city":"新北市",
    "name":"全家便利商店股份有限公司-三重三信店",
    "address":"241新北市三重區五華街２５７號１樓"
    }
  },
  {
    "type": "Feature",
    "geometry": {
       "type": "Point",
       "coordinates":  [ 121.4858582,25.0589226 ]
    },
    "properties": {
    "city":"新北市",
    "name":"全家便利商店股份有限公司-三重三陽店",
    "address":"241新北市三重區三陽路１３巷２號"
    }
  },
  {
    "type": "Feature",
    "geometry": {
       "type": "Point",
       "coordinates":  [ 121.4954951,25.0614656 ]
    },
    "properties": {
    "city":"新北市",
    "name":"全家便利商店股份有限公司-三重大成店",
    "address":"241新北市三重區大同北路１號１樓"
    }
  },
  {
    "type": "Feature",
    "geometry": {
       "type": "Point",
       "coordinates":  [ 121.4817894,25.0719146 ]
    },
    "properties": {
    "city":"新北市",
    "name":"全家便利商店股份有限公司-三重大勇店",
    "address":"241新北市三重區永發里力行路二段２號一樓"
    }
  },
  {
    "type": "Feature",
    "geometry": {
       "type": "Point",
       "coordinates":  [ 121.4934531,25.0662824 ]
    },
    "properties": {
    "city":"新北市",
    "name":"全家便利商店股份有限公司-三重大智店",
    "address":"241新北市三重區大智街９４號"
    }
  },
  {
    "type": "Feature",
    "geometry": {
       "type": "Point",
       "coordinates":  [ 121.483971,25.0613594 ]
    },
    "properties": {
    "city":"新北市",
    "name":"全家便利商店股份有限公司-三重中山店",
    "address":"241新北市三重區中山路１１９，１２１號"
    }
  },
  {
    "type": "Feature",
    "geometry": {
       "type": "Point",
       "coordinates":  [ 121.4941856,25.0564485 ]
    },
    "properties": {
    "city":"新北市",
    "name":"全家便利商店股份有限公司-三重中正店",
    "address":"241新北市三重區中正南路１８４號１樓"
    }
  },
  {
    "type": "Feature",
    "geometry": {
       "type": "Point",
       "coordinates":  [ 121.469568,25.0457574 ]
    },
    "properties": {
    "city":"新北市",
    "name":"全家便利商店股份有限公司-三重中興店",
    "address":"241新北市三重區重新路五段５９５，５９７號"
    }
  },
  {
    "type": "Feature",
    "geometry": {
       "type": "Point",
       "coordinates":  [ 121.4920643,25.0834053 ]
    },
    "properties": {
    "city":"新北市",
    "name":"全家便利商店股份有限公司-三重五華店",
    "address":"241新北市三重區五華街８９號"
    }
  },
  {
    "type": "Feature",
    "geometry": {
       "type": "Point",
       "coordinates":  [ 121.4820198,25.0805701 ]
    },
    "properties": {
    "city":"新北市",
    "name":"全家便利商店股份有限公司-三重仁華店",
    "address":"241新北市三重區仁愛街７１９之１號"
    }
  },
  {
    "type": "Feature",
    "geometry": {
       "type": "Point",
       "coordinates":  [ 121.4972935,25.0811152 ]
    },
    "properties": {
    "city":"新北市",
    "name":"全家便利商店股份有限公司-三重仁義店",
    "address":"241新北市三重區仁義街１５３號、１５５號１樓"
    }
  },
  {
    "type": "Feature",
    "geometry": {
       "type": "Point",
       "coordinates":  [ 121.4928901,25.0699309 ]
    },
    "properties": {
    "city":"新北市",
    "name":"全家便利商店股份有限公司-三重六張店",
    "address":"241新北市三重區六張街９０巷１號"
    }
  },
  {
    "type": "Feature",
    "geometry": {
       "type": "Point",
       "coordinates":  [ 121.4856245,25.0706381 ]
    },
    "properties": {
    "city":"新北市",
    "name":"全家便利商店股份有限公司-三重公園店",
    "address":"241新北市三重區忠孝路二段３４號"
    }
  },
  {
    "type": "Feature",
    "geometry": {
       "type": "Point",
       "coordinates":  [ 121.4974781,25.0617709 ]
    },
    "properties": {
    "city":"新北市",
    "name":"全家便利商店股份有限公司-三重天臺店",
    "address":"241新北市三重區重新路二段７８號"
    }
  },
  {
    "type": "Feature",
    "geometry": {
       "type": "Point",
       "coordinates":  [ 121.4925528,25.0683002 ]
    },
    "properties": {
    "city":"新北市",
    "name":"全家便利商店股份有限公司-三重民生店",
    "address":"241新北市三重區民生東街２號"
    }
  },
  {
    "type": "Feature",
    "geometry": {
       "type": "Point",
       "coordinates":  [ 121.4820102,25.0812946 ]
    },
    "properties": {
    "city":"新北市",
    "name":"全家便利商店股份有限公司-三重永安店",
    "address":"241新北市三重區永安北路二段１１號１樓"
    }
  },
  {
    "type": "Feature",
    "geometry": {
       "type": "Point",
       "coordinates":  [ 121.4839623,25.0765721 ]
    },
    "properties": {
    "city":"新北市",
    "name":"全家便利商店股份有限公司-三重永盛店",
    "address":"241新北市三重區車路頭街１４１號"
    }
  },
  {
    "type": "Feature",
    "geometry": {
       "type": "Point",
       "coordinates":  [ 121.4793169,25.0750488 ]
    },
    "properties": {
    "city":"新北市",
    "name":"全家便利商店股份有限公司-三重永福店",
    "address":"241新北市三重區永福街１２４號"
    }
  },
  {
    "type": "Feature",
    "geometry": {
       "type": "Point",
       "coordinates":  [ 121.4775601,25.0692132 ]
    },
    "properties": {
    "city":"新北市",
    "name":"全家便利商店股份有限公司-三重永德店",
    "address":"241新北市三重區中正北路３４６號"
    }
  },
  {
    "type": "Feature",
    "geometry": {
       "type": "Point",
       "coordinates":  [ 121.483043,25.064616 ]
    },
    "properties": {
    "city":"新北市",
    "name":"全家便利商店股份有限公司-三重田心店",
    "address":"241新北市三重區田心里忠孝路三段５０巷８２號一樓"
    }
  },
  {
    "type": "Feature",
    "geometry": {
       "type": "Point",
       "coordinates":  [ 121.4937763,25.054797 ]
    },
    "properties": {
    "city":"新北市",
    "name":"全家便利商店股份有限公司-三重光正店",
    "address":"241新北市三重區光正里中正南路２２４號，２２６號"
    }
  },
  {
    "type": "Feature",
    "geometry": {
       "type": "Point",
       "coordinates":  [ 121.4834783,25.0585782 ]
    },
    "properties": {
    "city":"新北市",
    "name":"全家便利商店股份有限公司-三重光陽店",
    "address":"241新北市三重區三陽路１０２號"
    }
  },
  {
    "type": "Feature",
    "geometry": {
       "type": "Point",
       "coordinates":  [ 121.5009192,25.0690784 ]
    },
    "properties": {
    "city":"新北市",
    "name":"全家便利商店股份有限公司-三重光榮店",
    "address":"241新北市三重區長興街６０號１樓"
    }
  },
  {
    "type": "Feature",
    "geometry": {
       "type": "Point",
       "coordinates":  [ 121.4878935,25.0533251 ]
    },
    "properties": {
    "city":"新北市",
    "name":"全家便利商店股份有限公司-三重成功店",
    "address":"241新北市三重區福德里成功路１４５巷４５號４７號一樓"
    }
  },
  {
    "type": "Feature",
    "geometry": {
       "type": "Point",
       "coordinates":  [ 121.4868737,25.0719462 ]
    },
    "properties": {
    "city":"新北市",
    "name":"全家便利商店股份有限公司-三重自強店",
    "address":"241新北市三重區自強路三段１６號"
    }
  },
  {
    "type": "Feature",
    "geometry": {
       "type": "Point",
       "coordinates":  [ 121.489452,25.069137 ]
    },
    "properties": {
    "city":"新北市",
    "name":"全家便利商店股份有限公司-三重欣田店",
    "address":"241新北市三重區自強路二段２４號"
    }
  },
  {
    "type": "Feature",
    "geometry": {
       "type": "Point",
       "coordinates":  [ 121.498017,25.0676994 ]
    },
    "properties": {
    "city":"新北市",
    "name":"全家便利商店股份有限公司-三重長壽店",
    "address":"241新北市三重區雙園里長壽西街１號"
    }
  },
  {
    "type": "Feature",
    "geometry": {
       "type": "Point",
       "coordinates":  [ 121.4811027,25.066789 ]
    },
    "properties": {
    "city":"新北市",
    "name":"全家便利商店股份有限公司-三重珍寶店",
    "address":"241新北市三重區忠孝路三段４７號．４９號"
    }
  },
  {
    "type": "Feature",
    "geometry": {
       "type": "Point",
       "coordinates":  [ 121.4914725,25.0652591 ]
    },
    "properties": {
    "city":"新北市",
    "name":"全家便利商店股份有限公司-三重重仁店",
    "address":"241新北市三重區重陽路三段５巷３０號"
    }
  },
  {
    "type": "Feature",
    "geometry": {
       "type": "Point",
       "coordinates":  [ 121.4868817,25.0597548 ]
    },
    "properties": {
    "city":"新北市",
    "name":"全家便利商店股份有限公司-三重重陽店",
    "address":"241新北市三重區重陽路一段１０９，１１１號"
    }
  },
  {
    "type": "Feature",
    "geometry": {
       "type": "Point",
       "coordinates":  [ 121.4865648,25.0680209 ]
    },
    "properties": {
    "city":"新北市",
    "name":"全家便利商店股份有限公司-三重首里店",
    "address":"241新北市三重區力行路一段８７號"
    }
  },
  {
    "type": "Feature",
    "geometry": {
       "type": "Point",
       "coordinates":  [ 121.488927,25.0734566 ]
    },
    "properties": {
    "city":"新北市",
    "name":"全家便利商店股份有限公司-三重格致店",
    "address":"241新北市三重區三和路四段２０巷７９號"
    }
  },
  {
    "type": "Feature",
    "geometry": {
       "type": "Point",
       "coordinates":  [ 121.484576,25.0561282 ]
    },
    "properties": {
    "city":"新北市",
    "name":"全家便利商店股份有限公司-三重捷運店",
    "address":"241新北市三重區捷運路１９巷２弄１５號１樓"
    }
  },
  {
    "type": "Feature",
    "geometry": {
       "type": "Point",
       "coordinates":  [ 121.4756402,25.0682559 ]
    },
    "properties": {
    "city":"新北市",
    "name":"全家便利商店股份有限公司-三重頂崁店",
    "address":"241新北市三重區博愛里２２鄰頂崁街２１０巷３１號１樓"
    }
  },
  {
    "type": "Feature",
    "geometry": {
       "type": "Point",
       "coordinates":  [ 121.485441,25.086663 ]
    },
    "properties": {
    "city":"新北市",
    "name":"全家便利商店股份有限公司-三重富貴店",
    "address":"241新北市三重區三賢街２０１號"
    }
  },
  {
    "type": "Feature",
    "geometry": {
       "type": "Point",
       "coordinates":  [ 121.49396,25.0856171 ]
    },
    "properties": {
    "city":"新北市",
    "name":"全家便利商店股份有限公司-三重華義店",
    "address":"241新北市三重區仁義街２４４號、富華街１９３號１樓"
    }
  },
  {
    "type": "Feature",
    "geometry": {
       "type": "Point",
       "coordinates":  [ 121.4944511,25.0811639 ]
    },
    "properties": {
    "city":"新北市",
    "name":"全家便利商店股份有限公司-三重華興店",
    "address":"241新北市三重區五華街４５號．４７號１樓"
    }
  },
  {
    "type": "Feature",
    "geometry": {
       "type": "Point",
       "coordinates":  [ 121.4895375,25.0515292 ]
    },
    "properties": {
    "city":"新北市",
    "name":"全家便利商店股份有限公司-三重集成店",
    "address":"241新北市三重區環河南路２５４巷４３號之１、２號"
    }
  },
  {
    "type": "Feature",
    "geometry": {
       "type": "Point",
       "coordinates":  [ 121.4858632,25.0636192 ]
    },
    "properties": {
    "city":"新北市",
    "name":"全家便利商店股份有限公司-三重集明店",
    "address":"241新北市三重區集美街１１６號１樓"
    }
  },
  {
    "type": "Feature",
    "geometry": {
       "type": "Point",
       "coordinates":  [ 121.4908497,25.0530465 ]
    },
    "properties": {
    "city":"新北市",
    "name":"全家便利商店股份有限公司-三重集美店",
    "address":"241新北市三重區集美街１４９號１樓"
    }
  },
  {
    "type": "Feature",
    "geometry": {
       "type": "Point",
       "coordinates":  [ 121.4887266,25.0800721 ]
    },
    "properties": {
    "city":"新北市",
    "name":"全家便利商店股份有限公司-三重溪尾店",
    "address":"241新北市三重區溪尾街１６０號１樓"
    }
  },
  {
    "type": "Feature",
    "geometry": {
       "type": "Point",
       "coordinates":  [ 121.4883346,25.058529 ]
    },
    "properties": {
    "city":"新北市",
    "name":"全家便利商店股份有限公司-三重過圳店",
    "address":"241新北市三重區過圳街３號１樓"
    }
  },
  {
    "type": "Feature",
    "geometry": {
       "type": "Point",
       "coordinates":  [ 121.491148,25.0843451 ]
    },
    "properties": {
    "city":"新北市",
    "name":"全家便利商店股份有限公司-三重碧華店",
    "address":"241新北市三重區五華街１３１號１樓"
    }
  },
  {
    "type": "Feature",
    "geometry": {
       "type": "Point",
       "coordinates":  [ 121.4787903,25.0685559 ]
    },
    "properties": {
    "city":"新北市",
    "name":"全家便利商店股份有限公司-三重福田店",
    "address":"241新北市三重區三民街２８５號一樓"
    }
  },
  {
    "type": "Feature",
    "geometry": {
       "type": "Point",
       "coordinates":  [ 121.4789508,25.077165 ]
    },
    "properties": {
    "city":"新北市",
    "name":"全家便利商店股份有限公司-三重福旺店",
    "address":"241新北市三重區永福街１２３號１樓"
    }
  },
  {
    "type": "Feature",
    "geometry": {
       "type": "Point",
       "coordinates":  [ 121.4903921,25.0777035 ]
    },
    "properties": {
    "city":"新北市",
    "name":"全家便利商店股份有限公司-三重福溪店",
    "address":"241新北市三重區溪尾街５６號"
    }
  },
  {
    "type": "Feature",
    "geometry": {
       "type": "Point",
       "coordinates":  [ 121.5012054,25.061719 ]
    },
    "properties": {
    "city":"新北市",
    "name":"全家便利商店股份有限公司-三重福德店",
    "address":"241新北市三重區中央南路５１號１樓"
    }
  },
  {
    "type": "Feature",
    "geometry": {
       "type": "Point",
       "coordinates":  [ 121.482628,25.0786401 ]
    },
    "properties": {
    "city":"新北市",
    "name":"全家便利商店股份有限公司-三重銀行店",
    "address":"241新北市三重區三和路四段３７６號"
    }
  },
  {
    "type": "Feature",
    "geometry": {
       "type": "Point",
       "coordinates":  [ 121.5021066,25.0704398 ]
    },
    "properties": {
    "city":"新北市",
    "name":"全家便利商店股份有限公司-三重龍成店",
    "address":"241新北市三重區龍濱路５１＆５３號１樓"
    }
  },
  {
    "type": "Feature",
    "geometry": {
       "type": "Point",
       "coordinates":  [ 121.5013002,25.072523 ]
    },
    "properties": {
    "city":"新北市",
    "name":"全家便利商店股份有限公司-三重龍明店",
    "address":"241新北市三重區龍濱路１６８號１樓"
    }
  },
  {
    "type": "Feature",
    "geometry": {
       "type": "Point",
       "coordinates":  [ 121.5017941,25.0741626 ]
    },
    "properties": {
    "city":"新北市",
    "name":"全家便利商店股份有限公司-三重龍門店",
    "address":"241新北市三重區龍門路２７６號"
    }
  },
  {
    "type": "Feature",
    "geometry": {
       "type": "Point",
       "coordinates":  [ 121.5018504,25.070882 ]
    },
    "properties": {
    "city":"新北市",
    "name":"全家便利商店股份有限公司-三重龍美店",
    "address":"241新北市三重區龍濱路１２０號１樓"
    }
  },
  {
    "type": "Feature",
    "geometry": {
       "type": "Point",
       "coordinates":  [ 121.5019172,25.0717398 ]
    },
    "properties": {
    "city":"新北市",
    "name":"全家便利商店股份有限公司-三重龍濱店",
    "address":"241新北市三重區龍濱路２０７號１樓"
    }
  },
  {
    "type": "Feature",
    "geometry": {
       "type": "Point",
       "coordinates":  [ 121.4912491,25.0506505 ]
    },
    "properties": {
    "city":"新北市",
    "name":"全家便利商店股份有限公司-三重環北店",
    "address":"241新北市三重區成功里環河南路２５３號一樓"
    }
  },
  {
    "type": "Feature",
    "geometry": {
       "type": "Point",
       "coordinates":  [ 121.4888797,25.0506266 ]
    },
    "properties": {
    "city":"新北市",
    "name":"全家便利商店股份有限公司-三重環南店",
    "address":"241新北市三重區成功路５２號，５４號，５６號１樓"
    }
  },
  {
    "type": "Feature",
    "geometry": {
       "type": "Point",
       "coordinates":  [ 121.3790432,24.9431788 ]
    },
    "properties": {
    "city":"新北市",
    "name":"全家便利商店股份有限公司-三峽三樹店",
    "address":"237新北市三峽區龍埔里三樹路２５７號２５９號一樓"
    }
  },
  {
    "type": "Feature",
    "geometry": {
       "type": "Point",
       "coordinates":  [ 121.3757809,24.9280838 ]
    },
    "properties": {
    "city":"新北市",
    "name":"全家便利商店股份有限公司-三峽大同店",
    "address":"237新北市三峽區光明路１００之６號"
    }
  },
  {
    "type": "Feature",
    "geometry": {
       "type": "Point",
       "coordinates":  [ 121.3745914,24.9434419 ]
    },
    "properties": {
    "city":"新北市",
    "name":"全家便利商店股份有限公司-三峽大寧店",
    "address":"237新北市三峽區大學路１２５號１樓"
    }
  },
  {
    "type": "Feature",
    "geometry": {
       "type": "Point",
       "coordinates":  [ 121.4025029,24.9438286 ]
    },
    "properties": {
    "city":"新北市",
    "name":"全家便利商店股份有限公司-三峽介壽店",
    "address":"237新北市三峽區溪北里介壽路三段１７４號一樓"
    }
  },
  {
    "type": "Feature",
    "geometry": {
       "type": "Point",
       "coordinates":  [ 121.370078,24.9360285 ]
    },
    "properties": {
    "city":"新北市",
    "name":"全家便利商店股份有限公司-三峽文化店",
    "address":"237新北市三峽區文化路１１７號１樓"
    }
  },
  {
    "type": "Feature",
    "geometry": {
       "type": "Point",
       "coordinates":  [ 121.3730727,24.931236 ]
    },
    "properties": {
    "city":"新北市",
    "name":"全家便利商店股份有限公司-三峽光明店",
    "address":"237新北市三峽區光明路６號，８號１樓"
    }
  },
  {
    "type": "Feature",
    "geometry": {
       "type": "Point",
       "coordinates":  [ 121.3624212,24.9375125 ]
    },
    "properties": {
    "city":"新北市",
    "name":"全家便利商店股份有限公司-三峽金寶店",
    "address":"237新北市三峽區中山路２４０號"
    }
  },
  {
    "type": "Feature",
    "geometry": {
       "type": "Point",
       "coordinates":  [ 121.3612761,24.9376461 ]
    },
    "properties": {
    "city":"新北市",
    "name":"全家便利商店股份有限公司-三峽峇里店",
    "address":"237新北市三峽區鳶山里中山路３０３號一樓"
    }
  },
  {
    "type": "Feature",
    "geometry": {
       "type": "Point",
       "coordinates":  [ 121.3633543,24.9384962 ]
    },
    "properties": {
    "city":"新北市",
    "name":"全家便利商店股份有限公司-三峽恩主店",
    "address":"237新北市三峽區復興路３７３、３７５號１樓"
    }
  },
  {
    "type": "Feature",
    "geometry": {
       "type": "Point",
       "coordinates":  [ 121.3729935,24.9422819 ]
    },
    "properties": {
    "city":"新北市",
    "name":"全家便利商店股份有限公司-三峽國寧店",
    "address":"237新北市三峽區國學街３１．３３號"
    }
  },
  {
    "type": "Feature",
    "geometry": {
       "type": "Point",
       "coordinates":  [ 121.3597134,24.9080437 ]
    },
    "properties": {
    "city":"新北市",
    "name":"全家便利商店股份有限公司-三峽莉雅店",
    "address":"237新北市三峽區二鬮路１３４號"
    }
  },
  {
    "type": "Feature",
    "geometry": {
       "type": "Point",
       "coordinates":  [ 121.3735557,24.9372753 ]
    },
    "properties": {
    "city":"新北市",
    "name":"全家便利商店股份有限公司-三峽復興店",
    "address":"237新北市三峽區復興路５６號１樓"
    }
  },
  {
    "type": "Feature",
    "geometry": {
       "type": "Point",
       "coordinates":  [ 121.3741416,24.9462616 ]
    },
    "properties": {
    "city":"新北市",
    "name":"全家便利商店股份有限公司-三峽觀成店",
    "address":"237新北市三峽區大觀路８０號１樓"
    }
  },
  {
    "type": "Feature",
    "geometry": {
       "type": "Point",
       "coordinates":  [ 121.4496194,24.9878211 ]
    },
    "properties": {
    "city":"新北市",
    "name":"全家便利商店股份有限公司-土城八洋店",
    "address":"236新北市土城區裕民路６９號"
    }
  },
  {
    "type": "Feature",
    "geometry": {
       "type": "Point",
       "coordinates":  [ 121.4422504,24.978034 ]
    },
    "properties": {
    "city":"新北市",
    "name":"全家便利商店股份有限公司-土城中央店",
    "address":"236新北市土城區員林里中央路二段８９號"
    }
  },
  {
    "type": "Feature",
    "geometry": {
       "type": "Point",
       "coordinates":  [ 121.4392654,24.9768199 ]
    },
    "properties": {
    "city":"新北市",
    "name":"全家便利商店股份有限公司-土城中華店",
    "address":"236新北市土城區中華路二段１１７號"
    }
  },
  {
    "type": "Feature",
    "geometry": {
       "type": "Point",
       "coordinates":  [ 121.4597706,24.9814548 ]
    },
    "properties": {
    "city":"新北市",
    "name":"全家便利商店股份有限公司-土城仁愛店",
    "address":"236新北市土城區清水路１６６號"
    }
  },
  {
    "type": "Feature",
    "geometry": {
       "type": "Point",
       "coordinates":  [ 121.4467562,24.9834012 ]
    },
    "properties": {
    "city":"新北市",
    "name":"全家便利商店股份有限公司-土城玉山店",
    "address":"236新北市土城區明德里明德路二段２０３號１樓"
    }
  },
  {
    "type": "Feature",
    "geometry": {
       "type": "Point",
       "coordinates":  [ 121.4442469,24.9846329 ]
    },
    "properties": {
    "city":"新北市",
    "name":"全家便利商店股份有限公司-土城多德店",
    "address":"236新北市土城區中央路一段２５２號１樓"
    }
  },
  {
    "type": "Feature",
    "geometry": {
       "type": "Point",
       "coordinates":  [ 121.4698873,24.9861221 ]
    },
    "properties": {
    "city":"新北市",
    "name":"全家便利商店股份有限公司-土城延吉店",
    "address":"236新北市土城區延吉街１２０號"
    }
  },
  {
    "type": "Feature",
    "geometry": {
       "type": "Point",
       "coordinates":  [ 121.4696188,24.9902904 ]
    },
    "properties": {
    "city":"新北市",
    "name":"全家便利商店股份有限公司-土城延和店",
    "address":"236新北市土城區延和路２０１號"
    }
  },
  {
    "type": "Feature",
    "geometry": {
       "type": "Point",
       "coordinates":  [ 121.4713131,24.9903489 ]
    },
    "properties": {
    "city":"新北市",
    "name":"全家便利商店股份有限公司-土城延壽店",
    "address":"236新北市土城區延壽路１１號１樓"
    }
  },
  {
    "type": "Feature",
    "geometry": {
       "type": "Point",
       "coordinates":  [ 121.4658011,24.9845376 ]
    },
    "properties": {
    "city":"新北市",
    "name":"全家便利商店股份有限公司-土城延豐店",
    "address":"236新北市土城區延吉街２７０號１樓"
    }
  },
  {
    "type": "Feature",
    "geometry": {
       "type": "Point",
       "coordinates":  [ 121.42649,24.9632961 ]
    },
    "properties": {
    "city":"新北市",
    "name":"全家便利商店股份有限公司-土城欣隆店",
    "address":"236新北市土城區中央路三段２８３號１樓"
    }
  },
  {
    "type": "Feature",
    "geometry": {
       "type": "Point",
       "coordinates":  [ 121.4684414,24.9883587 ]
    },
    "properties": {
    "city":"新北市",
    "name":"全家便利商店股份有限公司-土城金和店",
    "address":"236新北市土城區金城路三段１４７號"
    }
  },
  {
    "type": "Feature",
    "geometry": {
       "type": "Point",
       "coordinates":  [ 121.4597115,24.9882709 ]
    },
    "properties": {
    "city":"新北市",
    "name":"全家便利商店股份有限公司-土城青雲店",
    "address":"236新北市土城區青雲路４２號，４４號"
    }
  },
  {
    "type": "Feature",
    "geometry": {
       "type": "Point",
       "coordinates":  [ 121.4639906,24.9867978 ]
    },
    "properties": {
    "city":"新北市",
    "name":"全家便利商店股份有限公司-土城冠延店",
    "address":"236新北市土城區延和路１１１號"
    }
  },
  {
    "type": "Feature",
    "geometry": {
       "type": "Point",
       "coordinates":  [ 121.439516,24.9750835 ]
    },
    "properties": {
    "city":"新北市",
    "name":"全家便利商店股份有限公司-土城城堡店",
    "address":"236新北市土城區福仁街５０巷１號"
    }
  },
  {
    "type": "Feature",
    "geometry": {
       "type": "Point",
       "coordinates":  [ 121.4520884,24.9848773 ]
    },
    "properties": {
    "city":"新北市",
    "name":"全家便利商店股份有限公司-土城城學店",
    "address":"236新北市土城區學府路一段１９１號１樓"
    }
  },
  {
    "type": "Feature",
    "geometry": {
       "type": "Point",
       "coordinates":  [ 121.4124077,24.9535886 ]
    },
    "properties": {
    "city":"新北市",
    "name":"全家便利商店股份有限公司-土城恆山店",
    "address":"236新北市土城區中央路４段２８１號１樓"
    }
  },
  {
    "type": "Feature",
    "geometry": {
       "type": "Point",
       "coordinates":  [ 121.449311,24.9815867 ]
    },
    "properties": {
    "city":"新北市",
    "name":"全家便利商店股份有限公司-土城美仁店",
    "address":"236新北市土城區學府路２段２１號１樓"
    }
  },
  {
    "type": "Feature",
    "geometry": {
       "type": "Point",
       "coordinates":  [ 121.4245651,24.9638523 ]
    },
    "properties": {
    "city":"新北市",
    "name":"全家便利商店股份有限公司-土城美生店",
    "address":"236新北市土城區中山路６１號１樓"
    }
  },
  {
    "type": "Feature",
    "geometry": {
       "type": "Point",
       "coordinates":  [ 121.4413814,24.9744749 ]
    },
    "properties": {
    "city":"新北市",
    "name":"全家便利商店股份有限公司-土城員林店",
    "address":"236新北市土城區中央路二段２６８號"
    }
  },
  {
    "type": "Feature",
    "geometry": {
       "type": "Point",
       "coordinates":  [ 121.4495324,24.9826938 ]
    },
    "properties": {
    "city":"新北市",
    "name":"全家便利商店股份有限公司-土城海山店",
    "address":"236新北市土城區學府路一段２９４號"
    }
  },
  {
    "type": "Feature",
    "geometry": {
       "type": "Point",
       "coordinates":  [ 121.448438,24.987385 ]
    },
    "properties": {
    "city":"新北市",
    "name":"全家便利商店股份有限公司-土城御前店",
    "address":"236新北市土城區裕生路１９號１樓"
    }
  },
  {
    "type": "Feature",
    "geometry": {
       "type": "Point",
       "coordinates":  [ 121.4593777,24.9825651 ]
    },
    "properties": {
    "city":"新北市",
    "name":"全家便利商店股份有限公司-土城雲陽店",
    "address":"236新北市土城區青雲路１８５號１樓"
    }
  },
  {
    "type": "Feature",
    "geometry": {
       "type": "Point",
       "coordinates":  [ 121.4418756,24.9767841 ]
    },
    "properties": {
    "city":"新北市",
    "name":"全家便利商店股份有限公司-土城順風店",
    "address":"236新北市土城區中央路二段１５４號"
    }
  },
  {
    "type": "Feature",
    "geometry": {
       "type": "Point",
       "coordinates":  [ 121.4596081,24.9770029 ]
    },
    "properties": {
    "city":"新北市",
    "name":"全家便利商店股份有限公司-土城義鴻店",
    "address":"236新北市土城區明德路一段３１１號１樓"
    }
  },
  {
    "type": "Feature",
    "geometry": {
       "type": "Point",
       "coordinates":  [ 121.4478057,24.9862455 ]
    },
    "properties": {
    "city":"新北市",
    "name":"全家便利商店股份有限公司-土城裕生店",
    "address":"236新北市土城區裕生路６１號"
    }
  },
  {
    "type": "Feature",
    "geometry": {
       "type": "Point",
       "coordinates":  [ 121.4995302,25.0039766 ]
    },
    "properties": {
    "city":"新北市",
    "name":"全家便利商店股份有限公司-土城福祥店",
    "address":"236新北市土城區福祥路４６號一樓"
    }
  },
  {
    "type": "Feature",
    "geometry": {
       "type": "Point",
       "coordinates":  [ 121.4586632,24.9731593 ]
    },
    "properties": {
    "city":"新北市",
    "name":"全家便利商店股份有限公司-土城寬樺店",
    "address":"236新北市土城區青雲路３８２號"
    }
  },
  {
    "type": "Feature",
    "geometry": {
       "type": "Point",
       "coordinates":  [ 121.4541692,24.9869177 ]
    },
    "properties": {
    "city":"新北市",
    "name":"全家便利商店股份有限公司-土城廣福店",
    "address":"236新北市土城區學府路一段１６２號"
    }
  },
  {
    "type": "Feature",
    "geometry": {
       "type": "Point",
       "coordinates":  [ 121.4560135,24.9880174 ]
    },
    "properties": {
    "city":"新北市",
    "name":"全家便利商店股份有限公司-土城廣興店",
    "address":"236新北市土城區廣興里學府路一段１００號"
    }
  },
  {
    "type": "Feature",
    "geometry": {
       "type": "Point",
       "coordinates":  [ 121.4626674,24.9784668 ]
    },
    "properties": {
    "city":"新北市",
    "name":"全家便利商店股份有限公司-土城德陽店",
    "address":"236新北市土城區青山里仁愛路２５號１樓"
    }
  },
  {
    "type": "Feature",
    "geometry": {
       "type": "Point",
       "coordinates":  [ 121.4504288,24.9862328 ]
    },
    "properties": {
    "city":"新北市",
    "name":"全家便利商店股份有限公司-土城樂利店",
    "address":"236新北市土城區裕民路１１４巷１２號１樓"
    }
  },
  {
    "type": "Feature",
    "geometry": {
       "type": "Point",
       "coordinates":  [ 121.4523828,24.9876136 ]
    },
    "properties": {
    "city":"新北市",
    "name":"全家便利商店股份有限公司-土城學成店",
    "address":"236新北市土城區學成路４６號"
    }
  },
  {
    "type": "Feature",
    "geometry": {
       "type": "Point",
       "coordinates":  [ 121.421374,24.9661064 ]
    },
    "properties": {
    "city":"新北市",
    "name":"全家便利商店股份有限公司-土城鴻海店",
    "address":"236新北市土城區自由街２號５樓"
    }
  },
  {
    "type": "Feature",
    "geometry": {
       "type": "Point",
       "coordinates":  [ 121.4180258,24.9585857 ]
    },
    "properties": {
    "city":"新北市",
    "name":"全家便利商店股份有限公司-土城鴻海附店",
    "address":"236新北市土城區中央路四段５３－１號１樓"
    }
  },
  {
    "type": "Feature",
    "geometry": {
       "type": "Point",
       "coordinates":  [ 121.5172146,24.9936814 ]
    },
    "properties": {
    "city":"新北市",
    "name":"全家便利商店股份有限公司-中和大勇店",
    "address":"235新北市中和區秀明里大勇街２７巷２號１樓"
    }
  },
  {
    "type": "Feature",
    "geometry": {
       "type": "Point",
       "coordinates":  [ 121.5037904,25.0050822 ]
    },
    "properties": {
    "city":"新北市",
    "name":"全家便利商店股份有限公司-中和山水店",
    "address":"235新北市中和區佳和里中山路二段６４巷８號一樓"
    }
  },
  {
    "type": "Feature",
    "geometry": {
       "type": "Point",
       "coordinates":  [ 121.5113243,24.9990892 ]
    },
    "properties": {
    "city":"新北市",
    "name":"全家便利商店股份有限公司-中和中安店",
    "address":"235新北市中和區中安街１９２號"
    }
  },
  {
    "type": "Feature",
    "geometry": {
       "type": "Point",
       "coordinates":  [ 121.5126422,25.0041427 ]
    },
    "properties": {
    "city":"新北市",
    "name":"全家便利商店股份有限公司-中和中和店",
    "address":"235新北市中和區中和路４８０號１Ｆ"
    }
  },
  {
    "type": "Feature",
    "geometry": {
       "type": "Point",
       "coordinates":  [ 121.4729914,25.0006316 ]
    },
    "properties": {
    "city":"新北市",
    "name":"全家便利商店股份有限公司-中和中城店",
    "address":"235新北市中和區民享街８６巷３８號１樓"
    }
  },
  {
    "type": "Feature",
    "geometry": {
       "type": "Point",
       "coordinates":  [ 121.4682496,25.0014312 ]
    },
    "properties": {
    "city":"新北市",
    "name":"全家便利商店股份有限公司-中和中海店",
    "address":"235新北市中和區國光街１４４號．１４６號．１４６－１號"
    }
  },
  {
    "type": "Feature",
    "geometry": {
       "type": "Point",
       "coordinates":  [ 121.4918692,25.0030177 ]
    },
    "properties": {
    "city":"新北市",
    "name":"全家便利商店股份有限公司-中和中業店",
    "address":"235新北市中和區中山路二段３８３＆３８５號１樓"
    }
  },
  {
    "type": "Feature",
    "geometry": {
       "type": "Point",
       "coordinates":  [ 121.5121856,25.0019929 ]
    },
    "properties": {
    "city":"新北市",
    "name":"全家便利商店股份有限公司-中和中鼎店",
    "address":"235新北市中和區中安里中安街８０號一樓"
    }
  },
  {
    "type": "Feature",
    "geometry": {
       "type": "Point",
       "coordinates":  [ 121.500015,24.992253 ]
    },
    "properties": {
    "city":"新北市",
    "name":"全家便利商店股份有限公司-中和中興店",
    "address":"235新北市中和區復興里中興街１１１號，１１３號"
    }
  },
  {
    "type": "Feature",
    "geometry": {
       "type": "Point",
       "coordinates":  [ 121.4747472,25.0058907 ]
    },
    "properties": {
    "city":"新北市",
    "name":"全家便利商店股份有限公司-中和中環店",
    "address":"235新北市中和區中山路三段１１１號１樓"
    }
  },
  {
    "type": "Feature",
    "geometry": {
       "type": "Point",
       "coordinates":  [ 121.4835188,25.0045444 ]
    },
    "properties": {
    "city":"新北市",
    "name":"全家便利商店股份有限公司-中和中穗店",
    "address":"235新北市中和區新生街２號１樓"
    }
  },
  {
    "type": "Feature",
    "geometry": {
       "type": "Point",
       "coordinates":  [ 121.477696,25.005313 ]
    },
    "properties": {
    "city":"新北市",
    "name":"全家便利商店股份有限公司-中和元氣店",
    "address":"235新北市中和區中山路３段３９號２樓"
    }
  },
  {
    "type": "Feature",
    "geometry": {
       "type": "Point",
       "coordinates":  [ 121.5007844,24.9896544 ]
    },
    "properties": {
    "city":"新北市",
    "name":"全家便利商店股份有限公司-中和巴黎店",
    "address":"235新北市中和區中興街２３５巷１號"
    }
  },
  {
    "type": "Feature",
    "geometry": {
       "type": "Point",
       "coordinates":  [ 121.4860711,24.9969814 ]
    },
    "properties": {
    "city":"新北市",
    "name":"全家便利商店股份有限公司-中和世紀店",
    "address":"235新北市中和區連城路２６８之１號１樓"
    }
  },
  {
    "type": "Feature",
    "geometry": {
       "type": "Point",
       "coordinates":  [ 121.496562,24.9997489 ]
    },
    "properties": {
    "city":"新北市",
    "name":"全家便利商店股份有限公司-中和巨人店",
    "address":"235新北市中和區連城路１０１號１樓"
    }
  },
  {
    "type": "Feature",
    "geometry": {
       "type": "Point",
       "coordinates":  [ 121.4781554,24.9980446 ]
    },
    "properties": {
    "city":"新北市",
    "name":"全家便利商店股份有限公司-中和民利店",
    "address":"235新北市中和區嘉穗里民利街８７號１樓"
    }
  },
  {
    "type": "Feature",
    "geometry": {
       "type": "Point",
       "coordinates":  [ 121.4665053,24.9943416 ]
    },
    "properties": {
    "city":"新北市",
    "name":"全家便利商店股份有限公司-中和民德店",
    "address":"235新北市中和區壽德里壽德街２６號１樓"
    }
  },
  {
    "type": "Feature",
    "geometry": {
       "type": "Point",
       "coordinates":  [ 121.514287,25.003874 ]
    },
    "properties": {
    "city":"新北市",
    "name":"全家便利商店股份有限公司-中和永貞店",
    "address":"235新北市中和區永貞路２４４號"
    }
  },
  {
    "type": "Feature",
    "geometry": {
       "type": "Point",
       "coordinates":  [ 121.4088453,25.0186705 ]
    },
    "properties": {
    "city":"新北市",
    "name":"全家便利商店股份有限公司-中和立德店",
    "address":"235新北市中和區積穗里中正路１１９６號"
    }
  },
  {
    "type": "Feature",
    "geometry": {
       "type": "Point",
       "coordinates":  [ 121.4977101,24.9952489 ]
    },
    "properties": {
    "city":"新北市",
    "name":"全家便利商店股份有限公司-中和安邦店",
    "address":"235新北市中和區圓通路１６９號"
    }
  },
  {
    "type": "Feature",
    "geometry": {
       "type": "Point",
       "coordinates":  [ 121.512837,24.9959149 ]
    },
    "properties": {
    "city":"新北市",
    "name":"全家便利商店股份有限公司-中和安陽店",
    "address":"235新北市中和區安順里宜安路２５號一樓"
    }
  },
  {
    "type": "Feature",
    "geometry": {
       "type": "Point",
       "coordinates":  [ 121.472665,25.0017894 ]
    },
    "properties": {
    "city":"新北市",
    "name":"全家便利商店股份有限公司-中和自強店",
    "address":"235新北市中和區莒光路１３１號"
    }
  },
  {
    "type": "Feature",
    "geometry": {
       "type": "Point",
       "coordinates":  [ 121.506427,25.0036032 ]
    },
    "properties": {
    "city":"新北市",
    "name":"全家便利商店股份有限公司-中和汾陽店",
    "address":"235新北市中和區水源路８１巷１６弄１８－１號１樓"
    }
  },
  {
    "type": "Feature",
    "geometry": {
       "type": "Point",
       "coordinates":  [ 121.520053,24.9941509 ]
    },
    "properties": {
    "city":"新北市",
    "name":"全家便利商店股份有限公司-中和秀山店",
    "address":"235新北市中和區立人街６５號，６７號"
    }
  },
  {
    "type": "Feature",
    "geometry": {
       "type": "Point",
       "coordinates":  [ 121.5263533,24.9954156 ]
    },
    "properties": {
    "city":"新北市",
    "name":"全家便利商店股份有限公司-中和秀福店",
    "address":"235新北市中和區秀朗路三段５２號"
    }
  },
  {
    "type": "Feature",
    "geometry": {
       "type": "Point",
       "coordinates":  [ 121.5022366,25.0070502 ]
    },
    "properties": {
    "city":"新北市",
    "name":"全家便利商店股份有限公司-中和秀鴻店",
    "address":"235新北市中和區中山路二段二巷４５弄２號１樓"
    }
  },
  {
    "type": "Feature",
    "geometry": {
       "type": "Point",
       "coordinates":  [ 121.5020154,25.0033604 ]
    },
    "properties": {
    "city":"新北市",
    "name":"全家便利商店股份有限公司-中和佳和店",
    "address":"235新北市中和區中山路二段１３４號"
    }
  },
  {
    "type": "Feature",
    "geometry": {
       "type": "Point",
       "coordinates":  [ 121.5085295,24.9908615 ]
    },
    "properties": {
    "city":"新北市",
    "name":"全家便利商店股份有限公司-中和和平店",
    "address":"235新北市中和區和平街５６號１樓；５４巷１弄１號１樓"
    }
  },
  {
    "type": "Feature",
    "geometry": {
       "type": "Point",
       "coordinates":  [ 121.4914861,24.9962635 ]
    },
    "properties": {
    "city":"新北市",
    "name":"全家便利商店股份有限公司-中和和連店",
    "address":"235新北市中和區建和里連城路２６５巷１號一樓"
    }
  },
  {
    "type": "Feature",
    "geometry": {
       "type": "Point",
       "coordinates":  [ 121.5091663,24.9821305 ]
    },
    "properties": {
    "city":"新北市",
    "name":"全家便利商店股份有限公司-中和和隆店",
    "address":"235新北市中和區華新街１０９巷５號１樓"
    }
  },
  {
    "type": "Feature",
    "geometry": {
       "type": "Point",
       "coordinates":  [ 121.4996338,25.0034752 ]
    },
    "properties": {
    "city":"新北市",
    "name":"全家便利商店股份有限公司-中和和潤店",
    "address":"235新北市中和區永和路２４號"
    }
  },
  {
    "type": "Feature",
    "geometry": {
       "type": "Point",
       "coordinates":  [ 121.5029951,24.9932975 ]
    },
    "properties": {
    "city":"新北市",
    "name":"全家便利商店股份有限公司-中和和興店",
    "address":"235新北市中和區中正路１１號，１３號"
    }
  },
  {
    "type": "Feature",
    "geometry": {
       "type": "Point",
       "coordinates":  [ 121.5115813,24.9839254 ]
    },
    "properties": {
    "city":"新北市",
    "name":"全家便利商店股份有限公司-中和忠孝店",
    "address":"235新北市中和區忠孝街３９之１號"
    }
  },
  {
    "type": "Feature",
    "geometry": {
       "type": "Point",
       "coordinates":  [ 121.5103046,24.9894109 ]
    },
    "properties": {
    "city":"新北市",
    "name":"全家便利商店股份有限公司-中和信義店",
    "address":"235新北市中和區興南路一段６３號"
    }
  },
  {
    "type": "Feature",
    "geometry": {
       "type": "Point",
       "coordinates":  [ 121.5080595,24.9982615 ]
    },
    "properties": {
    "city":"新北市",
    "name":"全家便利商店股份有限公司-中和保健店",
    "address":"235新北市中和區保健路１７號"
    }
  },
  {
    "type": "Feature",
    "geometry": {
       "type": "Point",
       "coordinates":  [ 121.50714,24.9904789 ]
    },
    "properties": {
    "city":"新北市",
    "name":"全家便利商店股份有限公司-中和南勢角店",
    "address":"235新北市中和區南山路３９９巷１０號１樓"
    }
  },
  {
    "type": "Feature",
    "geometry": {
       "type": "Point",
       "coordinates":  [ 121.5129755,24.9927446 ]
    },
    "properties": {
    "city":"新北市",
    "name":"全家便利商店股份有限公司-中和南園店",
    "address":"235新北市中和區景平路２９６號２９８號３００號１樓"
    }
  },
  {
    "type": "Feature",
    "geometry": {
       "type": "Point",
       "coordinates":  [ 121.497805,24.9972005 ]
    },
    "properties": {
    "city":"新北市",
    "name":"全家便利商店股份有限公司-中和城邦店",
    "address":"235新北市中和區力行里連勝街５５號１樓"
    }
  },
  {
    "type": "Feature",
    "geometry": {
       "type": "Point",
       "coordinates":  [ 121.509191,24.9972934 ]
    },
    "properties": {
    "city":"新北市",
    "name":"全家便利商店股份有限公司-中和建陽店",
    "address":"235新北市中和區保健路４２－３號１樓"
    }
  },
  {
    "type": "Feature",
    "geometry": {
       "type": "Point",
       "coordinates":  [ 121.4846916,25.0091371 ]
    },
    "properties": {
    "city":"新北市",
    "name":"全家便利商店股份有限公司-中和建業店",
    "address":"235新北市中和區立德街１８９號１樓"
    }
  },
  {
    "type": "Feature",
    "geometry": {
       "type": "Point",
       "coordinates":  [ 121.50077,25.0050329 ]
    },
    "properties": {
    "city":"新北市",
    "name":"全家便利商店股份有限公司-中和美勝店",
    "address":"235新北市中和區莊敬路３５號１樓"
    }
  },
  {
    "type": "Feature",
    "geometry": {
       "type": "Point",
       "coordinates":  [ 121.4912873,24.9893826 ]
    },
    "properties": {
    "city":"新北市",
    "name":"全家便利商店股份有限公司-中和凌雲店",
    "address":"235新北市中和區圓通路３６７巷２號"
    }
  },
  {
    "type": "Feature",
    "geometry": {
       "type": "Point",
       "coordinates":  [ 121.4811553,25.0009344 ]
    },
    "properties": {
    "city":"新北市",
    "name":"全家便利商店股份有限公司-中和員山店",
    "address":"235新北市中和區員山路３２５之５號１Ｆ＆地下室"
    }
  },
  {
    "type": "Feature",
    "geometry": {
       "type": "Point",
       "coordinates":  [ 121.4690971,25.0045846 ]
    },
    "properties": {
    "city":"新北市",
    "name":"全家便利商店股份有限公司-中和偉德店",
    "address":"235新北市中和區民生街８５巷１弄２號１樓"
    }
  },
  {
    "type": "Feature",
    "geometry": {
       "type": "Point",
       "coordinates":  [ 121.4700355,25.0006276 ]
    },
    "properties": {
    "city":"新北市",
    "name":"全家便利商店股份有限公司-中和國興店",
    "address":"235新北市中和區國華里國光街１１０號一樓"
    }
  },
  {
    "type": "Feature",
    "geometry": {
       "type": "Point",
       "coordinates":  [ 121.4940578,24.9973638 ]
    },
    "properties": {
    "city":"新北市",
    "name":"全家便利商店股份有限公司-中和連勝店",
    "address":"235新北市中和區連城路２３１號１樓及２樓"
    }
  },
  {
    "type": "Feature",
    "geometry": {
       "type": "Point",
       "coordinates":  [ 121.4864381,24.9960974 ]
    },
    "properties": {
    "city":"新北市",
    "name":"全家便利商店股份有限公司-中和連福店",
    "address":"235新北市中和區連城路３９１號，３９３號"
    }
  },
  {
    "type": "Feature",
    "geometry": {
       "type": "Point",
       "coordinates":  [ 121.4810534,24.9949386 ]
    },
    "properties": {
    "city":"新北市",
    "name":"全家便利商店股份有限公司-中和連興店",
    "address":"235新北市中和區連城路５２５號，５２５之１號"
    }
  },
  {
    "type": "Feature",
    "geometry": {
       "type": "Point",
       "coordinates":  [ 121.501269,24.9954975 ]
    },
    "properties": {
    "city":"新北市",
    "name":"全家便利商店股份有限公司-中和都會店",
    "address":"235新北市中和區景平路４３１巷２＆６號１樓"
    }
  },
  {
    "type": "Feature",
    "geometry": {
       "type": "Point",
       "coordinates":  [ 121.4991432,24.9988407 ]
    },
    "properties": {
    "city":"新北市",
    "name":"全家便利商店股份有限公司-中和勝平店",
    "address":"235新北市中和區景平路５１７、５１９號１樓"
    }
  },
  {
    "type": "Feature",
    "geometry": {
       "type": "Point",
       "coordinates":  [ 121.5052741,24.9937002 ]
    },
    "properties": {
    "city":"新北市",
    "name":"全家便利商店股份有限公司-中和景平店",
    "address":"235新北市中和區景平路４７８號"
    }
  },
  {
    "type": "Feature",
    "geometry": {
       "type": "Point",
       "coordinates":  [ 121.5193012,24.9913149 ]
    },
    "properties": {
    "city":"新北市",
    "name":"全家便利商店股份有限公司-中和景秀店",
    "address":"235新北市中和區景平路７１—２號"
    }
  },
  {
    "type": "Feature",
    "geometry": {
       "type": "Point",
       "coordinates":  [ 121.5124901,24.9902202 ]
    },
    "properties": {
    "city":"新北市",
    "name":"全家便利商店股份有限公司-中和景欣店",
    "address":"235新北市中和區景本里景新街３８５號，３８５號之１"
    }
  },
  {
    "type": "Feature",
    "geometry": {
       "type": "Point",
       "coordinates":  [ 121.5167195,24.991865 ]
    },
    "properties": {
    "city":"新北市",
    "name":"全家便利商店股份有限公司-中和景德店",
    "address":"235新北市中和區景平路１１１巷６０弄５４號，５６號"
    }
  },
  {
    "type": "Feature",
    "geometry": {
       "type": "Point",
       "coordinates":  [ 121.5228056,24.9924768 ]
    },
    "properties": {
    "city":"新北市",
    "name":"全家便利商店股份有限公司-中和智山店",
    "address":"235新北市中和區自立路３８－１號１樓"
    }
  },
  {
    "type": "Feature",
    "geometry": {
       "type": "Point",
       "coordinates":  [ 121.5044863,24.9973195 ]
    },
    "properties": {
    "city":"新北市",
    "name":"全家便利商店股份有限公司-中和華山店",
    "address":"235新北市中和區南華路６５號１樓"
    }
  },
  {
    "type": "Feature",
    "geometry": {
       "type": "Point",
       "coordinates":  [ 121.4970579,25.0055524 ]
    },
    "properties": {
    "city":"新北市",
    "name":"全家便利商店股份有限公司-中和華中店",
    "address":"235新北市中和區永和路９２號１樓"
    }
  },
  {
    "type": "Feature",
    "geometry": {
       "type": "Point",
       "coordinates":  [ 121.5066433,24.9819561 ]
    },
    "properties": {
    "city":"新北市",
    "name":"全家便利商店股份有限公司-中和華夏店",
    "address":"235新北市中和區華新街２０２號，２０４號"
    }
  },
  {
    "type": "Feature",
    "geometry": {
       "type": "Point",
       "coordinates":  [ 121.466442,24.9984292 ]
    },
    "properties": {
    "city":"新北市",
    "name":"全家便利商店股份有限公司-中和華順店",
    "address":"235新北市中和區華順街５９號１樓"
    }
  },
  {
    "type": "Feature",
    "geometry": {
       "type": "Point",
       "coordinates":  [ 121.4653881,24.9966576 ]
    },
    "properties": {
    "city":"新北市",
    "name":"全家便利商店股份有限公司-中和華福店",
    "address":"235新北市中和區華順街１１７號，１１９號"
    }
  },
  {
    "type": "Feature",
    "geometry": {
       "type": "Point",
       "coordinates":  [ 121.5039073,25.0048103 ]
    },
    "properties": {
    "city":"新北市",
    "name":"全家便利商店股份有限公司-中和萊陽店",
    "address":"235新北市中和區瓦嗂里光華街１號３號一樓"
    }
  },
  {
    "type": "Feature",
    "geometry": {
       "type": "Point",
       "coordinates":  [ 121.493319,24.9907961 ]
    },
    "properties": {
    "city":"新北市",
    "name":"全家便利商店股份有限公司-中和圓通店",
    "address":"235新北市中和區圓通路３０７之５號３３５巷１弄２７號"
    }
  },
  {
    "type": "Feature",
    "geometry": {
       "type": "Point",
       "coordinates":  [ 121.5088887,24.9939893 ]
    },
    "properties": {
    "city":"新北市",
    "name":"全家便利商店股份有限公司-中和新平店",
    "address":"235新北市中和區景新街２６５、２６７號"
    }
  },
  {
    "type": "Feature",
    "geometry": {
       "type": "Point",
       "coordinates":  [ 121.4834866,25.0011248 ]
    },
    "properties": {
    "city":"新北市",
    "name":"全家便利商店股份有限公司-中和新生店",
    "address":"235新北市中和區新生街１３２號"
    }
  },
  {
    "type": "Feature",
    "geometry": {
       "type": "Point",
       "coordinates":  [ 121.5067384,24.98541 ]
    },
    "properties": {
    "city":"新北市",
    "name":"全家便利商店股份有限公司-中和新興店",
    "address":"235新北市中和區興南路二段３６號"
    }
  },
  {
    "type": "Feature",
    "geometry": {
       "type": "Point",
       "coordinates":  [ 121.481016,24.9962322 ]
    },
    "properties": {
    "city":"新北市",
    "name":"全家便利商店股份有限公司-中和嘉慶店",
    "address":"235新北市中和區員山路１４１號１樓"
    }
  },
  {
    "type": "Feature",
    "geometry": {
       "type": "Point",
       "coordinates":  [ 121.4660512,24.9953008 ]
    },
    "properties": {
    "city":"新北市",
    "name":"全家便利商店股份有限公司-中和壽德店",
    "address":"235新北市中和區壽德街２３號"
    }
  },
  {
    "type": "Feature",
    "geometry": {
       "type": "Point",
       "coordinates":  [ 121.4997832,25.0016844 ]
    },
    "properties": {
    "city":"新北市",
    "name":"全家便利商店股份有限公司-中和漳和店",
    "address":"235新北市中和區中和路３０號"
    }
  },
  {
    "type": "Feature",
    "geometry": {
       "type": "Point",
       "coordinates":  [ 121.4728251,25.0064707 ]
    },
    "properties": {
    "city":"新北市",
    "name":"全家便利商店股份有限公司-中和漢陽店",
    "address":"235新北市中和區瑞穗里中山路三段１７２號１樓"
    }
  },
  {
    "type": "Feature",
    "geometry": {
       "type": "Point",
       "coordinates":  [ 121.5223999,24.9959893 ]
    },
    "properties": {
    "city":"新北市",
    "name":"全家便利商店股份有限公司-中和福山店",
    "address":"235新北市中和區秀福里自立路１７號一樓"
    }
  },
  {
    "type": "Feature",
    "geometry": {
       "type": "Point",
       "coordinates":  [ 121.4836995,24.9951611 ]
    },
    "properties": {
    "city":"新北市",
    "name":"全家便利商店股份有限公司-中和福后店",
    "address":"235新北市中和區連成路４６９巷１９號１樓"
    }
  },
  {
    "type": "Feature",
    "geometry": {
       "type": "Point",
       "coordinates":  [ 121.4898198,24.9956014 ]
    },
    "properties": {
    "city":"新北市",
    "name":"全家便利商店股份有限公司-中和福多店",
    "address":"235新北市中和區錦和路１７０號１樓"
    }
  },
  {
    "type": "Feature",
    "geometry": {
       "type": "Point",
       "coordinates":  [ 121.4852171,24.9951971 ]
    },
    "properties": {
    "city":"新北市",
    "name":"全家便利商店股份有限公司-中和福朋店",
    "address":"235新北市中和區中正路６３３號"
    }
  },
  {
    "type": "Feature",
    "geometry": {
       "type": "Point",
       "coordinates":  [ 121.4963704,25.0034401 ]
    },
    "properties": {
    "city":"新北市",
    "name":"全家便利商店股份有限公司-中和福真店",
    "address":"235新北市中和區景平路７０１、７０１之１號２樓"
    }
  },
  {
    "type": "Feature",
    "geometry": {
       "type": "Point",
       "coordinates":  [ 121.5118271,24.9867576 ]
    },
    "properties": {
    "city":"新北市",
    "name":"全家便利商店股份有限公司-中和維新店",
    "address":"235新北市中和區仁愛街９５號、９５之１號"
    }
  },
  {
    "type": "Feature",
    "geometry": {
       "type": "Point",
       "coordinates":  [ 121.4879325,24.9972744 ]
    },
    "properties": {
    "city":"新北市",
    "name":"全家便利商店股份有限公司-中和遠建店",
    "address":"235新北市中和區建一路１７６號１樓"
    }
  },
  {
    "type": "Feature",
    "geometry": {
       "type": "Point",
       "coordinates":  [ 121.4857989,24.99699 ]
    },
    "properties": {
    "city":"新北市",
    "name":"全家便利商店股份有限公司-中和廣場店",
    "address":"235新北市中和區平河里中正路７１２號一樓"
    }
  },
  {
    "type": "Feature",
    "geometry": {
       "type": "Point",
       "coordinates":  [ 121.5035554,25.0019174 ]
    },
    "properties": {
    "city":"新北市",
    "name":"全家便利商店股份有限公司-中和廣學店",
    "address":"235新北市中和區廣福路５８號"
    }
  },
  {
    "type": "Feature",
    "geometry": {
       "type": "Point",
       "coordinates":  [ 121.4958821,24.9930695 ]
    },
    "properties": {
    "city":"新北市",
    "name":"全家便利商店股份有限公司-中和德行店",
    "address":"235新北市中和區圓通路２６７號"
    }
  },
  {
    "type": "Feature",
    "geometry": {
       "type": "Point",
       "coordinates":  [ 121.4701024,25.0040165 ]
    },
    "properties": {
    "city":"新北市",
    "name":"全家便利商店股份有限公司-中和德穗店",
    "address":"235新北市中和區德光路２４．２６號１樓"
    }
  },
  {
    "type": "Feature",
    "geometry": {
       "type": "Point",
       "coordinates":  [ 121.516477,24.9924134 ]
    },
    "properties": {
    "city":"新北市",
    "name":"全家便利商店股份有限公司-中和摩天店",
    "address":"235新北市中和區景平路１８２號１樓"
    }
  },
  {
    "type": "Feature",
    "geometry": {
       "type": "Point",
       "coordinates":  [ 121.494073,25.006111 ]
    },
    "properties": {
    "city":"新北市",
    "name":"全家便利商店股份有限公司-中和橋和店",
    "address":"235新北市中和區橋和路１５２號，１５６號"
    }
  },
  {
    "type": "Feature",
    "geometry": {
       "type": "Point",
       "coordinates":  [ 121.5098286,24.98868 ]
    },
    "properties": {
    "city":"新北市",
    "name":"全家便利商店股份有限公司-中和興南店",
    "address":"235新北市中和區興南路一段９１號"
    }
  },
  {
    "type": "Feature",
    "geometry": {
       "type": "Point",
       "coordinates":  [ 121.4905437,24.991166 ]
    },
    "properties": {
    "city":"新北市",
    "name":"全家便利商店股份有限公司-中和錦中店",
    "address":"235新北市中和區錦中里錦和路３５６號１樓"
    }
  },
  {
    "type": "Feature",
    "geometry": {
       "type": "Point",
       "coordinates":  [ 121.4899518,24.9890827 ]
    },
    "properties": {
    "city":"新北市",
    "name":"全家便利商店股份有限公司-中和錦和店",
    "address":"235新北市中和區圓通路３９１之７號"
    }
  },
  {
    "type": "Feature",
    "geometry": {
       "type": "Point",
       "coordinates":  [ 121.4739002,25.0085769 ]
    },
    "properties": {
    "city":"新北市",
    "name":"全家便利商店股份有限公司-中和環球店",
    "address":"235新北市中和區中山路三段１２０之１１號"
    }
  },
  {
    "type": "Feature",
    "geometry": {
       "type": "Point",
       "coordinates":  [ 121.4982566,24.9927468 ]
    },
    "properties": {
    "city":"新北市",
    "name":"全家便利商店股份有限公司-中和鎮陽店",
    "address":"235新北市中和區德行里中正路１６７巷１８號一樓"
    }
  },
  {
    "type": "Feature",
    "geometry": {
       "type": "Point",
       "coordinates":  [ 121.4382094,25.0849398 ]
    },
    "properties": {
    "city":"新北市",
    "name":"全家便利商店股份有限公司-五股工商店",
    "address":"248新北市五股區五股村工商路８１號及８３號"
    }
  },
  {
    "type": "Feature",
    "geometry": {
       "type": "Point",
       "coordinates":  [ 121.4334052,25.0871749 ]
    },
    "properties": {
    "city":"新北市",
    "name":"全家便利商店股份有限公司-五股五義店",
    "address":"248新北市五股區工商路２０３號１樓"
    }
  },
  {
    "type": "Feature",
    "geometry": {
       "type": "Point",
       "coordinates":  [ 121.4341955,25.088941 ]
    },
    "properties": {
    "city":"新北市",
    "name":"全家便利商店股份有限公司-五股五福店",
    "address":"248新北市五股區五福村五福路２４號"
    }
  },
  {
    "type": "Feature",
    "geometry": {
       "type": "Point",
       "coordinates":  [ 121.4504411,25.0662264 ]
    },
    "properties": {
    "city":"新北市",
    "name":"全家便利商店股份有限公司-五股五權店",
    "address":"248新北市五股區五工五路３４號"
    }
  },
  {
    "type": "Feature",
    "geometry": {
       "type": "Point",
       "coordinates":  [ 121.4331706,25.0901786 ]
    },
    "properties": {
    "city":"新北市",
    "name":"全家便利商店股份有限公司-五股六福店",
    "address":"248新北市五股區五福路７０號１樓"
    }
  },
  {
    "type": "Feature",
    "geometry": {
       "type": "Point",
       "coordinates":  [ 121.4323189,25.0670862 ]
    },
    "properties": {
    "city":"新北市",
    "name":"全家便利商店股份有限公司-五股水碓店",
    "address":"248新北市五股區成泰路一段７巷２１號、２３號１樓"
    }
  },
  {
    "type": "Feature",
    "geometry": {
       "type": "Point",
       "coordinates":  [ 121.420722,25.096561 ]
    },
    "properties": {
    "city":"新北市",
    "name":"全家便利商店股份有限公司-五股民義店",
    "address":"248新北市五股區民義路二段１６號１樓"
    }
  },
  {
    "type": "Feature",
    "geometry": {
       "type": "Point",
       "coordinates":  [ 121.447656,25.1043442 ]
    },
    "properties": {
    "city":"新北市",
    "name":"全家便利商店股份有限公司-五股成泰店",
    "address":"248新北市五股區成泰路三段５７７巷１３８號１樓"
    }
  },
  {
    "type": "Feature",
    "geometry": {
       "type": "Point",
       "coordinates":  [ 121.4476659,25.0956781 ]
    },
    "properties": {
    "city":"新北市",
    "name":"全家便利商店股份有限公司-五股西雲店",
    "address":"248新北市五股區西雲路１８９號，１８９號之１"
    }
  },
  {
    "type": "Feature",
    "geometry": {
       "type": "Point",
       "coordinates":  [ 121.4508175,25.1011755 ]
    },
    "properties": {
    "city":"新北市",
    "name":"全家便利商店股份有限公司-五股凌雲店",
    "address":"248新北市五股區凌雲路一段８１號"
    }
  },
  {
    "type": "Feature",
    "geometry": {
       "type": "Point",
       "coordinates":  [ 121.4649375,25.0738031 ]
    },
    "properties": {
    "city":"新北市",
    "name":"全家便利商店股份有限公司-五股高亞店",
    "address":"248新北市五股區興珍村中興路一段１４２號１４２之１號一"
    }
  },
  {
    "type": "Feature",
    "geometry": {
       "type": "Point",
       "coordinates":  [ 121.4536793,25.106694 ]
    },
    "properties": {
    "city":"新北市",
    "name":"全家便利商店股份有限公司-五股清水店",
    "address":"248新北市五股區成泰路四段１８號"
    }
  },
  {
    "type": "Feature",
    "geometry": {
       "type": "Point",
       "coordinates":  [ 121.4281812,25.0703342 ]
    },
    "properties": {
    "city":"新北市",
    "name":"全家便利商店股份有限公司-五股登林店",
    "address":"248新北市五股區登林路１００之７號"
    }
  },
  {
    "type": "Feature",
    "geometry": {
       "type": "Point",
       "coordinates":  [ 121.4320759,25.070246 ]
    },
    "properties": {
    "city":"新北市",
    "name":"全家便利商店股份有限公司-五股貿商店",
    "address":"248新北市五股區自強路１５４號１樓"
    }
  },
  {
    "type": "Feature",
    "geometry": {
       "type": "Point",
       "coordinates":  [ 121.4674826,25.0729712 ]
    },
    "properties": {
    "city":"新北市",
    "name":"全家便利商店股份有限公司-五股維興店",
    "address":"248新北市五股區四維路７８號．８０號１樓"
    }
  },
  {
    "type": "Feature",
    "geometry": {
       "type": "Point",
       "coordinates":  [ 121.4339384,25.0723295 ]
    },
    "properties": {
    "city":"新北市",
    "name":"全家便利商店股份有限公司-五股德音店",
    "address":"248新北市五股區水碓路１０號，１０號之１，一樓"
    }
  },
  {
    "type": "Feature",
    "geometry": {
       "type": "Point",
       "coordinates":  [ 121.5171472,25.0071957 ]
    },
    "properties": {
    "city":"新北市",
    "name":"全家便利商店股份有限公司-永和大福店",
    "address":"234新北市永和區中正路６０８．６１０．６１０之１號"
    }
  },
  {
    "type": "Feature",
    "geometry": {
       "type": "Point",
       "coordinates":  [ 121.5143072,25.0132398 ]
    },
    "properties": {
    "city":"新北市",
    "name":"全家便利商店股份有限公司-永和仁和店",
    "address":"234新北市永和區仁愛路３３號"
    }
  },
  {
    "type": "Feature",
    "geometry": {
       "type": "Point",
       "coordinates":  [ 121.5124423,25.0130224 ]
    },
    "properties": {
    "city":"新北市",
    "name":"全家便利商店股份有限公司-永和仁愛店",
    "address":"234新北市永和區仁愛路１０３、１０５號"
    }
  },
  {
    "type": "Feature",
    "geometry": {
       "type": "Point",
       "coordinates":  [ 121.5153437,25.0151227 ]
    },
    "properties": {
    "city":"新北市",
    "name":"全家便利商店股份有限公司-永和文化店",
    "address":"234新北市永和區文化路１８，２０，２２號１樓"
    }
  },
  {
    "type": "Feature",
    "geometry": {
       "type": "Point",
       "coordinates":  [ 121.520644,25.0084342 ]
    },
    "properties": {
    "city":"新北市",
    "name":"全家便利商店股份有限公司-永和市竹店",
    "address":"234新北市永和區竹林路２０６號１樓"
    }
  },
  {
    "type": "Feature",
    "geometry": {
       "type": "Point",
       "coordinates":  [ 121.5170835,24.9987962 ]
    },
    "properties": {
    "city":"新北市",
    "name":"全家便利商店股份有限公司-永和正中店",
    "address":"234新北市永和區中正路２８４號"
    }
  },
  {
    "type": "Feature",
    "geometry": {
       "type": "Point",
       "coordinates":  [ 121.5245838,25.0008661 ]
    },
    "properties": {
    "city":"新北市",
    "name":"全家便利商店股份有限公司-永和永元店",
    "address":"234新北市永和區秀林里秀朗路二段１２６巷３０號永元路５"
    }
  },
  {
    "type": "Feature",
    "geometry": {
       "type": "Point",
       "coordinates":  [ 121.5088397,25.0109512 ]
    },
    "properties": {
    "city":"新北市",
    "name":"全家便利商店股份有限公司-永和永平店",
    "address":"234新北市永和區永平路２３２號"
    }
  },
  {
    "type": "Feature",
    "geometry": {
       "type": "Point",
       "coordinates":  [ 121.5206799,25.0061069 ]
    },
    "properties": {
    "city":"新北市",
    "name":"全家便利商店股份有限公司-永和永亨店",
    "address":"234新北市永和區永亨路６６號１樓"
    }
  },
  {
    "type": "Feature",
    "geometry": {
       "type": "Point",
       "coordinates":  [ 121.5176777,25.0020642 ]
    },
    "properties": {
    "city":"新北市",
    "name":"全家便利商店股份有限公司-永和永和店",
    "address":"234新北市永和區中正路４１４號１樓"
    }
  },
  {
    "type": "Feature",
    "geometry": {
       "type": "Point",
       "coordinates":  [ 121.5178937,25.0143105 ]
    },
    "properties": {
    "city":"新北市",
    "name":"全家便利商店股份有限公司-永和永林店",
    "address":"234新北市永和區竹林路３７號"
    }
  },
  {
    "type": "Feature",
    "geometry": {
       "type": "Point",
       "coordinates":  [ 121.5135674,25.0076798 ]
    },
    "properties": {
    "city":"新北市",
    "name":"全家便利商店股份有限公司-永和永福店",
    "address":"234新北市永和區永和路一段９３號"
    }
  },
  {
    "type": "Feature",
    "geometry": {
       "type": "Point",
       "coordinates":  [ 121.526792,24.9974156 ]
    },
    "properties": {
    "city":"新北市",
    "name":"全家便利商店股份有限公司-永和田單店",
    "address":"234新北市永和區成功路二段１５７號１樓"
    }
  },
  {
    "type": "Feature",
    "geometry": {
       "type": "Point",
       "coordinates":  [ 121.5163809,25.016195 ]
    },
    "properties": {
    "city":"新北市",
    "name":"全家便利商店股份有限公司-永和光復店",
    "address":"234新北市永和區光復街４號"
    }
  },
  {
    "type": "Feature",
    "geometry": {
       "type": "Point",
       "coordinates":  [ 121.5269594,25.0014988 ]
    },
    "properties": {
    "city":"新北市",
    "name":"全家便利商店股份有限公司-永和秀成店",
    "address":"234新北市永和區成功路一段１３７，１３９號"
    }
  },
  {
    "type": "Feature",
    "geometry": {
       "type": "Point",
       "coordinates":  [ 121.5154524,25.0058882 ]
    },
    "properties": {
    "city":"新北市",
    "name":"全家便利商店股份有限公司-永和秀和店",
    "address":"234新北市永和區秀朗路一段７８號"
    }
  },
  {
    "type": "Feature",
    "geometry": {
       "type": "Point",
       "coordinates":  [ 121.5262743,24.9989919 ]
    },
    "properties": {
    "city":"新北市",
    "name":"全家便利商店股份有限公司-永和秀朗店",
    "address":"234新北市永和區得和路４２０號"
    }
  },
  {
    "type": "Feature",
    "geometry": {
       "type": "Point",
       "coordinates":  [ 121.5103211,25.006498 ]
    },
    "properties": {
    "city":"新北市",
    "name":"全家便利商店股份有限公司-永和保平店",
    "address":"234新北市永和區永貞路３５４號，３５６號"
    }
  },
  {
    "type": "Feature",
    "geometry": {
       "type": "Point",
       "coordinates":  [ 121.5104464,25.0128761 ]
    },
    "properties": {
    "city":"新北市",
    "name":"全家便利商店股份有限公司-永和保福店",
    "address":"234新北市永和區仁愛路１６２號，保福路二段９５號"
    }
  },
  {
    "type": "Feature",
    "geometry": {
       "type": "Point",
       "coordinates":  [ 121.5021928,25.0085209 ]
    },
    "properties": {
    "city":"新北市",
    "name":"全家便利商店股份有限公司-永和紐約店",
    "address":"234新北市永和區保順里仁愛路３０６巷３３號一樓"
    }
  },
  {
    "type": "Feature",
    "geometry": {
       "type": "Point",
       "coordinates":  [ 121.5177875,25.0120746 ]
    },
    "properties": {
    "city":"新北市",
    "name":"全家便利商店股份有限公司-永和耕莘店",
    "address":"234新北市永和區中興街９５號１樓"
    }
  },
  {
    "type": "Feature",
    "geometry": {
       "type": "Point",
       "coordinates":  [ 121.5276935,25.0002811 ]
    },
    "properties": {
    "city":"新北市",
    "name":"全家便利商店股份有限公司-永和國艷店",
    "address":"234新北市永和區民樂街３９巷２號１樓"
    }
  },
  {
    "type": "Feature",
    "geometry": {
       "type": "Point",
       "coordinates":  [ 121.5248487,24.998609 ]
    },
    "properties": {
    "city":"新北市",
    "name":"全家便利商店股份有限公司-永和得和店",
    "address":"234新北市永和區得和路３７２號"
    }
  },
  {
    "type": "Feature",
    "geometry": {
       "type": "Point",
       "coordinates":  [ 121.5231679,25.0090242 ]
    },
    "properties": {
    "city":"新北市",
    "name":"全家便利商店股份有限公司-永和御林店",
    "address":"234新北市永和區竹林路２１３巷４４號１樓"
    }
  },
  {
    "type": "Feature",
    "geometry": {
       "type": "Point",
       "coordinates":  [ 121.5224197,24.9973364 ]
    },
    "properties": {
    "city":"新北市",
    "name":"全家便利商店股份有限公司-永和教士店",
    "address":"234新北市永和區民生路２４號１樓"
    }
  },
  {
    "type": "Feature",
    "geometry": {
       "type": "Point",
       "coordinates":  [ 121.5157707,25.0129579 ]
    },
    "properties": {
    "city":"新北市",
    "name":"全家便利商店股份有限公司-永和頂溪店",
    "address":"234新北市永和區復興街３號"
    }
  },
  {
    "type": "Feature",
    "geometry": {
       "type": "Point",
       "coordinates":  [ 121.5077977,25.0087696 ]
    },
    "properties": {
    "city":"新北市",
    "name":"全家便利商店股份有限公司-永和勝田店",
    "address":"234新北市永和區永貞路３９１號１樓"
    }
  },
  {
    "type": "Feature",
    "geometry": {
       "type": "Point",
       "coordinates":  [ 121.5190748,25.0031674 ]
    },
    "properties": {
    "city":"新北市",
    "name":"全家便利商店股份有限公司-永和復興店",
    "address":"234新北市永和區秀朗路一段１８６號１Ｆ"
    }
  },
  {
    "type": "Feature",
    "geometry": {
       "type": "Point",
       "coordinates":  [ 121.5230766,25.00721 ]
    },
    "properties": {
    "city":"新北市",
    "name":"全家便利商店股份有限公司-永和超富店",
    "address":"234新北市永和區國中路１４８號１樓"
    }
  },
  {
    "type": "Feature",
    "geometry": {
       "type": "Point",
       "coordinates":  [ 121.5199166,25.0076841 ]
    },
    "properties": {
    "city":"新北市",
    "name":"全家便利商店股份有限公司-永和雷霆店",
    "address":"234新北市永和區福和路３１１．３１３號１樓"
    }
  },
  {
    "type": "Feature",
    "geometry": {
       "type": "Point",
       "coordinates":  [ 121.5199166,25.0076841 ]
    },
    "properties": {
    "city":"新北市",
    "name":"全家便利商店股份有限公司-永和福和店",
    "address":"234新北市永和區福和路１７３．１７５號"
    }
  },
  {
    "type": "Feature",
    "geometry": {
       "type": "Point",
       "coordinates":  [ 121.5103096,25.0041982 ]
    },
    "properties": {
    "city":"新北市",
    "name":"全家便利商店股份有限公司-永和維源店",
    "address":"234新北市永和區水源街３９巷２號"
    }
  },
  {
    "type": "Feature",
    "geometry": {
       "type": "Point",
       "coordinates":  [ 121.5150996,25.0084412 ]
    },
    "properties": {
    "city":"新北市",
    "name":"全家便利商店股份有限公司-永和樂新店",
    "address":"234新北市永和區大新街１８號１樓"
    }
  },
  {
    "type": "Feature",
    "geometry": {
       "type": "Point",
       "coordinates":  [ 121.520479,25.0153906 ]
    },
    "properties": {
    "city":"新北市",
    "name":"全家便利商店股份有限公司-永和環東店",
    "address":"234新北市永和區環河東路一段１２２號，１２４號"
    }
  },
  {
    "type": "Feature",
    "geometry": {
       "type": "Point",
       "coordinates":  [ 121.5011544,25.0102332 ]
    },
    "properties": {
    "city":"新北市",
    "name":"全家便利商店股份有限公司-永和環河店",
    "address":"234新北市永和區環河西路二段２１９號，２２１號"
    }
  },
  {
    "type": "Feature",
    "geometry": {
       "type": "Point",
       "coordinates":  [ 121.5201964,24.9967049 ]
    },
    "properties": {
    "city":"新北市",
    "name":"全家便利商店股份有限公司-永和騎士店",
    "address":"234新北市永和區民權路５３號１樓"
    }
  },
  {
    "type": "Feature",
    "geometry": {
       "type": "Point",
       "coordinates":  [ 121.5078842,25.0057491 ]
    },
    "properties": {
    "city":"新北市",
    "name":"全家便利商店股份有限公司-永和羅鄰店",
    "address":"234新北市永和區保平路２６８巷２５號１樓"
    }
  },
  {
    "type": "Feature",
    "geometry": {
       "type": "Point",
       "coordinates":  [ 121.6910882,24.977873 ]
    },
    "properties": {
    "city":"新北市",
    "name":"全家便利商店股份有限公司-石碇華梵店",
    "address":"223新北市石碇區華梵路１號"
    }
  },
  {
    "type": "Feature",
    "geometry": {
       "type": "Point",
       "coordinates":  [ 121.617374,25.0512519 ]
    },
    "properties": {
    "city":"新北市",
    "name":"全家便利商店股份有限公司-汐止力行店",
    "address":"221新北市汐止區力行街１號"
    }
  },
  {
    "type": "Feature",
    "geometry": {
       "type": "Point",
       "coordinates":  [ 121.6736979,25.0758564 ]
    },
    "properties": {
    "city":"新北市",
    "name":"全家便利商店股份有限公司-汐止大同店",
    "address":"221新北市汐止區大同路三段２６９，２７１號"
    }
  },
  {
    "type": "Feature",
    "geometry": {
       "type": "Point",
       "coordinates":  [ 121.6382587,25.0733856 ]
    },
    "properties": {
    "city":"新北市",
    "name":"全家便利商店股份有限公司-汐止日月光店",
    "address":"221新北市汐止區康寧街７４７號．７４９號"
    }
  },
  {
    "type": "Feature",
    "geometry": {
       "type": "Point",
       "coordinates":  [ 121.6325656,25.0761919 ]
    },
    "properties": {
    "city":"新北市",
    "name":"全家便利商店股份有限公司-汐止水蓮店",
    "address":"221新北市汐止區湖前街１１０巷９７弄２４號Ｂ１之７"
    }
  },
  {
    "type": "Feature",
    "geometry": {
       "type": "Point",
       "coordinates":  [ 121.6536969,25.0662175 ]
    },
    "properties": {
    "city":"新北市",
    "name":"全家便利商店股份有限公司-汐止宏國店",
    "address":"221新北市汐止區大同路２段２８３號"
    }
  },
  {
    "type": "Feature",
    "geometry": {
       "type": "Point",
       "coordinates":  [ 121.6623777,25.0667581 ]
    },
    "properties": {
    "city":"新北市",
    "name":"全家便利商店股份有限公司-汐止秀峰店",
    "address":"221新北市汐止區忠孝東路２２８號"
    }
  },
  {
    "type": "Feature",
    "geometry": {
       "type": "Point",
       "coordinates":  [ 121.4865363,25.0591392 ]
    },
    "properties": {
    "city":"新北市",
    "name":"全家便利商店股份有限公司-汐止亞太二店",
    "address":"221新北市汐止區新臺五路一段８２至１１６號、Ｄ８—２號"
    }
  },
  {
    "type": "Feature",
    "geometry": {
       "type": "Point",
       "coordinates":  [ 121.4865658,25.0594122 ]
    },
    "properties": {
    "city":"新北市",
    "name":"全家便利商店股份有限公司-汐止亞太店",
    "address":"221新北市汐止區新臺五路一段９６號Ｃ棟"
    }
  },
  {
    "type": "Feature",
    "geometry": {
       "type": "Point",
       "coordinates":  [ 121.6213345,25.0414534 ]
    },
    "properties": {
    "city":"新北市",
    "name":"全家便利商店股份有限公司-汐止宜興店",
    "address":"221新北市汐止區宜興街１２號"
    }
  },
  {
    "type": "Feature",
    "geometry": {
       "type": "Point",
       "coordinates":  [ 121.6292552,25.0706698 ]
    },
    "properties": {
    "city":"新北市",
    "name":"全家便利商店股份有限公司-汐止明峰店",
    "address":"221新北市汐止區金龍里明峰街１６０號一樓"
    }
  },
  {
    "type": "Feature",
    "geometry": {
       "type": "Point",
       "coordinates":  [ 121.6397184,25.0616059 ]
    },
    "properties": {
    "city":"新北市",
    "name":"全家便利商店股份有限公司-汐止青山店",
    "address":"221新北市汐止區新臺五路一段２１２號；２１２之１號"
    }
  },
  {
    "type": "Feature",
    "geometry": {
       "type": "Point",
       "coordinates":  [ 121.6617929,25.0730099 ]
    },
    "properties": {
    "city":"新北市",
    "name":"全家便利商店股份有限公司-汐止建安店",
    "address":"221新北市汐止區建成路５９巷９號．１５號"
    }
  },
  {
    "type": "Feature",
    "geometry": {
       "type": "Point",
       "coordinates":  [ 121.6623345,25.0731038 ]
    },
    "properties": {
    "city":"新北市",
    "name":"全家便利商店股份有限公司-汐止建成店",
    "address":"221新北市汐止區建成路５７巷２號、６號１樓"
    }
  },
  {
    "type": "Feature",
    "geometry": {
       "type": "Point",
       "coordinates":  [ 121.6670438,25.070483 ]
    },
    "properties": {
    "city":"新北市",
    "name":"全家便利商店股份有限公司-汐止茄苳店",
    "address":"221新北市汐止區崇德里茄苳路８４號、８６號１樓"
    }
  },
  {
    "type": "Feature",
    "geometry": {
       "type": "Point",
       "coordinates":  [ 121.6548526,25.0571502 ]
    },
    "properties": {
    "city":"新北市",
    "name":"全家便利商店股份有限公司-汐止桂冠店",
    "address":"221新北市汐止區水源路二段３４號"
    }
  },
  {
    "type": "Feature",
    "geometry": {
       "type": "Point",
       "coordinates":  [ 121.6629991,25.0683559 ]
    },
    "properties": {
    "city":"新北市",
    "name":"全家便利商店股份有限公司-汐止站前店",
    "address":"221新北市汐止區南昌街１６號"
    }
  },
  {
    "type": "Feature",
    "geometry": {
       "type": "Point",
       "coordinates":  [ 121.621267,25.0675962 ]
    },
    "properties": {
    "city":"新北市",
    "name":"全家便利商店股份有限公司-汐止康湖店",
    "address":"221新北市汐止區康寧街１４１巷４１號"
    }
  },
  {
    "type": "Feature",
    "geometry": {
       "type": "Point",
       "coordinates":  [ 121.6227171,25.0682054 ]
    },
    "properties": {
    "city":"新北市",
    "name":"全家便利商店股份有限公司-汐止康寧店",
    "address":"221新北市汐止區康寧街１６９巷２３號１樓"
    }
  },
  {
    "type": "Feature",
    "geometry": {
       "type": "Point",
       "coordinates":  [ 121.6544675,25.0607503 ]
    },
    "properties": {
    "city":"新北市",
    "name":"全家便利商店股份有限公司-汐止莊敬店",
    "address":"221新北市汐止區莊敬街１３９號"
    }
  },
  {
    "type": "Feature",
    "geometry": {
       "type": "Point",
       "coordinates":  [ 121.6631466,25.067536 ]
    },
    "properties": {
    "city":"新北市",
    "name":"全家便利商店股份有限公司-汐止新忠孝店",
    "address":"221新北市汐止區忠孝東路２５８號"
    }
  },
  {
    "type": "Feature",
    "geometry": {
       "type": "Point",
       "coordinates":  [ 121.6566818,25.0646146 ]
    },
    "properties": {
    "city":"新北市",
    "name":"全家便利商店股份有限公司-汐止新興店",
    "address":"221新北市汐止區新興路２１及２３號"
    }
  },
  {
    "type": "Feature",
    "geometry": {
       "type": "Point",
       "coordinates":  [ 121.6610343,25.0695413 ]
    },
    "properties": {
    "city":"新北市",
    "name":"全家便利商店股份有限公司-汐止農會店",
    "address":"221新北市汐止區中正路１０６號１樓"
    }
  },
  {
    "type": "Feature",
    "geometry": {
       "type": "Point",
       "coordinates":  [ 121.48686,25.058888 ]
    },
    "properties": {
    "city":"新北市",
    "name":"全家便利商店股份有限公司-汐止遠科店",
    "address":"221新北市汐止區新臺五路一段７５號Ｂ１"
    }
  },
  {
    "type": "Feature",
    "geometry": {
       "type": "Point",
       "coordinates":  [ 121.6419963,25.0648397 ]
    },
    "properties": {
    "city":"新北市",
    "name":"全家便利商店股份有限公司-汐止樟中店",
    "address":"221新北市汐止區樟樹一路１２７號１樓"
    }
  },
  {
    "type": "Feature",
    "geometry": {
       "type": "Point",
       "coordinates":  [ 121.6424341,25.0662566 ]
    },
    "properties": {
    "city":"新北市",
    "name":"全家便利商店股份有限公司-汐止樟福店",
    "address":"221新北市汐止區樟樹一路２２０號"
    }
  },
  {
    "type": "Feature",
    "geometry": {
       "type": "Point",
       "coordinates":  [ 121.6410087,25.0692372 ]
    },
    "properties": {
    "city":"新北市",
    "name":"全家便利商店股份有限公司-汐止樟樹店",
    "address":"221新北市汐止區樟樹二路２７９號，２８１號一樓"
    }
  },
  {
    "type": "Feature",
    "geometry": {
       "type": "Point",
       "coordinates":  [ 121.6419304,25.0623023 ]
    },
    "properties": {
    "city":"新北市",
    "name":"全家便利商店股份有限公司-汐止樟興店",
    "address":"221新北市汐止區樟樹一路１６號，１８號"
    }
  },
  {
    "type": "Feature",
    "geometry": {
       "type": "Point",
       "coordinates":  [ 121.630913,25.0653068 ]
    },
    "properties": {
    "city":"新北市",
    "name":"全家便利商店股份有限公司-汐止興福店",
    "address":"221新北市汐止區福德二路１３４號"
    }
  },
  {
    "type": "Feature",
    "geometry": {
       "type": "Point",
       "coordinates":  [ 121.6537209,25.0647843 ]
    },
    "properties": {
    "city":"新北市",
    "name":"全家便利商店股份有限公司-汐止龍安店",
    "address":"221新北市汐止區大同路二段１８４巷１１號"
    }
  },
  {
    "type": "Feature",
    "geometry": {
       "type": "Point",
       "coordinates":  [ 121.4003476,25.0770827 ]
    },
    "properties": {
    "city":"新北市",
    "name":"全家便利商店股份有限公司-林口工六店",
    "address":"244新北市林口區東林村工六路７８號"
    }
  },
  {
    "type": "Feature",
    "geometry": {
       "type": "Point",
       "coordinates":  [ 121.3893917,25.0778016 ]
    },
    "properties": {
    "city":"新北市",
    "name":"全家便利商店股份有限公司-林口中正店",
    "address":"244新北市林口區中正路２６６號"
    }
  },
  {
    "type": "Feature",
    "geometry": {
       "type": "Point",
       "coordinates":  [ 121.3889545,25.0810805 ]
    },
    "properties": {
    "city":"新北市",
    "name":"全家便利商店股份有限公司-林口中林店",
    "address":"244新北市林口區林口路１號"
    }
  },
  {
    "type": "Feature",
    "geometry": {
       "type": "Point",
       "coordinates":  [ 121.3884927,25.0816832 ]
    },
    "properties": {
    "city":"新北市",
    "name":"全家便利商店股份有限公司-林口竹林店",
    "address":"244新北市林口區林口路１２６號１Ｆ"
    }
  },
  {
    "type": "Feature",
    "geometry": {
       "type": "Point",
       "coordinates":  [ 121.3781115,25.068562 ]
    },
    "properties": {
    "city":"新北市",
    "name":"全家便利商店股份有限公司-林口忠孝店",
    "address":"244新北市林口區忠孝路６０１號"
    }
  },
  {
    "type": "Feature",
    "geometry": {
       "type": "Point",
       "coordinates":  [ 121.3813837,25.0741275 ]
    },
    "properties": {
    "city":"新北市",
    "name":"全家便利商店股份有限公司-林口高中店",
    "address":"244新北市林口區西林村仁愛路二段１６２號、１６４號１樓"
    }
  },
  {
    "type": "Feature",
    "geometry": {
       "type": "Point",
       "coordinates":  [ 121.3763975,25.0709608 ]
    },
    "properties": {
    "city":"新北市",
    "name":"全家便利商店股份有限公司-林口國宅店",
    "address":"244新北市林口區麗園一街４巷１號１之４"
    }
  },
  {
    "type": "Feature",
    "geometry": {
       "type": "Point",
       "coordinates":  [ 121.3925937,25.0763882 ]
    },
    "properties": {
    "city":"新北市",
    "name":"全家便利商店股份有限公司-林口菁埔店",
    "address":"244新北市林口區仁愛路一段２９２號"
    }
  },
  {
    "type": "Feature",
    "geometry": {
       "type": "Point",
       "coordinates":  [ 121.3806058,25.0848254 ]
    },
    "properties": {
    "city":"新北市",
    "name":"全家便利商店股份有限公司-林口隆林店",
    "address":"244新北市林口區文化二路二段９０．９２號"
    }
  },
  {
    "type": "Feature",
    "geometry": {
       "type": "Point",
       "coordinates":  [ 121.3700031,25.070885 ]
    },
    "properties": {
    "city":"新北市",
    "name":"全家便利商店股份有限公司-林口新林店",
    "address":"244新北市林口區忠孝路１２８＆１３０號１樓"
    }
  },
  {
    "type": "Feature",
    "geometry": {
       "type": "Point",
       "coordinates":  [ 121.3700737,25.076154 ]
    },
    "properties": {
    "city":"新北市",
    "name":"全家便利商店股份有限公司-林口新都店",
    "address":"244新北市林口區文化三路一段５５７號．５５９號１樓"
    }
  },
  {
    "type": "Feature",
    "geometry": {
       "type": "Point",
       "coordinates":  [ 121.395711,25.0773439 ]
    },
    "properties": {
    "city":"新北市",
    "name":"全家便利商店股份有限公司-林口僑大店",
    "address":"244新北市林口區中正路３９號"
    }
  },
  {
    "type": "Feature",
    "geometry": {
       "type": "Point",
       "coordinates":  [ 121.3961431,25.0764246 ]
    },
    "properties": {
    "city":"新北市",
    "name":"全家便利商店股份有限公司-林口醒吾店",
    "address":"244新北市林口區粉寮路７號"
    }
  },
  {
    "type": "Feature",
    "geometry": {
       "type": "Point",
       "coordinates":  [ 121.3788305,25.0834009 ]
    },
    "properties": {
    "city":"新北市",
    "name":"全家便利商店股份有限公司-林口麗林店",
    "address":"244新北市林口區中山路５２２號１樓"
    }
  },
  {
    "type": "Feature",
    "geometry": {
       "type": "Point",
       "coordinates":  [ 121.4793177,25.0135997 ]
    },
    "properties": {
    "city":"新北市",
    "name":"全家便利商店股份有限公司-板橋三民店",
    "address":"220新北市板橋區三民路二段２０３之９號"
    }
  },
  {
    "type": "Feature",
    "geometry": {
       "type": "Point",
       "coordinates":  [ 121.4285743,24.991372 ]
    },
    "properties": {
    "city":"新北市",
    "name":"全家便利商店股份有限公司-板橋千甲店",
    "address":"220新北市板橋區溪北里溪崑二街２６號一樓"
    }
  },
  {
    "type": "Feature",
    "geometry": {
       "type": "Point",
       "coordinates":  [ 121.4530603,25.0159609 ]
    },
    "properties": {
    "city":"新北市",
    "name":"全家便利商店股份有限公司-板橋大仁店",
    "address":"220新北市板橋區大仁街１０８之１號"
    }
  },
  {
    "type": "Feature",
    "geometry": {
       "type": "Point",
       "coordinates":  [ 121.4487679,25.0026935 ]
    },
    "properties": {
    "city":"新北市",
    "name":"全家便利商店股份有限公司-板橋大安店",
    "address":"220新北市板橋區大觀路二段３７巷３９號１樓"
    }
  },
  {
    "type": "Feature",
    "geometry": {
       "type": "Point",
       "coordinates":  [ 121.4563482,25.0168768 ]
    },
    "properties": {
    "city":"新北市",
    "name":"全家便利商店股份有限公司-板橋大庭店",
    "address":"220新北市板橋區中正路１９１號"
    }
  },
  {
    "type": "Feature",
    "geometry": {
       "type": "Point",
       "coordinates":  [ 121.4608443,25.0017838 ]
    },
    "properties": {
    "city":"新北市",
    "name":"全家便利商店股份有限公司-板橋大隆店",
    "address":"220新北市板橋區福星里忠孝路５０號一樓"
    }
  },
  {
    "type": "Feature",
    "geometry": {
       "type": "Point",
       "coordinates":  [ 121.4720992,25.022372 ]
    },
    "properties": {
    "city":"新北市",
    "name":"全家便利商店股份有限公司-板橋大萬店",
    "address":"220新北市板橋區萬板路３２號１樓"
    }
  },
  {
    "type": "Feature",
    "geometry": {
       "type": "Point",
       "coordinates":  [ 121.4630547,24.9996719 ]
    },
    "properties": {
    "city":"新北市",
    "name":"全家便利商店股份有限公司-板橋大豐店",
    "address":"220新北市板橋區重慶路２７８之１號"
    }
  },
  {
    "type": "Feature",
    "geometry": {
       "type": "Point",
       "coordinates":  [ 121.4541128,25.0093981 ]
    },
    "properties": {
    "city":"新北市",
    "name":"全家便利商店股份有限公司-板橋中勝店",
    "address":"220新北市板橋區林園街２號"
    }
  },
  {
    "type": "Feature",
    "geometry": {
       "type": "Point",
       "coordinates":  [ 121.4675616,25.0200267 ]
    },
    "properties": {
    "city":"新北市",
    "name":"全家便利商店股份有限公司-板橋介壽店",
    "address":"220新北市板橋區介壽里介壽街２０號１樓"
    }
  },
  {
    "type": "Feature",
    "geometry": {
       "type": "Point",
       "coordinates":  [ 121.4315334,24.988453 ]
    },
    "properties": {
    "city":"新北市",
    "name":"全家便利商店股份有限公司-板橋公園店",
    "address":"220新北市板橋區金門街２０６＆２０８號１樓"
    }
  },
  {
    "type": "Feature",
    "geometry": {
       "type": "Point",
       "coordinates":  [ 121.4672746,25.0211159 ]
    },
    "properties": {
    "city":"新北市",
    "name":"全家便利商店股份有限公司-板橋文化店",
    "address":"220新北市板橋區文化路一段２８０號"
    }
  },
  {
    "type": "Feature",
    "geometry": {
       "type": "Point",
       "coordinates":  [ 121.469146,25.022109 ]
    },
    "properties": {
    "city":"新北市",
    "name":"全家便利商店股份有限公司-板橋文生店",
    "address":"220新北市板橋區華江里民生路二段２２８號一樓"
    }
  },
  {
    "type": "Feature",
    "geometry": {
       "type": "Point",
       "coordinates":  [ 121.4787718,25.0278384 ]
    },
    "properties": {
    "city":"新北市",
    "name":"全家便利商店股份有限公司-板橋文聖店",
    "address":"220新北市板橋區文聖街１５７號"
    }
  },
  {
    "type": "Feature",
    "geometry": {
       "type": "Point",
       "coordinates":  [ 121.4644889,25.0266914 ]
    },
    "properties": {
    "city":"新北市",
    "name":"全家便利商店股份有限公司-板橋四維店",
    "address":"220新北市板橋區四維路１８０號"
    }
  },
  {
    "type": "Feature",
    "geometry": {
       "type": "Point",
       "coordinates":  [ 121.4542762,25.0213221 ]
    },
    "properties": {
    "city":"新北市",
    "name":"全家便利商店股份有限公司-板橋正光店",
    "address":"220新北市板橋區中正路３７７之１號，３７７之２號"
    }
  },
  {
    "type": "Feature",
    "geometry": {
       "type": "Point",
       "coordinates":  [ 121.4772109,25.0136264 ]
    },
    "properties": {
    "city":"新北市",
    "name":"全家便利商店股份有限公司-板橋正隆店",
    "address":"220新北市板橋區正泰里三民路二段正隆巷３４號一樓"
    }
  },
  {
    "type": "Feature",
    "geometry": {
       "type": "Point",
       "coordinates":  [ 121.4676636,25.0246812 ]
    },
    "properties": {
    "city":"新北市",
    "name":"全家便利商店股份有限公司-板橋民生店",
    "address":"220新北市板橋區民生路三段２４號，２６號．２８號一樓"
    }
  },
  {
    "type": "Feature",
    "geometry": {
       "type": "Point",
       "coordinates":  [ 121.4651377,25.0088712 ]
    },
    "properties": {
    "city":"新北市",
    "name":"全家便利商店股份有限公司-板橋民族店",
    "address":"220新北市板橋區民族路６１號"
    }
  },
  {
    "type": "Feature",
    "geometry": {
       "type": "Point",
       "coordinates":  [ 121.4590707,25.0139717 ]
    },
    "properties": {
    "city":"新北市",
    "name":"全家便利商店股份有限公司-板橋民權店",
    "address":"220新北市板橋區民權路２０４號"
    }
  },
  {
    "type": "Feature",
    "geometry": {
       "type": "Point",
       "coordinates":  [ 121.4676627,25.0259658 ]
    },
    "properties": {
    "city":"新北市",
    "name":"全家便利商店股份有限公司-板橋永炘店",
    "address":"220新北市板橋區光武街３４號"
    }
  },
  {
    "type": "Feature",
    "geometry": {
       "type": "Point",
       "coordinates":  [ 121.4723247,25.0152612 ]
    },
    "properties": {
    "city":"新北市",
    "name":"全家便利商店股份有限公司-板橋光仁店",
    "address":"220新北市板橋區中山路二段２３號"
    }
  },
  {
    "type": "Feature",
    "geometry": {
       "type": "Point",
       "coordinates":  [ 121.4705293,25.0243393 ]
    },
    "properties": {
    "city":"新北市",
    "name":"全家便利商店股份有限公司-板橋光芒店",
    "address":"220新北市板橋區莒光路４２號"
    }
  },
  {
    "type": "Feature",
    "geometry": {
       "type": "Point",
       "coordinates":  [ 121.482626,25.0210958 ]
    },
    "properties": {
    "city":"新北市",
    "name":"全家便利商店股份有限公司-板橋光復店",
    "address":"220新北市板橋區中山路二段５０３號１樓"
    }
  },
  {
    "type": "Feature",
    "geometry": {
       "type": "Point",
       "coordinates":  [ 121.454158,25.0113155 ]
    },
    "properties": {
    "city":"新北市",
    "name":"全家便利商店股份有限公司-板橋光華店",
    "address":"220新北市板橋區光華街３號"
    }
  },
  {
    "type": "Feature",
    "geometry": {
       "type": "Point",
       "coordinates":  [ 121.4566384,25.0070953 ]
    },
    "properties": {
    "city":"新北市",
    "name":"全家便利商店股份有限公司-板橋再興店",
    "address":"220新北市板橋區南雅南路一段７號１樓"
    }
  },
  {
    "type": "Feature",
    "geometry": {
       "type": "Point",
       "coordinates":  [ 121.4788968,25.0309673 ]
    },
    "properties": {
    "city":"新北市",
    "name":"全家便利商店股份有限公司-板橋江翠店",
    "address":"220新北市板橋區懷德街１２７巷１，３號１Ｆ"
    }
  },
  {
    "type": "Feature",
    "geometry": {
       "type": "Point",
       "coordinates":  [ 121.451702,25.013817 ]
    },
    "properties": {
    "city":"新北市",
    "name":"全家便利商店股份有限公司-板橋西華店",
    "address":"220新北市板橋區南雅西路二段１７０號"
    }
  },
  {
    "type": "Feature",
    "geometry": {
       "type": "Point",
       "coordinates":  [ 121.4554477,25.0055989 ]
    },
    "properties": {
    "city":"新北市",
    "name":"全家便利商店股份有限公司-板橋佑昇店",
    "address":"220新北市板橋區湳興里南雅南路一段６０號一樓"
    }
  },
  {
    "type": "Feature",
    "geometry": {
       "type": "Point",
       "coordinates":  [ 121.4562956,25.0212805 ]
    },
    "properties": {
    "city":"新北市",
    "name":"全家便利商店股份有限公司-板橋甫華店",
    "address":"220新北市板橋區新生街２７號１樓"
    }
  },
  {
    "type": "Feature",
    "geometry": {
       "type": "Point",
       "coordinates":  [ 121.4540816,24.9946912 ]
    },
    "properties": {
    "city":"新北市",
    "name":"全家便利商店股份有限公司-板橋亞東店",
    "address":"220新北市板橋區四川路二段４７巷４弄２號"
    }
  },
  {
    "type": "Feature",
    "geometry": {
       "type": "Point",
       "coordinates":  [ 121.4698842,25.0117102 ]
    },
    "properties": {
    "city":"新北市",
    "name":"全家便利商店股份有限公司-板橋東昇店",
    "address":"220新北市板橋區漢生東路１８９號"
    }
  },
  {
    "type": "Feature",
    "geometry": {
       "type": "Point",
       "coordinates":  [ 121.4792769,25.0146626 ]
    },
    "properties": {
    "city":"新北市",
    "name":"全家便利商店股份有限公司-板橋板三店",
    "address":"220新北市板橋區三民路二段１５５號１樓"
    }
  },
  {
    "type": "Feature",
    "geometry": {
       "type": "Point",
       "coordinates":  [ 121.4713042,25.0290665 ]
    },
    "properties": {
    "city":"新北市",
    "name":"全家便利商店股份有限公司-板橋板文店",
    "address":"220新北市板橋區文化路二段２６１號１樓"
    }
  },
  {
    "type": "Feature",
    "geometry": {
       "type": "Point",
       "coordinates":  [ 121.4638917,25.0107935 ]
    },
    "properties": {
    "city":"新北市",
    "name":"全家便利商店股份有限公司-板橋板民店",
    "address":"220新北市板橋區新民街３９號１樓"
    }
  },
  {
    "type": "Feature",
    "geometry": {
       "type": "Point",
       "coordinates":  [ 121.4732952,25.0087815 ]
    },
    "properties": {
    "city":"新北市",
    "name":"全家便利商店股份有限公司-板橋板長店",
    "address":"220新北市板橋區板新路９７＆９９號１樓"
    }
  },
  {
    "type": "Feature",
    "geometry": {
       "type": "Point",
       "coordinates":  [ 121.4587854,25.0086811 ]
    },
    "properties": {
    "city":"新北市",
    "name":"全家便利商店股份有限公司-板橋板農店",
    "address":"220新北市板橋區府中路２９—１號１樓"
    }
  },
  {
    "type": "Feature",
    "geometry": {
       "type": "Point",
       "coordinates":  [ 121.4625042,25.0298784 ]
    },
    "properties": {
    "city":"新北市",
    "name":"全家便利商店股份有限公司-板橋板維店",
    "address":"220新北市板橋區四維路３１４號１樓"
    }
  },
  {
    "type": "Feature",
    "geometry": {
       "type": "Point",
       "coordinates":  [ 121.4740839,25.0296162 ]
    },
    "properties": {
    "city":"新北市",
    "name":"全家便利商店股份有限公司-板橋松柏店",
    "address":"220新北市板橋區松柏街１３號"
    }
  },
  {
    "type": "Feature",
    "geometry": {
       "type": "Point",
       "coordinates":  [ 121.4301518,24.9864857 ]
    },
    "properties": {
    "city":"新北市",
    "name":"全家便利商店股份有限公司-板橋金門店",
    "address":"220新北市板橋區金門街２９９號"
    }
  },
  {
    "type": "Feature",
    "geometry": {
       "type": "Point",
       "coordinates":  [ 121.4268385,24.9838243 ]
    },
    "properties": {
    "city":"新北市",
    "name":"全家便利商店股份有限公司-板橋金鑫店",
    "address":"220新北市板橋區金門街３７６號１樓"
    }
  },
  {
    "type": "Feature",
    "geometry": {
       "type": "Point",
       "coordinates":  [ 121.4335436,24.9943241 ]
    },
    "properties": {
    "city":"新北市",
    "name":"全家便利商店股份有限公司-板橋金鑽店",
    "address":"220新北市板橋區成和里金門街２９號"
    }
  },
  {
    "type": "Feature",
    "geometry": {
       "type": "Point",
       "coordinates":  [ 121.4745567,25.0120232 ]
    },
    "properties": {
    "city":"新北市",
    "name":"全家便利商店股份有限公司-板橋長安店",
    "address":"220新北市板橋區長安街２１０號"
    }
  },
  {
    "type": "Feature",
    "geometry": {
       "type": "Point",
       "coordinates":  [ 121.4596832,25.0295518 ]
    },
    "properties": {
    "city":"新北市",
    "name":"全家便利商店股份有限公司-板橋長江店",
    "address":"220新北市板橋區長江路一段１０８號１樓"
    }
  },
  {
    "type": "Feature",
    "geometry": {
       "type": "Point",
       "coordinates":  [ 121.471587,25.0123465 ]
    },
    "properties": {
    "city":"新北市",
    "name":"全家便利商店股份有限公司-板橋長東店",
    "address":"220新北市板橋區長安街３３１巷１０９號，１１１號"
    }
  },
  {
    "type": "Feature",
    "geometry": {
       "type": "Point",
       "coordinates":  [ 121.4794377,25.0166104 ]
    },
    "properties": {
    "city":"新北市",
    "name":"全家便利商店股份有限公司-板橋長壽店",
    "address":"220新北市板橋區三民路二段８３號"
    }
  },
  {
    "type": "Feature",
    "geometry": {
       "type": "Point",
       "coordinates":  [ 121.4573928,24.993421 ]
    },
    "properties": {
    "city":"新北市",
    "name":"全家便利商店股份有限公司-板橋信陽店",
    "address":"220新北市板橋區信義里信義路７２號一樓"
    }
  },
  {
    "type": "Feature",
    "geometry": {
       "type": "Point",
       "coordinates":  [ 121.4506827,24.993449 ]
    },
    "properties": {
    "city":"新北市",
    "name":"全家便利商店股份有限公司-板橋帝國店",
    "address":"220新北市板橋區四川路二段２４５巷３號１樓"
    }
  },
  {
    "type": "Feature",
    "geometry": {
       "type": "Point",
       "coordinates":  [ 121.4565953,25.0186111 ]
    },
    "properties": {
    "city":"新北市",
    "name":"全家便利商店股份有限公司-板橋美庭店",
    "address":"220新北市板橋區中正路２１６巷２１號、２３號１樓"
    }
  },
  {
    "type": "Feature",
    "geometry": {
       "type": "Point",
       "coordinates":  [ 121.4436663,25.0017873 ]
    },
    "properties": {
    "city":"新北市",
    "name":"全家便利商店股份有限公司-板橋美堤店",
    "address":"220新北市板橋區龍興街７１巷１號１樓"
    }
  },
  {
    "type": "Feature",
    "geometry": {
       "type": "Point",
       "coordinates":  [ 121.4661099,25.0203894 ]
    },
    "properties": {
    "city":"新北市",
    "name":"全家便利商店股份有限公司-板橋致理店",
    "address":"220新北市板橋區文化路一段３１５號１樓"
    }
  },
  {
    "type": "Feature",
    "geometry": {
       "type": "Point",
       "coordinates":  [ 121.461944,25.0068731 ]
    },
    "properties": {
    "city":"新北市",
    "name":"全家便利商店股份有限公司-板橋重慶店",
    "address":"220新北市板橋區重慶路６７號"
    }
  },
  {
    "type": "Feature",
    "geometry": {
       "type": "Point",
       "coordinates":  [ 121.4669461,25.024061 ]
    },
    "properties": {
    "city":"新北市",
    "name":"全家便利商店股份有限公司-板橋首富店",
    "address":"220新北市板橋區新埔里民生路三段２３號１樓"
    }
  },
  {
    "type": "Feature",
    "geometry": {
       "type": "Point",
       "coordinates":  [ 121.4817595,25.0233276 ]
    },
    "properties": {
    "city":"新北市",
    "name":"全家便利商店股份有限公司-板橋振興店",
    "address":"220新北市板橋區三民路一段３１巷８９弄３號"
    }
  },
  {
    "type": "Feature",
    "geometry": {
       "type": "Point",
       "coordinates":  [ 121.4741,25.019457 ]
    },
    "properties": {
    "city":"新北市",
    "name":"全家便利商店股份有限公司-板橋偉豐店",
    "address":"220新北市板橋區永豐街１０９號１樓"
    }
  },
  {
    "type": "Feature",
    "geometry": {
       "type": "Point",
       "coordinates":  [ 121.464294,25.0026624 ]
    },
    "properties": {
    "city":"新北市",
    "name":"全家便利商店股份有限公司-板橋國民店",
    "address":"220新北市板橋區實踐路１３２號１樓"
    }
  },
  {
    "type": "Feature",
    "geometry": {
       "type": "Point",
       "coordinates":  [ 121.4294305,24.9877253 ]
    },
    "properties": {
    "city":"新北市",
    "name":"全家便利商店股份有限公司-板橋堂春店",
    "address":"220新北市板橋區篤行路三段１號１樓"
    }
  },
  {
    "type": "Feature",
    "geometry": {
       "type": "Point",
       "coordinates":  [ 121.4317579,24.9940589 ]
    },
    "properties": {
    "city":"新北市",
    "name":"全家便利商店股份有限公司-板橋崑崙店",
    "address":"220新北市板橋區篤行路一段３０號１樓"
    }
  },
  {
    "type": "Feature",
    "geometry": {
       "type": "Point",
       "coordinates":  [ 121.474254,25.0224822 ]
    },
    "properties": {
    "city":"新北市",
    "name":"全家便利商店股份有限公司-板橋莒光店",
    "address":"220新北市板橋區莒光路２２５，２２７號"
    }
  },
  {
    "type": "Feature",
    "geometry": {
       "type": "Point",
       "coordinates":  [ 121.4729109,25.0240946 ]
    },
    "properties": {
    "city":"新北市",
    "name":"全家便利商店股份有限公司-板橋莒安店",
    "address":"220新北市板橋區莒光路１３１號"
    }
  },
  {
    "type": "Feature",
    "geometry": {
       "type": "Point",
       "coordinates":  [ 121.4752496,25.0316095 ]
    },
    "properties": {
    "city":"新北市",
    "name":"全家便利商店股份有限公司-板橋勝文店",
    "address":"220新北市板橋區仁化街４６號１樓"
    }
  },
  {
    "type": "Feature",
    "geometry": {
       "type": "Point",
       "coordinates":  [ 121.4791742,25.0216445 ]
    },
    "properties": {
    "city":"新北市",
    "name":"全家便利商店股份有限公司-板橋富山店",
    "address":"220新北市板橋區三民路一段９４號，９６號"
    }
  },
  {
    "type": "Feature",
    "geometry": {
       "type": "Point",
       "coordinates":  [ 121.4641454,25.0315288 ]
    },
    "properties": {
    "city":"新北市",
    "name":"全家便利商店股份有限公司-板橋富華店",
    "address":"220新北市板橋區長江路二段４７號１樓"
    }
  },
  {
    "type": "Feature",
    "geometry": {
       "type": "Point",
       "coordinates":  [ 121.4576846,25.0284513 ]
    },
    "properties": {
    "city":"新北市",
    "name":"全家便利商店股份有限公司-板橋富貴店",
    "address":"220新北市板橋區新海路４６２，４６４，４６６號１樓"
    }
  },
  {
    "type": "Feature",
    "geometry": {
       "type": "Point",
       "coordinates":  [ 121.4611353,25.0178813 ]
    },
    "properties": {
    "city":"新北市",
    "name":"全家便利商店股份有限公司-板橋富陽店",
    "address":"220新北市板橋區漢生里復興街１３０號一樓"
    }
  },
  {
    "type": "Feature",
    "geometry": {
       "type": "Point",
       "coordinates":  [ 121.4709735,25.0314483 ]
    },
    "properties": {
    "city":"新北市",
    "name":"全家便利商店股份有限公司-板橋華江店",
    "address":"220新北市板橋區雙十路三段５４號"
    }
  },
  {
    "type": "Feature",
    "geometry": {
       "type": "Point",
       "coordinates":  [ 121.4643688,25.0229563 ]
    },
    "properties": {
    "city":"新北市",
    "name":"全家便利商店股份有限公司-板橋華陽店",
    "address":"220新北市板橋區陽明里陽明街９０號一樓"
    }
  },
  {
    "type": "Feature",
    "geometry": {
       "type": "Point",
       "coordinates":  [ 121.457864,25.0047554 ]
    },
    "properties": {
    "city":"新北市",
    "name":"全家便利商店股份有限公司-板橋華興店",
    "address":"220新北市板橋區華興街４１．４３號"
    }
  },
  {
    "type": "Feature",
    "geometry": {
       "type": "Point",
       "coordinates":  [ 121.4583776,24.9996423 ]
    },
    "properties": {
    "city":"新北市",
    "name":"全家便利商店股份有限公司-板橋愛買店",
    "address":"220新北市板橋區四川路一段３６７號"
    }
  },
  {
    "type": "Feature",
    "geometry": {
       "type": "Point",
       "coordinates":  [ 121.4668367,25.0189505 ]
    },
    "properties": {
    "city":"新北市",
    "name":"全家便利商店股份有限公司-板橋新民店",
    "address":"220新北市板橋區文化路一段１８８巷４２號１樓"
    }
  },
  {
    "type": "Feature",
    "geometry": {
       "type": "Point",
       "coordinates":  [ 121.4605124,25.0242199 ]
    },
    "properties": {
    "city":"新北市",
    "name":"全家便利商店股份有限公司-板橋新農店",
    "address":"220新北市板橋區新海路３２８，３３０號１樓"
    }
  },
  {
    "type": "Feature",
    "geometry": {
       "type": "Point",
       "coordinates":  [ 121.4257424,24.9877722 ]
    },
    "properties": {
    "city":"新北市",
    "name":"全家便利商店股份有限公司-板橋溪崑店",
    "address":"220新北市板橋區溪崑二街１３４、１３６、１３８號１樓"
    }
  },
  {
    "type": "Feature",
    "geometry": {
       "type": "Point",
       "coordinates":  [ 121.4617394,25.0289209 ]
    },
    "properties": {
    "city":"新北市",
    "name":"全家便利商店股份有限公司-板橋裕民店",
    "address":"220新北市板橋區裕民街４４號１樓"
    }
  },
  {
    "type": "Feature",
    "geometry": {
       "type": "Point",
       "coordinates":  [ 121.4601893,25.0279163 ]
    },
    "properties": {
    "city":"新北市",
    "name":"全家便利商店股份有限公司-板橋裕盛店",
    "address":"220新北市板橋區裕民街９５號"
    }
  },
  {
    "type": "Feature",
    "geometry": {
       "type": "Point",
       "coordinates":  [ 121.4674114,25.0091206 ]
    },
    "properties": {
    "city":"新北市",
    "name":"全家便利商店股份有限公司-板橋運山店",
    "address":"220新北市板橋區海山路３３號"
    }
  },
  {
    "type": "Feature",
    "geometry": {
       "type": "Point",
       "coordinates":  [ 121.4467705,25.0117862 ]
    },
    "properties": {
    "city":"新北市",
    "name":"全家便利商店股份有限公司-板橋僑中店",
    "address":"220新北市板橋區僑中一街１００號１樓"
    }
  },
  {
    "type": "Feature",
    "geometry": {
       "type": "Point",
       "coordinates":  [ 121.4798289,25.0180869 ]
    },
    "properties": {
    "city":"新北市",
    "name":"全家便利商店股份有限公司-板橋福樂店",
    "address":"220新北市板橋區三民路二段２１巷８號１樓"
    }
  },
  {
    "type": "Feature",
    "geometry": {
       "type": "Point",
       "coordinates":  [ 121.4627871,24.9921479 ]
    },
    "properties": {
    "city":"新北市",
    "name":"全家便利商店股份有限公司-板橋廣和店",
    "address":"220新北市板橋區廣福里廣和街７９號１樓"
    }
  },
  {
    "type": "Feature",
    "geometry": {
       "type": "Point",
       "coordinates":  [ 121.475698,25.0120329 ]
    },
    "properties": {
    "city":"新北市",
    "name":"全家便利商店股份有限公司-板橋廣隆店",
    "address":"220新北市板橋區民生路一段３３號１樓"
    }
  },
  {
    "type": "Feature",
    "geometry": {
       "type": "Point",
       "coordinates":  [ 121.4455399,25.0065471 ]
    },
    "properties": {
    "city":"新北市",
    "name":"全家便利商店股份有限公司-板橋橋興店",
    "address":"220新北市板橋區僑中二街１１６巷２號"
    }
  },
  {
    "type": "Feature",
    "geometry": {
       "type": "Point",
       "coordinates":  [ 121.431706,24.991324 ]
    },
    "properties": {
    "city":"新北市",
    "name":"全家便利商店股份有限公司-板橋篤行店",
    "address":"220新北市板橋區篤行路二段１０３，１０５號１樓"
    }
  },
  {
    "type": "Feature",
    "geometry": {
       "type": "Point",
       "coordinates":  [ 121.4563409,25.0080645 ]
    },
    "properties": {
    "city":"新北市",
    "name":"全家便利商店股份有限公司-板橋館欣店",
    "address":"220新北市板橋區館前西路１３８號"
    }
  },
  {
    "type": "Feature",
    "geometry": {
       "type": "Point",
       "coordinates":  [ 121.4629535,25.0074791 ]
    },
    "properties": {
    "city":"新北市",
    "name":"全家便利商店股份有限公司-板橋館前店",
    "address":"220新北市板橋區館前東路１０６號"
    }
  },
  {
    "type": "Feature",
    "geometry": {
       "type": "Point",
       "coordinates":  [ 121.4724387,25.0290397 ]
    },
    "properties": {
    "city":"新北市",
    "name":"全家便利商店股份有限公司-板橋龍江店",
    "address":"220新北市板橋區文化路二段１８２巷３弄９１，９３號１樓"
    }
  },
  {
    "type": "Feature",
    "geometry": {
       "type": "Point",
       "coordinates":  [ 121.4569759,25.0242332 ]
    },
    "properties": {
    "city":"新北市",
    "name":"全家便利商店股份有限公司-板橋龍泉店",
    "address":"220新北市板橋區龍泉街１２２號"
    }
  },
  {
    "type": "Feature",
    "geometry": {
       "type": "Point",
       "coordinates":  [ 121.4768502,25.0264124 ]
    },
    "properties": {
    "city":"新北市",
    "name":"全家便利商店股份有限公司-板橋雙十店",
    "address":"220新北市板橋區雙十路二段６—８號，６—９號，６—１０"
    }
  },
  {
    "type": "Feature",
    "geometry": {
       "type": "Point",
       "coordinates":  [ 121.4671537,25.0153652 ]
    },
    "properties": {
    "city":"新北市",
    "name":"全家便利商店股份有限公司-板橋雙城店",
    "address":"220新北市板橋區縣民大道二段１０６號１樓"
    }
  },
  {
    "type": "Feature",
    "geometry": {
       "type": "Point",
       "coordinates":  [ 121.4791367,25.031566 ]
    },
    "properties": {
    "city":"新北市",
    "name":"全家便利商店股份有限公司-板橋懷翠店",
    "address":"220新北市板橋區懷翠里民治街９７號，９９號一樓"
    }
  },
  {
    "type": "Feature",
    "geometry": {
       "type": "Point",
       "coordinates":  [ 121.4657038,25.0247121 ]
    },
    "properties": {
    "city":"新北市",
    "name":"全家便利商店股份有限公司-板橋羅德店",
    "address":"220新北市板橋區明翠里四維路１１０號一樓"
    }
  },
  {
    "type": "Feature",
    "geometry": {
       "type": "Point",
       "coordinates":  [ 121.6379373,25.2212646 ]
    },
    "properties": {
    "city":"新北市",
    "name":"全家便利商店股份有限公司-金山中山店",
    "address":"208新北市金山鄉中山路２０５號"
    }
  },
  {
    "type": "Feature",
    "geometry": {
       "type": "Point",
       "coordinates":  [ 121.4242855,25.0391968 ]
    },
    "properties": {
    "city":"新北市",
    "name":"全家便利商店股份有限公司-泰山工專店",
    "address":"243新北市泰山區明志路三段１７０號"
    }
  },
  {
    "type": "Feature",
    "geometry": {
       "type": "Point",
       "coordinates":  [ 121.4288654,25.0507215 ]
    },
    "properties": {
    "city":"新北市",
    "name":"全家便利商店股份有限公司-泰山民權店",
    "address":"243新北市泰山區民權路２９號１樓"
    }
  },
  {
    "type": "Feature",
    "geometry": {
       "type": "Point",
       "coordinates":  [ 121.4341674,25.0560566 ]
    },
    "properties": {
    "city":"新北市",
    "name":"全家便利商店股份有限公司-泰山全興店",
    "address":"243新北市泰山區福泰村全興路１６５號一樓"
    }
  },
  {
    "type": "Feature",
    "geometry": {
       "type": "Point",
       "coordinates":  [ 121.4329643,25.0538185 ]
    },
    "properties": {
    "city":"新北市",
    "name":"全家便利商店股份有限公司-泰山同興店",
    "address":"243新北市泰山區仁義路２２０巷８號１樓"
    }
  },
  {
    "type": "Feature",
    "geometry": {
       "type": "Point",
       "coordinates":  [ 121.4250966,25.0436873 ]
    },
    "properties": {
    "city":"新北市",
    "name":"全家便利商店股份有限公司-泰山明豐店",
    "address":"243新北市泰山區明志路二段３８３號１樓"
    }
  },
  {
    "type": "Feature",
    "geometry": {
       "type": "Point",
       "coordinates":  [ 121.4345469,25.059152 ]
    },
    "properties": {
    "city":"新北市",
    "name":"全家便利商店股份有限公司-泰山泰林店",
    "address":"243新北市泰山區泰林路二段１０９號１樓"
    }
  },
  {
    "type": "Feature",
    "geometry": {
       "type": "Point",
       "coordinates":  [ 121.4259791,25.0417958 ]
    },
    "properties": {
    "city":"新北市",
    "name":"全家便利商店股份有限公司-泰山貴子店",
    "address":"243新北市泰山區貴子路２８號"
    }
  },
  {
    "type": "Feature",
    "geometry": {
       "type": "Point",
       "coordinates":  [ 121.4295694,25.0528755 ]
    },
    "properties": {
    "city":"新北市",
    "name":"全家便利商店股份有限公司-泰山義學店",
    "address":"243新北市泰山區明志路二段４７號"
    }
  },
  {
    "type": "Feature",
    "geometry": {
       "type": "Point",
       "coordinates":  [ 121.4326347,25.0582275 ]
    },
    "properties": {
    "city":"新北市",
    "name":"全家便利商店股份有限公司-泰山福興店",
    "address":"243新北市泰山區同興村福興一街６０號一樓"
    }
  },
  {
    "type": "Feature",
    "geometry": {
       "type": "Point",
       "coordinates":  [ 121.4342607,25.0603842 ]
    },
    "properties": {
    "city":"新北市",
    "name":"全家便利商店股份有限公司-泰山黎明店",
    "address":"243新北市泰山區泰林路５７５號、５７７號１樓"
    }
  },
  {
    "type": "Feature",
    "geometry": {
       "type": "Point",
       "coordinates":  [ 121.4286523,25.0638385 ]
    },
    "properties": {
    "city":"新北市",
    "name":"全家便利商店股份有限公司-泰山憲訓店",
    "address":"243新北市泰山區泰林路２段３６４號１樓"
    }
  },
  {
    "type": "Feature",
    "geometry": {
       "type": "Point",
       "coordinates":  [ 121.4306975,25.0578792 ]
    },
    "properties": {
    "city":"新北市",
    "name":"全家便利商店股份有限公司-泰山辭修店",
    "address":"243新北市泰山區明志路一段３７４號１樓"
    }
  },
  {
    "type": "Feature",
    "geometry": {
       "type": "Point",
       "coordinates":  [ 121.4241979,25.0639593 ]
    },
    "properties": {
    "city":"新北市",
    "name":"全家便利商店股份有限公司-泰山麗池店",
    "address":"243新北市泰山區泰林路二段５１８號"
    }
  },
  {
    "type": "Feature",
    "geometry": {
       "type": "Point",
       "coordinates":  [ 121.5482025,24.8646216 ]
    },
    "properties": {
    "city":"新北市",
    "name":"全家便利商店股份有限公司-烏來泉鄉店",
    "address":"233新北市烏來區烏來村環山路６０號１樓"
    }
  },
  {
    "type": "Feature",
    "geometry": {
       "type": "Point",
       "coordinates":  [ 121.5517822,24.8645928 ]
    },
    "properties": {
    "city":"新北市",
    "name":"全家便利商店股份有限公司-烏來泰雅店",
    "address":"233新北市烏來區烏來街６號１樓"
    }
  },
  {
    "type": "Feature",
    "geometry": {
       "type": "Point",
       "coordinates":  [ 121.9245385,25.0564448 ]
    },
    "properties": {
    "city":"新北市",
    "name":"全家便利商店股份有限公司-貢寮澳底一店",
    "address":"228新北市貢寮區大澳街１之１、３號１樓"
    }
  },
  {
    "type": "Feature",
    "geometry": {
       "type": "Point",
       "coordinates":  [ 121.5126448,25.0049177 ]
    },
    "properties": {
    "city":"新北市",
    "name":"全家便利商店股份有限公司-淡水日源店",
    "address":"251新北市淡水區水源街１段２６號１樓"
    }
  },
  {
    "type": "Feature",
    "geometry": {
       "type": "Point",
       "coordinates":  [ 121.4473811,25.1716396 ]
    },
    "properties": {
    "city":"新北市",
    "name":"全家便利商店股份有限公司-淡水水源店",
    "address":"251新北市淡水區水源街一段１２４號１樓"
    }
  },
  {
    "type": "Feature",
    "geometry": {
       "type": "Point",
       "coordinates":  [ 121.4594901,25.1341149 ]
    },
    "properties": {
    "city":"新北市",
    "name":"全家便利商店股份有限公司-淡水世紀店",
    "address":"251新北市淡水區民權路１８５－１０號一樓"
    }
  },
  {
    "type": "Feature",
    "geometry": {
       "type": "Point",
       "coordinates":  [ 121.4485774,25.1774907 ]
    },
    "properties": {
    "city":"新北市",
    "name":"全家便利商店股份有限公司-淡水北新店",
    "address":"251新北市淡水區水碓里北新路１８２巷３９號１樓"
    }
  },
  {
    "type": "Feature",
    "geometry": {
       "type": "Point",
       "coordinates":  [ 121.4529689,25.1621424 ]
    },
    "properties": {
    "city":"新北市",
    "name":"全家便利商店股份有限公司-淡水正中店",
    "address":"251新北市淡水區竿蓁里中正東路一段７７號７９號"
    }
  },
  {
    "type": "Feature",
    "geometry": {
       "type": "Point",
       "coordinates":  [ 121.4405484,25.1747613 ]
    },
    "properties": {
    "city":"新北市",
    "name":"全家便利商店股份有限公司-淡水旭陞店",
    "address":"251新北市淡水區新興里新生街５３號１樓"
    }
  },
  {
    "type": "Feature",
    "geometry": {
       "type": "Point",
       "coordinates":  [ 121.4621512,25.1379329 ]
    },
    "properties": {
    "city":"新北市",
    "name":"全家便利商店股份有限公司-淡水竹圍店",
    "address":"251新北市淡水區民生路５８號"
    }
  },
  {
    "type": "Feature",
    "geometry": {
       "type": "Point",
       "coordinates":  [ 121.462895,25.1282195 ]
    },
    "properties": {
    "city":"新北市",
    "name":"全家便利商店股份有限公司-淡水自強店",
    "address":"251新北市淡水區自強路８２號、８４號"
    }
  },
  {
    "type": "Feature",
    "geometry": {
       "type": "Point",
       "coordinates":  [ 121.419332,25.186893 ]
    },
    "properties": {
    "city":"新北市",
    "name":"全家便利商店股份有限公司-淡水沙崙店",
    "address":"251新北市淡水區沙崙里沙崙路１４９號"
    }
  },
  {
    "type": "Feature",
    "geometry": {
       "type": "Point",
       "coordinates":  [ 121.4595438,25.1546185 ]
    },
    "properties": {
    "city":"新北市",
    "name":"全家便利商店股份有限公司-淡水紅林店",
    "address":"251新北市淡水區八勢里中正東路二段６９號１樓"
    }
  },
  {
    "type": "Feature",
    "geometry": {
       "type": "Point",
       "coordinates":  [ 121.4458659,25.1722033 ]
    },
    "properties": {
    "city":"新北市",
    "name":"全家便利商店股份有限公司-淡水英士店",
    "address":"251新北市淡水區水源街一段８２．８４號Ｂ１"
    }
  },
  {
    "type": "Feature",
    "geometry": {
       "type": "Point",
       "coordinates":  [ 121.4504433,25.1767162 ]
    },
    "properties": {
    "city":"新北市",
    "name":"全家便利商店股份有限公司-淡水校園店",
    "address":"251新北市淡水區英專路１５１號〈淡大美食廣場Ｂ１部分〉"
    }
  },
  {
    "type": "Feature",
    "geometry": {
       "type": "Point",
       "coordinates":  [ 121.4511194,25.1657053 ]
    },
    "properties": {
    "city":"新北市",
    "name":"全家便利商店股份有限公司-淡水海揚店",
    "address":"251新北市淡水區中正東路一段３巷２０．２２號"
    }
  },
  {
    "type": "Feature",
    "geometry": {
       "type": "Point",
       "coordinates":  [ 121.4465922,25.1742912 ]
    },
    "properties": {
    "city":"新北市",
    "name":"全家便利商店股份有限公司-淡水淡大店",
    "address":"251新北市淡水區學府路１５２號"
    }
  },
  {
    "type": "Feature",
    "geometry": {
       "type": "Point",
       "coordinates":  [ 121.4268578,25.1772548 ]
    },
    "properties": {
    "city":"新北市",
    "name":"全家便利商店股份有限公司-淡水淡海店",
    "address":"251新北市淡水區中正路一段６２巷２號"
    }
  },
  {
    "type": "Feature",
    "geometry": {
       "type": "Point",
       "coordinates":  [ 121.4455491,25.1704994 ]
    },
    "properties": {
    "city":"新北市",
    "name":"全家便利商店股份有限公司-淡水清英店",
    "address":"251新北市淡水區清水街２號；英專路４３號"
    }
  },
  {
    "type": "Feature",
    "geometry": {
       "type": "Point",
       "coordinates":  [ 121.4462611,25.1697706 ]
    },
    "properties": {
    "city":"新北市",
    "name":"全家便利商店股份有限公司-淡水博愛店",
    "address":"251新北市淡水區博愛街１５號"
    }
  },
  {
    "type": "Feature",
    "geometry": {
       "type": "Point",
       "coordinates":  [ 121.4597515,25.1567313 ]
    },
    "properties": {
    "city":"新北市",
    "name":"全家便利商店股份有限公司-淡水登峰店",
    "address":"251新北市淡水區中正東路二段２７號２樓"
    }
  },
  {
    "type": "Feature",
    "geometry": {
       "type": "Point",
       "coordinates":  [ 121.4367975,25.1790466 ]
    },
    "properties": {
    "city":"新北市",
    "name":"全家便利商店股份有限公司-淡水新民店",
    "address":"251新北市淡水區新民街１８０之６號"
    }
  },
  {
    "type": "Feature",
    "geometry": {
       "type": "Point",
       "coordinates":  [ 121.443319,25.1781099 ]
    },
    "properties": {
    "city":"新北市",
    "name":"全家便利商店股份有限公司-淡水新生店",
    "address":"251新北市淡水區新興里大義街１１號"
    }
  },
  {
    "type": "Feature",
    "geometry": {
       "type": "Point",
       "coordinates":  [ 121.4494149,25.180267 ]
    },
    "properties": {
    "city":"新北市",
    "name":"全家便利商店股份有限公司-淡水新旭店",
    "address":"251新北市淡水區北新路１６９巷３５號１樓"
    }
  },
  {
    "type": "Feature",
    "geometry": {
       "type": "Point",
       "coordinates":  [ 121.4520085,25.2268011 ]
    },
    "properties": {
    "city":"新北市",
    "name":"全家便利商店股份有限公司-淡水新埔店",
    "address":"251新北市淡水區淡金路四段５３６號１樓"
    }
  },
  {
    "type": "Feature",
    "geometry": {
       "type": "Point",
       "coordinates":  [ 121.4480443,25.2266876 ]
    },
    "properties": {
    "city":"新北市",
    "name":"全家便利商店股份有限公司-淡水聖約翰店",
    "address":"251新北市淡水區淡金路四段４９９號"
    }
  },
  {
    "type": "Feature",
    "geometry": {
       "type": "Point",
       "coordinates":  [ 121.4426047,25.1811784 ]
    },
    "properties": {
    "city":"新北市",
    "name":"全家便利商店股份有限公司-淡水福春店",
    "address":"251新北市淡水區新興里新春街２號一樓"
    }
  },
  {
    "type": "Feature",
    "geometry": {
       "type": "Point",
       "coordinates":  [ 121.4438341,25.1808063 ]
    },
    "properties": {
    "city":"新北市",
    "name":"全家便利商店股份有限公司-淡水摩天店",
    "address":"251新北市淡水區新春街１９４號"
    }
  },
  {
    "type": "Feature",
    "geometry": {
       "type": "Point",
       "coordinates":  [ 121.4492155,25.1774268 ]
    },
    "properties": {
    "city":"新北市",
    "name":"全家便利商店股份有限公司-淡水學城店",
    "address":"251新北市淡水區北新路１８２巷２１弄１－１號"
    }
  },
  {
    "type": "Feature",
    "geometry": {
       "type": "Point",
       "coordinates":  [ 121.4445257,25.1764401 ]
    },
    "properties": {
    "city":"新北市",
    "name":"全家便利商店股份有限公司-淡水興忠店",
    "address":"251新北市淡水區水碓里１１鄰大忠街４３號１樓"
    }
  },
  {
    "type": "Feature",
    "geometry": {
       "type": "Point",
       "coordinates":  [ 121.4479292,25.16855 ]
    },
    "properties": {
    "city":"新北市",
    "name":"全家便利商店股份有限公司-淡水麗景店",
    "address":"251新北市淡水區學府路３０號１樓"
    }
  },
  {
    "type": "Feature",
    "geometry": {
       "type": "Point",
       "coordinates":  [ 121.6015275,25.0035953 ]
    },
    "properties": {
    "city":"新北市",
    "name":"全家便利商店股份有限公司-深坑北深店",
    "address":"222新北市深坑區北深路三段１７９號"
    }
  },
  {
    "type": "Feature",
    "geometry": {
       "type": "Point",
       "coordinates":  [ 121.6195367,25.0022232 ]
    },
    "properties": {
    "city":"新北市",
    "name":"全家便利商店股份有限公司-深坑埔新店",
    "address":"222新北市深坑區埔新村埔新街９３號１樓"
    }
  },
  {
    "type": "Feature",
    "geometry": {
       "type": "Point",
       "coordinates":  [ 121.6878662,25.2039453 ]
    },
    "properties": {
    "city":"新北市",
    "name":"全家便利商店股份有限公司-野柳港口店",
    "address":"207新北市萬里鄉野柳村港東路６５之１號"
    }
  },
  {
    "type": "Feature",
    "geometry": {
       "type": "Point",
       "coordinates":  [ 121.5328166,24.9771693 ]
    },
    "properties": {
    "city":"新北市",
    "name":"全家便利商店股份有限公司-新店中央店",
    "address":"231新北市新店區百忍街９０號"
    }
  },
  {
    "type": "Feature",
    "geometry": {
       "type": "Point",
       "coordinates":  [ 121.5362092,24.9749724 ]
    },
    "properties": {
    "city":"新北市",
    "name":"全家便利商店股份有限公司-新店中正店",
    "address":"231新北市新店區中正路３２１號"
    }
  },
  {
    "type": "Feature",
    "geometry": {
       "type": "Point",
       "coordinates":  [ 121.539679,24.968555 ]
    },
    "properties": {
    "city":"新北市",
    "name":"全家便利商店股份有限公司-新店中華店",
    "address":"231新北市新店區中華路５０號"
    }
  },
  {
    "type": "Feature",
    "geometry": {
       "type": "Point",
       "coordinates":  [ 121.5432162,24.9797045 ]
    },
    "properties": {
    "city":"新北市",
    "name":"全家便利商店股份有限公司-新店文強店",
    "address":"231新北市新店區文化路２１巷２號１樓"
    }
  },
  {
    "type": "Feature",
    "geometry": {
       "type": "Point",
       "coordinates":  [ 121.5382355,24.9831114 ]
    },
    "properties": {
    "city":"新北市",
    "name":"全家便利商店股份有限公司-新店民佳店",
    "address":"231新北市新店區民權路７２號"
    }
  },
  {
    "type": "Feature",
    "geometry": {
       "type": "Point",
       "coordinates":  [ 121.5385408,24.9773691 ]
    },
    "properties": {
    "city":"新北市",
    "name":"全家便利商店股份有限公司-新店民族店",
    "address":"231新北市新店區明德里民族路１０５號"
    }
  },
  {
    "type": "Feature",
    "geometry": {
       "type": "Point",
       "coordinates":  [ 121.5365661,24.982687 ]
    },
    "properties": {
    "city":"新北市",
    "name":"全家便利商店股份有限公司-新店民權店",
    "address":"231新北市新店區民權路１０５號１樓"
    }
  },
  {
    "type": "Feature",
    "geometry": {
       "type": "Point",
       "coordinates":  [ 121.5105018,24.9594379 ]
    },
    "properties": {
    "city":"新北市",
    "name":"全家便利商店股份有限公司-新店永安店",
    "address":"231新北市新店區安康路二段１５７號"
    }
  },
  {
    "type": "Feature",
    "geometry": {
       "type": "Point",
       "coordinates":  [ 121.5430786,24.9765132 ]
    },
    "properties": {
    "city":"新北市",
    "name":"全家便利商店股份有限公司-新店永新店",
    "address":"231新北市新店區北新路二段１９８號"
    }
  },
  {
    "type": "Feature",
    "geometry": {
       "type": "Point",
       "coordinates":  [ 121.529805,24.9493653 ]
    },
    "properties": {
    "city":"新北市",
    "name":"全家便利商店股份有限公司-新店永業店",
    "address":"231新北市新店區永業路８１巷１弄１號"
    }
  },
  {
    "type": "Feature",
    "geometry": {
       "type": "Point",
       "coordinates":  [ 121.5024225,25.1341007 ]
    },
    "properties": {
    "city":"新北市",
    "name":"全家便利商店股份有限公司-新店光明店",
    "address":"231新北市新店區廣明里７鄰光明路１３６號１樓"
    }
  },
  {
    "type": "Feature",
    "geometry": {
       "type": "Point",
       "coordinates":  [ 121.4941755,24.9481638 ]
    },
    "properties": {
    "city":"新北市",
    "name":"全家便利商店股份有限公司-新店如意店",
    "address":"231新北市新店區如意街２９號１樓"
    }
  },
  {
    "type": "Feature",
    "geometry": {
       "type": "Point",
       "coordinates":  [ 121.5151265,24.9640951 ]
    },
    "properties": {
    "city":"新北市",
    "name":"全家便利商店股份有限公司-新店安民店",
    "address":"231新北市新店區安民街１號１樓"
    }
  },
  {
    "type": "Feature",
    "geometry": {
       "type": "Point",
       "coordinates":  [ 121.5163116,24.9856416 ]
    },
    "properties": {
    "city":"新北市",
    "name":"全家便利商店股份有限公司-新店安和店",
    "address":"231新北市新店區永平街８９號１樓"
    }
  },
  {
    "type": "Feature",
    "geometry": {
       "type": "Point",
       "coordinates":  [ 121.4926502,24.9524537 ]
    },
    "properties": {
    "city":"新北市",
    "name":"全家便利商店股份有限公司-新店安康店",
    "address":"231新北市新店區安康路三段５１號"
    }
  },
  {
    "type": "Feature",
    "geometry": {
       "type": "Point",
       "coordinates":  [ 121.5374048,24.9811505 ]
    },
    "properties": {
    "city":"新北市",
    "name":"全家便利商店股份有限公司-新店江陵店",
    "address":"231新北市新店區建國路２１９號"
    }
  },
  {
    "type": "Feature",
    "geometry": {
       "type": "Point",
       "coordinates":  [ 121.5346183,24.9776184 ]
    },
    "properties": {
    "city":"新北市",
    "name":"全家便利商店股份有限公司-新店百和店",
    "address":"231新北市新店區中正路４０２號"
    }
  },
  {
    "type": "Feature",
    "geometry": {
       "type": "Point",
       "coordinates":  [ 121.5198647,24.9864011 ]
    },
    "properties": {
    "city":"新北市",
    "name":"全家便利商店股份有限公司-新店君臨店",
    "address":"231新北市新店區永安里永安街７６號一樓"
    }
  },
  {
    "type": "Feature",
    "geometry": {
       "type": "Point",
       "coordinates":  [ 121.5472251,24.9227888 ]
    },
    "properties": {
    "city":"新北市",
    "name":"全家便利商店股份有限公司-新店屈尺店",
    "address":"231新北市新店區屈尺里屈尺路６０號１樓"
    }
  },
  {
    "type": "Feature",
    "geometry": {
       "type": "Point",
       "coordinates":  [ 121.5341545,24.9903386 ]
    },
    "properties": {
    "city":"新北市",
    "name":"全家便利商店股份有限公司-新店忠孝店",
    "address":"231新北市新店區中正路６９２號"
    }
  },
  {
    "type": "Feature",
    "geometry": {
       "type": "Point",
       "coordinates":  [ 121.542739,24.9749765 ]
    },
    "properties": {
    "city":"新北市",
    "name":"全家便利商店股份有限公司-新店忠誠店",
    "address":"231新北市新店區北新路二段１１９號１樓"
    }
  },
  {
    "type": "Feature",
    "geometry": {
       "type": "Point",
       "coordinates":  [ 121.49544,24.946509 ]
    },
    "properties": {
    "city":"新北市",
    "name":"全家便利商店股份有限公司-新店玫瑰店",
    "address":"231新北市新店區玫瑰路５８巷１號１樓"
    }
  },
  {
    "type": "Feature",
    "geometry": {
       "type": "Point",
       "coordinates":  [ 121.5517643,24.9532552 ]
    },
    "properties": {
    "city":"新北市",
    "name":"全家便利商店股份有限公司-新店長春店",
    "address":"231新北市新店區北宜路二段１４９號１樓"
    }
  },
  {
    "type": "Feature",
    "geometry": {
       "type": "Point",
       "coordinates":  [ 121.4857076,24.9514679 ]
    },
    "properties": {
    "city":"新北市",
    "name":"全家便利商店股份有限公司-新店城泰店",
    "address":"231新北市新店區安康路三段３１１號１樓"
    }
  },
  {
    "type": "Feature",
    "geometry": {
       "type": "Point",
       "coordinates":  [ 121.5403669,24.976552 ]
    },
    "properties": {
    "city":"新北市",
    "name":"全家便利商店股份有限公司-新店建興店",
    "address":"231新北市新店區建國路８５號"
    }
  },
  {
    "type": "Feature",
    "geometry": {
       "type": "Point",
       "coordinates":  [ 121.5167933,24.9834869 ]
    },
    "properties": {
    "city":"新北市",
    "name":"全家便利商店股份有限公司-新店皇家店",
    "address":"231新北市新店區永平里永平街２７號一樓"
    }
  },
  {
    "type": "Feature",
    "geometry": {
       "type": "Point",
       "coordinates":  [ 121.4752265,24.9568384 ]
    },
    "properties": {
    "city":"新北市",
    "name":"全家便利商店股份有限公司-新店香坡店",
    "address":"231新北市新店區安祥路１１３號，１１５號"
    }
  },
  {
    "type": "Feature",
    "geometry": {
       "type": "Point",
       "coordinates":  [ 121.5166144,24.9697877 ]
    },
    "properties": {
    "city":"新北市",
    "name":"全家便利商店股份有限公司-新店康城店",
    "address":"231新北市新店區安民街１９６＆１９８號"
    }
  },
  {
    "type": "Feature",
    "geometry": {
       "type": "Point",
       "coordinates":  [ 121.5103117,24.9614761 ]
    },
    "properties": {
    "city":"新北市",
    "name":"全家便利商店股份有限公司-新店康德店",
    "address":"231新北市新店區安德街７１巷２號"
    }
  },
  {
    "type": "Feature",
    "geometry": {
       "type": "Point",
       "coordinates":  [ 121.4736881,24.9420702 ]
    },
    "properties": {
    "city":"新北市",
    "name":"全家便利商店股份有限公司-新店康橋店",
    "address":"231新北市新店區安康路３段７３８號、７４０號１樓"
    }
  },
  {
    "type": "Feature",
    "geometry": {
       "type": "Point",
       "coordinates":  [ 121.4938967,24.9492017 ]
    },
    "properties": {
    "city":"新北市",
    "name":"全家便利商店股份有限公司-新店富貴店",
    "address":"231新北市新店區富貴街１２巷１號"
    }
  },
  {
    "type": "Feature",
    "geometry": {
       "type": "Point",
       "coordinates":  [ 121.5240594,24.9779593 ]
    },
    "properties": {
    "city":"新北市",
    "name":"全家便利商店股份有限公司-新店湯泉店",
    "address":"231新北市新店區溪園路４０３號１樓"
    }
  },
  {
    "type": "Feature",
    "geometry": {
       "type": "Point",
       "coordinates":  [ 121.5132991,24.9591906 ]
    },
    "properties": {
    "city":"新北市",
    "name":"全家便利商店股份有限公司-新店陽光店",
    "address":"231新北市新店區安忠路５７巷１０號１樓"
    }
  },
  {
    "type": "Feature",
    "geometry": {
       "type": "Point",
       "coordinates":  [ 121.5358123,24.9860392 ]
    },
    "properties": {
    "city":"新北市",
    "name":"全家便利商店股份有限公司-新店慈濟店",
    "address":"231新北市新店區建國路２８９號Ｂ１慈濟醫院大愛美食坊"
    }
  },
  {
    "type": "Feature",
    "geometry": {
       "type": "Point",
       "coordinates":  [ 121.5439776,24.9655294 ]
    },
    "properties": {
    "city":"新北市",
    "name":"全家便利商店股份有限公司-新店新坡店",
    "address":"231新北市新店區中興路一段２１６號１樓"
    }
  },
  {
    "type": "Feature",
    "geometry": {
       "type": "Point",
       "coordinates":  [ 121.551054,24.9341568 ]
    },
    "properties": {
    "city":"新北市",
    "name":"全家便利商店股份有限公司-新店新陽店",
    "address":"231新北市新店區粗坑里花園一路一段２號一樓"
    }
  },
  {
    "type": "Feature",
    "geometry": {
       "type": "Point",
       "coordinates":  [ 121.5236096,24.9791028 ]
    },
    "properties": {
    "city":"新北市",
    "name":"全家便利商店股份有限公司-新店溪園店",
    "address":"231新北市新店區中山里溪園路３８９號一樓"
    }
  },
  {
    "type": "Feature",
    "geometry": {
       "type": "Point",
       "coordinates":  [ 121.54912,24.9736759 ]
    },
    "properties": {
    "city":"新北市",
    "name":"全家便利商店股份有限公司-新店福興店",
    "address":"231新北市新店區寶興路４３號"
    }
  },
  {
    "type": "Feature",
    "geometry": {
       "type": "Point",
       "coordinates":  [ 121.551523,24.9023949 ]
    },
    "properties": {
    "city":"新北市",
    "name":"全家便利商店股份有限公司-新店翡翠店",
    "address":"231新北市新店區龜山里新烏路三段１８８號１９０號一樓"
    }
  },
  {
    "type": "Feature",
    "geometry": {
       "type": "Point",
       "coordinates":  [ 121.5445206,24.9715809 ]
    },
    "properties": {
    "city":"新北市",
    "name":"全家便利商店股份有限公司-新店德正店",
    "address":"231新北市新店區德正街２７巷１號"
    }
  },
  {
    "type": "Feature",
    "geometry": {
       "type": "Point",
       "coordinates":  [ 121.5022695,24.9573712 ]
    },
    "properties": {
    "city":"新北市",
    "name":"全家便利商店股份有限公司-新店德安店",
    "address":"231新北市新店區安康路二段３０３號"
    }
  },
  {
    "type": "Feature",
    "geometry": {
       "type": "Point",
       "coordinates":  [ 121.5357342,24.9757248 ]
    },
    "properties": {
    "city":"新北市",
    "name":"全家便利商店股份有限公司-新店慶中店",
    "address":"231新北市新店區中正路３６０號１樓"
    }
  },
  {
    "type": "Feature",
    "geometry": {
       "type": "Point",
       "coordinates":  [ 121.540052,24.9824479 ]
    },
    "properties": {
    "city":"新北市",
    "name":"全家便利商店股份有限公司-新店慶民店",
    "address":"231新北市新店區二十張路３號"
    }
  },
  {
    "type": "Feature",
    "geometry": {
       "type": "Point",
       "coordinates":  [ 121.5512108,24.983691 ]
    },
    "properties": {
    "city":"新北市",
    "name":"全家便利商店股份有限公司-新店橋興店",
    "address":"231新北市新店區寶橋路２３５巷１２９號"
    }
  },
  {
    "type": "Feature",
    "geometry": {
       "type": "Point",
       "coordinates":  [ 121.4792161,24.9622769 ]
    },
    "properties": {
    "city":"新北市",
    "name":"全家便利商店股份有限公司-新店襄陽店",
    "address":"231新北市新店區安祥路１０４－１０號"
    }
  },
  {
    "type": "Feature",
    "geometry": {
       "type": "Point",
       "coordinates":  [ 121.5521826,24.9799058 ]
    },
    "properties": {
    "city":"新北市",
    "name":"全家便利商店股份有限公司-新店寶工店",
    "address":"231新北市新店區寶橋路２３５巷４號１樓"
    }
  },
  {
    "type": "Feature",
    "geometry": {
       "type": "Point",
       "coordinates":  [ 121.5475344,24.9806961 ]
    },
    "properties": {
    "city":"新北市",
    "name":"全家便利商店股份有限公司-新店寶中店",
    "address":"231新北市新店區寶中路７７號"
    }
  },
  {
    "type": "Feature",
    "geometry": {
       "type": "Point",
       "coordinates":  [ 121.542047,24.9827045 ]
    },
    "properties": {
    "city":"新北市",
    "name":"全家便利商店股份有限公司-新店寶元店",
    "address":"231新北市新店區民權路１９號"
    }
  },
  {
    "type": "Feature",
    "geometry": {
       "type": "Point",
       "coordinates":  [ 121.5435017,24.9817532 ]
    },
    "properties": {
    "city":"新北市",
    "name":"全家便利商店股份有限公司-新店寶安店",
    "address":"231新北市新店區中興路三段２０７號１樓"
    }
  },
  {
    "type": "Feature",
    "geometry": {
       "type": "Point",
       "coordinates":  [ 121.5492877,24.9803703 ]
    },
    "properties": {
    "city":"新北市",
    "name":"全家便利商店股份有限公司-新店寶福店",
    "address":"231新北市新店區寶中路１１１號"
    }
  },
  {
    "type": "Feature",
    "geometry": {
       "type": "Point",
       "coordinates":  [ 121.5446295,24.9747049 ]
    },
    "properties": {
    "city":"新北市",
    "name":"全家便利商店股份有限公司-新店寶橋店",
    "address":"231新北市新店區寶橋路４５號"
    }
  },
  {
    "type": "Feature",
    "geometry": {
       "type": "Point",
       "coordinates":  [ 121.5463548,24.9754395 ]
    },
    "properties": {
    "city":"新北市",
    "name":"全家便利商店股份有限公司-新店寶興店",
    "address":"231新北市新店區寶橋里寶橋路８０號一樓"
    }
  },
  {
    "type": "Feature",
    "geometry": {
       "type": "Point",
       "coordinates":  [ 121.4254662,25.0223544 ]
    },
    "properties": {
    "city":"新北市",
    "name":"全家便利商店股份有限公司-新莊八德店",
    "address":"242新北市新莊區八德街１５巷２號，１７號"
    }
  },
  {
    "type": "Feature",
    "geometry": {
       "type": "Point",
       "coordinates":  [ 121.4448767,25.0516124 ]
    },
    "properties": {
    "city":"新北市",
    "name":"全家便利商店股份有限公司-新莊中平店",
    "address":"242新北市新莊區中平路２９４號"
    }
  },
  {
    "type": "Feature",
    "geometry": {
       "type": "Point",
       "coordinates":  [ 121.4450087,25.0444599 ]
    },
    "properties": {
    "city":"新北市",
    "name":"全家便利商店股份有限公司-新莊中永店",
    "address":"242新北市新莊區中平路６６號"
    }
  },
  {
    "type": "Feature",
    "geometry": {
       "type": "Point",
       "coordinates":  [ 121.4472587,25.0484864 ]
    },
    "properties": {
    "city":"新北市",
    "name":"全家便利商店股份有限公司-新莊中和店",
    "address":"242新北市新莊區中宏里中和街１２３號１樓"
    }
  },
  {
    "type": "Feature",
    "geometry": {
       "type": "Point",
       "coordinates":  [ 121.4446284,25.0460052 ]
    },
    "properties": {
    "city":"新北市",
    "name":"全家便利商店股份有限公司-新莊中定店",
    "address":"242新北市新莊區中平路８９號１樓"
    }
  },
  {
    "type": "Feature",
    "geometry": {
       "type": "Point",
       "coordinates":  [ 121.449908,25.0509386 ]
    },
    "properties": {
    "city":"新北市",
    "name":"全家便利商店股份有限公司-新莊中信店",
    "address":"242新北市新莊區中信街３８號１Ｆ"
    }
  },
  {
    "type": "Feature",
    "geometry": {
       "type": "Point",
       "coordinates":  [ 121.4525485,25.04808 ]
    },
    "properties": {
    "city":"新北市",
    "name":"全家便利商店股份有限公司-新莊中美店",
    "address":"242新北市新莊區中港路４１３＆４１５號１樓"
    }
  },
  {
    "type": "Feature",
    "geometry": {
       "type": "Point",
       "coordinates":  [ 121.4476478,25.0542173 ]
    },
    "properties": {
    "city":"新北市",
    "name":"全家便利商店股份有限公司-新莊中原店",
    "address":"242新北市新莊區中原路２９７號"
    }
  },
  {
    "type": "Feature",
    "geometry": {
       "type": "Point",
       "coordinates":  [ 121.4553924,25.040333 ]
    },
    "properties": {
    "city":"新北市",
    "name":"全家便利商店股份有限公司-新莊中港店",
    "address":"242新北市新莊區中港路１２６號"
    }
  },
  {
    "type": "Feature",
    "geometry": {
       "type": "Point",
       "coordinates":  [ 121.4481512,25.0528861 ]
    },
    "properties": {
    "city":"新北市",
    "name":"全家便利商店股份有限公司-新莊中榮店",
    "address":"242新北市新莊區中榮街８４號"
    }
  },
  {
    "type": "Feature",
    "geometry": {
       "type": "Point",
       "coordinates":  [ 121.4583456,25.0483711 ]
    },
    "properties": {
    "city":"新北市",
    "name":"全家便利商店股份有限公司-新莊仁義店",
    "address":"242新北市新莊區福壽街３８號１Ｆ"
    }
  },
  {
    "type": "Feature",
    "geometry": {
       "type": "Point",
       "coordinates":  [ 121.4743566,25.0059805 ]
    },
    "properties": {
    "city":"新北市",
    "name":"全家便利商店股份有限公司-新莊天成店",
    "address":"242新北市新莊區中山路三段１２５號１樓"
    }
  },
  {
    "type": "Feature",
    "geometry": {
       "type": "Point",
       "coordinates":  [ 121.4169009,25.0288935 ]
    },
    "properties": {
    "city":"新北市",
    "name":"全家便利商店股份有限公司-新莊天美店",
    "address":"242新北市新莊區天祥街４２號１樓"
    }
  },
  {
    "type": "Feature",
    "geometry": {
       "type": "Point",
       "coordinates":  [ 121.4283533,25.0196692 ]
    },
    "properties": {
    "city":"新北市",
    "name":"全家便利商店股份有限公司-新莊民本店",
    "address":"242新北市新莊區民本街２３巷２號１樓"
    }
  },
  {
    "type": "Feature",
    "geometry": {
       "type": "Point",
       "coordinates":  [ 121.4271028,25.0210707 ]
    },
    "properties": {
    "city":"新北市",
    "name":"全家便利商店股份有限公司-新莊民安店",
    "address":"242新北市新莊區民安西路３８巷２號、４號１樓"
    }
  },
  {
    "type": "Feature",
    "geometry": {
       "type": "Point",
       "coordinates":  [ 121.4261644,25.0137877 ]
    },
    "properties": {
    "city":"新北市",
    "name":"全家便利商店股份有限公司-新莊民榮店",
    "address":"242新北市新莊區民安西路２４３號１樓"
    }
  },
  {
    "type": "Feature",
    "geometry": {
       "type": "Point",
       "coordinates":  [ 121.4445762,25.0524193 ]
    },
    "properties": {
    "city":"新北市",
    "name":"全家便利商店股份有限公司-新莊立榮店",
    "address":"242新北市新莊區中平路３７５號１樓及地下室"
    }
  },
  {
    "type": "Feature",
    "geometry": {
       "type": "Point",
       "coordinates":  [ 121.4499365,25.0353577 ]
    },
    "properties": {
    "city":"新北市",
    "name":"全家便利商店股份有限公司-新莊立德店",
    "address":"242新北市新莊區中正路２５３號１樓"
    }
  },
  {
    "type": "Feature",
    "geometry": {
       "type": "Point",
       "coordinates":  [ 121.4215784,25.0271078 ]
    },
    "properties": {
    "city":"新北市",
    "name":"全家便利商店股份有限公司-新莊安和店",
    "address":"242新北市新莊區中正路８２９巷２２弄１號"
    }
  },
  {
    "type": "Feature",
    "geometry": {
       "type": "Point",
       "coordinates":  [ 121.4576807,25.0456293 ]
    },
    "properties": {
    "city":"新北市",
    "name":"全家便利商店股份有限公司-新莊自立店",
    "address":"242新北市新莊區自立街２３１號"
    }
  },
  {
    "type": "Feature",
    "geometry": {
       "type": "Point",
       "coordinates":  [ 121.4533065,25.0481069 ]
    },
    "properties": {
    "city":"新北市",
    "name":"全家便利商店股份有限公司-新莊自成店",
    "address":"242新北市新莊區自信街２號１樓"
    }
  },
  {
    "type": "Feature",
    "geometry": {
       "type": "Point",
       "coordinates":  [ 121.4548176,25.0455084 ]
    },
    "properties": {
    "city":"新北市",
    "name":"全家便利商店股份有限公司-新莊自強店",
    "address":"242新北市新莊區自強街２號"
    }
  },
  {
    "type": "Feature",
    "geometry": {
       "type": "Point",
       "coordinates":  [ 121.4454418,25.0489223 ]
    },
    "properties": {
    "city":"新北市",
    "name":"全家便利商店股份有限公司-新莊幸福店",
    "address":"242新北市新莊區幸福路８１９號１樓"
    }
  },
  {
    "type": "Feature",
    "geometry": {
       "type": "Point",
       "coordinates":  [ 121.4547874,25.0535867 ]
    },
    "properties": {
    "city":"新北市",
    "name":"全家便利商店股份有限公司-新莊昌平店",
    "address":"242新北市新莊區昌平街５０號"
    }
  },
  {
    "type": "Feature",
    "geometry": {
       "type": "Point",
       "coordinates":  [ 121.454926,25.050047 ]
    },
    "properties": {
    "city":"新北市",
    "name":"全家便利商店股份有限公司-新莊昌盛店",
    "address":"242新北市新莊區幸福里昌盛街６７號一樓"
    }
  },
  {
    "type": "Feature",
    "geometry": {
       "type": "Point",
       "coordinates":  [ 121.4575533,25.0392084 ]
    },
    "properties": {
    "city":"新北市",
    "name":"全家便利商店股份有限公司-新莊明中店",
    "address":"242新北市新莊區恆安里明中街４５號之２一樓"
    }
  },
  {
    "type": "Feature",
    "geometry": {
       "type": "Point",
       "coordinates":  [ 121.4502313,25.0334823 ]
    },
    "properties": {
    "city":"新北市",
    "name":"全家便利商店股份有限公司-新莊武廟店",
    "address":"242新北市新莊區新莊路４３５號，４３５號之１"
    }
  },
  {
    "type": "Feature",
    "geometry": {
       "type": "Point",
       "coordinates":  [ 121.4449861,25.0501211 ]
    },
    "properties": {
    "city":"新北市",
    "name":"全家便利商店股份有限公司-新莊狀元店",
    "address":"242新北市新莊區中平路２６８號"
    }
  },
  {
    "type": "Feature",
    "geometry": {
       "type": "Point",
       "coordinates":  [ 121.4244154,25.0254839 ]
    },
    "properties": {
    "city":"新北市",
    "name":"全家便利商店股份有限公司-新莊長明店",
    "address":"242新北市新莊區民安路９３號１樓．Ｂ１"
    }
  },
  {
    "type": "Feature",
    "geometry": {
       "type": "Point",
       "coordinates":  [ 121.445636,25.0366388 ]
    },
    "properties": {
    "city":"新北市",
    "name":"全家便利商店股份有限公司-新莊建中店",
    "address":"242新北市新莊區建中街１１８號，１２０號"
    }
  },
  {
    "type": "Feature",
    "geometry": {
       "type": "Point",
       "coordinates":  [ 121.4276396,25.0249351 ]
    },
    "properties": {
    "city":"新北市",
    "name":"全家便利商店股份有限公司-新莊建安店",
    "address":"242新北市新莊區建安街４２號"
    }
  },
  {
    "type": "Feature",
    "geometry": {
       "type": "Point",
       "coordinates":  [ 121.425444,25.0259904 ]
    },
    "properties": {
    "city":"新北市",
    "name":"全家便利商店股份有限公司-新莊建明店",
    "address":"242新北市新莊區後港一路３０號１樓"
    }
  },
  {
    "type": "Feature",
    "geometry": {
       "type": "Point",
       "coordinates":  [ 121.4344377,25.0306852 ]
    },
    "properties": {
    "city":"新北市",
    "name":"全家便利商店股份有限公司-新莊建國店",
    "address":"242新北市新莊區建國一路４９號１樓右半"
    }
  },
  {
    "type": "Feature",
    "geometry": {
       "type": "Point",
       "coordinates":  [ 121.4286654,25.0263664 ]
    },
    "properties": {
    "city":"新北市",
    "name":"全家便利商店股份有限公司-新莊建興店",
    "address":"242新北市新莊區建安街１８號１樓"
    }
  },
  {
    "type": "Feature",
    "geometry": {
       "type": "Point",
       "coordinates":  [ 121.4224693,25.0233028 ]
    },
    "properties": {
    "city":"新北市",
    "name":"全家便利商店股份有限公司-新莊昭德店",
    "address":"242新北市新莊區後港二路２５號１樓"
    }
  },
  {
    "type": "Feature",
    "geometry": {
       "type": "Point",
       "coordinates":  [ 121.4535461,25.0453216 ]
    },
    "properties": {
    "city":"新北市",
    "name":"全家便利商店股份有限公司-新莊首富店",
    "address":"242新北市新莊區中華里中華路二段５號"
    }
  },
  {
    "type": "Feature",
    "geometry": {
       "type": "Point",
       "coordinates":  [ 121.42953,25.022609 ]
    },
    "properties": {
    "city":"新北市",
    "name":"全家便利商店股份有限公司-新莊香山店",
    "address":"242新北市新莊區民安路３０１號１樓"
    }
  },
  {
    "type": "Feature",
    "geometry": {
       "type": "Point",
       "coordinates":  [ 121.4430312,25.0328043 ]
    },
    "properties": {
    "city":"新北市",
    "name":"全家便利商店股份有限公司-新莊海山店",
    "address":"242新北市新莊區新莊路７４１號１樓"
    }
  },
  {
    "type": "Feature",
    "geometry": {
       "type": "Point",
       "coordinates":  [ 121.4432726,25.0320865 ]
    },
    "properties": {
    "city":"新北市",
    "name":"全家便利商店股份有限公司-新莊海豐店",
    "address":"242新北市新莊區瓊泰路１４０號"
    }
  },
  {
    "type": "Feature",
    "geometry": {
       "type": "Point",
       "coordinates":  [ 121.4276878,25.0128385 ]
    },
    "properties": {
    "city":"新北市",
    "name":"全家便利商店股份有限公司-新莊盛華店",
    "address":"242新北市新莊區西盛街３９０號１樓"
    }
  },
  {
    "type": "Feature",
    "geometry": {
       "type": "Point",
       "coordinates":  [ 121.428391,25.0182269 ]
    },
    "properties": {
    "city":"新北市",
    "name":"全家便利商店股份有限公司-新莊盛寧店",
    "address":"242新北市新莊區西盛街１５１號１樓"
    }
  },
  {
    "type": "Feature",
    "geometry": {
       "type": "Point",
       "coordinates":  [ 121.4462402,25.0335452 ]
    },
    "properties": {
    "city":"新北市",
    "name":"全家便利商店股份有限公司-新莊景德店",
    "address":"242新北市新莊區景德路３８２號"
    }
  },
  {
    "type": "Feature",
    "geometry": {
       "type": "Point",
       "coordinates":  [ 121.4518694,25.0460877 ]
    },
    "properties": {
    "city":"新北市",
    "name":"全家便利商店股份有限公司-新莊港榮店",
    "address":"242新北市新莊區中泰里中港路３６５號一樓"
    }
  },
  {
    "type": "Feature",
    "geometry": {
       "type": "Point",
       "coordinates":  [ 121.4519024,25.0363397 ]
    },
    "properties": {
    "city":"新北市",
    "name":"全家便利商店股份有限公司-新莊華寧店",
    "address":"242新北市新莊區中華路１段８號１樓"
    }
  },
  {
    "type": "Feature",
    "geometry": {
       "type": "Point",
       "coordinates":  [ 121.4499038,25.0394895 ]
    },
    "properties": {
    "city":"新北市",
    "name":"全家便利商店股份有限公司-新莊園寧店",
    "address":"242新北市新莊區公園路７２號１樓"
    }
  },
  {
    "type": "Feature",
    "geometry": {
       "type": "Point",
       "coordinates":  [ 121.459728,25.0661799 ]
    },
    "properties": {
    "city":"新北市",
    "name":"全家便利商店股份有限公司-新莊新工店",
    "address":"242新北市新莊區福興里五工二路８１號一樓"
    }
  },
  {
    "type": "Feature",
    "geometry": {
       "type": "Point",
       "coordinates":  [ 121.4463951,25.0391547 ]
    },
    "properties": {
    "city":"新北市",
    "name":"全家便利商店股份有限公司-新莊新立店",
    "address":"242新北市新莊區新泰路２２５巷１號１樓"
    }
  },
  {
    "type": "Feature",
    "geometry": {
       "type": "Point",
       "coordinates":  [ 121.4478654,25.0449842 ]
    },
    "properties": {
    "city":"新北市",
    "name":"全家便利商店股份有限公司-新莊新和港店",
    "address":"242新北市新莊區中港一街１４３號"
    }
  },
  {
    "type": "Feature",
    "geometry": {
       "type": "Point",
       "coordinates":  [ 121.4479012,25.0371756 ]
    },
    "properties": {
    "city":"新北市",
    "name":"全家便利商店股份有限公司-新莊新泰店",
    "address":"242新北市新莊區新泰路１４６號"
    }
  },
  {
    "type": "Feature",
    "geometry": {
       "type": "Point",
       "coordinates":  [ 121.4336478,25.0038283 ]
    },
    "properties": {
    "city":"新北市",
    "name":"全家便利商店股份有限公司-新莊新樹店",
    "address":"242新北市新莊區新樹路６１３號１樓"
    }
  },
  {
    "type": "Feature",
    "geometry": {
       "type": "Point",
       "coordinates":  [ 121.4207568,25.0230623 ]
    },
    "properties": {
    "city":"新北市",
    "name":"全家便利商店股份有限公司-新莊萬安店",
    "address":"242新北市新莊區萬安街８０號"
    }
  },
  {
    "type": "Feature",
    "geometry": {
       "type": "Point",
       "coordinates":  [ 121.4184687,25.02326 ]
    },
    "properties": {
    "city":"新北市",
    "name":"全家便利商店股份有限公司-新莊裕民店",
    "address":"242新北市新莊區裕民街９７號１樓"
    }
  },
  {
    "type": "Feature",
    "geometry": {
       "type": "Point",
       "coordinates":  [ 121.4657912,25.0573525 ]
    },
    "properties": {
    "city":"新北市",
    "name":"全家便利商店股份有限公司-新莊福中店",
    "address":"242新北市新莊區化成路７３４號"
    }
  },
  {
    "type": "Feature",
    "geometry": {
       "type": "Point",
       "coordinates":  [ 121.4452831,25.0343857 ]
    },
    "properties": {
    "city":"新北市",
    "name":"全家便利商店股份有限公司-新莊福海店",
    "address":"242新北市新莊區中正路４０１號"
    }
  },
  {
    "type": "Feature",
    "geometry": {
       "type": "Point",
       "coordinates":  [ 121.4650918,25.0596174 ]
    },
    "properties": {
    "city":"新北市",
    "name":"全家便利商店股份有限公司-新莊福基店",
    "address":"242新北市新莊區福基里化成路８１２號"
    }
  },
  {
    "type": "Feature",
    "geometry": {
       "type": "Point",
       "coordinates":  [ 121.4580762,25.0499331 ]
    },
    "properties": {
    "city":"新北市",
    "name":"全家便利商店股份有限公司-新莊福祿店",
    "address":"242新北市新莊區福壽街８１號１樓"
    }
  },
  {
    "type": "Feature",
    "geometry": {
       "type": "Point",
       "coordinates":  [ 121.4576925,25.0514772 ]
    },
    "properties": {
    "city":"新北市",
    "name":"全家便利商店股份有限公司-新莊福義店",
    "address":"242新北市新莊區福壽街１３０號１樓"
    }
  },
  {
    "type": "Feature",
    "geometry": {
       "type": "Point",
       "coordinates":  [ 121.4582137,25.0542179 ]
    },
    "properties": {
    "city":"新北市",
    "name":"全家便利商店股份有限公司-新莊福壽店",
    "address":"242新北市新莊區中原路４５號"
    }
  },
  {
    "type": "Feature",
    "geometry": {
       "type": "Point",
       "coordinates":  [ 121.429904,25.0300239 ]
    },
    "properties": {
    "city":"新北市",
    "name":"全家便利商店股份有限公司-新莊福營店",
    "address":"242新北市新莊區福營路２３１號"
    }
  },
  {
    "type": "Feature",
    "geometry": {
       "type": "Point",
       "coordinates":  [ 121.423534,25.019436 ]
    },
    "properties": {
    "city":"新北市",
    "name":"全家便利商店股份有限公司-新莊德勝店",
    "address":"242新北市新莊區八德街１５５號１樓"
    }
  },
  {
    "type": "Feature",
    "geometry": {
       "type": "Point",
       "coordinates":  [ 121.4280124,25.0164403 ]
    },
    "properties": {
    "city":"新北市",
    "name":"全家便利商店股份有限公司-新莊興盛店",
    "address":"242新北市新莊區西盛街２３０號１樓"
    }
  },
  {
    "type": "Feature",
    "geometry": {
       "type": "Point",
       "coordinates":  [ 121.4595013,25.0597472 ]
    },
    "properties": {
    "city":"新北市",
    "name":"全家便利商店股份有限公司-新莊頭前店",
    "address":"242新北市新莊區昌平里思源路５９５號一樓"
    }
  },
  {
    "type": "Feature",
    "geometry": {
       "type": "Point",
       "coordinates":  [ 121.4177381,25.0201835 ]
    },
    "properties": {
    "city":"新北市",
    "name":"全家便利商店股份有限公司-新莊龍安店",
    "address":"242新北市新莊區龍安路１０４號，１０６巷２號１樓"
    }
  },
  {
    "type": "Feature",
    "geometry": {
       "type": "Point",
       "coordinates":  [ 121.4465263,25.0315613 ]
    },
    "properties": {
    "city":"新北市",
    "name":"全家便利商店股份有限公司-新莊豐榮店",
    "address":"242新北市新莊區豐年街５３巷２號１樓"
    }
  },
  {
    "type": "Feature",
    "geometry": {
       "type": "Point",
       "coordinates":  [ 121.4170022,25.0270539 ]
    },
    "properties": {
    "city":"新北市",
    "name":"全家便利商店股份有限公司-新莊雙鳳店",
    "address":"242新北市新莊區雙鳳路１２號，１４號１樓"
    }
  },
  {
    "type": "Feature",
    "geometry": {
       "type": "Point",
       "coordinates":  [ 121.6571966,25.2098678 ]
    },
    "properties": {
    "city":"新北市",
    "name":"全家便利商店股份有限公司-萬里頂社店",
    "address":"207新北市萬里鄉大鵬村頂社１號"
    }
  },
  {
    "type": "Feature",
    "geometry": {
       "type": "Point",
       "coordinates":  [ 121.4200475,25.0156436 ]
    },
    "properties": {
    "city":"新北市",
    "name":"全家便利商店股份有限公司-樹林三俊店",
    "address":"238新北市樹林區圳生里三俊街１９７號"
    }
  },
  {
    "type": "Feature",
    "geometry": {
       "type": "Point",
       "coordinates":  [ 121.4190566,24.9811674 ]
    },
    "properties": {
    "city":"新北市",
    "name":"全家便利商店股份有限公司-樹林中華店",
    "address":"238新北市樹林區中華路１８３．１８５號１樓"
    }
  },
  {
    "type": "Feature",
    "geometry": {
       "type": "Point",
       "coordinates":  [ 121.4244533,24.9810239 ]
    },
    "properties": {
    "city":"新北市",
    "name":"全家便利商店股份有限公司-樹林五圓店",
    "address":"238新北市樹林區忠孝街９９號１樓"
    }
  },
  {
    "type": "Feature",
    "geometry": {
       "type": "Point",
       "coordinates":  [ 121.4184311,24.9794106 ]
    },
    "properties": {
    "city":"新北市",
    "name":"全家便利商店股份有限公司-樹林太平店",
    "address":"238新北市樹林區太元街５８號"
    }
  },
  {
    "type": "Feature",
    "geometry": {
       "type": "Point",
       "coordinates":  [ 121.422528,24.9920594 ]
    },
    "properties": {
    "city":"新北市",
    "name":"全家便利商店股份有限公司-樹林日新店",
    "address":"新北市樹林鎮日新街５０號１樓"
    }
  },
  {
    "type": "Feature",
    "geometry": {
       "type": "Point",
       "coordinates":  [ 121.4166969,24.9800778 ]
    },
    "properties": {
    "city":"新北市",
    "name":"全家便利商店股份有限公司-樹林全球店",
    "address":"238新北市樹林區中華路２９９號１樓"
    }
  },
  {
    "type": "Feature",
    "geometry": {
       "type": "Point",
       "coordinates":  [ 121.4214193,24.9889652 ]
    },
    "properties": {
    "city":"新北市",
    "name":"全家便利商店股份有限公司-樹林育英店",
    "address":"238新北市樹林區育英街４９號，５１號"
    }
  },
  {
    "type": "Feature",
    "geometry": {
       "type": "Point",
       "coordinates":  [ 121.3932773,24.9705826 ]
    },
    "properties": {
    "city":"新北市",
    "name":"全家便利商店股份有限公司-樹林育園店",
    "address":"238新北市樹林區佳園路一段４３號"
    }
  },
  {
    "type": "Feature",
    "geometry": {
       "type": "Point",
       "coordinates":  [ 121.424217,24.991476 ]
    },
    "properties": {
    "city":"新北市",
    "name":"全家便利商店股份有限公司-樹林車站店",
    "address":"238新北市樹林區後站街８號"
    }
  },
  {
    "type": "Feature",
    "geometry": {
       "type": "Point",
       "coordinates":  [ 121.4151931,24.9822824 ]
    },
    "properties": {
    "city":"新北市",
    "name":"全家便利商店股份有限公司-樹林東榮店",
    "address":"238新北市樹林區東榮街１１８、１２０號東榮街１１６巷１"
    }
  },
  {
    "type": "Feature",
    "geometry": {
       "type": "Point",
       "coordinates":  [ 121.4133513,25.0039637 ]
    },
    "properties": {
    "city":"新北市",
    "name":"全家便利商店股份有限公司-樹林保安店",
    "address":"238新北市樹林區保安街二段２０９號１樓"
    }
  },
  {
    "type": "Feature",
    "geometry": {
       "type": "Point",
       "coordinates":  [ 121.4247923,25.0099287 ]
    },
    "properties": {
    "city":"新北市",
    "name":"全家便利商店股份有限公司-樹林俊英店",
    "address":"238新北市樹林區俊英街１１３號"
    }
  },
  {
    "type": "Feature",
    "geometry": {
       "type": "Point",
       "coordinates":  [ 121.4180454,25.0157828 ]
    },
    "properties": {
    "city":"新北市",
    "name":"全家便利商店股份有限公司-樹林俊興店",
    "address":"238新北市樹林區三俊街１２７號１Ｆ"
    }
  },
  {
    "type": "Feature",
    "geometry": {
       "type": "Point",
       "coordinates":  [ 121.3614634,24.9455716 ]
    },
    "properties": {
    "city":"新北市",
    "name":"全家便利商店股份有限公司-樹林柑園店",
    "address":"238新北市樹林區柑園路二段２號"
    }
  },
  {
    "type": "Feature",
    "geometry": {
       "type": "Point",
       "coordinates":  [ 121.4212412,24.9792298 ]
    },
    "properties": {
    "city":"新北市",
    "name":"全家便利商店股份有限公司-樹林國凱店",
    "address":"238新北市樹林區國凱街８２號"
    }
  },
  {
    "type": "Feature",
    "geometry": {
       "type": "Point",
       "coordinates":  [ 121.3826942,24.944752 ]
    },
    "properties": {
    "city":"新北市",
    "name":"全家便利商店股份有限公司-樹林凱旋店",
    "address":"238新北市樹林區南園里大成路１０號１樓（光纖）三峽鎮"
    }
  },
  {
    "type": "Feature",
    "geometry": {
       "type": "Point",
       "coordinates":  [ 121.4260471,24.9910358 ]
    },
    "properties": {
    "city":"新北市",
    "name":"全家便利商店股份有限公司-樹林博愛店",
    "address":"238新北市樹林區博愛街１５８號１樓"
    }
  },
  {
    "type": "Feature",
    "geometry": {
       "type": "Point",
       "coordinates":  [ 121.4181481,24.9885801 ]
    },
    "properties": {
    "city":"新北市",
    "name":"全家便利商店股份有限公司-樹林復興店",
    "address":"238新北市樹林區復興路２７２號，２７４號"
    }
  },
  {
    "type": "Feature",
    "geometry": {
       "type": "Point",
       "coordinates":  [ 121.3998743,24.9744112 ]
    },
    "properties": {
    "city":"新北市",
    "name":"全家便利商店股份有限公司-樹林新中店",
    "address":"238新北市樹林區中山路三段１０７號"
    }
  },
  {
    "type": "Feature",
    "geometry": {
       "type": "Point",
       "coordinates":  [ 121.3972354,24.9703433 ]
    },
    "properties": {
    "city":"新北市",
    "name":"全家便利商店股份有限公司-樹林德園店",
    "address":"238新北市樹林區八德街６００及６０２號"
    }
  },
  {
    "type": "Feature",
    "geometry": {
       "type": "Point",
       "coordinates":  [ 121.425183,24.9991004 ]
    },
    "properties": {
    "city":"新北市",
    "name":"全家便利商店股份有限公司-樹林潭興店",
    "address":"238新北市樹林區潭興街２２號１樓、地下室"
    }
  },
  {
    "type": "Feature",
    "geometry": {
       "type": "Point",
       "coordinates":  [ 121.3788513,24.9490984 ]
    },
    "properties": {
    "city":"新北市",
    "name":"全家便利商店股份有限公司-樹林學明店",
    "address":"238新北市樹林區學林路９０號１樓"
    }
  },
  {
    "type": "Feature",
    "geometry": {
       "type": "Point",
       "coordinates":  [ 121.3789401,24.9477687 ]
    },
    "properties": {
    "city":"新北市",
    "name":"全家便利商店股份有限公司-樹林學勤店",
    "address":"238新北市樹林區學勤路５５０．５５２號１樓"
    }
  },
  {
    "type": "Feature",
    "geometry": {
       "type": "Point",
       "coordinates":  [ 121.3778046,24.9460633 ]
    },
    "properties": {
    "city":"新北市",
    "name":"全家便利商店股份有限公司-樹林學誠店",
    "address":"238新北市樹林區大義路１９６＆１９８號"
    }
  },
  {
    "type": "Feature",
    "geometry": {
       "type": "Point",
       "coordinates":  [ 121.4029611,25.0163168 ]
    },
    "properties": {
    "city":"新北市",
    "name":"全家便利商店股份有限公司-樹林龍興店",
    "address":"238新北市樹林區龍興街１５號"
    }
  },
  {
    "type": "Feature",
    "geometry": {
       "type": "Point",
       "coordinates":  [ 121.4246584,24.9895268 ]
    },
    "properties": {
    "city":"新北市",
    "name":"全家便利商店股份有限公司-樹林鎮前店",
    "address":"238新北市樹林區博愛街１９８號"
    }
  },
  {
    "type": "Feature",
    "geometry": {
       "type": "Point",
       "coordinates":  [ 121.4734768,25.0836534 ]
    },
    "properties": {
    "city":"新北市",
    "name":"全家便利商店股份有限公司-蘆洲中央店",
    "address":"247新北市蘆洲區仁復里５鄰中央路５６號"
    }
  },
  {
    "type": "Feature",
    "geometry": {
       "type": "Point",
       "coordinates":  [ 121.4687137,25.0857984 ]
    },
    "properties": {
    "city":"新北市",
    "name":"全家便利商店股份有限公司-蘆洲中正店",
    "address":"247新北市蘆洲區中正路１６８號"
    }
  },
  {
    "type": "Feature",
    "geometry": {
       "type": "Point",
       "coordinates":  [ 121.4675108,25.0801306 ]
    },
    "properties": {
    "city":"新北市",
    "name":"全家便利商店股份有限公司-蘆洲中華店",
    "address":"247新北市蘆洲區和平路１２２，１２４號"
    }
  },
  {
    "type": "Feature",
    "geometry": {
       "type": "Point",
       "coordinates":  [ 121.4775597,25.0847358 ]
    },
    "properties": {
    "city":"新北市",
    "name":"全家便利商店股份有限公司-蘆洲仁德店",
    "address":"247新北市蘆洲區民族路７４號１樓"
    }
  },
  {
    "type": "Feature",
    "geometry": {
       "type": "Point",
       "coordinates":  [ 121.4630672,25.0782596 ]
    },
    "properties": {
    "city":"新北市",
    "name":"全家便利商店股份有限公司-蘆洲太子店",
    "address":"247新北市蘆洲區永安南路二段１０４號１樓"
    }
  },
  {
    "type": "Feature",
    "geometry": {
       "type": "Point",
       "coordinates":  [ 121.4674245,25.0848235 ]
    },
    "properties": {
    "city":"新北市",
    "name":"全家便利商店股份有限公司-蘆洲正原店",
    "address":"247新北市蘆洲區中正路１８５巷１９號"
    }
  },
  {
    "type": "Feature",
    "geometry": {
       "type": "Point",
       "coordinates":  [ 121.4724706,25.0920451 ]
    },
    "properties": {
    "city":"新北市",
    "name":"全家便利商店股份有限公司-蘆洲民仁店",
    "address":"247新北市蘆洲區民族路４４８號"
    }
  },
  {
    "type": "Feature",
    "geometry": {
       "type": "Point",
       "coordinates":  [ 121.4732878,25.0787495 ]
    },
    "properties": {
    "city":"新北市",
    "name":"全家便利商店股份有限公司-蘆洲民生店",
    "address":"247新北市蘆洲區得仁里民生街１０９號一樓"
    }
  },
  {
    "type": "Feature",
    "geometry": {
       "type": "Point",
       "coordinates":  [ 121.4739828,25.0919144 ]
    },
    "properties": {
    "city":"新北市",
    "name":"全家便利商店股份有限公司-蘆洲民星店",
    "address":"247新北市蘆洲區民族路４２４，４２４之１號１樓"
    }
  },
  {
    "type": "Feature",
    "geometry": {
       "type": "Point",
       "coordinates":  [ 121.4715607,25.0914606 ]
    },
    "properties": {
    "city":"新北市",
    "name":"全家便利商店股份有限公司-蘆洲民族店",
    "address":"247新北市蘆洲區民族路３７１號"
    }
  },
  {
    "type": "Feature",
    "geometry": {
       "type": "Point",
       "coordinates":  [ 121.4787294,25.0891084 ]
    },
    "properties": {
    "city":"新北市",
    "name":"全家便利商店股份有限公司-蘆洲民復店",
    "address":"247新北市蘆洲區復興路２１０號１樓"
    }
  },
  {
    "type": "Feature",
    "geometry": {
       "type": "Point",
       "coordinates":  [ 121.4738469,25.0938135 ]
    },
    "properties": {
    "city":"新北市",
    "name":"全家便利商店股份有限公司-蘆洲民華店",
    "address":"247新北市蘆洲區民族路４２２巷８２弄１４，１６號"
    }
  },
  {
    "type": "Feature",
    "geometry": {
       "type": "Point",
       "coordinates":  [ 121.4709347,25.0940593 ]
    },
    "properties": {
    "city":"新北市",
    "name":"全家便利商店股份有限公司-蘆洲民愛店",
    "address":"247新北市蘆洲區仁愛路９７號"
    }
  },
  {
    "type": "Feature",
    "geometry": {
       "type": "Point",
       "coordinates":  [ 121.4584099,25.0931597 ]
    },
    "properties": {
    "city":"新北市",
    "name":"全家便利商店股份有限公司-蘆洲永平店",
    "address":"247新北市蘆洲區永平街３２巷４５弄３６號１樓"
    }
  },
  {
    "type": "Feature",
    "geometry": {
       "type": "Point",
       "coordinates":  [ 121.4559078,25.0887033 ]
    },
    "properties": {
    "city":"新北市",
    "name":"全家便利商店股份有限公司-蘆洲永成店",
    "address":"247新北市蘆洲區成功里永樂街８３號一樓"
    }
  },
  {
    "type": "Feature",
    "geometry": {
       "type": "Point",
       "coordinates":  [ 121.4585171,25.0882986 ]
    },
    "properties": {
    "city":"新北市",
    "name":"全家便利商店股份有限公司-蘆洲永華店",
    "address":"247新北市蘆洲區永樂街２８號１樓"
    }
  },
  {
    "type": "Feature",
    "geometry": {
       "type": "Point",
       "coordinates":  [ 121.4582643,25.0900931 ]
    },
    "properties": {
    "city":"新北市",
    "name":"全家便利商店股份有限公司-蘆洲永樂店",
    "address":"247新北市蘆洲區永樂街３８巷５７弄１號１Ｆ"
    }
  },
  {
    "type": "Feature",
    "geometry": {
       "type": "Point",
       "coordinates":  [ 121.4799617,25.0867395 ]
    },
    "properties": {
    "city":"新北市",
    "name":"全家便利商店股份有限公司-蘆洲玉清店",
    "address":"247新北市蘆洲區民族路１７８號，１８０號一樓"
    }
  },
  {
    "type": "Feature",
    "geometry": {
       "type": "Point",
       "coordinates":  [ 121.4662883,25.0825368 ]
    },
    "properties": {
    "city":"新北市",
    "name":"全家便利商店股份有限公司-蘆洲光華店",
    "address":"247新北市蘆洲區光華路１３２巷１號，１３４號１樓"
    }
  },
  {
    "type": "Feature",
    "geometry": {
       "type": "Point",
       "coordinates":  [ 121.457701,25.0861867 ]
    },
    "properties": {
    "city":"新北市",
    "name":"全家便利商店股份有限公司-蘆洲成功店",
    "address":"247新北市蘆洲區長安街２４８號"
    }
  },
  {
    "type": "Feature",
    "geometry": {
       "type": "Point",
       "coordinates":  [ 121.4651023,25.0837515 ]
    },
    "properties": {
    "city":"新北市",
    "name":"全家便利商店股份有限公司-蘆洲明原店",
    "address":"247新北市蘆洲區中原里中正路１８５巷９８號一樓"
    }
  },
  {
    "type": "Feature",
    "geometry": {
       "type": "Point",
       "coordinates":  [ 121.4645475,25.0786886 ]
    },
    "properties": {
    "city":"新北市",
    "name":"全家便利商店股份有限公司-蘆洲長九店",
    "address":"247新北市蘆洲區長安街１號"
    }
  },
  {
    "type": "Feature",
    "geometry": {
       "type": "Point",
       "coordinates":  [ 121.4578329,25.0851429 ]
    },
    "properties": {
    "city":"新北市",
    "name":"全家便利商店股份有限公司-蘆洲長安店",
    "address":"247新北市蘆洲區長安街３０７號"
    }
  },
  {
    "type": "Feature",
    "geometry": {
       "type": "Point",
       "coordinates":  [ 121.4590466,25.0831613 ]
    },
    "properties": {
    "city":"新北市",
    "name":"全家便利商店股份有限公司-蘆洲長泰店",
    "address":"247新北市蘆洲區永德里長安街２４７號一樓"
    }
  },
  {
    "type": "Feature",
    "geometry": {
       "type": "Point",
       "coordinates":  [ 121.4790728,25.0852092 ]
    },
    "properties": {
    "city":"新北市",
    "name":"全家便利商店股份有限公司-蘆洲信義店",
    "address":"247新北市蘆洲區信義路２２０號１樓"
    }
  },
  {
    "type": "Feature",
    "geometry": {
       "type": "Point",
       "coordinates":  [ 121.4773763,25.0829202 ]
    },
    "properties": {
    "city":"新北市",
    "name":"全家便利商店股份有限公司-蘆洲恆德店",
    "address":"247新北市蘆洲區三民路２６巷２２號，２４號"
    }
  },
  {
    "type": "Feature",
    "geometry": {
       "type": "Point",
       "coordinates":  [ 121.4704752,25.0894908 ]
    },
    "properties": {
    "city":"新北市",
    "name":"全家便利商店股份有限公司-蘆洲虹展店",
    "address":"247新北市蘆洲區水湳街３１號１樓"
    }
  },
  {
    "type": "Feature",
    "geometry": {
       "type": "Point",
       "coordinates":  [ 121.4771891,25.0877511 ]
    },
    "properties": {
    "city":"新北市",
    "name":"全家便利商店股份有限公司-蘆洲復江店",
    "address":"247新北市蘆洲區復興路１５０˙１５２號一樓"
    }
  },
  {
    "type": "Feature",
    "geometry": {
       "type": "Point",
       "coordinates":  [ 121.4623851,25.0826754 ]
    },
    "properties": {
    "city":"新北市",
    "name":"全家便利商店股份有限公司-蘆洲華安店",
    "address":"247新北市蘆洲區中華街６巷５２號１樓"
    }
  },
  {
    "type": "Feature",
    "geometry": {
       "type": "Point",
       "coordinates":  [ 121.4818814,25.085274 ]
    },
    "properties": {
    "city":"新北市",
    "name":"全家便利商店股份有限公司-蘆洲集賢店",
    "address":"247新北市蘆洲區集賢路２３７號"
    }
  },
  {
    "type": "Feature",
    "geometry": {
       "type": "Point",
       "coordinates":  [ 121.4730482,25.0898042 ]
    },
    "properties": {
    "city":"新北市",
    "name":"全家便利商店股份有限公司-蘆洲義興店",
    "address":"247新北市蘆洲區民義街６８巷２、６號１樓"
    }
  },
  {
    "type": "Feature",
    "geometry": {
       "type": "Point",
       "coordinates":  [ 121.4751079,25.0872715 ]
    },
    "properties": {
    "city":"新北市",
    "name":"全家便利商店股份有限公司-蘆洲福安店",
    "address":"247新北市蘆洲區民權路６６號１樓"
    }
  },
  {
    "type": "Feature",
    "geometry": {
       "type": "Point",
       "coordinates":  [ 121.4583613,25.0818359 ]
    },
    "properties": {
    "city":"新北市",
    "name":"全家便利商店股份有限公司-蘆洲福原店",
    "address":"247新北市蘆洲區中原路７９號１樓"
    }
  },
  {
    "type": "Feature",
    "geometry": {
       "type": "Point",
       "coordinates":  [ 121.4819876,25.087592 ]
    },
    "properties": {
    "city":"新北市",
    "name":"全家便利商店股份有限公司-蘆洲興賢店",
    "address":"247新北市蘆洲區中興街６０號１樓"
    }
  },
  {
    "type": "Feature",
    "geometry": {
       "type": "Point",
       "coordinates":  [ 121.4644303,25.0814725 ]
    },
    "properties": {
    "city":"新北市",
    "name":"全家便利商店股份有限公司-蘆洲寶吉店",
    "address":"247新北市蘆洲區九芎街９０巷３１號１樓"
    }
  },
  {
    "type": "Feature",
    "geometry": {
       "type": "Point",
       "coordinates":  [ 121.4758487,25.0864453 ]
    },
    "properties": {
    "city":"新北市",
    "name":"全家便利商店股份有限公司-蘆洲鷺江店",
    "address":"247新北市蘆洲區鷺江里民權路３３號一樓"
    }
  },
  {
    "type": "Feature",
    "geometry": {
       "type": "Point",
       "coordinates":  [ 121.3412376,24.9558624 ]
    },
    "properties": {
    "city":"新北市",
    "name":"全家便利商店股份有限公司-鶯歌永明店",
    "address":"239新北市鶯歌區永明街７８號１樓"
    }
  },
  {
    "type": "Feature",
    "geometry": {
       "type": "Point",
       "coordinates":  [ 121.3522797,24.9559881 ]
    },
    "properties": {
    "city":"新北市",
    "name":"全家便利商店股份有限公司-鶯歌行政店",
    "address":"239新北市鶯歌區中正一路１５４號"
    }
  },
  {
    "type": "Feature",
    "geometry": {
       "type": "Point",
       "coordinates":  [ 121.3469849,24.9542145 ]
    },
    "properties": {
    "city":"新北市",
    "name":"全家便利商店股份有限公司-鶯歌南雅店",
    "address":"239新北市鶯歌區南雅路４３５號"
    }
  },
  {
    "type": "Feature",
    "geometry": {
       "type": "Point",
       "coordinates":  [ 121.3489982,24.9539687 ]
    },
    "properties": {
    "city":"新北市",
    "name":"全家便利商店股份有限公司-鶯歌南鶯店",
    "address":"239新北市鶯歌區南鶯里南雅路３４號１樓"
    }
  },
  {
    "type": "Feature",
    "geometry": {
       "type": "Point",
       "coordinates":  [ 121.3550975,24.9550102 ]
    },
    "properties": {
    "city":"新北市",
    "name":"全家便利商店股份有限公司-鶯歌站前店",
    "address":"239新北市鶯歌區建國路５３之５號、、５３之６號１樓"
    }
  },
  {
    "type": "Feature",
    "geometry": {
       "type": "Point",
       "coordinates":  [ 121.4386473,25.0848361 ]
    },
    "properties": {
    "city":"新北市",
    "name":"全國電子股份有公司新北市第三十分公司",
    "address":"248新北市五股區工商路72號"
    }
  },
  {
    "type": "Feature",
    "geometry": {
       "type": "Point",
       "coordinates":  [ 121.4680512,24.9877013 ]
    },
    "properties": {
    "city":"新北市",
    "name":"全國電子股份有公司新北市第五十二分公司",
    "address":"236新北市土城區金城路3段180號"
    }
  },
  {
    "type": "Feature",
    "geometry": {
       "type": "Point",
       "coordinates":  [ 121.6313478,25.0657453 ]
    },
    "properties": {
    "city":"新北市",
    "name":"全國電子股份有公司新北市第五十三分公司",
    "address":"221新北市汐止區中興路145號"
    }
  },
  {
    "type": "Feature",
    "geometry": {
       "type": "Point",
       "coordinates":  [ 121.4809994,24.9950542 ]
    },
    "properties": {
    "city":"新北市",
    "name":"全國電子股份有公司新北市第五十四分公司",
    "address":"235新北市中和區員山路202.204號"
    }
  },
  {
    "type": "Feature",
    "geometry": {
       "type": "Point",
       "coordinates":  [ 121.477271,25.017544 ]
    },
    "properties": {
    "city":"新北市",
    "name":"全國電子股份有限公司新北市第七分公司",
    "address":"220新北市板橋區中山路2段245號"
    }
  },
  {
    "type": "Feature",
    "geometry": {
       "type": "Point",
       "coordinates":  [ 121.4424231,24.9785981 ]
    },
    "properties": {
    "city":"新北市",
    "name":"全國電子股份有限公司新北市第九分公司",
    "address":"236新北市土城區中央路二段71-75號"
    }
  },
  {
    "type": "Feature",
    "geometry": {
       "type": "Point",
       "coordinates":  [ 121.6535882,25.0655511 ]
    },
    "properties": {
    "city":"新北市",
    "name":"全國電子股份有限公司新北市第二十一分公司",
    "address":"221新北市汐止區大同路2段240號"
    }
  },
  {
    "type": "Feature",
    "geometry": {
       "type": "Point",
       "coordinates":  [ 121.5254997,24.9993595 ]
    },
    "properties": {
    "city":"新北市",
    "name":"全國電子股份有限公司新北市第二十七分公司",
    "address":"235新北市中和區得和路403號"
    }
  },
  {
    "type": "Feature",
    "geometry": {
       "type": "Point",
       "coordinates":  [ 121.4726479,25.0062474 ]
    },
    "properties": {
    "city":"新北市",
    "name":"全國電子股份有限公司新北市第二十二分公司",
    "address":"235新北市中和區中山路三段185-189號"
    }
  },
  {
    "type": "Feature",
    "geometry": {
       "type": "Point",
       "coordinates":  [ 121.4761244,25.0822983 ]
    },
    "properties": {
    "city":"新北市",
    "name":"全國電子股份有限公司新北市第二十三分公司",
    "address":"247新北市蘆洲區三民路10號"
    }
  },
  {
    "type": "Feature",
    "geometry": {
       "type": "Point",
       "coordinates":  [ 121.50312,24.999949 ]
    },
    "properties": {
    "city":"新北市",
    "name":"全國電子股份有限公司新北市第二十五分公司",
    "address":"235新北市中和區中和路175號"
    }
  },
  {
    "type": "Feature",
    "geometry": {
       "type": "Point",
       "coordinates":  [ 121.496784,25.0666995 ]
    },
    "properties": {
    "city":"新北市",
    "name":"全國電子股份有限公司新北市第二十六分公司",
    "address":"241新北市三重區正義北路137號"
    }
  },
  {
    "type": "Feature",
    "geometry": {
       "type": "Point",
       "coordinates":  [ 121.3731605,24.9374553 ]
    },
    "properties": {
    "city":"新北市",
    "name":"全國電子股份有限公司新北市第二十分公司",
    "address":"237新北市三峽區復興路78號"
    }
  },
  {
    "type": "Feature",
    "geometry": {
       "type": "Point",
       "coordinates":  [ 121.4606413,25.0818094 ]
    },
    "properties": {
    "city":"新北市",
    "name":"全國電子股份有限公司新北市第二十四分公司",
    "address":"247新北市蘆洲區長安街122號"
    }
  },
  {
    "type": "Feature",
    "geometry": {
       "type": "Point",
       "coordinates":  [ 121.4869428,25.0617547 ]
    },
    "properties": {
    "city":"新北市",
    "name":"全國電子股份有限公司新北市第八分公司",
    "address":"241新北市三重區重陽路二段1號"
    }
  },
  {
    "type": "Feature",
    "geometry": {
       "type": "Point",
       "coordinates":  [ 121.5169651,24.9992576 ]
    },
    "properties": {
    "city":"新北市",
    "name":"全國電子股份有限公司新北市第十一分公司",
    "address":"234新北市永和區中正路191-193號"
    }
  },
  {
    "type": "Feature",
    "geometry": {
       "type": "Point",
       "coordinates":  [ 121.5408187,24.9723718 ]
    },
    "properties": {
    "city":"新北市",
    "name":"全國電子股份有限公司新北市第十九分公司",
    "address":"231新北市新店區中正路188號"
    }
  },
  {
    "type": "Feature",
    "geometry": {
       "type": "Point",
       "coordinates":  [ 121.4644915,25.017791 ]
    },
    "properties": {
    "city":"新北市",
    "name":"全國電子股份有限公司新北市第十二分公司",
    "address":"220新北市板橋區文化路一段90-92號"
    }
  },
  {
    "type": "Feature",
    "geometry": {
       "type": "Point",
       "coordinates":  [ 121.4841476,25.0783537 ]
    },
    "properties": {
    "city":"新北市",
    "name":"全國電子股份有限公司新北市第十八分公司",
    "address":"241新北市三重區三和路四段147號"
    }
  },
  {
    "type": "Feature",
    "geometry": {
       "type": "Point",
       "coordinates":  [ 121.4413771,25.1711288 ]
    },
    "properties": {
    "city":"新北市",
    "name":"全國電子股份有限公司新北市第十五分公司",
    "address":"251新北市淡水區中山路127號"
    }
  },
  {
    "type": "Feature",
    "geometry": {
       "type": "Point",
       "coordinates":  [ 121.4522645,25.0493286 ]
    },
    "properties": {
    "city":"新北市",
    "name":"全國電子股份有限公司新北市第十六分公司",
    "address":"242新北市新莊區幸福路602號"
    }
  },
  {
    "type": "Feature",
    "geometry": {
       "type": "Point",
       "coordinates":  [ 121.5196144,25.0119604 ]
    },
    "properties": {
    "city":"新北市",
    "name":"全國電子股份有限公司新北市第十分公司",
    "address":"234新北市永和區竹林路100號"
    }
  },
  {
    "type": "Feature",
    "geometry": {
       "type": "Point",
       "coordinates":  [ 121.4265435,25.026345 ]
    },
    "properties": {
    "city":"新北市",
    "name":"全國電子股份有限公司新北市第十四分公司",
    "address":"242新北市新莊區後港一路62號"
    }
  },
  {
    "type": "Feature",
    "geometry": {
       "type": "Point",
       "coordinates":  [ 121.4262352,24.9903722 ]
    },
    "properties": {
    "city":"新北市",
    "name":"全國電子股份有限公司新北市第三十七分公司",
    "address":"220新北市板橋區溪北路2號"
    }
  },
  {
    "type": "Feature",
    "geometry": {
       "type": "Point",
       "coordinates":  [ 121.4175595,25.0253689 ]
    },
    "properties": {
    "city":"新北市",
    "name":"全國電子股份有限公司新北市第三十九分公司",
    "address":"242新北市新莊區中正路881-5、881-6號"
    }
  },
  {
    "type": "Feature",
    "geometry": {
       "type": "Point",
       "coordinates":  [ 121.3706929,25.0695829 ]
    },
    "properties": {
    "city":"新北市",
    "name":"全國電子股份有限公司新北市第三十二分公司",
    "address":"244新北市林口區文化一路一段41號"
    }
  },
  {
    "type": "Feature",
    "geometry": {
       "type": "Point",
       "coordinates":  [ 121.4262618,25.0239549 ]
    },
    "properties": {
    "city":"新北市",
    "name":"全國電子股份有限公司新北市第三十八分公司",
    "address":"242新北市新莊區建安街117、119號"
    }
  },
  {
    "type": "Feature",
    "geometry": {
       "type": "Point",
       "coordinates":  [ 121.350838,24.954051 ]
    },
    "properties": {
    "city":"新北市",
    "name":"全國電子股份有限公司新北市第三十三分公司",
    "address":"239新北市鶯歌區國慶街123號"
    }
  },
  {
    "type": "Feature",
    "geometry": {
       "type": "Point",
       "coordinates":  [ 121.5130979,24.9882414 ]
    },
    "properties": {
    "city":"新北市",
    "name":"全國電子股份有限公司新北市第三十四分公司",
    "address":"235新北市中和區景新街438號"
    }
  },
  {
    "type": "Feature",
    "geometry": {
       "type": "Point",
       "coordinates":  [ 121.5107461,24.9598771 ]
    },
    "properties": {
    "city":"新北市",
    "name":"全國電子股份有限公司新北市第三分公司",
    "address":"231新北市新店區安康路二段196號"
    }
  },
  {
    "type": "Feature",
    "geometry": {
       "type": "Point",
       "coordinates":  [ 121.4459599,25.040305 ]
    },
    "properties": {
    "city":"新北市",
    "name":"全國電子股份有限公司新北市第五十一分公司",
    "address":"242新北市新莊區新泰路276、278號"
    }
  },
  {
    "type": "Feature",
    "geometry": {
       "type": "Point",
       "coordinates":  [ 121.4945518,25.061291 ]
    },
    "properties": {
    "city":"新北市",
    "name":"全國電子股份有限公司新北市第五十七分公司",
    "address":"241新北市三重區重新路三段36號"
    }
  },
  {
    "type": "Feature",
    "geometry": {
       "type": "Point",
       "coordinates":  [ 121.8056964,25.1081612 ]
    },
    "properties": {
    "city":"新北市",
    "name":"全國電子股份有限公司新北市第五十九分公司",
    "address":"224新北市瑞芳區明燈路三段63號1樓"
    }
  },
  {
    "type": "Feature",
    "geometry": {
       "type": "Point",
       "coordinates":  [ 121.5416228,24.968761 ]
    },
    "properties": {
    "city":"新北市",
    "name":"全國電子股份有限公司新北市第五十八分公司",
    "address":"231新北市新店區北新路一段335號"
    }
  },
  {
    "type": "Feature",
    "geometry": {
       "type": "Point",
       "coordinates":  [ 121.4808334,25.08419 ]
    },
    "properties": {
    "city":"新北市",
    "name":"全國電子股份有限公司新北市第五十五分公司",
    "address":"247新北市蘆洲區集賢路348號B1、1樓"
    }
  },
  {
    "type": "Feature",
    "geometry": {
       "type": "Point",
       "coordinates":  [ 121.4602331,25.1379191 ]
    },
    "properties": {
    "city":"新北市",
    "name":"全國電子股份有限公司新北市第五十六分公司",
    "address":"251新北市淡水區民生路1-1號"
    }
  },
  {
    "type": "Feature",
    "geometry": {
       "type": "Point",
       "coordinates":  [ 121.4744998,25.0285842 ]
    },
    "properties": {
    "city":"新北市",
    "name":"全國電子股份有限公司新北市第五十分公司",
    "address":"220新北市板橋區雙十路二段108號"
    }
  },
  {
    "type": "Feature",
    "geometry": {
       "type": "Point",
       "coordinates":  [ 121.4305888,25.0582659 ]
    },
    "properties": {
    "city":"新北市",
    "name":"全國電子股份有限公司新北市第五分公司",
    "address":"243新北市泰山區明志路一段354號"
    }
  },
  {
    "type": "Feature",
    "geometry": {
       "type": "Point",
       "coordinates":  [ 121.4251115,24.9842911 ]
    },
    "properties": {
    "city":"新北市",
    "name":"全國電子股份有限公司新北市第六十一分公司",
    "address":"238新北市樹林區中華路2號"
    }
  },
  {
    "type": "Feature",
    "geometry": {
       "type": "Point",
       "coordinates":  [ 121.4265311,25.017424 ]
    },
    "properties": {
    "city":"新北市",
    "name":"全國電子股份有限公司新北市第六十七分公司",
    "address":"242新北市新莊區民安西路135號"
    }
  },
  {
    "type": "Feature",
    "geometry": {
       "type": "Point",
       "coordinates":  [ 121.4873125,24.9883149 ]
    },
    "properties": {
    "city":"新北市",
    "name":"全國電子股份有限公司新北市第六十二分公司",
    "address":"235新北市中和區圓通路295之3號"
    }
  },
  {
    "type": "Feature",
    "geometry": {
       "type": "Point",
       "coordinates":  [ 121.5030304,25.0000232 ]
    },
    "properties": {
    "city":"新北市",
    "name":"全國電子股份有限公司新北市第六十八分公司",
    "address":"235新北市中和區中和路167號"
    }
  },
  {
    "type": "Feature",
    "geometry": {
       "type": "Point",
       "coordinates":  [ 121.5139133,25.007822 ]
    },
    "properties": {
    "city":"新北市",
    "name":"全國電子股份有限公司新北市第六十三分公司",
    "address":"234新北市永和區永和路一段122號"
    }
  },
  {
    "type": "Feature",
    "geometry": {
       "type": "Point",
       "coordinates":  [ 121.4240481,25.0387464 ]
    },
    "properties": {
    "city":"新北市",
    "name":"全國電子股份有限公司新北市第六十五分公司",
    "address":"243新北市泰山區明志路三段188,190號"
    }
  },
  {
    "type": "Feature",
    "geometry": {
       "type": "Point",
       "coordinates":  [ 121.4563705,24.9879687 ]
    },
    "properties": {
    "city":"新北市",
    "name":"全國電子股份有限公司新北市第六十六分公司",
    "address":"236新北市土城區學府路一段93號"
    }
  },
  {
    "type": "Feature",
    "geometry": {
       "type": "Point",
       "coordinates":  [ 121.4822824,25.0678373 ]
    },
    "properties": {
    "city":"新北市",
    "name":"全國電子股份有限公司新北市第六十分公司",
    "address":"241新北市三重區忠孝路二段160號"
    }
  },
  {
    "type": "Feature",
    "geometry": {
       "type": "Point",
       "coordinates":  [ 121.4604849,25.0017599 ]
    },
    "properties": {
    "city":"新北市",
    "name":"全國電子股份有限公司新北市第六十四分公司",
    "address":"220新北市板橋區忠孝路42,44號"
    }
  },
  {
    "type": "Feature",
    "geometry": {
       "type": "Point",
       "coordinates":  [ 121.4636713,25.0005442 ]
    },
    "properties": {
    "city":"新北市",
    "name":"全國電子股份有限公司新北市第六分公司",
    "address":"220新北市板橋區重慶路247號 "
    }
  },
  {
    "type": "Feature",
    "geometry": {
       "type": "Point",
       "coordinates":  [ 121.463227,25.082427 ]
    },
    "properties": {
    "city":"新北市",
    "name":"全國電子股份有限公司新北市第四十一分公司",
    "address":"247新北市蘆洲區長榮路23號"
    }
  },
  {
    "type": "Feature",
    "geometry": {
       "type": "Point",
       "coordinates":  [ 121.5145353,25.0103251 ]
    },
    "properties": {
    "city":"新北市",
    "name":"全國電子股份有限公司新北市第四十七分公司",
    "address":"234新北市永和區中和路443號"
    }
  },
  {
    "type": "Feature",
    "geometry": {
       "type": "Point",
       "coordinates":  [ 121.4449963,25.0498246 ]
    },
    "properties": {
    "city":"新北市",
    "name":"全國電子股份有限公司新北市第四十九分公司",
    "address":"242新北市新莊區中平路262號"
    }
  },
  {
    "type": "Feature",
    "geometry": {
       "type": "Point",
       "coordinates":  [ 121.4970456,25.0011949 ]
    },
    "properties": {
    "city":"新北市",
    "name":"全國電子股份有限公司新北市第四十二分公司",
    "address":"235新北市中和區景平路672、672-1、674、674-1號"
    }
  },
  {
    "type": "Feature",
    "geometry": {
       "type": "Point",
       "coordinates":  [ 121.3733107,24.9352817 ]
    },
    "properties": {
    "city":"新北市",
    "name":"全國電子股份有限公司新北市第四十八分公司",
    "address":"237新北市三峽區民生街106-2號"
    }
  },
  {
    "type": "Feature",
    "geometry": {
       "type": "Point",
       "coordinates":  [ 121.4616414,25.0222115 ]
    },
    "properties": {
    "city":"新北市",
    "name":"全國電子股份有限公司新北市第四十三分公司",
    "address":"220新北市板橋區新海路92號"
    }
  },
  {
    "type": "Feature",
    "geometry": {
       "type": "Point",
       "coordinates":  [ 121.4444395,25.1696359 ]
    },
    "properties": {
    "city":"新北市",
    "name":"全國電子股份有限公司新北市第四十六分公司",
    "address":"251新北市淡水區中山路24、26號"
    }
  },
  {
    "type": "Feature",
    "geometry": {
       "type": "Point",
       "coordinates":  [ 121.5101671,25.0099072 ]
    },
    "properties": {
    "city":"新北市",
    "name":"全國電子股份有限公司新北市第四十分公司",
    "address":"234新北市永和區中山路一段134、136號"
    }
  },
  {
    "type": "Feature",
    "geometry": {
       "type": "Point",
       "coordinates":  [ 121.4932728,25.0718277 ]
    },
    "properties": {
    "city":"新北市",
    "name":"全國電子股份有限公司新北市第四十四分公司",
    "address":"241新北市三重區正義北路351號"
    }
  },
  {
    "type": "Feature",
    "geometry": {
       "type": "Point",
       "coordinates":  [ 121.4205444,25.0060595 ]
    },
    "properties": {
    "city":"新北市",
    "name":"全國電子股份有限公司新北市第四分公司",
    "address":"242新北市新莊區中正路212號"
    }
  },
  {
    "type": "Feature",
    "geometry": {
       "type": "Point",
       "coordinates":  [ 121.4657896,25.0802267 ]
    },
    "properties": {
    "city":"新北市",
    "name":"全聯實業股份有限公司-九芎店",
    "address":"247新北市蘆洲區九芎街90巷6、8、10號1樓"
    }
  },
  {
    "type": "Feature",
    "geometry": {
       "type": "Point",
       "coordinates":  [ 121.4384396,25.084046 ]
    },
    "properties": {
    "city":"新北市",
    "name":"全聯實業股份有限公司五股分公司",
    "address":"248新北市五股區德音村成泰路1段235-13號1樓"
    }
  },
  {
    "type": "Feature",
    "geometry": {
       "type": "Point",
       "coordinates":  [ 121.6535882,25.0655511 ]
    },
    "properties": {
    "city":"新北市",
    "name":"全聯實業股份有限公司汐止大同店",
    "address":"221新北市汐止區大同路2段240號b1"
    }
  },
  {
    "type": "Feature",
    "geometry": {
       "type": "Point",
       "coordinates":  [ 121.66583,25.0718414 ]
    },
    "properties": {
    "city":"新北市",
    "name":"全聯實業股份有限公司汐止忠孝分公司",
    "address":"221新北市汐止區忠孝東路429號"
    }
  },
  {
    "type": "Feature",
    "geometry": {
       "type": "Point",
       "coordinates":  [ 121.6635218,25.0731688 ]
    },
    "properties": {
    "city":"新北市",
    "name":"全聯實業股份有限公司汐止建成分公司",
    "address":"221新北市汐止區建成路58號B1"
    }
  },
  {
    "type": "Feature",
    "geometry": {
       "type": "Point",
       "coordinates":  [ 121.631141,25.0676919 ]
    },
    "properties": {
    "city":"新北市",
    "name":"全聯實業股份有限公司汐止康寧分公司",
    "address":"221新北市汐止區康寧街430號"
    }
  },
  {
    "type": "Feature",
    "geometry": {
       "type": "Point",
       "coordinates":  [ 121.655138,25.064573 ]
    },
    "properties": {
    "city":"新北市",
    "name":"全聯實業股份有限公司汐止龍安分公司",
    "address":"221新北市汐止區龍安路28巷6號B1"
    }
  },
  {
    "type": "Feature",
    "geometry": {
       "type": "Point",
       "coordinates":  [ 121.4615495,25.1363895 ]
    },
    "properties": {
    "city":"新北市",
    "name":"全聯實業股份有限公司竹圍分公司",
    "address":"251新北市淡水區民族路31號B1"
    }
  },
  {
    "type": "Feature",
    "geometry": {
       "type": "Point",
       "coordinates":  [ 121.4814157,25.0830787 ]
    },
    "properties": {
    "city":"新北市",
    "name":"全聯實業股份有限公司重陽分公司",
    "address":"247新北市蘆洲區重陽街46號1樓"
    }
  },
  {
    "type": "Feature",
    "geometry": {
       "type": "Point",
       "coordinates":  [ 121.4463659,25.17774 ]
    },
    "properties": {
    "city":"新北市",
    "name":"全聯實業股份有限公司淡大分公司",
    "address":"251新北市淡水區大忠街89號1樓"
    }
  },
  {
    "type": "Feature",
    "geometry": {
       "type": "Point",
       "coordinates":  [ 121.4468914,25.1690266 ]
    },
    "properties": {
    "city":"新北市",
    "name":"全聯實業股份有限公司淡水博愛分公司",
    "address":"251新北市淡水區博愛街51巷5號1F、B1"
    }
  },
  {
    "type": "Feature",
    "geometry": {
       "type": "Point",
       "coordinates":  [ 121.470504,25.0900142 ]
    },
    "properties": {
    "city":"新北市",
    "name":"全聯實業股份有限公司蘆洲民族分公司",
    "address":"247新北市蘆洲區水湳街74號1、2樓"
    }
  },
  {
    "type": "Feature",
    "geometry": {
       "type": "Point",
       "coordinates":  [ 121.5232261,24.9996887 ]
    },
    "properties": {
    "city":"新北市",
    "name":"成和機車有限公司",
    "address":"234新北市永和區得和路313號"
    }
  },
  {
    "type": "Feature",
    "geometry": {
       "type": "Point",
       "coordinates":  [ 121.4601414,25.0262746 ]
    },
    "properties": {
    "city":"新北市",
    "name":"有利車業有限公司",
    "address":"220新北市板橋區互助街94號"
    }
  },
  {
    "type": "Feature",
    "geometry": {
       "type": "Point",
       "coordinates":  [ 121.454809,24.9824789 ]
    },
    "properties": {
    "city":"新北市",
    "name":"自來車行",
    "address":"236新北市土城區裕民路270號"
    }
  },
  {
    "type": "Feature",
    "geometry": {
       "type": "Point",
       "coordinates":  [ 121.5135481,24.988237 ]
    },
    "properties": {
    "city":"新北市",
    "name":"佑泰車業有限公司",
    "address":"235新北市中和區景新街467巷1號"
    }
  },
  {
    "type": "Feature",
    "geometry": {
       "type": "Point",
       "coordinates":  [ 121.5216002,25.0059531 ]
    },
    "properties": {
    "city":"新北市",
    "name":"呈運機車行",
    "address":"234新北市永和區永亨路75號"
    }
  },
  {
    "type": "Feature",
    "geometry": {
       "type": "Point",
       "coordinates":  [ 121.5206419,25.0098534 ]
    },
    "properties": {
    "city":"新北市",
    "name":"宏健機車行",
    "address":"234新北市永和區竹林路177號"
    }
  },
  {
    "type": "Feature",
    "geometry": {
       "type": "Point",
       "coordinates":  [ 121.510245,25.0164426 ]
    },
    "properties": {
    "city":"新北市",
    "name":"宏億車行",
    "address":"234新北市永和區文化路165號"
    }
  },
  {
    "type": "Feature",
    "geometry": {
       "type": "Point",
       "coordinates":  [ 121.5124448,25.0141775 ]
    },
    "properties": {
    "city":"新北市",
    "name":"宏聯機車行",
    "address":"234新北市永和區信義路106號"
    }
  },
  {
    "type": "Feature",
    "geometry": {
       "type": "Point",
       "coordinates":  [ 121.5022116,25.0070482 ]
    },
    "properties": {
    "city":"新北市",
    "name":"志宏機車行",
    "address":"235新北市中和區中山路2段2巷45弄4號"
    }
  },
  {
    "type": "Feature",
    "geometry": {
       "type": "Point",
       "coordinates":  [ 121.481123,24.9990654 ]
    },
    "properties": {
    "city":"新北市",
    "name":"良力車業有限公司",
    "address":"235新北市中和區員山路257號"
    }
  },
  {
    "type": "Feature",
    "geometry": {
       "type": "Point",
       "coordinates":  [ 121.5080607,24.9868304 ]
    },
    "properties": {
    "city":"新北市",
    "name":"佳順機車行",
    "address":"235新北市中和區南山路543號"
    }
  },
  {
    "type": "Feature",
    "geometry": {
       "type": "Point",
       "coordinates":  [ 121.4973309,25.0054045 ]
    },
    "properties": {
    "city":"新北市",
    "name":"佳慶機車行",
    "address":"235新北市中和區永和路88之4號1樓"
    }
  },
  {
    "type": "Feature",
    "geometry": {
       "type": "Point",
       "coordinates":  [ 121.4588062,25.0267276 ]
    },
    "properties": {
    "city":"新北市",
    "name":"來興車業有限公司",
    "address":"220新北市板橋區新海路398號"
    }
  },
  {
    "type": "Feature",
    "geometry": {
       "type": "Point",
       "coordinates":  [ 121.4665693,25.0086049 ]
    },
    "properties": {
    "city":"新北市",
    "name":"協泰車業有限公司",
    "address":"220新北市板橋區民族路93號"
    }
  },
  {
    "type": "Feature",
    "geometry": {
       "type": "Point",
       "coordinates":  [ 121.4480052,24.9910471 ]
    },
    "properties": {
    "city":"新北市",
    "name":"協聖汽車股份有限公司土城分公司",
    "address":"236新北市土城區中華路一段2號"
    }
  },
  {
    "type": "Feature",
    "geometry": {
       "type": "Point",
       "coordinates":  [ 121.438864,25.033095 ]
    },
    "properties": {
    "city":"新北市",
    "name":"協聖汽車股份有限公司新莊營業所",
    "address":"242新北市新莊區中正路535號"
    }
  },
  {
    "type": "Feature",
    "geometry": {
       "type": "Point",
       "coordinates":  [ 121.504808,24.999596 ]
    },
    "properties": {
    "city":"新北市",
    "name":"和昇機車行",
    "address":"235新北市中和區中和路178號"
    }
  },
  {
    "type": "Feature",
    "geometry": {
       "type": "Point",
       "coordinates":  [ 121.6326773,25.0558991 ]
    },
    "properties": {
    "city":"新北市",
    "name":"固德汽車股份有限公司",
    "address":"221新北市汐止區大同路一段156-2號"
    }
  },
  {
    "type": "Feature",
    "geometry": {
       "type": "Point",
       "coordinates":  [ 121.5111349,24.9923598 ]
    },
    "properties": {
    "city":"新北市",
    "name":"奇典機車行",
    "address":"235新北市中和區景新街311號"
    }
  },
  {
    "type": "Feature",
    "geometry": {
       "type": "Point",
       "coordinates":  [ 121.5000768,24.9915195 ]
    },
    "properties": {
    "city":"新北市",
    "name":"尚成車業行",
    "address":"235新北市中和區中興街133號"
    }
  },
  {
    "type": "Feature",
    "geometry": {
       "type": "Point",
       "coordinates":  [ 121.4633176,25.0168152 ]
    },
    "properties": {
    "city":"新北市",
    "name":"忠山機車行",
    "address":"220新北市板橋區文化路一段205號"
    }
  },
  {
    "type": "Feature",
    "geometry": {
       "type": "Point",
       "coordinates":  [ 121.4607778,25.0182479 ]
    },
    "properties": {
    "city":"新北市",
    "name":"旺昇機車行",
    "address":"220新北市板橋區國光路180號"
    }
  },
  {
    "type": "Feature",
    "geometry": {
       "type": "Point",
       "coordinates":  [ 121.4974716,24.9952445 ]
    },
    "properties": {
    "city":"新北市",
    "name":"旺泰機車行",
    "address":"235新北市中和區圓通路162-3號"
    }
  },
  {
    "type": "Feature",
    "geometry": {
       "type": "Point",
       "coordinates":  [ 121.4664397,24.9942165 ]
    },
    "properties": {
    "city":"新北市",
    "name":"明展機車行",
    "address":"235新北市中和區民德路332號"
    }
  },
  {
    "type": "Feature",
    "geometry": {
       "type": "Point",
       "coordinates":  [ 121.454912,25.0165049 ]
    },
    "properties": {
    "city":"新北市",
    "name":"明德車業行",
    "address":"220新北市板橋區大仁街41號"
    }
  },
  {
    "type": "Feature",
    "geometry": {
       "type": "Point",
       "coordinates":  [ 121.4612602,25.0305543 ]
    },
    "properties": {
    "city":"新北市",
    "name":"明興機車行",
    "address":"220新北市板橋區長江路一段359號"
    }
  },
  {
    "type": "Feature",
    "geometry": {
       "type": "Point",
       "coordinates":  [ 121.4653726,25.0272065 ]
    },
    "properties": {
    "city":"新北市",
    "name":"昇龍國際車業有限公司",
    "address":"220新北市板橋區民生路3段179號"
    }
  },
  {
    "type": "Feature",
    "geometry": {
       "type": "Point",
       "coordinates":  [ 121.5253522,25.0016725 ]
    },
    "properties": {
    "city":"新北市",
    "name":"昇鴻車業有限公司",
    "address":"234新北市永和區秀朗路2段167號"
    }
  },
  {
    "type": "Feature",
    "geometry": {
       "type": "Point",
       "coordinates":  [ 121.513426,25.01539 ]
    },
    "properties": {
    "city":"新北市",
    "name":"東政機車行",
    "address":"234新北市永和區文化路112號"
    }
  },
  {
    "type": "Feature",
    "geometry": {
       "type": "Point",
       "coordinates":  [ 121.4832695,25.0048747 ]
    },
    "properties": {
    "city":"新北市",
    "name":"東茂車業有限公司",
    "address":"235新北市中和區中山路2段475號"
    }
  },
  {
    "type": "Feature",
    "geometry": {
       "type": "Point",
       "coordinates":  [ 121.4585597,25.008417 ]
    },
    "properties": {
    "city":"新北市",
    "name":"板橋市農會",
    "address":"220新北市板橋區府中路29-1號"
    }
  },
  {
    "type": "Feature",
    "geometry": {
       "type": "Point",
       "coordinates":  [ 121.4505239,25.0086209 ]
    },
    "properties": {
    "city":"新北市",
    "name":"欣展車業行",
    "address":"220新北市板橋區大觀路一段8號"
    }
  },
  {
    "type": "Feature",
    "geometry": {
       "type": "Point",
       "coordinates":  [ 121.459602,25.029794 ]
    },
    "properties": {
    "city":"新北市",
    "name":"欣富車業行",
    "address":"220新北市板橋區長江路一段109號"
    }
  },
  {
    "type": "Feature",
    "geometry": {
       "type": "Point",
       "coordinates":  [ 121.4418365,25.1709182 ]
    },
    "properties": {
    "city":"新北市",
    "name":"芝農商行",
    "address":"252新北市三芝區中山路1段6號"
    }
  },
  {
    "type": "Feature",
    "geometry": {
       "type": "Point",
       "coordinates":  [ 121.4813734,25.0023078 ]
    },
    "properties": {
    "city":"新北市",
    "name":"金馴車行",
    "address":"235新北市中和區員山路286巷1號"
    }
  },
  {
    "type": "Feature",
    "geometry": {
       "type": "Point",
       "coordinates":  [ 121.4684339,24.9909675 ]
    },
    "properties": {
    "city":"新北市",
    "name":"長新機車行",
    "address":"236新北市土城區延平街14號"
    }
  },
  {
    "type": "Feature",
    "geometry": {
       "type": "Point",
       "coordinates":  [ 121.4991672,24.9999232 ]
    },
    "properties": {
    "city":"新北市",
    "name":"信隆機車行",
    "address":"235新北市中和區泰和街42號"
    }
  },
  {
    "type": "Feature",
    "geometry": {
       "type": "Point",
       "coordinates":  [ 121.4677762,25.0321517 ]
    },
    "properties": {
    "city":"新北市",
    "name":"建發車業行",
    "address":"220新北市板橋區長江路2段210號"
    }
  },
  {
    "type": "Feature",
    "geometry": {
       "type": "Point",
       "coordinates":  [ 121.454495,24.995296 ]
    },
    "properties": {
    "city":"新北市",
    "name":"建榮機車行",
    "address":"220新北市板橋區四川路二段29號"
    }
  },
  {
    "type": "Feature",
    "geometry": {
       "type": "Point",
       "coordinates":  [ 121.5238525,25.0081517 ]
    },
    "properties": {
    "city":"新北市",
    "name":"彥銘機車行",
    "address":"234新北市永和區福和路29號1樓"
    }
  },
  {
    "type": "Feature",
    "geometry": {
       "type": "Point",
       "coordinates":  [ 121.5157407,24.9860378 ]
    },
    "properties": {
    "city":"新北市",
    "name":"泉和車業有限公司",
    "address":"231新北市新店區安和路3段175號"
    }
  },
  {
    "type": "Feature",
    "geometry": {
       "type": "Point",
       "coordinates":  [ 121.5264722,24.9943097 ]
    },
    "properties": {
    "city":"新北市",
    "name":"皇偉機車行",
    "address":"234新北市永和區成功路1段115號"
    }
  },
  {
    "type": "Feature",
    "geometry": {
       "type": "Point",
       "coordinates":  [ 121.4654894,24.9840433 ]
    },
    "properties": {
    "city":"新北市",
    "name":"家福股份有限公司土城福益分公司",
    "address":"236新北市土城區明德路一段67號"
    }
  },
  {
    "type": "Feature",
    "geometry": {
       "type": "Point",
       "coordinates":  [ 121.4960288,25.0020288 ]
    },
    "properties": {
    "city":"新北市",
    "name":"家福股份有限公司中和分公司",
    "address":"235新北市中和區中山路二段295號B2"
    }
  },
  {
    "type": "Feature",
    "geometry": {
       "type": "Point",
       "coordinates":  [ 121.3799076,24.9473463 ]
    },
    "properties": {
    "city":"新北市",
    "name":"家福股份有限公司北大分公司",
    "address":"238新北市樹林區大雅路288號B1"
    }
  },
  {
    "type": "Feature",
    "geometry": {
       "type": "Point",
       "coordinates":  [ 121.4586099,24.9831701 ]
    },
    "properties": {
    "city":"新北市",
    "name":"家福股份有限公司台北土城分公司",
    "address":"236新北市土城區青雲路152號B1"
    }
  },
  {
    "type": "Feature",
    "geometry": {
       "type": "Point",
       "coordinates":  [ 121.6483007,25.0607986 ]
    },
    "properties": {
    "city":"新北市",
    "name":"家福股份有限公司台北汐止分公司",
    "address":"221新北市汐止區新台五路一段108號B1"
    }
  },
  {
    "type": "Feature",
    "geometry": {
       "type": "Point",
       "coordinates":  [ 121.3696448,25.0726568 ]
    },
    "properties": {
    "city":"新北市",
    "name":"家福股份有限公司台北林口分公司",
    "address":"244新北市林口區文化二路一段559.561.563地下一樓"
    }
  },
  {
    "type": "Feature",
    "geometry": {
       "type": "Point",
       "coordinates":  [ 121.5463059,24.9767393 ]
    },
    "properties": {
    "city":"新北市",
    "name":"家福股份有限公司台北新店分公司",
    "address":"231新北市新店區中興路三段1號"
    }
  },
  {
    "type": "Feature",
    "geometry": {
       "type": "Point",
       "coordinates":  [ 121.5145353,25.0103251 ]
    },
    "properties": {
    "city":"新北市",
    "name":"家福股份有限公司永和永安分公司",
    "address":"234新北市永和區中和路499-1號"
    }
  },
  {
    "type": "Feature",
    "geometry": {
       "type": "Point",
       "coordinates":  [ 121.4552233,25.0095635 ]
    },
    "properties": {
    "city":"新北市",
    "name":"家福股份有限公司府中分公司",
    "address":"220新北市板橋區府中路126號1樓"
    }
  },
  {
    "type": "Feature",
    "geometry": {
       "type": "Point",
       "coordinates":  [ 121.4794499,25.0177483 ]
    },
    "properties": {
    "city":"新北市",
    "name":"家福股份有限公司板橋分公司",
    "address":"220新北市板橋區三民路二段31號B1"
    }
  },
  {
    "type": "Feature",
    "geometry": {
       "type": "Point",
       "coordinates":  [ 121.4678328,25.0432523 ]
    },
    "properties": {
    "city":"新北市",
    "name":"家福股份有限公司重新分公司",
    "address":"241新北市三重區重新路5段654號"
    }
  },
  {
    "type": "Feature",
    "geometry": {
       "type": "Point",
       "coordinates":  [ 121.444993,25.045879 ]
    },
    "properties": {
    "city":"新北市",
    "name":"家福股份有限公司新莊中平分公司",
    "address":"242新北市新莊區中平路108號B1"
    }
  },
  {
    "type": "Feature",
    "geometry": {
       "type": "Point",
       "coordinates":  [ 121.4214216,24.9973154 ]
    },
    "properties": {
    "city":"新北市",
    "name":"家福股份有限公司樹林分公司",
    "address":"238新北市樹林區大安路118號"
    }
  },
  {
    "type": "Feature",
    "geometry": {
       "type": "Point",
       "coordinates":  [ 121.4868335,25.0881076 ]
    },
    "properties": {
    "city":"新北市",
    "name":"家福股份有限公司蘆洲分公司",
    "address":"241新北市三重區五華街282號"
    }
  },
  {
    "type": "Feature",
    "geometry": {
       "type": "Point",
       "coordinates":  [ 121.5233104,25.007886 ]
    },
    "properties": {
    "city":"新北市",
    "name":"展欣機車行",
    "address":"234新北市永和區福和路49號"
    }
  },
  {
    "type": "Feature",
    "geometry": {
       "type": "Point",
       "coordinates":  [ 121.3943145,24.972365 ]
    },
    "properties": {
    "city":"新北市",
    "name":"展龍車業行",
    "address":"238新北市樹林區中山路3段193號"
    }
  },
  {
    "type": "Feature",
    "geometry": {
       "type": "Point",
       "coordinates":  [ 121.4465586,25.0890509 ]
    },
    "properties": {
    "city":"新北市",
    "name":"振宇五金股份有限公司五股芳洲分公司",
    "address":"248新北市五股區芳洲八路178號"
    }
  },
  {
    "type": "Feature",
    "geometry": {
       "type": "Point",
       "coordinates":  [ 121.3656994,25.075037 ]
    },
    "properties": {
    "city":"新北市",
    "name":"振宇五金股份有限公司林口忠孝分公司",
    "address":"244新北市林口區忠孝路69號"
    }
  },
  {
    "type": "Feature",
    "geometry": {
       "type": "Point",
       "coordinates":  [ 121.4575801,25.159443 ]
    },
    "properties": {
    "city":"新北市",
    "name":"振宇五金股份有限公司淡水淡金分公司",
    "address":"251新北市淡水區淡金路6號1樓"
    }
  },
  {
    "type": "Feature",
    "geometry": {
       "type": "Point",
       "coordinates":  [ 121.5334096,24.98575 ]
    },
    "properties": {
    "city":"新北市",
    "name":"振宇五金股份有限公司新店中正分公司",
    "address":"231新北市新店區中正路533號"
    }
  },
  {
    "type": "Feature",
    "geometry": {
       "type": "Point",
       "coordinates":  [ 121.4344198,25.0208836 ]
    },
    "properties": {
    "city":"新北市",
    "name":"振宇五金股份有限公司新莊新樹分公司",
    "address":"242新北市新莊區新樹路267號1~2樓"
    }
  },
  {
    "type": "Feature",
    "geometry": {
       "type": "Point",
       "coordinates":  [ 121.4607493,25.0929145 ]
    },
    "properties": {
    "city":"新北市",
    "name":"振宇五金股份有限公司蘆洲長榮分公司",
    "address":"247新北市蘆洲區長榮路699號"
    }
  },
  {
    "type": "Feature",
    "geometry": {
       "type": "Point",
       "coordinates":  [ 121.4673304,25.0323556 ]
    },
    "properties": {
    "city":"新北市",
    "name":"晉新輪業有限公司",
    "address":"220新北市板橋區長江路2段197號"
    }
  },
  {
    "type": "Feature",
    "geometry": {
       "type": "Point",
       "coordinates":  [ 121.4716411,25.0246962 ]
    },
    "properties": {
    "city":"新北市",
    "name":"晉豐機車展業行",
    "address":"220新北市板橋區莊敬路155號"
    }
  },
  {
    "type": "Feature",
    "geometry": {
       "type": "Point",
       "coordinates":  [ 121.4884586,25.0551535 ]
    },
    "properties": {
    "city":"新北市",
    "name":"特力屋(股)三重集美分公司",
    "address":"241新北市三重區集美街18-3、18-5號"
    }
  },
  {
    "type": "Feature",
    "geometry": {
       "type": "Point",
       "coordinates":  [ 121.5180036,25.0000702 ]
    },
    "properties": {
    "city":"新北市",
    "name":"特力屋(股)永和得和分公司",
    "address":"234新北市永和區得和路102號B1"
    }
  },
  {
    "type": "Feature",
    "geometry": {
       "type": "Point",
       "coordinates":  [ 121.3856914,25.0797272 ]
    },
    "properties": {
    "city":"新北市",
    "name":"特力屋(股)林口中山分公司",
    "address":"244新北市林口區中山路248號B1 (3號A1區）"
    }
  },
  {
    "type": "Feature",
    "geometry": {
       "type": "Point",
       "coordinates":  [ 121.4690895,25.0231473 ]
    },
    "properties": {
    "city":"新北市",
    "name":"特力屋(股)板橋新埔分公司",
    "address":"220新北市板橋區文化路一段360號地下層之17"
    }
  },
  {
    "type": "Feature",
    "geometry": {
       "type": "Point",
       "coordinates":  [ 121.4615781,25.0807418 ]
    },
    "properties": {
    "city":"新北市",
    "name":"特力屋(股)蘆洲長安分公司",
    "address":"247新北市蘆洲區長安街101、103號"
    }
  },
  {
    "type": "Feature",
    "geometry": {
       "type": "Point",
       "coordinates":  [ 121.4803681,25.0816821 ]
    },
    "properties": {
    "city":"新北市",
    "name":"特力屋(股)蘆洲集賢分公司",
    "address":"247新北市蘆洲區集賢路401號"
    }
  },
  {
    "type": "Feature",
    "geometry": {
       "type": "Point",
       "coordinates":  [ 121.3815481,24.9476543 ]
    },
    "properties": {
    "city":"新北市",
    "name":"特力屋股份有限公司三峽分公司",
    "address":"238新北市樹林區大成路85號B1"
    }
  },
  {
    "type": "Feature",
    "geometry": {
       "type": "Point",
       "coordinates":  [ 121.4585622,24.9831458 ]
    },
    "properties": {
    "city":"新北市",
    "name":"特力屋股份有限公司土城分公司",
    "address":"236新北市土城區青雲路152號2F"
    }
  },
  {
    "type": "Feature",
    "geometry": {
       "type": "Point",
       "coordinates":  [ 121.4960174,25.0019016 ]
    },
    "properties": {
    "city":"新北市",
    "name":"特力屋股份有限公司中和分公司",
    "address":"235新北市中和區中山路二段291號3~4F"
    }
  },
  {
    "type": "Feature",
    "geometry": {
       "type": "Point",
       "coordinates":  [ 121.6476491,25.0622577 ]
    },
    "properties": {
    "city":"新北市",
    "name":"特力屋股份有限公司汐止新台分公司",
    "address":"221新北市汐止區新北市汐止區新台五路一段93之3號1樓"
    }
  },
  {
    "type": "Feature",
    "geometry": {
       "type": "Point",
       "coordinates":  [ 121.5439215,24.9817403 ]
    },
    "properties": {
    "city":"新北市",
    "name":"特力屋股份有限公司新店分公司",
    "address":"231新北市新店區中興路三段一號四樓"
    }
  },
  {
    "type": "Feature",
    "geometry": {
       "type": "Point",
       "coordinates":  [ 121.4227475,25.0295714 ]
    },
    "properties": {
    "city":"新北市",
    "name":"特力屋股份有限公司新莊分公司",
    "address":"242新北市新莊區中正路620號"
    }
  },
  {
    "type": "Feature",
    "geometry": {
       "type": "Point",
       "coordinates":  [ 121.5264589,24.9966466 ]
    },
    "properties": {
    "city":"新北市",
    "name":"益成機車行",
    "address":"234新北市永和區成功路2段152號"
    }
  },
  {
    "type": "Feature",
    "geometry": {
       "type": "Point",
       "coordinates":  [ 121.4538485,25.0104803 ]
    },
    "properties": {
    "city":"新北市",
    "name":"益昌車業行",
    "address":"220新北市板橋區西門街24號"
    }
  },
  {
    "type": "Feature",
    "geometry": {
       "type": "Point",
       "coordinates":  [ 121.4654263,25.0206384 ]
    },
    "properties": {
    "city":"新北市",
    "name":"國防部福利事業管理處板橋福利站",
    "address":"220新北市板橋區文化路一段311之1號"
    }
  },
  {
    "type": "Feature",
    "geometry": {
       "type": "Point",
       "coordinates":  [ 121.5246354,25.0028339 ]
    },
    "properties": {
    "city":"新北市",
    "name":"國防部福利總處秀朗福利站",
    "address":"234新北市永和區永利路248號2樓"
    }
  },
  {
    "type": "Feature",
    "geometry": {
       "type": "Point",
       "coordinates":  [ 121.4864958,25.0576073 ]
    },
    "properties": {
    "city":"新北市",
    "name":"國都豐田汽車三重營業所",
    "address":"241新北市三重區重陽路一段10號"
    }
  },
  {
    "type": "Feature",
    "geometry": {
       "type": "Point",
       "coordinates":  [ 121.438756,24.970159 ]
    },
    "properties": {
    "city":"新北市",
    "name":"國都豐田汽車土城營業所",
    "address":"236新北市土城區中央路三段4號"
    }
  },
  {
    "type": "Feature",
    "geometry": {
       "type": "Point",
       "coordinates":  [ 121.4846696,25.0053479 ]
    },
    "properties": {
    "city":"新北市",
    "name":"國都豐田汽車中和營業所",
    "address":"235新北市中和區中正路860號"
    }
  },
  {
    "type": "Feature",
    "geometry": {
       "type": "Point",
       "coordinates":  [ 121.4242343,25.0289701 ]
    },
    "properties": {
    "city":"新北市",
    "name":"國都豐田汽車丹鳳營業所",
    "address":"242新北市新莊區中正路717號"
    }
  },
  {
    "type": "Feature",
    "geometry": {
       "type": "Point",
       "coordinates":  [ 121.5044097,25.0102004 ]
    },
    "properties": {
    "city":"新北市",
    "name":"國都豐田汽車北永和營業所",
    "address":"234新北市永和區保生路55號"
    }
  },
  {
    "type": "Feature",
    "geometry": {
       "type": "Point",
       "coordinates":  [ 121.3703262,25.0693644 ]
    },
    "properties": {
    "city":"新北市",
    "name":"國都豐田汽車林口營業所",
    "address":"244新北市林口區文化一路一段35號"
    }
  },
  {
    "type": "Feature",
    "geometry": {
       "type": "Point",
       "coordinates":  [ 121.4809556,25.0199365 ]
    },
    "properties": {
    "city":"新北市",
    "name":"國都豐田汽車埔墘營業所",
    "address":"220新北市板橋區中山路二段421號"
    }
  },
  {
    "type": "Feature",
    "geometry": {
       "type": "Point",
       "coordinates":  [ 121.4458912,25.1678474 ]
    },
    "properties": {
    "city":"新北市",
    "name":"國都豐田汽車淡水營業所",
    "address":"251新北市淡水區中正東路2段91號"
    }
  },
  {
    "type": "Feature",
    "geometry": {
       "type": "Point",
       "coordinates":  [ 121.4599002,25.0388672 ]
    },
    "properties": {
    "city":"新北市",
    "name":"國都豐田汽車新莊營業所",
    "address":"242新北市新莊區中正路70號之2"
    }
  },
  {
    "type": "Feature",
    "geometry": {
       "type": "Point",
       "coordinates":  [ 121.4270148,25.0027146 ]
    },
    "properties": {
    "city":"新北市",
    "name":"國都豐田汽車樹林營業所",
    "address":"238新北市樹林區大安路40 號"
    }
  },
  {
    "type": "Feature",
    "geometry": {
       "type": "Point",
       "coordinates":  [ 121.481019,25.0830758 ]
    },
    "properties": {
    "city":"新北市",
    "name":"國都豐田汽車蘆洲營業所",
    "address":"247新北市蘆洲區集賢路281號"
    }
  },
  {
    "type": "Feature",
    "geometry": {
       "type": "Point",
       "coordinates":  [ 121.3520503,24.9507674 ]
    },
    "properties": {
    "city":"新北市",
    "name":"國都豐田汽車鶯歌營業所",
    "address":"239新北市鶯歌區文化路146號"
    }
  },
  {
    "type": "Feature",
    "geometry": {
       "type": "Point",
       "coordinates":  [ 121.4406061,25.0536108 ]
    },
    "properties": {
    "city":"新北市",
    "name":"莊德流行傢俱館",
    "address":"242新北市新莊區新北大道4段389-2號"
    }
  },
  {
    "type": "Feature",
    "geometry": {
       "type": "Point",
       "coordinates":  [ 121.4645739,25.0037672 ]
    },
    "properties": {
    "city":"新北市",
    "name":"通天車業有限公司",
    "address":"220新北市板橋區實踐路171號"
    }
  },
  {
    "type": "Feature",
    "geometry": {
       "type": "Point",
       "coordinates":  [ 121.4972477,25.0005991 ]
    },
    "properties": {
    "city":"新北市",
    "name":"速成車業行",
    "address":"235新北市中和區景平路595號"
    }
  },
  {
    "type": "Feature",
    "geometry": {
       "type": "Point",
       "coordinates":  [ 121.4734235,25.0005255 ]
    },
    "properties": {
    "city":"新北市",
    "name":"勝明機車行",
    "address":"235新北市中和區民享街86巷23號"
    }
  },
  {
    "type": "Feature",
    "geometry": {
       "type": "Point",
       "coordinates":  [ 121.4644994,25.0265864 ]
    },
    "properties": {
    "city":"新北市",
    "name":"勝國機車行",
    "address":"220新北市板橋區四維路176號"
    }
  },
  {
    "type": "Feature",
    "geometry": {
       "type": "Point",
       "coordinates":  [ 121.4684944,25.0275952 ]
    },
    "properties": {
    "city":"新北市",
    "name":"勝賓車業行",
    "address":"220新北市板橋區松江街55號"
    }
  },
  {
    "type": "Feature",
    "geometry": {
       "type": "Point",
       "coordinates":  [ 121.3824533,24.9448544 ]
    },
    "properties": {
    "city":"新北市",
    "name":"勝龍車業行",
    "address":"238新北市樹林區大成路3號"
    }
  },
  {
    "type": "Feature",
    "geometry": {
       "type": "Point",
       "coordinates":  [ 121.5187743,24.97131 ]
    },
    "properties": {
    "city":"新北市",
    "name":"博達汽車股份有限公司新店分公司",
    "address":"231新北市新店區安和路2段119號"
    }
  },
  {
    "type": "Feature",
    "geometry": {
       "type": "Point",
       "coordinates":  [ 121.515453,25.0002482 ]
    },
    "properties": {
    "city":"新北市",
    "name":"富元車業有限公司",
    "address":"234新北市永和區得和路26號"
    }
  },
  {
    "type": "Feature",
    "geometry": {
       "type": "Point",
       "coordinates":  [ 121.4801496,25.0308158 ]
    },
    "properties": {
    "city":"新北市",
    "name":"晶展車業行",
    "address":"220新北市板橋區懷德街139巷20弄1號"
    }
  },
  {
    "type": "Feature",
    "geometry": {
       "type": "Point",
       "coordinates":  [ 121.5052791,24.9951563 ]
    },
    "properties": {
    "city":"新北市",
    "name":"景發車業有限公司",
    "address":"235新北市中和區景安路116號"
    }
  },
  {
    "type": "Feature",
    "geometry": {
       "type": "Point",
       "coordinates":  [ 121.509965,25.0064852 ]
    },
    "properties": {
    "city":"新北市",
    "name":"景騛機車行",
    "address":"234新北市永和區永貞路313號"
    }
  },
  {
    "type": "Feature",
    "geometry": {
       "type": "Point",
       "coordinates":  [ 121.4963161,25.0667698 ]
    },
    "properties": {
    "city":"新北市",
    "name":"棉花田三重正義門市",
    "address":"241新北市三重區正義北路188號"
    }
  },
  {
    "type": "Feature",
    "geometry": {
       "type": "Point",
       "coordinates":  [ 121.3802038,24.9462881 ]
    },
    "properties": {
    "city":"新北市",
    "name":"棉花田三峽大雅門市",
    "address":"238新北市樹林區大雅路266號"
    }
  },
  {
    "type": "Feature",
    "geometry": {
       "type": "Point",
       "coordinates":  [ 121.4522638,24.985008 ]
    },
    "properties": {
    "city":"新北市",
    "name":"棉花田土城學府門市",
    "address":"236新北市土城區學府路一段185號1樓"
    }
  },
  {
    "type": "Feature",
    "geometry": {
       "type": "Point",
       "coordinates":  [ 121.5103046,24.9894109 ]
    },
    "properties": {
    "city":"新北市",
    "name":"棉花田中和興南門市",
    "address":"235新北市中和區興南路一段63號"
    }
  },
  {
    "type": "Feature",
    "geometry": {
       "type": "Point",
       "coordinates":  [ 121.5117126,25.0032249 ]
    },
    "properties": {
    "city":"新北市",
    "name":"棉花田生機園地中和永安門市",
    "address":"235新北市中和區中和路422號"
    }
  },
  {
    "type": "Feature",
    "geometry": {
       "type": "Point",
       "coordinates":  [ 121.5156356,24.9972286 ]
    },
    "properties": {
    "city":"新北市",
    "name":"棉花田生機園地永和中正門市-",
    "address":"234新北市永和區中正路198號"
    }
  },
  {
    "type": "Feature",
    "geometry": {
       "type": "Point",
       "coordinates":  [ 121.4627576,25.0130994 ]
    },
    "properties": {
    "city":"新北市",
    "name":"棉花田生機園地板橋府中門市",
    "address":"220新北市板橋區文化路1段9號"
    }
  },
  {
    "type": "Feature",
    "geometry": {
       "type": "Point",
       "coordinates":  [ 121.5431763,24.9779823 ]
    },
    "properties": {
    "city":"新北市",
    "name":"棉花田生機園地股份有限公司北新門市",
    "address":"231新北市新店區北新路2段252-2號"
    }
  },
  {
    "type": "Feature",
    "geometry": {
       "type": "Point",
       "coordinates":  [ 121.5141916,25.0120499 ]
    },
    "properties": {
    "city":"新北市",
    "name":"棉花田生機園地股份有限公司頂溪門市",
    "address":"234新北市永和區信義路9號"
    }
  },
  {
    "type": "Feature",
    "geometry": {
       "type": "Point",
       "coordinates":  [ 121.5398161,24.9681189 ]
    },
    "properties": {
    "city":"新北市",
    "name":"棉花田生機園地新店中華門市",
    "address":"231新北市新店區中華路63號"
    }
  },
  {
    "type": "Feature",
    "geometry": {
       "type": "Point",
       "coordinates":  [ 121.5395692,24.9729307 ]
    },
    "properties": {
    "city":"新北市",
    "name":"棉花田生機園地新店門市",
    "address":"231新北市新店區中正路219號"
    }
  },
  {
    "type": "Feature",
    "geometry": {
       "type": "Point",
       "coordinates":  [ 121.4449748,25.0454105 ]
    },
    "properties": {
    "city":"新北市",
    "name":"棉花田生機園地新莊中平門市",
    "address":"242新北市新莊區中平路92巷4號"
    }
  },
  {
    "type": "Feature",
    "geometry": {
       "type": "Point",
       "coordinates":  [ 121.5428409,24.9529757 ]
    },
    "properties": {
    "city":"新北市",
    "name":"棉花田生機園地碧潭門市",
    "address":"231新北市新店區北?路一段8號"
    }
  },
  {
    "type": "Feature",
    "geometry": {
       "type": "Point",
       "coordinates":  [ 121.5212706,25.0079196 ]
    },
    "properties": {
    "city":"新北市",
    "name":"棉花田生機園地福和門市",
    "address":"234新北市永和區福和路162號"
    }
  },
  {
    "type": "Feature",
    "geometry": {
       "type": "Point",
       "coordinates":  [ 121.4673306,25.0229702 ]
    },
    "properties": {
    "city":"新北市",
    "name":"棉花田板橋新埔門市",
    "address":"220新北市板橋區文化路一段435巷11號"
    }
  },
  {
    "type": "Feature",
    "geometry": {
       "type": "Point",
       "coordinates":  [ 121.4609226,25.136449 ]
    },
    "properties": {
    "city":"新北市",
    "name":"棉花田淡水民族門市",
    "address":"251新北市淡水區民族路14號"
    }
  },
  {
    "type": "Feature",
    "geometry": {
       "type": "Point",
       "coordinates":  [ 121.534756,24.9721639 ]
    },
    "properties": {
    "city":"新北市",
    "name":"棉花田新店三民門市",
    "address":"231新北市新店區三民路119號"
    }
  },
  {
    "type": "Feature",
    "geometry": {
       "type": "Point",
       "coordinates":  [ 121.5287993,24.9746854 ]
    },
    "properties": {
    "city":"新北市",
    "name":"棉花田新店中央門市",
    "address":"231新北市新店區中央五街30號"
    }
  },
  {
    "type": "Feature",
    "geometry": {
       "type": "Point",
       "coordinates":  [ 121.4490066,25.034867 ]
    },
    "properties": {
    "city":"新北市",
    "name":"棉花田新莊新泰門市",
    "address":"242新北市新莊區新泰路97號"
    }
  },
  {
    "type": "Feature",
    "geometry": {
       "type": "Point",
       "coordinates":  [ 121.374535,24.9436086 ]
    },
    "properties": {
    "city":"新北市",
    "name":"湧德傢俱生活館",
    "address":"237新北市三峽區大學路129號1樓"
    }
  },
  {
    "type": "Feature",
    "geometry": {
       "type": "Point",
       "coordinates":  [ 121.5241052,25.0065718 ]
    },
    "properties": {
    "city":"新北市",
    "name":"翔龍機車行",
    "address":"234新北市永和區國中路102號"
    }
  },
  {
    "type": "Feature",
    "geometry": {
       "type": "Point",
       "coordinates":  [ 121.4691954,25.0218772 ]
    },
    "properties": {
    "city":"新北市",
    "name":"華民車業行",
    "address":"220新北市板橋區民生路二段222號"
    }
  },
  {
    "type": "Feature",
    "geometry": {
       "type": "Point",
       "coordinates":  [ 121.4722526,25.0212524 ]
    },
    "properties": {
    "city":"新北市",
    "name":"華豐機車行",
    "address":"220新北市板橋區莊敬路214號1樓"
    }
  },
  {
    "type": "Feature",
    "geometry": {
       "type": "Point",
       "coordinates":  [ 121.4120657,25.1584463 ]
    },
    "properties": {
    "city":"新北市",
    "name":"萊爾富國際股份有限公司-北縣八里店",
    "address":"249新北市八里區中山路一段177號"
    }
  },
  {
    "type": "Feature",
    "geometry": {
       "type": "Point",
       "coordinates":  [ 121.482149,25.0744428 ]
    },
    "properties": {
    "city":"新北市",
    "name":"萊爾富國際股份有限公司-北縣力福店",
    "address":"241新北市三重區力行路二段51號"
    }
  },
  {
    "type": "Feature",
    "geometry": {
       "type": "Point",
       "coordinates":  [ 121.4133484,25.1592093 ]
    },
    "properties": {
    "city":"新北市",
    "name":"萊爾富國際股份有限公司-北縣十三行店",
    "address":"249新北市八里區埤頭村中山路一段131號1樓"
    }
  },
  {
    "type": "Feature",
    "geometry": {
       "type": "Point",
       "coordinates":  [ 121.4852514,25.0631585 ]
    },
    "properties": {
    "city":"新北市",
    "name":"萊爾富國際股份有限公司-北縣三民店",
    "address":"241新北市三重區三民街100,102號"
    }
  },
  {
    "type": "Feature",
    "geometry": {
       "type": "Point",
       "coordinates":  [ 121.4924157,25.0735888 ]
    },
    "properties": {
    "city":"新北市",
    "name":"萊爾富國際股份有限公司-北縣三和二店",
    "address":"241新北市三重區三和路三段137號"
    }
  },
  {
    "type": "Feature",
    "geometry": {
       "type": "Point",
       "coordinates":  [ 121.366849,24.9386486 ]
    },
    "properties": {
    "city":"新北市",
    "name":"萊爾富國際股份有限公司-北縣三勇店",
    "address":"237新北市三峽區大勇路2之1號"
    }
  },
  {
    "type": "Feature",
    "geometry": {
       "type": "Point",
       "coordinates":  [ 121.4976467,25.0622695 ]
    },
    "properties": {
    "city":"新北市",
    "name":"萊爾富國際股份有限公司-北縣三重店",
    "address":"241新北市三重區重新路二段29號"
    }
  },
  {
    "type": "Feature",
    "geometry": {
       "type": "Point",
       "coordinates":  [ 121.365888,24.9097843 ]
    },
    "properties": {
    "city":"新北市",
    "name":"萊爾富國際股份有限公司-北縣三埔店",
    "address":"237新北市三峽區中正路二段331-1號"
    }
  },
  {
    "type": "Feature",
    "geometry": {
       "type": "Point",
       "coordinates":  [ 121.374877,24.929841 ]
    },
    "properties": {
    "city":"新北市",
    "name":"萊爾富國際股份有限公司-北縣三峽店",
    "address":"237新北市三峽區中正路一段75-1號"
    }
  },
  {
    "type": "Feature",
    "geometry": {
       "type": "Point",
       "coordinates":  [ 121.4933028,25.0782691 ]
    },
    "properties": {
    "city":"新北市",
    "name":"萊爾富國際股份有限公司-北縣三愛三店",
    "address":"241新北市三重區仁愛街253號"
    }
  },
  {
    "type": "Feature",
    "geometry": {
       "type": "Point",
       "coordinates":  [ 121.4909277,25.0809234 ]
    },
    "properties": {
    "city":"新北市",
    "name":"萊爾富國際股份有限公司-北縣三愛店",
    "address":"241新北市三重區仁愛街390號"
    }
  },
  {
    "type": "Feature",
    "geometry": {
       "type": "Point",
       "coordinates":  [ 121.3725139,24.936049 ]
    },
    "properties": {
    "city":"新北市",
    "name":"萊爾富國際股份有限公司-北縣三豐店",
    "address":"237新北市三峽區文化路63號,65巷2號"
    }
  },
  {
    "type": "Feature",
    "geometry": {
       "type": "Point",
       "coordinates":  [ 121.4947097,25.0637489 ]
    },
    "properties": {
    "city":"新北市",
    "name":"萊爾富國際股份有限公司-北縣大同北店",
    "address":"241新北市三重區大同北路91號                          "
    }
  },
  {
    "type": "Feature",
    "geometry": {
       "type": "Point",
       "coordinates":  [ 121.764891,25.10217 ]
    },
    "properties": {
    "city":"新北市",
    "name":"萊爾富國際股份有限公司-北縣大埔店",
    "address":"224新北市瑞芳區大埔路178號"
    }
  },
  {
    "type": "Feature",
    "geometry": {
       "type": "Point",
       "coordinates":  [ 121.3459988,24.9726987 ]
    },
    "properties": {
    "city":"新北市",
    "name":"萊爾富國際股份有限公司-北縣大湖店",
    "address":"239新北市鶯歌區大湖路366號,中湖街2號"
    }
  },
  {
    "type": "Feature",
    "geometry": {
       "type": "Point",
       "coordinates":  [ 121.4426406,24.999162 ]
    },
    "properties": {
    "city":"新北市",
    "name":"萊爾富國際股份有限公司-北縣大興店",
    "address":"220新北市板橋區大觀路二段142之2號"
    }
  },
  {
    "type": "Feature",
    "geometry": {
       "type": "Point",
       "coordinates":  [ 121.4691051,25.0522868 ]
    },
    "properties": {
    "city":"新北市",
    "name":"萊爾富國際股份有限公司-北縣中北店",
    "address":"241新北市三重區中興北街153號"
    }
  },
  {
    "type": "Feature",
    "geometry": {
       "type": "Point",
       "coordinates":  [ 121.5002606,25.0661996 ]
    },
    "properties": {
    "city":"新北市",
    "name":"萊爾富國際股份有限公司-北縣中央北店",
    "address":"241新北市三重區中央北路68號"
    }
  },
  {
    "type": "Feature",
    "geometry": {
       "type": "Point",
       "coordinates":  [ 121.5013296,25.0629984 ]
    },
    "properties": {
    "city":"新北市",
    "name":"萊爾富國際股份有限公司-北縣中央南店",
    "address":"241新北市三重區中央南路8號"
    }
  },
  {
    "type": "Feature",
    "geometry": {
       "type": "Point",
       "coordinates":  [ 121.4720484,25.0717271 ]
    },
    "properties": {
    "city":"新北市",
    "name":"萊爾富國際股份有限公司-北縣中正北店",
    "address":"241新北市三重區中正北路518號"
    }
  },
  {
    "type": "Feature",
    "geometry": {
       "type": "Point",
       "coordinates":  [ 121.4510516,25.0507503 ]
    },
    "properties": {
    "city":"新北市",
    "name":"萊爾富國際股份有限公司-北縣中信店",
    "address":"242新北市新莊區中信街21號"
    }
  },
  {
    "type": "Feature",
    "geometry": {
       "type": "Point",
       "coordinates":  [ 121.4864906,25.0644769 ]
    },
    "properties": {
    "city":"新北市",
    "name":"萊爾富國際股份有限公司-北縣中陽二店",
    "address":"241新北市三重區中正北路66號"
    }
  },
  {
    "type": "Feature",
    "geometry": {
       "type": "Point",
       "coordinates":  [ 121.4890265,25.0633192 ]
    },
    "properties": {
    "city":"新北市",
    "name":"萊爾富國際股份有限公司-北縣中陽店",
    "address":"241新北市三重區中正北路105號"
    }
  },
  {
    "type": "Feature",
    "geometry": {
       "type": "Point",
       "coordinates":  [ 121.4692395,25.0573463 ]
    },
    "properties": {
    "city":"新北市",
    "name":"萊爾富國際股份有限公司-北縣中興二店",
    "address":"241新北市三重區中興北街195,197號"
    }
  },
  {
    "type": "Feature",
    "geometry": {
       "type": "Point",
       "coordinates":  [ 121.4695866,25.0493221 ]
    },
    "properties": {
    "city":"新北市",
    "name":"萊爾富國際股份有限公司-北縣中興北三店",
    "address":"241新北市三重區中興北街42號"
    }
  },
  {
    "type": "Feature",
    "geometry": {
       "type": "Point",
       "coordinates":  [ 121.4688952,25.05578 ]
    },
    "properties": {
    "city":"新北市",
    "name":"萊爾富國際股份有限公司-北縣中興北店",
    "address":"241新北市三重區中興北街134號"
    }
  },
  {
    "type": "Feature",
    "geometry": {
       "type": "Point",
       "coordinates":  [ 121.4482551,25.0639806 ]
    },
    "properties": {
    "city":"新北市",
    "name":"萊爾富國際股份有限公司-北縣五工店",
    "address":"248新北市五股區五工六路28號1樓"
    }
  },
  {
    "type": "Feature",
    "geometry": {
       "type": "Point",
       "coordinates":  [ 121.437794,25.0844348 ]
    },
    "properties": {
    "city":"新北市",
    "name":"萊爾富國際股份有限公司-北縣五正店",
    "address":"248新北市五股區成泰路二段91巷8號"
    }
  },
  {
    "type": "Feature",
    "geometry": {
       "type": "Point",
       "coordinates":  [ 121.4521903,25.06847 ]
    },
    "properties": {
    "city":"新北市",
    "name":"萊爾富國際股份有限公司-北縣五股店",
    "address":"248新北市五股區五權路42之1號"
    }
  },
  {
    "type": "Feature",
    "geometry": {
       "type": "Point",
       "coordinates":  [ 121.4530988,25.0641196 ]
    },
    "properties": {
    "city":"新北市",
    "name":"萊爾富國際股份有限公司-北縣五春店",
    "address":"248新北市五股區五工區五工五路18號"
    }
  },
  {
    "type": "Feature",
    "geometry": {
       "type": "Point",
       "coordinates":  [ 121.4424688,25.0900533 ]
    },
    "properties": {
    "city":"新北市",
    "name":"萊爾富國際股份有限公司-北縣五泰店",
    "address":"248新北市五股區西雲路1號"
    }
  },
  {
    "type": "Feature",
    "geometry": {
       "type": "Point",
       "coordinates":  [ 121.674324,25.080185 ]
    },
    "properties": {
    "city":"新北市",
    "name":"萊爾富國際股份有限公司-北縣五堵店",
    "address":"221新北市汐止區保一街41號"
    }
  },
  {
    "type": "Feature",
    "geometry": {
       "type": "Point",
       "coordinates":  [ 121.4932963,25.0819208 ]
    },
    "properties": {
    "city":"新北市",
    "name":"萊爾富國際股份有限公司-北縣五華二店",
    "address":"241新北市三重區五華街72號"
    }
  },
  {
    "type": "Feature",
    "geometry": {
       "type": "Point",
       "coordinates":  [ 121.4940511,25.0813222 ]
    },
    "properties": {
    "city":"新北市",
    "name":"萊爾富國際股份有限公司-北縣五華三店",
    "address":"241新北市三重區五華街60號"
    }
  },
  {
    "type": "Feature",
    "geometry": {
       "type": "Point",
       "coordinates":  [ 121.491309,25.084156 ]
    },
    "properties": {
    "city":"新北市",
    "name":"萊爾富國際股份有限公司-北縣五華店",
    "address":"241新北市三重區五華街125號"
    }
  },
  {
    "type": "Feature",
    "geometry": {
       "type": "Point",
       "coordinates":  [ 121.4676,25.0744709 ]
    },
    "properties": {
    "city":"新北市",
    "name":"萊爾富國際股份有限公司-北縣五維店",
    "address":"248新北市五股區四維路153號"
    }
  },
  {
    "type": "Feature",
    "geometry": {
       "type": "Point",
       "coordinates":  [ 121.4628238,25.0744054 ]
    },
    "properties": {
    "city":"新北市",
    "name":"萊爾富國際股份有限公司-北縣五興店",
    "address":"248新北市五股區中興路二段13號1樓"
    }
  },
  {
    "type": "Feature",
    "geometry": {
       "type": "Point",
       "coordinates":  [ 121.4785479,25.0342314 ]
    },
    "properties": {
    "city":"新北市",
    "name":"萊爾富國際股份有限公司-北縣仁化店",
    "address":"220新北市板橋區仁化街191號"
    }
  },
  {
    "type": "Feature",
    "geometry": {
       "type": "Point",
       "coordinates":  [ 121.4811855,25.0799428 ]
    },
    "properties": {
    "city":"新北市",
    "name":"萊爾富國際股份有限公司-北縣仁和店",
    "address":"241新北市三重區三和路四段233號"
    }
  },
  {
    "type": "Feature",
    "geometry": {
       "type": "Point",
       "coordinates":  [ 121.4873305,25.0829414 ]
    },
    "properties": {
    "city":"新北市",
    "name":"萊爾富國際股份有限公司-北縣仁華店",
    "address":"241新北市三重區溪尾街262號"
    }
  },
  {
    "type": "Feature",
    "geometry": {
       "type": "Point",
       "coordinates":  [ 121.4968587,25.0818142 ]
    },
    "properties": {
    "city":"新北市",
    "name":"萊爾富國際股份有限公司-北縣仁義二店",
    "address":"241新北市三重區仁義街209號"
    }
  },
  {
    "type": "Feature",
    "geometry": {
       "type": "Point",
       "coordinates":  [ 121.4998856,25.0760827 ]
    },
    "properties": {
    "city":"新北市",
    "name":"萊爾富國際股份有限公司-北縣仁興店",
    "address":"241新北市三重區仁興街39巷41.41-1.41-2號"
    }
  },
  {
    "type": "Feature",
    "geometry": {
       "type": "Point",
       "coordinates":  [ 121.4641744,25.0513044 ]
    },
    "properties": {
    "city":"新北市",
    "name":"萊爾富國際股份有限公司-北縣化成二店",
    "address":"242新北市新莊區化成路205號之1"
    }
  },
  {
    "type": "Feature",
    "geometry": {
       "type": "Point",
       "coordinates":  [ 121.498513,25.0668629 ]
    },
    "properties": {
    "city":"新北市",
    "name":"萊爾富國際股份有限公司-北縣文安店",
    "address":"241新北市三重區文化北路75號"
    }
  },
  {
    "type": "Feature",
    "geometry": {
       "type": "Point",
       "coordinates":  [ 121.5058648,25.0034067 ]
    },
    "properties": {
    "city":"新北市",
    "name":"萊爾富國際股份有限公司-北縣水源店",
    "address":"235新北市中和區水源路73號"
    }
  },
  {
    "type": "Feature",
    "geometry": {
       "type": "Point",
       "coordinates":  [ 121.6278129,25.0565742 ]
    },
    "properties": {
    "city":"新北市",
    "name":"萊爾富國際股份有限公司-北縣北山店",
    "address":"221新北市汐止區南陽街261號"
    }
  },
  {
    "type": "Feature",
    "geometry": {
       "type": "Point",
       "coordinates":  [ 121.4927324,25.0614589 ]
    },
    "properties": {
    "city":"新北市",
    "name":"萊爾富國際股份有限公司-北縣台汽店",
    "address":"241新北市三重區中正北路23號"
    }
  },
  {
    "type": "Feature",
    "geometry": {
       "type": "Point",
       "coordinates":  [ 121.5047248,24.9931392 ]
    },
    "properties": {
    "city":"新北市",
    "name":"萊爾富國際股份有限公司-北縣平安店",
    "address":"235新北市中和區景安路152號"
    }
  },
  {
    "type": "Feature",
    "geometry": {
       "type": "Point",
       "coordinates":  [ 121.4903518,24.994417 ]
    },
    "properties": {
    "city":"新北市",
    "name":"萊爾富國際股份有限公司-北縣平和店",
    "address":"235新北市中和區錦和路216號"
    }
  },
  {
    "type": "Feature",
    "geometry": {
       "type": "Point",
       "coordinates":  [ 121.4954508,25.069146 ]
    },
    "properties": {
    "city":"新北市",
    "name":"萊爾富國際股份有限公司-北縣正義店",
    "address":"241新北市三重區正義北路280號"
    }
  },
  {
    "type": "Feature",
    "geometry": {
       "type": "Point",
       "coordinates":  [ 121.4661067,25.0256596 ]
    },
    "properties": {
    "city":"新北市",
    "name":"萊爾富國際股份有限公司-北縣民生店",
    "address":"220新北市板橋區民生路三段119號"
    }
  },
  {
    "type": "Feature",
    "geometry": {
       "type": "Point",
       "coordinates":  [ 121.4616274,25.1360954 ]
    },
    "properties": {
    "city":"新北市",
    "name":"萊爾富國際股份有限公司-北縣民族店",
    "address":"251新北市淡水區竹圍里民族路48號"
    }
  },
  {
    "type": "Feature",
    "geometry": {
       "type": "Point",
       "coordinates":  [ 121.5153965,25.0140892 ]
    },
    "properties": {
    "city":"新北市",
    "name":"萊爾富國際股份有限公司-北縣永任店",
    "address":"234新北市永和區永和路二段217號1樓"
    }
  },
  {
    "type": "Feature",
    "geometry": {
       "type": "Point",
       "coordinates":  [ 121.5204757,24.9861908 ]
    },
    "properties": {
    "city":"新北市",
    "name":"萊爾富國際股份有限公司-北縣永安店",
    "address":"231新北市新店區新和街75號"
    }
  },
  {
    "type": "Feature",
    "geometry": {
       "type": "Point",
       "coordinates":  [ 121.5172356,25.0058623 ]
    },
    "properties": {
    "city":"新北市",
    "name":"萊爾富國際股份有限公司-北縣永利店",
    "address":"234新北市永和區中正路560號"
    }
  },
  {
    "type": "Feature",
    "geometry": {
       "type": "Point",
       "coordinates":  [ 121.4653091,24.9847428 ]
    },
    "properties": {
    "city":"新北市",
    "name":"萊爾富國際股份有限公司-北縣永明店",
    "address":"236新北市土城區明德路一段51號"
    }
  },
  {
    "type": "Feature",
    "geometry": {
       "type": "Point",
       "coordinates":  [ 121.5174291,25.0042044 ]
    },
    "properties": {
    "city":"新北市",
    "name":"萊爾富國際股份有限公司-北縣永貞店",
    "address":"234新北市永和區中正路500號"
    }
  },
  {
    "type": "Feature",
    "geometry": {
       "type": "Point",
       "coordinates":  [ 121.5263165,24.9978214 ]
    },
    "properties": {
    "city":"新北市",
    "name":"萊爾富國際股份有限公司-北縣永朗店",
    "address":"234新北市永和區秀朗路二段293號"
    }
  },
  {
    "type": "Feature",
    "geometry": {
       "type": "Point",
       "coordinates":  [ 121.5109143,25.0089119 ]
    },
    "properties": {
    "city":"新北市",
    "name":"萊爾富國際股份有限公司-北縣永富店",
    "address":"234新北市永和區和平里永平路164號1樓"
    }
  },
  {
    "type": "Feature",
    "geometry": {
       "type": "Point",
       "coordinates":  [ 121.4793885,25.0774706 ]
    },
    "properties": {
    "city":"新北市",
    "name":"萊爾富國際股份有限公司-北縣永福店",
    "address":"241新北市三重區永福街101號"
    }
  },
  {
    "type": "Feature",
    "geometry": {
       "type": "Point",
       "coordinates":  [ 121.5258084,25.0077896 ]
    },
    "properties": {
    "city":"新北市",
    "name":"萊爾富國際股份有限公司-北縣永遠店",
    "address":"234新北市永和區福和路7巷11弄16號"
    }
  },
  {
    "type": "Feature",
    "geometry": {
       "type": "Point",
       "coordinates":  [ 121.5185493,25.0135884 ]
    },
    "properties": {
    "city":"新北市",
    "name":"萊爾富國際股份有限公司-北縣永鑽店",
    "address":"234新北市永和區竹林路69號1樓"
    }
  },
  {
    "type": "Feature",
    "geometry": {
       "type": "Point",
       "coordinates":  [ 121.4834462,25.064258 ]
    },
    "properties": {
    "city":"新北市",
    "name":"萊爾富國際股份有限公司-北縣田心店",
    "address":"241新北市三重區忠孝路三段50巷98號"
    }
  },
  {
    "type": "Feature",
    "geometry": {
       "type": "Point",
       "coordinates":  [ 121.4722678,25.0558633 ]
    },
    "properties": {
    "city":"新北市",
    "name":"萊爾富國際股份有限公司-北縣田倉店",
    "address":"241新北市三重區光復路二段51號"
    }
  },
  {
    "type": "Feature",
    "geometry": {
       "type": "Point",
       "coordinates":  [ 121.4450624,25.0919689 ]
    },
    "properties": {
    "city":"新北市",
    "name":"萊爾富國際股份有限公司-北縣成泰店",
    "address":"248新北市五股區成泰路三段165號"
    }
  },
  {
    "type": "Feature",
    "geometry": {
       "type": "Point",
       "coordinates":  [ 121.4654914,25.0012006 ]
    },
    "properties": {
    "city":"新北市",
    "name":"萊爾富國際股份有限公司-北縣成都店",
    "address":"220新北市板橋區重慶路245巷61號"
    }
  },
  {
    "type": "Feature",
    "geometry": {
       "type": "Point",
       "coordinates":  [ 121.4739272,25.0314407 ]
    },
    "properties": {
    "city":"新北市",
    "name":"萊爾富國際股份有限公司-北縣江翠店",
    "address":"220新北市板橋區文化路二段408號"
    }
  },
  {
    "type": "Feature",
    "geometry": {
       "type": "Point",
       "coordinates":  [ 121.6252709,25.0785829 ]
    },
    "properties": {
    "city":"新北市",
    "name":"萊爾富國際股份有限公司-北縣汐忠店",
    "address":"221新北市汐止區忠三街19號1樓"
    }
  },
  {
    "type": "Feature",
    "geometry": {
       "type": "Point",
       "coordinates":  [ 121.648089,25.060899 ]
    },
    "properties": {
    "city":"新北市",
    "name":"萊爾富國際股份有限公司-北縣汐科店",
    "address":"221新北市汐止區新台五路一段94號1樓(東方科學園區)"
    }
  },
  {
    "type": "Feature",
    "geometry": {
       "type": "Point",
       "coordinates":  [ 121.632307,25.0640156 ]
    },
    "properties": {
    "city":"新北市",
    "name":"萊爾富國際股份有限公司-北縣汐福店",
    "address":"221新北市汐止區福德一路270號"
    }
  },
  {
    "type": "Feature",
    "geometry": {
       "type": "Point",
       "coordinates":  [ 121.6323337,25.0649594 ]
    },
    "properties": {
    "city":"新北市",
    "name":"萊爾富國際股份有限公司-北縣汐德店",
    "address":"221新北市汐止區中興路156號"
    }
  },
  {
    "type": "Feature",
    "geometry": {
       "type": "Point",
       "coordinates":  [ 121.6346594,25.0574689 ]
    },
    "properties": {
    "city":"新北市",
    "name":"萊爾富國際股份有限公司-北縣汐鑽店",
    "address":"221新北市汐止區大同路一段282號"
    }
  },
  {
    "type": "Feature",
    "geometry": {
       "type": "Point",
       "coordinates":  [ 121.5059678,24.980271 ]
    },
    "properties": {
    "city":"新北市",
    "name":"萊爾富國際股份有限公司-北縣竹林店",
    "address":"235新北市中和區華新街143巷12號(竹林中學教學大樓一樓)"
    }
  },
  {
    "type": "Feature",
    "geometry": {
       "type": "Point",
       "coordinates":  [ 121.4529364,25.125573 ]
    },
    "properties": {
    "city":"新北市",
    "name":"萊爾富國際股份有限公司-北縣米倉店",
    "address":"249新北市八里區龍米路一段215.217號"
    }
  },
  {
    "type": "Feature",
    "geometry": {
       "type": "Point",
       "coordinates":  [ 121.4751466,25.003278 ]
    },
    "properties": {
    "city":"新北市",
    "name":"萊爾富國際股份有限公司-北縣自治店",
    "address":"235新北市中和區自治街38.40號"
    }
  },
  {
    "type": "Feature",
    "geometry": {
       "type": "Point",
       "coordinates":  [ 121.4455025,25.0939233 ]
    },
    "properties": {
    "city":"新北市",
    "name":"萊爾富國際股份有限公司-北縣西雲店",
    "address":"248新北市五股區西雲路134、134之1號一樓"
    }
  },
  {
    "type": "Feature",
    "geometry": {
       "type": "Point",
       "coordinates":  [ 121.6388648,25.0697173 ]
    },
    "properties": {
    "city":"新北市",
    "name":"萊爾富國際股份有限公司-北縣宏福店",
    "address":"221新北市汐止區福德一路6,10號"
    }
  },
  {
    "type": "Feature",
    "geometry": {
       "type": "Point",
       "coordinates":  [ 121.4839051,25.0714162 ]
    },
    "properties": {
    "city":"新北市",
    "name":"萊爾富國際股份有限公司-北縣車路頭店",
    "address":"241新北市三重區車路頭街35號"
    }
  },
  {
    "type": "Feature",
    "geometry": {
       "type": "Point",
       "coordinates":  [ 121.5221963,24.9933204 ]
    },
    "properties": {
    "city":"新北市",
    "name":"萊爾富國際股份有限公司-北縣和大店",
    "address":"235新北市中和區大智街55巷30弄58-1號"
    }
  },
  {
    "type": "Feature",
    "geometry": {
       "type": "Point",
       "coordinates":  [ 121.4838684,24.9996415 ]
    },
    "properties": {
    "city":"新北市",
    "name":"萊爾富國際股份有限公司-北縣和弘店",
    "address":"235新北市中和區新生街213號"
    }
  },
  {
    "type": "Feature",
    "geometry": {
       "type": "Point",
       "coordinates":  [ 121.4900342,25.0064802 ]
    },
    "properties": {
    "city":"新北市",
    "name":"萊爾富國際股份有限公司-北縣和立店",
    "address":"235新北市中和區立德街13-9號"
    }
  },
  {
    "type": "Feature",
    "geometry": {
       "type": "Point",
       "coordinates":  [ 121.4998257,25.0011469 ]
    },
    "properties": {
    "city":"新北市",
    "name":"萊爾富國際股份有限公司-北縣和泰店",
    "address":"235新北市中和區泰和街10號"
    }
  },
  {
    "type": "Feature",
    "geometry": {
       "type": "Point",
       "coordinates":  [ 121.472795,24.9991039 ]
    },
    "properties": {
    "city":"新北市",
    "name":"萊爾富國際股份有限公司-北縣和強店",
    "address":"235新北市中和區莒光路179號"
    }
  },
  {
    "type": "Feature",
    "geometry": {
       "type": "Point",
       "coordinates":  [ 121.5018475,24.998091 ]
    },
    "properties": {
    "city":"新北市",
    "name":"萊爾富國際股份有限公司-北縣和圓店",
    "address":"235新北市中和區圓通路2.4.6號"
    }
  },
  {
    "type": "Feature",
    "geometry": {
       "type": "Point",
       "coordinates":  [ 121.4809573,24.9941796 ]
    },
    "properties": {
    "city":"新北市",
    "name":"萊爾富國際股份有限公司-北縣和樂店",
    "address":"235新北市中和區員山路84號1樓"
    }
  },
  {
    "type": "Feature",
    "geometry": {
       "type": "Point",
       "coordinates":  [ 121.5088303,24.9988689 ]
    },
    "properties": {
    "city":"新北市",
    "name":"萊爾富國際股份有限公司-北縣宜安店",
    "address":"235新北市中和區宜安路161號"
    }
  },
  {
    "type": "Feature",
    "geometry": {
       "type": "Point",
       "coordinates":  [ 121.4565631,25.0095507 ]
    },
    "properties": {
    "city":"新北市",
    "name":"萊爾富國際股份有限公司-北縣府中店",
    "address":"220新北市板橋區府中路22/24號"
    }
  },
  {
    "type": "Feature",
    "geometry": {
       "type": "Point",
       "coordinates":  [ 121.4741819,25.0283564 ]
    },
    "properties": {
    "city":"新北市",
    "name":"萊爾富國際股份有限公司-北縣昇陽店",
    "address":"220新北市板橋區雙十路二段167號"
    }
  },
  {
    "type": "Feature",
    "geometry": {
       "type": "Point",
       "coordinates":  [ 121.3707147,25.0698169 ]
    },
    "properties": {
    "city":"新北市",
    "name":"萊爾富國際股份有限公司-北縣林達店",
    "address":"244新北市林口區文化一路一段43號"
    }
  },
  {
    "type": "Feature",
    "geometry": {
       "type": "Point",
       "coordinates":  [ 121.4769969,25.0266661 ]
    },
    "properties": {
    "city":"新北市",
    "name":"萊爾富國際股份有限公司-北縣板同店",
    "address":"220新北市板橋區大同街6號"
    }
  },
  {
    "type": "Feature",
    "geometry": {
       "type": "Point",
       "coordinates":  [ 121.454072,25.019818 ]
    },
    "properties": {
    "city":"新北市",
    "name":"萊爾富國際股份有限公司-北縣板好店",
    "address":"220新北市板橋區中正路341巷37號"
    }
  },
  {
    "type": "Feature",
    "geometry": {
       "type": "Point",
       "coordinates":  [ 121.4730837,25.0266987 ]
    },
    "properties": {
    "city":"新北市",
    "name":"萊爾富國際股份有限公司-北縣板成店",
    "address":"220新北市板橋區莊敬路77號"
    }
  },
  {
    "type": "Feature",
    "geometry": {
       "type": "Point",
       "coordinates":  [ 121.4614121,25.0269086 ]
    },
    "properties": {
    "city":"新北市",
    "name":"萊爾富國際股份有限公司-北縣板助店",
    "address":"220新北市板橋區新翠里互助街56號1樓"
    }
  },
  {
    "type": "Feature",
    "geometry": {
       "type": "Point",
       "coordinates":  [ 121.4668139,25.0311583 ]
    },
    "properties": {
    "city":"新北市",
    "name":"萊爾富國際股份有限公司-北縣板宏店",
    "address":"220新北市板橋區吳鳳路21巷2號1樓"
    }
  },
  {
    "type": "Feature",
    "geometry": {
       "type": "Point",
       "coordinates":  [ 121.4652404,25.0223046 ]
    },
    "properties": {
    "city":"新北市",
    "name":"萊爾富國際股份有限公司-北縣板明店",
    "address":"220新北市板橋區陽明街52號+自由路1號"
    }
  },
  {
    "type": "Feature",
    "geometry": {
       "type": "Point",
       "coordinates":  [ 121.5327985,25.0496195 ]
    },
    "properties": {
    "city":"新北市",
    "name":"萊爾富國際股份有限公司-北縣板松店",
    "address":"220新北市板橋區松江路74號"
    }
  },
  {
    "type": "Feature",
    "geometry": {
       "type": "Point",
       "coordinates":  [ 121.4788047,25.032826 ]
    },
    "properties": {
    "city":"新北市",
    "name":"萊爾富國際股份有限公司-北縣板治店",
    "address":"220新北市板橋區民治街52巷1.3號"
    }
  },
  {
    "type": "Feature",
    "geometry": {
       "type": "Point",
       "coordinates":  [ 121.4612299,24.9985667 ]
    },
    "properties": {
    "city":"新北市",
    "name":"萊爾富國際股份有限公司-北縣板美店",
    "address":"220新北市板橋區重慶路290巷9號"
    }
  },
  {
    "type": "Feature",
    "geometry": {
       "type": "Point",
       "coordinates":  [ 121.4458872,25.007964 ]
    },
    "properties": {
    "city":"新北市",
    "name":"萊爾富國際股份有限公司-北縣板盛店",
    "address":"220新北市板橋區僑中二街104巷2號1樓"
    }
  },
  {
    "type": "Feature",
    "geometry": {
       "type": "Point",
       "coordinates":  [ 121.469545,25.02513 ]
    },
    "properties": {
    "city":"新北市",
    "name":"萊爾富國際股份有限公司-北縣板莒店",
    "address":"220新北市板橋區文化路二段78號"
    }
  },
  {
    "type": "Feature",
    "geometry": {
       "type": "Point",
       "coordinates":  [ 121.4738396,25.0214237 ]
    },
    "properties": {
    "city":"新北市",
    "name":"萊爾富國際股份有限公司-北縣板莊店",
    "address":"220新北市板橋區莊敬路248號"
    }
  },
  {
    "type": "Feature",
    "geometry": {
       "type": "Point",
       "coordinates":  [ 121.4637594,25.0140885 ]
    },
    "properties": {
    "city":"新北市",
    "name":"萊爾富國際股份有限公司-北縣板速店",
    "address":"220新北市板橋區縣民大道二段7號B1"
    }
  },
  {
    "type": "Feature",
    "geometry": {
       "type": "Point",
       "coordinates":  [ 121.47556,25.012333 ]
    },
    "properties": {
    "city":"新北市",
    "name":"萊爾富國際股份有限公司-北縣板富店",
    "address":"220新北市板橋區板新路1號"
    }
  },
  {
    "type": "Feature",
    "geometry": {
       "type": "Point",
       "coordinates":  [ 121.4567998,25.005291 ]
    },
    "properties": {
    "city":"新北市",
    "name":"萊爾富國際股份有限公司-北縣板華店",
    "address":"220新北市板橋區華星里華興街90號1樓"
    }
  },
  {
    "type": "Feature",
    "geometry": {
       "type": "Point",
       "coordinates":  [ 121.4536939,25.0078976 ]
    },
    "properties": {
    "city":"新北市",
    "name":"萊爾富國際股份有限公司-北縣板雅店",
    "address":"220新北市板橋區南雅東路100巷3號"
    }
  },
  {
    "type": "Feature",
    "geometry": {
       "type": "Point",
       "coordinates":  [ 121.4705884,25.0314351 ]
    },
    "properties": {
    "city":"新北市",
    "name":"萊爾富國際股份有限公司-北縣板嘉店",
    "address":"220新北市板橋區雙十路三段29號"
    }
  },
  {
    "type": "Feature",
    "geometry": {
       "type": "Point",
       "coordinates":  [ 121.4716719,25.0321124 ]
    },
    "properties": {
    "city":"新北市",
    "name":"萊爾富國際股份有限公司-北縣板寧店",
    "address":"220新北市板橋區江寧路三段53號"
    }
  },
  {
    "type": "Feature",
    "geometry": {
       "type": "Point",
       "coordinates":  [ 121.4636791,25.02805 ]
    },
    "properties": {
    "city":"新北市",
    "name":"萊爾富國際股份有限公司-北縣板維店",
    "address":"220新北市板橋區明翠里四維路234號1樓"
    }
  },
  {
    "type": "Feature",
    "geometry": {
       "type": "Point",
       "coordinates":  [ 121.4301047,24.9938573 ]
    },
    "properties": {
    "city":"新北市",
    "name":"萊爾富國際股份有限公司-北縣板億店",
    "address":"220新北市板橋區崑崙里大觀路三段160巷31弄1號"
    }
  },
  {
    "type": "Feature",
    "geometry": {
       "type": "Point",
       "coordinates":  [ 121.4608596,25.0089955 ]
    },
    "properties": {
    "city":"新北市",
    "name":"萊爾富國際股份有限公司-北縣板震店",
    "address":"220新北市板橋區中山路一段50巷5號"
    }
  },
  {
    "type": "Feature",
    "geometry": {
       "type": "Point",
       "coordinates":  [ 121.4560605,25.0028497 ]
    },
    "properties": {
    "city":"新北市",
    "name":"萊爾富國際股份有限公司-北縣板興店",
    "address":"220新北市板橋區貴興路86號"
    }
  },
  {
    "type": "Feature",
    "geometry": {
       "type": "Point",
       "coordinates":  [ 121.4609947,25.0168924 ]
    },
    "properties": {
    "city":"新北市",
    "name":"萊爾富國際股份有限公司-北縣板館店",
    "address":"220新北市板橋區公館街110號 "
    }
  },
  {
    "type": "Feature",
    "geometry": {
       "type": "Point",
       "coordinates":  [ 121.4439105,25.0022441 ]
    },
    "properties": {
    "city":"新北市",
    "name":"萊爾富國際股份有限公司-北縣板龍店",
    "address":"220新北市板橋區龍興街73巷2號"
    }
  },
  {
    "type": "Feature",
    "geometry": {
       "type": "Point",
       "coordinates":  [ 121.4651279,25.0210986 ]
    },
    "properties": {
    "city":"新北市",
    "name":"萊爾富國際股份有限公司-北縣板駿店",
    "address":"220新北市板橋區文化路313號(致理技術學院)"
    }
  },
  {
    "type": "Feature",
    "geometry": {
       "type": "Point",
       "coordinates":  [ 121.4740343,25.0178694 ]
    },
    "properties": {
    "city":"新北市",
    "name":"萊爾富國際股份有限公司-北縣板豐店",
    "address":"220新北市板橋區永豐街51-1 ,51-2號  "
    }
  },
  {
    "type": "Feature",
    "geometry": {
       "type": "Point",
       "coordinates":  [ 121.471789,25.030573 ]
    },
    "properties": {
    "city":"新北市",
    "name":"萊爾富國際股份有限公司-北縣板雙店",
    "address":"220新北市板橋區雙十路三段12、14、16號"
    }
  },
  {
    "type": "Feature",
    "geometry": {
       "type": "Point",
       "coordinates":  [ 121.4629669,24.9959899 ]
    },
    "properties": {
    "city":"新北市",
    "name":"萊爾富國際股份有限公司-北縣板鑽店",
    "address":"220新北市板橋區國慶路180號"
    }
  },
  {
    "type": "Feature",
    "geometry": {
       "type": "Point",
       "coordinates":  [ 121.5038691,25.257735 ]
    },
    "properties": {
    "city":"新北市",
    "name":"萊爾富國際股份有限公司-北縣芝蘭店",
    "address":"252新北市三芝區中正路一段68號"
    }
  },
  {
    "type": "Feature",
    "geometry": {
       "type": "Point",
       "coordinates":  [ 121.4669982,25.0431037 ]
    },
    "properties": {
    "city":"新北市",
    "name":"萊爾富國際股份有限公司-北縣金陵店",
    "address":"241新北市三重區重新路五段656號(私立金陵女子高級中學)"
    }
  },
  {
    "type": "Feature",
    "geometry": {
       "type": "Point",
       "coordinates":  [ 121.6358028,25.2223536 ]
    },
    "properties": {
    "city":"新北市",
    "name":"萊爾富國際股份有限公司-北縣金陽店",
    "address":"208新北市金山鄉中正路26號"
    }
  },
  {
    "type": "Feature",
    "geometry": {
       "type": "Point",
       "coordinates":  [ 121.4571639,25.175999 ]
    },
    "properties": {
    "city":"新北市",
    "name":"萊爾富國際股份有限公司-北縣金龍店",
    "address":"251新北市淡水區水源街二段194號"
    }
  },
  {
    "type": "Feature",
    "geometry": {
       "type": "Point",
       "coordinates":  [ 121.4628206,25.0800979 ]
    },
    "properties": {
    "city":"新北市",
    "name":"萊爾富國際股份有限公司-北縣長安二店",
    "address":"247新北市蘆洲區長安街66號"
    }
  },
  {
    "type": "Feature",
    "geometry": {
       "type": "Point",
       "coordinates":  [ 121.5028449,25.0678455 ]
    },
    "properties": {
    "city":"新北市",
    "name":"萊爾富國際股份有限公司-北縣長濱店",
    "address":"241新北市三重區長安街120號"
    }
  },
  {
    "type": "Feature",
    "geometry": {
       "type": "Point",
       "coordinates":  [ 121.4460565,25.0128831 ]
    },
    "properties": {
    "city":"新北市",
    "name":"萊爾富國際股份有限公司-北縣阜康店",
    "address":"220新北市板橋區僑中一街102巷7弄19號"
    }
  },
  {
    "type": "Feature",
    "geometry": {
       "type": "Point",
       "coordinates":  [ 121.460519,24.9790053 ]
    },
    "properties": {
    "city":"新北市",
    "name":"萊爾富國際股份有限公司-北縣青雲二店",
    "address":"236新北市土城區青仁路27號"
    }
  },
  {
    "type": "Feature",
    "geometry": {
       "type": "Point",
       "coordinates":  [ 121.4596051,24.9715081 ]
    },
    "properties": {
    "city":"新北市",
    "name":"萊爾富國際股份有限公司-北縣青雲店",
    "address":"236新北市土城區青雲路585之2號"
    }
  },
  {
    "type": "Feature",
    "geometry": {
       "type": "Point",
       "coordinates":  [ 121.5044242,24.983899 ]
    },
    "properties": {
    "city":"新北市",
    "name":"萊爾富國際股份有限公司-北縣南勢店",
    "address":"235新北市中和區興南路二段118號"
    }
  },
  {
    "type": "Feature",
    "geometry": {
       "type": "Point",
       "coordinates":  [ 121.4516235,24.9862726 ]
    },
    "properties": {
    "city":"新北市",
    "name":"萊爾富國際股份有限公司-北縣城士店",
    "address":"236新北市土城區裕民路240.242號"
    }
  },
  {
    "type": "Feature",
    "geometry": {
       "type": "Point",
       "coordinates":  [ 121.442671,24.9749289 ]
    },
    "properties": {
    "city":"新北市",
    "name":"萊爾富國際股份有限公司-北縣城正店",
    "address":"236新北市土城區中正路8號"
    }
  },
  {
    "type": "Feature",
    "geometry": {
       "type": "Point",
       "coordinates":  [ 121.4704011,24.9863033 ]
    },
    "properties": {
    "city":"新北市",
    "name":"萊爾富國際股份有限公司-北縣城吉店",
    "address":"236新北市土城區延吉街96號1樓"
    }
  },
  {
    "type": "Feature",
    "geometry": {
       "type": "Point",
       "coordinates":  [ 121.4659422,24.9890761 ]
    },
    "properties": {
    "city":"新北市",
    "name":"萊爾富國際股份有限公司-北縣城和店",
    "address":"236新北市土城區安和里延和路64號1樓"
    }
  },
  {
    "type": "Feature",
    "geometry": {
       "type": "Point",
       "coordinates":  [ 121.4539757,24.9865414 ]
    },
    "properties": {
    "city":"新北市",
    "name":"萊爾富國際股份有限公司-北縣城府店",
    "address":"236新北市土城區學府路一段139.141號"
    }
  },
  {
    "type": "Feature",
    "geometry": {
       "type": "Point",
       "coordinates":  [ 121.4676903,24.9848654 ]
    },
    "properties": {
    "city":"新北市",
    "name":"萊爾富國際股份有限公司-北縣城堡店",
    "address":"236新北市土城區延吉街251號"
    }
  },
  {
    "type": "Feature",
    "geometry": {
       "type": "Point",
       "coordinates":  [ 121.4521405,24.985678 ]
    },
    "properties": {
    "city":"新北市",
    "name":"萊爾富國際股份有限公司-北縣城裕店",
    "address":"236新北市土城區裕民路162號"
    }
  },
  {
    "type": "Feature",
    "geometry": {
       "type": "Point",
       "coordinates":  [ 121.4553974,24.9932922 ]
    },
    "properties": {
    "city":"新北市",
    "name":"萊爾富國際股份有限公司-北縣城廣店",
    "address":"236新北市土城區廣明街50號1樓.B1"
    }
  },
  {
    "type": "Feature",
    "geometry": {
       "type": "Point",
       "coordinates":  [ 121.4508095,24.9884598 ]
    },
    "properties": {
    "city":"新北市",
    "name":"萊爾富國際股份有限公司-北縣城學店",
    "address":"236新北市土城區學成里學成路91巷2號1樓.B1"
    }
  },
  {
    "type": "Feature",
    "geometry": {
       "type": "Point",
       "coordinates":  [ 121.53866,24.9793639 ]
    },
    "properties": {
    "city":"新北市",
    "name":"萊爾富國際股份有限公司-北縣建國二店",
    "address":"231新北市新店區建國路154號"
    }
  },
  {
    "type": "Feature",
    "geometry": {
       "type": "Point",
       "coordinates":  [ 121.5382846,24.9741661 ]
    },
    "properties": {
    "city":"新北市",
    "name":"萊爾富國際股份有限公司-北縣建國店",
    "address":"231新北市新店區中正路282之10號"
    }
  },
  {
    "type": "Feature",
    "geometry": {
       "type": "Point",
       "coordinates":  [ 121.4925004,25.0652783 ]
    },
    "properties": {
    "city":"新北市",
    "name":"萊爾富國際股份有限公司-北縣重大店",
    "address":"241新北市三重區重陽里大仁街78號1樓"
    }
  },
  {
    "type": "Feature",
    "geometry": {
       "type": "Point",
       "coordinates":  [ 121.4966029,25.0579786 ]
    },
    "properties": {
    "city":"新北市",
    "name":"萊爾富國際股份有限公司-北縣重山店",
    "address":"241新北市三重區大同南路144號1樓"
    }
  },
  {
    "type": "Feature",
    "geometry": {
       "type": "Point",
       "coordinates":  [ 121.4940908,25.0587525 ]
    },
    "properties": {
    "city":"新北市",
    "name":"萊爾富國際股份有限公司-北縣重化店",
    "address":"241新北市三重區仁化街118.120號"
    }
  },
  {
    "type": "Feature",
    "geometry": {
       "type": "Point",
       "coordinates":  [ 121.4808431,25.0683515 ]
    },
    "properties": {
    "city":"新北市",
    "name":"萊爾富國際股份有限公司-北縣重北店",
    "address":"241新北市三重區中正北路274號"
    }
  },
  {
    "type": "Feature",
    "geometry": {
       "type": "Point",
       "coordinates":  [ 121.4928825,25.0605107 ]
    },
    "properties": {
    "city":"新北市",
    "name":"萊爾富國際股份有限公司-北縣重正店",
    "address":"241新北市三重區重新路三段98號"
    }
  },
  {
    "type": "Feature",
    "geometry": {
       "type": "Point",
       "coordinates":  [ 121.4845035,25.0589132 ]
    },
    "properties": {
    "city":"新北市",
    "name":"萊爾富國際股份有限公司-北縣重民店",
    "address":"241新北市三重區三陽路59號"
    }
  },
  {
    "type": "Feature",
    "geometry": {
       "type": "Point",
       "coordinates":  [ 121.4823879,25.0783239 ]
    },
    "properties": {
    "city":"新北市",
    "name":"萊爾富國際股份有限公司-北縣重永店",
    "address":"241新北市三重區永福街11號"
    }
  },
  {
    "type": "Feature",
    "geometry": {
       "type": "Point",
       "coordinates":  [ 121.4997467,25.0679233 ]
    },
    "properties": {
    "city":"新北市",
    "name":"萊爾富國際股份有限公司-北縣重玉店",
    "address":"241新北市三重區中央北路132號"
    }
  },
  {
    "type": "Feature",
    "geometry": {
       "type": "Point",
       "coordinates":  [ 121.469445,25.0600019 ]
    },
    "properties": {
    "city":"新北市",
    "name":"萊爾富國際股份有限公司-北縣重光店",
    "address":"241新北市三重區光華路17號"
    }
  },
  {
    "type": "Feature",
    "geometry": {
       "type": "Point",
       "coordinates":  [ 121.4958764,25.0596442 ]
    },
    "properties": {
    "city":"新北市",
    "name":"萊爾富國際股份有限公司-北縣重安店",
    "address":"241新北市三重區大同南路69號"
    }
  },
  {
    "type": "Feature",
    "geometry": {
       "type": "Point",
       "coordinates":  [ 121.4956395,25.0730323 ]
    },
    "properties": {
    "city":"新北市",
    "name":"萊爾富國際股份有限公司-北縣重旺店",
    "address":"241新北市三重區尚德里仁愛街70號"
    }
  },
  {
    "type": "Feature",
    "geometry": {
       "type": "Point",
       "coordinates":  [ 121.4929117,25.068326 ]
    },
    "properties": {
    "city":"新北市",
    "name":"萊爾富國際股份有限公司-北縣重武店",
    "address":"241新北市三重區安慶街203之1號"
    }
  },
  {
    "type": "Feature",
    "geometry": {
       "type": "Point",
       "coordinates":  [ 121.5013534,25.0606258 ]
    },
    "properties": {
    "city":"新北市",
    "name":"萊爾富國際股份有限公司-北縣重治店",
    "address":"241新北市三重區中央南路93號"
    }
  },
  {
    "type": "Feature",
    "geometry": {
       "type": "Point",
       "coordinates":  [ 121.500126,25.062545 ]
    },
    "properties": {
    "city":"新北市",
    "name":"萊爾富國際股份有限公司-北縣重冠店",
    "address":"241新北市三重區文化南路8號"
    }
  },
  {
    "type": "Feature",
    "geometry": {
       "type": "Point",
       "coordinates":  [ 121.499383,25.0636945 ]
    },
    "properties": {
    "city":"新北市",
    "name":"萊爾富國際股份有限公司-北縣重盈店",
    "address":"241新北市三重區文化里文化北路10號1樓"
    }
  },
  {
    "type": "Feature",
    "geometry": {
       "type": "Point",
       "coordinates":  [ 121.4856081,25.0806598 ]
    },
    "properties": {
    "city":"新北市",
    "name":"萊爾富國際股份有限公司-北縣重美店",
    "address":"241新北市三重區慈愛里仁美街106號"
    }
  },
  {
    "type": "Feature",
    "geometry": {
       "type": "Point",
       "coordinates":  [ 121.4880747,25.0702248 ]
    },
    "properties": {
    "city":"新北市",
    "name":"萊爾富國際股份有限公司-北縣重國店",
    "address":"241新北市三重區自強路二段76號"
    }
  },
  {
    "type": "Feature",
    "geometry": {
       "type": "Point",
       "coordinates":  [ 121.495412,25.0662449 ]
    },
    "properties": {
    "city":"新北市",
    "name":"萊爾富國際股份有限公司-北縣重強店",
    "address":"241新北市三重區自強路一段164,166號"
    }
  },
  {
    "type": "Feature",
    "geometry": {
       "type": "Point",
       "coordinates":  [ 121.472468,25.050478 ]
    },
    "properties": {
    "city":"新北市",
    "name":"萊爾富國際股份有限公司-北縣重富店",
    "address":"241新北市三重區光復路一段85號、85-2號"
    }
  },
  {
    "type": "Feature",
    "geometry": {
       "type": "Point",
       "coordinates":  [ 121.4924201,25.0713606 ]
    },
    "properties": {
    "city":"新北市",
    "name":"萊爾富國際股份有限公司-北縣重陽二店",
    "address":"241新北市三重區重陽路四段132,134號"
    }
  },
  {
    "type": "Feature",
    "geometry": {
       "type": "Point",
       "coordinates":  [ 121.4865,25.055313 ]
    },
    "properties": {
    "city":"新北市",
    "name":"萊爾富國際股份有限公司-北縣重集店",
    "address":"241新北市三重區重新路四段176號"
    }
  },
  {
    "type": "Feature",
    "geometry": {
       "type": "Point",
       "coordinates":  [ 121.4922748,25.0796916 ]
    },
    "properties": {
    "city":"新北市",
    "name":"萊爾富國際股份有限公司-北縣重愛店",
    "address":"241新北市三重區仁愛街329號"
    }
  },
  {
    "type": "Feature",
    "geometry": {
       "type": "Point",
       "coordinates":  [ 121.4875818,25.0537736 ]
    },
    "properties": {
    "city":"新北市",
    "name":"萊爾富國際股份有限公司-北縣重新店",
    "address":"241新北市三重區重新路四段244巷40號"
    }
  },
  {
    "type": "Feature",
    "geometry": {
       "type": "Point",
       "coordinates":  [ 121.483274,25.063015 ]
    },
    "properties": {
    "city":"新北市",
    "name":"萊爾富國際股份有限公司-北縣重萬店",
    "address":"241新北市三重區中華路94號1樓"
    }
  },
  {
    "type": "Feature",
    "geometry": {
       "type": "Point",
       "coordinates":  [ 121.4833507,25.0606674 ]
    },
    "properties": {
    "city":"新北市",
    "name":"萊爾富國際股份有限公司-北縣重鈴店",
    "address":"241新北市三重區中華路18號"
    }
  },
  {
    "type": "Feature",
    "geometry": {
       "type": "Point",
       "coordinates":  [ 121.4841451,25.0748067 ]
    },
    "properties": {
    "city":"新北市",
    "name":"萊爾富國際股份有限公司-北縣重福店",
    "address":"241新北市三重區永福街258號"
    }
  },
  {
    "type": "Feature",
    "geometry": {
       "type": "Point",
       "coordinates":  [ 121.495457,25.0614445 ]
    },
    "properties": {
    "city":"新北市",
    "name":"萊爾富國際股份有限公司-北縣重樂店",
    "address":"241新北市三重區重新路三段2號"
    }
  },
  {
    "type": "Feature",
    "geometry": {
       "type": "Point",
       "coordinates":  [ 121.5010184,25.0637207 ]
    },
    "properties": {
    "city":"新北市",
    "name":"萊爾富國際股份有限公司-北縣重錦店",
    "address":"241新北市三重區中央北路2號"
    }
  },
  {
    "type": "Feature",
    "geometry": {
       "type": "Point",
       "coordinates":  [ 121.4909235,25.0505712 ]
    },
    "properties": {
    "city":"新北市",
    "name":"萊爾富國際股份有限公司-北縣重環店",
    "address":"241新北市三重區環河南路255號"
    }
  },
  {
    "type": "Feature",
    "geometry": {
       "type": "Point",
       "coordinates":  [ 121.4965933,25.0568374 ]
    },
    "properties": {
    "city":"新北市",
    "name":"萊爾富國際股份有限公司-北縣重鑫店",
    "address":"241新北市三重區大同南路153,153-1號"
    }
  },
  {
    "type": "Feature",
    "geometry": {
       "type": "Point",
       "coordinates":  [ 121.4961423,25.0076451 ]
    },
    "properties": {
    "city":"新北市",
    "name":"萊爾富國際股份有限公司-北縣飛和店",
    "address":"235新北市中和區永和路343號"
    }
  },
  {
    "type": "Feature",
    "geometry": {
       "type": "Point",
       "coordinates":  [ 121.3942357,25.0773537 ]
    },
    "properties": {
    "city":"新北市",
    "name":"萊爾富國際股份有限公司-北縣凌羽店",
    "address":"244新北市林口區中正路94號"
    }
  },
  {
    "type": "Feature",
    "geometry": {
       "type": "Point",
       "coordinates":  [ 121.4781019,25.0095115 ]
    },
    "properties": {
    "city":"新北市",
    "name":"萊爾富國際股份有限公司-北縣員山二店",
    "address":"235新北市中和區員山路581巷2號"
    }
  },
  {
    "type": "Feature",
    "geometry": {
       "type": "Point",
       "coordinates":  [ 121.4796799,25.0078611 ]
    },
    "properties": {
    "city":"新北市",
    "name":"萊爾富國際股份有限公司-北縣員山店",
    "address":"235新北市中和區員山路502-7號"
    }
  },
  {
    "type": "Feature",
    "geometry": {
       "type": "Point",
       "coordinates":  [ 121.4738038,25.0808788 ]
    },
    "properties": {
    "city":"新北市",
    "name":"萊爾富國際股份有限公司-北縣徐匯店",
    "address":"247新北市蘆洲區中山一路一號(匯心樓)"
    }
  },
  {
    "type": "Feature",
    "geometry": {
       "type": "Point",
       "coordinates":  [ 121.427348,25.0486919 ]
    },
    "properties": {
    "city":"新北市",
    "name":"萊爾富國際股份有限公司-北縣泰富店",
    "address":"243新北市泰山區明志路二段324.326號"
    }
  },
  {
    "type": "Feature",
    "geometry": {
       "type": "Point",
       "coordinates":  [ 121.4496258,24.9822257 ]
    },
    "properties": {
    "city":"新北市",
    "name":"萊爾富國際股份有限公司-北縣海山店",
    "address":"236新北市土城區明德路二段131號"
    }
  },
  {
    "type": "Feature",
    "geometry": {
       "type": "Point",
       "coordinates":  [ 121.434879,25.1767715 ]
    },
    "properties": {
    "city":"新北市",
    "name":"萊爾富國際股份有限公司-北縣真理店",
    "address":"251新北市淡水區真理街32號(真理大學)"
    }
  },
  {
    "type": "Feature",
    "geometry": {
       "type": "Point",
       "coordinates":  [ 121.5368906,24.9770572 ]
    },
    "properties": {
    "city":"新北市",
    "name":"萊爾富國際股份有限公司-北縣耕莘店",
    "address":"231新北市新店區民族路112號(耕莘護專)"
    }
  },
  {
    "type": "Feature",
    "geometry": {
       "type": "Point",
       "coordinates":  [ 121.5357523,24.976293 ]
    },
    "properties": {
    "city":"新北市",
    "name":"萊爾富國際股份有限公司-北縣耕醫店",
    "address":"231新北市新店區中正路362號1樓耕莘醫院新店總院1樓"
    }
  },
  {
    "type": "Feature",
    "geometry": {
       "type": "Point",
       "coordinates":  [ 121.3963646,25.1452612 ]
    },
    "properties": {
    "city":"新北市",
    "name":"萊爾富國際股份有限公司-北縣商港店",
    "address":"249新北市八里區訊塘村23鄰商港路48號"
    }
  },
  {
    "type": "Feature",
    "geometry": {
       "type": "Point",
       "coordinates":  [ 121.4572406,25.1600405 ]
    },
    "properties": {
    "city":"新北市",
    "name":"萊爾富國際股份有限公司-北縣淡金店",
    "address":"251新北市淡水區淡金路18號"
    }
  },
  {
    "type": "Feature",
    "geometry": {
       "type": "Point",
       "coordinates":  [ 121.4493758,25.1789178 ]
    },
    "properties": {
    "city":"新北市",
    "name":"萊爾富國際股份有限公司-北縣淡俊店",
    "address":"251新北市淡水區北新路137、139號1F"
    }
  },
  {
    "type": "Feature",
    "geometry": {
       "type": "Point",
       "coordinates":  [ 121.453489,25.232389 ]
    },
    "properties": {
    "city":"新北市",
    "name":"萊爾富國際股份有限公司-北縣淡虹店",
    "address":"251新北市淡水區淡金路五段20-22號"
    }
  },
  {
    "type": "Feature",
    "geometry": {
       "type": "Point",
       "coordinates":  [ 121.4596022,25.153602 ]
    },
    "properties": {
    "city":"新北市",
    "name":"萊爾富國際股份有限公司-北縣淡陽店",
    "address":"251新北市淡水區中正東路二段81號"
    }
  },
  {
    "type": "Feature",
    "geometry": {
       "type": "Point",
       "coordinates":  [ 121.4104064,25.1824683 ]
    },
    "properties": {
    "city":"新北市",
    "name":"萊爾富國際股份有限公司-北縣淡漁店",
    "address":"251新北市淡水區觀海路135號(漁人碼頭木棧道下方商店街)"
    }
  },
  {
    "type": "Feature",
    "geometry": {
       "type": "Point",
       "coordinates":  [ 121.460461,25.139527 ]
    },
    "properties": {
    "city":"新北市",
    "name":"萊爾富國際股份有限公司-北縣淡醫店",
    "address":"251新北市淡水區民權路47號1樓(淡水馬偕醫院一樓) "
    }
  },
  {
    "type": "Feature",
    "geometry": {
       "type": "Point",
       "coordinates":  [ 121.4488076,25.1785773 ]
    },
    "properties": {
    "city":"新北市",
    "name":"萊爾富國際股份有限公司-北縣淡鑫店",
    "address":"251新北市淡水區北新路165.167號"
    }
  },
  {
    "type": "Feature",
    "geometry": {
       "type": "Point",
       "coordinates":  [ 121.6172605,25.0034314 ]
    },
    "properties": {
    "city":"新北市",
    "name":"萊爾富國際股份有限公司-北縣深北店",
    "address":"222新北市深坑區北深路二段57.59號"
    }
  },
  {
    "type": "Feature",
    "geometry": {
       "type": "Point",
       "coordinates":  [ 121.4480519,25.0437705 ]
    },
    "properties": {
    "city":"新北市",
    "name":"萊爾富國際股份有限公司-北縣莊月店",
    "address":"242新北市新莊區中和街19號"
    }
  },
  {
    "type": "Feature",
    "geometry": {
       "type": "Point",
       "coordinates":  [ 121.4579575,25.0418414 ]
    },
    "properties": {
    "city":"新北市",
    "name":"萊爾富國際股份有限公司-北縣莊民店",
    "address":"242新北市新莊區民樂街80.82號"
    }
  },
  {
    "type": "Feature",
    "geometry": {
       "type": "Point",
       "coordinates":  [ 121.448032,25.0339788 ]
    },
    "properties": {
    "city":"新北市",
    "name":"萊爾富國際股份有限公司-北縣莊年店",
    "address":"242新北市新莊區新豐街11號"
    }
  },
  {
    "type": "Feature",
    "geometry": {
       "type": "Point",
       "coordinates":  [ 121.4513193,25.0482043 ]
    },
    "properties": {
    "city":"新北市",
    "name":"萊爾富國際股份有限公司-北縣莊成店",
    "address":"242新北市新莊區忠誠里中誠街44號1樓"
    }
  },
  {
    "type": "Feature",
    "geometry": {
       "type": "Point",
       "coordinates":  [ 121.4558406,25.0482729 ]
    },
    "properties": {
    "city":"新北市",
    "name":"萊爾富國際股份有限公司-北縣莊玲店",
    "address":"242新北市新莊區自信街77號"
    }
  },
  {
    "type": "Feature",
    "geometry": {
       "type": "Point",
       "coordinates":  [ 121.4460754,25.0362424 ]
    },
    "properties": {
    "city":"新北市",
    "name":"萊爾富國際股份有限公司-北縣莊泰店",
    "address":"242新北市新莊區瓊林里瓊泰路49號1樓"
    }
  },
  {
    "type": "Feature",
    "geometry": {
       "type": "Point",
       "coordinates":  [ 121.454367,25.0441575 ]
    },
    "properties": {
    "city":"新北市",
    "name":"萊爾富國際股份有限公司-北縣莊國店",
    "address":"242新北市新莊區復興路二段31號"
    }
  },
  {
    "type": "Feature",
    "geometry": {
       "type": "Point",
       "coordinates":  [ 121.4119459,25.0214374 ]
    },
    "properties": {
    "city":"新北市",
    "name":"萊爾富國際股份有限公司-北縣莊捷店",
    "address":"242新北市新莊區中正路895-50號一樓"
    }
  },
  {
    "type": "Feature",
    "geometry": {
       "type": "Point",
       "coordinates":  [ 121.4545402,25.0494433 ]
    },
    "properties": {
    "city":"新北市",
    "name":"萊爾富國際股份有限公司-北縣莊勝店",
    "address":"242新北市新莊區幸福路562號 "
    }
  },
  {
    "type": "Feature",
    "geometry": {
       "type": "Point",
       "coordinates":  [ 121.4656893,25.0574466 ]
    },
    "properties": {
    "city":"新北市",
    "name":"萊爾富國際股份有限公司-北縣莊富店",
    "address":"242新北市新莊區化成路738,740號"
    }
  },
  {
    "type": "Feature",
    "geometry": {
       "type": "Point",
       "coordinates":  [ 121.4460754,25.0362424 ]
    },
    "properties": {
    "city":"新北市",
    "name":"萊爾富國際股份有限公司-北縣莊華店",
    "address":"242新北市新莊區昌隆路5號1樓"
    }
  },
  {
    "type": "Feature",
    "geometry": {
       "type": "Point",
       "coordinates":  [ 121.5334794,24.9854452 ]
    },
    "properties": {
    "city":"新北市",
    "name":"萊爾富國際股份有限公司-北縣莊敬店",
    "address":"231新北市新店區中正路525號"
    }
  },
  {
    "type": "Feature",
    "geometry": {
       "type": "Point",
       "coordinates":  [ 121.4482532,25.0472209 ]
    },
    "properties": {
    "city":"新北市",
    "name":"萊爾富國際股份有限公司-北縣莊達店",
    "address":"242新北市新莊區中全里中誠街167號1樓"
    }
  },
  {
    "type": "Feature",
    "geometry": {
       "type": "Point",
       "coordinates":  [ 121.4460754,25.0362424 ]
    },
    "properties": {
    "city":"新北市",
    "name":"萊爾富國際股份有限公司-北縣莊榮店",
    "address":"242新北市新莊區新莊路307.309號1樓"
    }
  },
  {
    "type": "Feature",
    "geometry": {
       "type": "Point",
       "coordinates":  [ 121.4751912,25.0074361 ]
    },
    "properties": {
    "city":"新北市",
    "name":"萊爾富國際股份有限公司-北縣莊鳳店",
    "address":"242新北市新莊區中山路三段487、489號"
    }
  },
  {
    "type": "Feature",
    "geometry": {
       "type": "Point",
       "coordinates":  [ 121.4654706,25.0464931 ]
    },
    "properties": {
    "city":"新北市",
    "name":"萊爾富國際股份有限公司-北縣莊廣店",
    "address":"242新北市新莊區化成路85號"
    }
  },
  {
    "type": "Feature",
    "geometry": {
       "type": "Point",
       "coordinates":  [ 121.464821,25.0432339 ]
    },
    "properties": {
    "city":"新北市",
    "name":"萊爾富國際股份有限公司-北縣莊鴻店",
    "address":"242新北市新莊區化成路9-3號"
    }
  },
  {
    "type": "Feature",
    "geometry": {
       "type": "Point",
       "coordinates":  [ 121.4982557,25.0017064 ]
    },
    "properties": {
    "city":"新北市",
    "name":"萊爾富國際股份有限公司-北縣連城店",
    "address":"235新北市中和區連城路47巷1號"
    }
  },
  {
    "type": "Feature",
    "geometry": {
       "type": "Point",
       "coordinates":  [ 121.6551959,25.0636208 ]
    },
    "properties": {
    "city":"新北市",
    "name":"萊爾富國際股份有限公司-北縣連興店",
    "address":"221新北市汐止區連興街26號"
    }
  },
  {
    "type": "Feature",
    "geometry": {
       "type": "Point",
       "coordinates":  [ 121.4200419,24.9605397 ]
    },
    "properties": {
    "city":"新北市",
    "name":"萊爾富國際股份有限公司-北縣頂埔店",
    "address":"236新北市土城區中央路四段56號"
    }
  },
  {
    "type": "Feature",
    "geometry": {
       "type": "Point",
       "coordinates":  [ 121.4872206,25.0780601 ]
    },
    "properties": {
    "city":"新北市",
    "name":"萊爾富國際股份有限公司-北縣富美店",
    "address":"241新北市三重區溪尾街108巷58號"
    }
  },
  {
    "type": "Feature",
    "geometry": {
       "type": "Point",
       "coordinates":  [ 121.4911433,25.0527913 ]
    },
    "properties": {
    "city":"新北市",
    "name":"萊爾富國際股份有限公司-北縣集美店",
    "address":"241新北市三重區環河南路221巷31號"
    }
  },
  {
    "type": "Feature",
    "geometry": {
       "type": "Point",
       "coordinates":  [ 121.4822793,25.0865326 ]
    },
    "properties": {
    "city":"新北市",
    "name":"萊爾富國際股份有限公司-北縣集賢店",
    "address":"247新北市蘆洲區集賢路226號"
    }
  },
  {
    "type": "Feature",
    "geometry": {
       "type": "Point",
       "coordinates":  [ 121.4861644,25.0790212 ]
    },
    "properties": {
    "city":"新北市",
    "name":"萊爾富國際股份有限公司-北縣慈愛店",
    "address":"241新北市三重區慈愛街51號"
    }
  },
  {
    "type": "Feature",
    "geometry": {
       "type": "Point",
       "coordinates":  [ 121.457168,24.997113 ]
    },
    "properties": {
    "city":"新北市",
    "name":"萊爾富國際股份有限公司-北縣愛買店",
    "address":"220新北市板橋區四川路一段489號"
    }
  },
  {
    "type": "Feature",
    "geometry": {
       "type": "Point",
       "coordinates":  [ 121.542459,24.985381 ]
    },
    "properties": {
    "city":"新北市",
    "name":"萊爾富國際股份有限公司-北縣新元店",
    "address":"231新北市新店區信義里中興路三段304號1樓"
    }
  },
  {
    "type": "Feature",
    "geometry": {
       "type": "Point",
       "coordinates":  [ 121.5170061,24.975032 ]
    },
    "properties": {
    "city":"新北市",
    "name":"萊爾富國際股份有限公司-北縣新民店",
    "address":"231新北市新店區安民街341號"
    }
  },
  {
    "type": "Feature",
    "geometry": {
       "type": "Point",
       "coordinates":  [ 121.5182008,24.9828421 ]
    },
    "properties": {
    "city":"新北市",
    "name":"萊爾富國際股份有限公司-北縣新和店",
    "address":"231新北市新店區安和路三段60之1號"
    }
  },
  {
    "type": "Feature",
    "geometry": {
       "type": "Point",
       "coordinates":  [ 121.4589862,25.0264035 ]
    },
    "properties": {
    "city":"新北市",
    "name":"萊爾富國際股份有限公司-北縣新海店",
    "address":"220新北市板橋區新海路392號"
    }
  },
  {
    "type": "Feature",
    "geometry": {
       "type": "Point",
       "coordinates":  [ 121.5402897,24.9750554 ]
    },
    "properties": {
    "city":"新北市",
    "name":"萊爾富國際股份有限公司-北縣新國店",
    "address":"231新北市新店區建國路43號.建安街1號"
    }
  },
  {
    "type": "Feature",
    "geometry": {
       "type": "Point",
       "coordinates":  [ 121.4185089,25.0236364 ]
    },
    "properties": {
    "city":"新北市",
    "name":"萊爾富國際股份有限公司-北縣新裕店",
    "address":"242新北市新莊區裕民街83之6號"
    }
  },
  {
    "type": "Feature",
    "geometry": {
       "type": "Point",
       "coordinates":  [ 121.5166676,24.9695382 ]
    },
    "properties": {
    "city":"新北市",
    "name":"萊爾富國際股份有限公司-北縣新戰店",
    "address":"231新北市新店區安民街136號"
    }
  },
  {
    "type": "Feature",
    "geometry": {
       "type": "Point",
       "coordinates":  [ 121.433794,25.0204922 ]
    },
    "properties": {
    "city":"新北市",
    "name":"萊爾富國際股份有限公司-北縣新樹店",
    "address":"242新北市新莊區新樹路210號"
    }
  },
  {
    "type": "Feature",
    "geometry": {
       "type": "Point",
       "coordinates":  [ 121.551891,24.9803303 ]
    },
    "properties": {
    "city":"新北市",
    "name":"萊爾富國際股份有限公司-北縣新橋店",
    "address":"231新北市新店區寶橋路235巷8號"
    }
  },
  {
    "type": "Feature",
    "geometry": {
       "type": "Point",
       "coordinates":  [ 121.54891,24.979824 ]
    },
    "properties": {
    "city":"新北市",
    "name":"萊爾富國際股份有限公司-北縣新寶店",
    "address":"231新北市新店區寶中路94-3.94-4號"
    }
  },
  {
    "type": "Feature",
    "geometry": {
       "type": "Point",
       "coordinates":  [ 121.5402968,24.9830535 ]
    },
    "properties": {
    "city":"新北市",
    "name":"萊爾富國際股份有限公司-北縣新權二店",
    "address":"231新北市新店區民權路44之2號"
    }
  },
  {
    "type": "Feature",
    "geometry": {
       "type": "Point",
       "coordinates":  [ 121.4894189,25.079203 ]
    },
    "properties": {
    "city":"新北市",
    "name":"萊爾富國際股份有限公司-北縣溪尾二店",
    "address":"241新北市三重區溪尾街122號"
    }
  },
  {
    "type": "Feature",
    "geometry": {
       "type": "Point",
       "coordinates":  [ 121.4882334,25.0808539 ]
    },
    "properties": {
    "city":"新北市",
    "name":"萊爾富國際股份有限公司-北縣溪尾店",
    "address":"241新北市三重區溪尾街192號"
    }
  },
  {
    "type": "Feature",
    "geometry": {
       "type": "Point",
       "coordinates":  [ 121.6629162,24.9920246 ]
    },
    "properties": {
    "city":"新北市",
    "name":"萊爾富國際股份有限公司-北縣碇晨店",
    "address":"223新北市石碇區湳窟路2號"
    }
  },
  {
    "type": "Feature",
    "geometry": {
       "type": "Point",
       "coordinates":  [ 121.4451566,25.0112289 ]
    },
    "properties": {
    "city":"新北市",
    "name":"萊爾富國際股份有限公司-北縣僑中三店",
    "address":"220新北市板橋區僑中一街125巷8弄2號"
    }
  },
  {
    "type": "Feature",
    "geometry": {
       "type": "Point",
       "coordinates":  [ 121.4567317,25.0188764 ]
    },
    "properties": {
    "city":"新北市",
    "name":"萊爾富國際股份有限公司-北縣僑福二店",
    "address":"220新北市板橋區中正路216巷25號"
    }
  },
  {
    "type": "Feature",
    "geometry": {
       "type": "Point",
       "coordinates":  [ 121.460723,25.020089 ]
    },
    "properties": {
    "city":"新北市",
    "name":"萊爾富國際股份有限公司-北縣僑福店",
    "address":"220新北市板橋區幸褔路70巷1號"
    }
  },
  {
    "type": "Feature",
    "geometry": {
       "type": "Point",
       "coordinates":  [ 121.5116337,25.0031012 ]
    },
    "properties": {
    "city":"新北市",
    "name":"萊爾富國際股份有限公司-北縣嘉和店",
    "address":"235新北市中和區中和路414號"
    }
  },
  {
    "type": "Feature",
    "geometry": {
       "type": "Point",
       "coordinates":  [ 121.5001784,25.004753 ]
    },
    "properties": {
    "city":"新北市",
    "name":"萊爾富國際股份有限公司-北縣福美店",
    "address":"235新北市中和區莊敬路29號"
    }
  },
  {
    "type": "Feature",
    "geometry": {
       "type": "Point",
       "coordinates":  [ 121.4860681,25.0556286 ]
    },
    "properties": {
    "city":"新北市",
    "name":"萊爾富國際股份有限公司-北縣福音店",
    "address":"241新北市三重區重新路四段89號"
    }
  },
  {
    "type": "Feature",
    "geometry": {
       "type": "Point",
       "coordinates":  [ 121.4579009,25.0534636 ]
    },
    "properties": {
    "city":"新北市",
    "name":"萊爾富國際股份有限公司-北縣福壽店",
    "address":"242新北市新莊區福壽街155號"
    }
  },
  {
    "type": "Feature",
    "geometry": {
       "type": "Point",
       "coordinates":  [ 121.502554,25.062843 ]
    },
    "properties": {
    "city":"新北市",
    "name":"萊爾富國際股份有限公司-北縣福德南店",
    "address":"241新北市三重區福德南路23號"
    }
  },
  {
    "type": "Feature",
    "geometry": {
       "type": "Point",
       "coordinates":  [ 121.4216618,25.0268715 ]
    },
    "properties": {
    "city":"新北市",
    "name":"萊爾富國際股份有限公司-北縣福營店",
    "address":"242新北市新莊區福營路336,338號"
    }
  },
  {
    "type": "Feature",
    "geometry": {
       "type": "Point",
       "coordinates":  [ 121.4882981,24.9984653 ]
    },
    "properties": {
    "city":"新北市",
    "name":"萊爾富國際股份有限公司-北縣遠東店",
    "address":"235新北市中和區建八路116號"
    }
  },
  {
    "type": "Feature",
    "geometry": {
       "type": "Point",
       "coordinates":  [ 121.4544054,25.0027695 ]
    },
    "properties": {
    "city":"新北市",
    "name":"萊爾富國際股份有限公司-北縣遠揚店",
    "address":"220新北市板橋區南雅南路二段9號"
    }
  },
  {
    "type": "Feature",
    "geometry": {
       "type": "Point",
       "coordinates":  [ 121.4345282,25.0674374 ]
    },
    "properties": {
    "city":"新北市",
    "name":"萊爾富國際股份有限公司-北縣德泰店",
    "address":"248新北市五股區成泰路一段10號"
    }
  },
  {
    "type": "Feature",
    "geometry": {
       "type": "Point",
       "coordinates":  [ 121.4557517,24.9723832 ]
    },
    "properties": {
    "city":"新北市",
    "name":"萊爾富國際股份有限公司-北縣德霖店",
    "address":"236新北市土城區青雲路380巷1號(德霖技術學院)"
    }
  },
  {
    "type": "Feature",
    "geometry": {
       "type": "Point",
       "coordinates":  [ 121.4478847,25.1693129 ]
    },
    "properties": {
    "city":"新北市",
    "name":"萊爾富國際股份有限公司-北縣鄧公店",
    "address":"251新北市淡水區學府路49號"
    }
  },
  {
    "type": "Feature",
    "geometry": {
       "type": "Point",
       "coordinates":  [ 121.4194262,25.0663489 ]
    },
    "properties": {
    "city":"新北市",
    "name":"萊爾富國際股份有限公司-北縣黎明店",
    "address":"243新北市泰山區黎專路2號(黎明技術學院)"
    }
  },
  {
    "type": "Feature",
    "geometry": {
       "type": "Point",
       "coordinates":  [ 121.4165776,24.9866904 ]
    },
    "properties": {
    "city":"新北市",
    "name":"萊爾富國際股份有限公司-北縣樹仁店",
    "address":"238新北市樹林區復興路385號"
    }
  },
  {
    "type": "Feature",
    "geometry": {
       "type": "Point",
       "coordinates":  [ 121.4174157,24.9776255 ]
    },
    "properties": {
    "city":"新北市",
    "name":"萊爾富國際股份有限公司-北縣樹太店",
    "address":"238新北市樹林區太平路150巷38號"
    }
  },
  {
    "type": "Feature",
    "geometry": {
       "type": "Point",
       "coordinates":  [ 121.409744,25.016128 ]
    },
    "properties": {
    "city":"新北市",
    "name":"萊爾富國際股份有限公司-北縣樹正店",
    "address":"238新北市樹林區中正路791號"
    }
  },
  {
    "type": "Feature",
    "geometry": {
       "type": "Point",
       "coordinates":  [ 121.421257,24.9916635 ]
    },
    "properties": {
    "city":"新北市",
    "name":"萊爾富國際股份有限公司-北縣樹宏店",
    "address":"238新北市樹林區中興街60號"
    }
  },
  {
    "type": "Feature",
    "geometry": {
       "type": "Point",
       "coordinates":  [ 121.404443,24.974762 ]
    },
    "properties": {
    "city":"新北市",
    "name":"萊爾富國際股份有限公司-北縣樹佳店",
    "address":"238新北市樹林區味王街3號(文物流中心內)"
    }
  },
  {
    "type": "Feature",
    "geometry": {
       "type": "Point",
       "coordinates":  [ 121.403137,24.9601653 ]
    },
    "properties": {
    "city":"新北市",
    "name":"萊爾富國際股份有限公司-北縣樹東店",
    "address":"238新北市樹林區柑園街一段49號"
    }
  },
  {
    "type": "Feature",
    "geometry": {
       "type": "Point",
       "coordinates":  [ 121.4214065,25.0145853 ]
    },
    "properties": {
    "city":"新北市",
    "name":"萊爾富國際股份有限公司-北縣樹俊店",
    "address":"238新北市樹林區三俊街254號"
    }
  },
  {
    "type": "Feature",
    "geometry": {
       "type": "Point",
       "coordinates":  [ 121.4246191,24.9892164 ]
    },
    "properties": {
    "city":"新北市",
    "name":"萊爾富國際股份有限公司-北縣樹博店",
    "address":"238新北市樹林區博愛街84.86號"
    }
  },
  {
    "type": "Feature",
    "geometry": {
       "type": "Point",
       "coordinates":  [ 121.427739,24.993369 ]
    },
    "properties": {
    "city":"新北市",
    "name":"萊爾富國際股份有限公司-北縣樹愛店",
    "address":"238新北市樹林區保安街一段18-3號"
    }
  },
  {
    "type": "Feature",
    "geometry": {
       "type": "Point",
       "coordinates":  [ 121.4160487,24.9825784 ]
    },
    "properties": {
    "city":"新北市",
    "name":"萊爾富國際股份有限公司-北縣樹榮店",
    "address":"238新北市樹林區東榮街123.125號"
    }
  },
  {
    "type": "Feature",
    "geometry": {
       "type": "Point",
       "coordinates":  [ 121.3743107,24.9520763 ]
    },
    "properties": {
    "city":"新北市",
    "name":"萊爾富國際股份有限公司-北縣樹慶店",
    "address":"238新北市樹林區柑園街二段292.294號1樓"
    }
  },
  {
    "type": "Feature",
    "geometry": {
       "type": "Point",
       "coordinates":  [ 121.4265013,24.9978273 ]
    },
    "properties": {
    "city":"新北市",
    "name":"萊爾富國際股份有限公司-北縣樹興店",
    "address":"238新北市樹林區千歲街90號"
    }
  },
  {
    "type": "Feature",
    "geometry": {
       "type": "Point",
       "coordinates":  [ 121.3954164,24.9566211 ]
    },
    "properties": {
    "city":"新北市",
    "name":"萊爾富國際股份有限公司-北縣樹權店",
    "address":"238新北市樹林區民權街1號"
    }
  },
  {
    "type": "Feature",
    "geometry": {
       "type": "Point",
       "coordinates":  [ 121.4133624,25.0155246 ]
    },
    "properties": {
    "city":"新北市",
    "name":"萊爾富國際股份有限公司-北縣樹鑽店",
    "address":"238新北市樹林區三俊街72-1號"
    }
  },
  {
    "type": "Feature",
    "geometry": {
       "type": "Point",
       "coordinates":  [ 121.4929717,25.0027293 ]
    },
    "properties": {
    "city":"新北市",
    "name":"萊爾富國際股份有限公司-北縣橋安店",
    "address":"235新北市中和區中山路二段352號"
    }
  },
  {
    "type": "Feature",
    "geometry": {
       "type": "Point",
       "coordinates":  [ 121.4906674,25.0057415 ]
    },
    "properties": {
    "city":"新北市",
    "name":"萊爾富國際股份有限公司-北縣橋和二店",
    "address":"235新北市中和區橋和路99,101號"
    }
  },
  {
    "type": "Feature",
    "geometry": {
       "type": "Point",
       "coordinates":  [ 121.4685917,25.0065513 ]
    },
    "properties": {
    "city":"新北市",
    "name":"萊爾富國際股份有限公司-北縣橋泰店",
    "address":"220新北市板橋區國泰街35號"
    }
  },
  {
    "type": "Feature",
    "geometry": {
       "type": "Point",
       "coordinates":  [ 121.5112173,24.9886479 ]
    },
    "properties": {
    "city":"新北市",
    "name":"萊爾富國際股份有限公司-北縣興南店",
    "address":"235新北市中和區信義街50號"
    }
  },
  {
    "type": "Feature",
    "geometry": {
       "type": "Point",
       "coordinates":  [ 121.4590085,24.9972245 ]
    },
    "properties": {
    "city":"新北市",
    "name":"萊爾富國際股份有限公司-北縣豫章店",
    "address":"220新北市板橋區四川路一段391號"
    }
  },
  {
    "type": "Feature",
    "geometry": {
       "type": "Point",
       "coordinates":  [ 121.3962043,25.0764905 ]
    },
    "properties": {
    "city":"新北市",
    "name":"萊爾富國際股份有限公司-北縣醒吾店",
    "address":"244新北市林口區粉寮路11-2號(醒吾技術學院)"
    }
  },
  {
    "type": "Feature",
    "geometry": {
       "type": "Point",
       "coordinates":  [ 121.4424341,25.1510815 ]
    },
    "properties": {
    "city":"新北市",
    "name":"萊爾富國際股份有限公司-北縣龍米店",
    "address":"249新北市八里區龍米路二段35.37號"
    }
  },
  {
    "type": "Feature",
    "geometry": {
       "type": "Point",
       "coordinates":  [ 121.4992715,25.0730682 ]
    },
    "properties": {
    "city":"新北市",
    "name":"萊爾富國際股份有限公司-北縣龍門二店",
    "address":"241新北市三重區龍門路177號"
    }
  },
  {
    "type": "Feature",
    "geometry": {
       "type": "Point",
       "coordinates":  [ 121.4463976,25.030278 ]
    },
    "properties": {
    "city":"新北市",
    "name":"萊爾富國際股份有限公司-北縣豐年店",
    "address":"242新北市新莊區豐年里豐年街118-1號"
    }
  },
  {
    "type": "Feature",
    "geometry": {
       "type": "Point",
       "coordinates":  [ 121.4864596,24.9516532 ]
    },
    "properties": {
    "city":"新北市",
    "name":"萊爾富國際股份有限公司-北縣雙城店",
    "address":"231新北市新店區安康路三段277號"
    }
  },
  {
    "type": "Feature",
    "geometry": {
       "type": "Point",
       "coordinates":  [ 121.4764497,25.0261032 ]
    },
    "properties": {
    "city":"新北市",
    "name":"萊爾富國際股份有限公司-北縣雙翠店",
    "address":"220新北市板橋區雙十路二段45號"
    }
  },
  {
    "type": "Feature",
    "geometry": {
       "type": "Point",
       "coordinates":  [ 121.4343756,25.0124609 ]
    },
    "properties": {
    "city":"新北市",
    "name":"萊爾富國際股份有限公司-北縣瓊林南店",
    "address":"242新北市新莊區瓊林南路133號"
    }
  },
  {
    "type": "Feature",
    "geometry": {
       "type": "Point",
       "coordinates":  [ 121.4749139,25.0331771 ]
    },
    "properties": {
    "city":"新北市",
    "name":"萊爾富國際股份有限公司-北縣寶翠店",
    "address":"220新北市板橋區文化路二段439之1號"
    }
  },
  {
    "type": "Feature",
    "geometry": {
       "type": "Point",
       "coordinates":  [ 121.4718622,25.0793763 ]
    },
    "properties": {
    "city":"新北市",
    "name":"萊爾富國際股份有限公司-北縣蘆中店",
    "address":"247新北市蘆洲區中山一路287,289號"
    }
  },
  {
    "type": "Feature",
    "geometry": {
       "type": "Point",
       "coordinates":  [ 121.4588792,25.0909323 ]
    },
    "properties": {
    "city":"新北市",
    "name":"萊爾富國際股份有限公司-北縣蘆平店",
    "address":"247新北市蘆洲區永平街30號"
    }
  },
  {
    "type": "Feature",
    "geometry": {
       "type": "Point",
       "coordinates":  [ 121.4580323,25.0881832 ]
    },
    "properties": {
    "city":"新北市",
    "name":"萊爾富國際股份有限公司-北縣蘆永店",
    "address":"247新北市蘆洲區永樂街33號"
    }
  },
  {
    "type": "Feature",
    "geometry": {
       "type": "Point",
       "coordinates":  [ 121.4772296,25.082828 ]
    },
    "properties": {
    "city":"新北市",
    "name":"萊爾富國際股份有限公司-北縣蘆江店",
    "address":"247新北市蘆洲區鷺江街69號 1樓"
    }
  },
  {
    "type": "Feature",
    "geometry": {
       "type": "Point",
       "coordinates":  [ 121.4692714,25.0814118 ]
    },
    "properties": {
    "city":"新北市",
    "name":"萊爾富國際股份有限公司-北縣蘆旺店",
    "address":"247新北市蘆洲區正和街47號"
    }
  },
  {
    "type": "Feature",
    "geometry": {
       "type": "Point",
       "coordinates":  [ 121.4742635,25.0795641 ]
    },
    "properties": {
    "city":"新北市",
    "name":"萊爾富國際股份有限公司-北縣蘆信店",
    "address":"247新北市蘆洲區信義路35號"
    }
  },
  {
    "type": "Feature",
    "geometry": {
       "type": "Point",
       "coordinates":  [ 121.4586221,25.0898741 ]
    },
    "properties": {
    "city":"新北市",
    "name":"萊爾富國際股份有限公司-北縣蘆勝店",
    "address":"247新北市蘆洲區永樂街38巷40號"
    }
  },
  {
    "type": "Feature",
    "geometry": {
       "type": "Point",
       "coordinates":  [ 121.3305775,24.9676241 ]
    },
    "properties": {
    "city":"新北市",
    "name":"萊爾富國際股份有限公司-北縣鶯花店",
    "address":"239新北市鶯歌區鶯桃路541號"
    }
  },
  {
    "type": "Feature",
    "geometry": {
       "type": "Point",
       "coordinates":  [ 121.3372126,24.9729108 ]
    },
    "properties": {
    "city":"新北市",
    "name":"萊爾富國際股份有限公司-北縣鶯國店",
    "address":"239新北市鶯歌區大湖路532,534號"
    }
  },
  {
    "type": "Feature",
    "geometry": {
       "type": "Point",
       "coordinates":  [ 121.3514931,24.9525682 ]
    },
    "properties": {
    "city":"新北市",
    "name":"萊爾富國際股份有限公司-北縣鶯歌店",
    "address":"239新北市鶯歌區重慶街29號"
    }
  },
  {
    "type": "Feature",
    "geometry": {
       "type": "Point",
       "coordinates":  [ 121.3332085,24.9599718 ]
    },
    "properties": {
    "city":"新北市",
    "name":"萊爾富國際股份有限公司-北縣鶯駿店",
    "address":"239新北市鶯歌區德昌街50號"
    }
  },
  {
    "type": "Feature",
    "geometry": {
       "type": "Point",
       "coordinates":  [ 121.4723688,25.0894916 ]
    },
    "properties": {
    "city":"新北市",
    "name":"萊爾富國際股份有限公司-北縣鷺江店",
    "address":"247新北市蘆洲區民權路113號"
    }
  },
  {
    "type": "Feature",
    "geometry": {
       "type": "Point",
       "coordinates":  [ 121.4998208,24.9918786 ]
    },
    "properties": {
    "city":"新北市",
    "name":"進鑫機車行",
    "address":"235新北市中和區中興街156號"
    }
  },
  {
    "type": "Feature",
    "geometry": {
       "type": "Point",
       "coordinates":  [ 121.4583925,25.0274442 ]
    },
    "properties": {
    "city":"新北市",
    "name":"隆陞車業有限公司",
    "address":"220新北市板橋區新海路420號"
    }
  },
  {
    "type": "Feature",
    "geometry": {
       "type": "Point",
       "coordinates":  [ 121.4555027,25.0050452 ]
    },
    "properties": {
    "city":"新北市",
    "name":"隆運機車行",
    "address":"220新北市板橋區南雅南路一段105號"
    }
  },
  {
    "type": "Feature",
    "geometry": {
       "type": "Point",
       "coordinates":  [ 121.42645,25.011717 ]
    },
    "properties": {
    "city":"新北市",
    "name":"源福車業行",
    "address":"242新北市新莊區民安西路318號"
    }
  },
  {
    "type": "Feature",
    "geometry": {
       "type": "Point",
       "coordinates":  [ 121.5084442,24.9941494 ]
    },
    "properties": {
    "city":"新北市",
    "name":"瑞和車業行",
    "address":"235新北市中和區景新街230-1號"
    }
  },
  {
    "type": "Feature",
    "geometry": {
       "type": "Point",
       "coordinates":  [ 121.4669265,25.020257 ]
    },
    "properties": {
    "city":"新北市",
    "name":"福利機車行",
    "address":"220新北市板橋區介壽街2號"
    }
  },
  {
    "type": "Feature",
    "geometry": {
       "type": "Point",
       "coordinates":  [ 121.4977029,25.0053957 ]
    },
    "properties": {
    "city":"新北市",
    "name":"福和車業有限公司",
    "address":"235新北市中和區永和路78號"
    }
  },
  {
    "type": "Feature",
    "geometry": {
       "type": "Point",
       "coordinates":  [ 121.5117635,24.9974333 ]
    },
    "properties": {
    "city":"新北市",
    "name":"福豪車業行",
    "address":"235新北市中和區安平路110號"
    }
  },
  {
    "type": "Feature",
    "geometry": {
       "type": "Point",
       "coordinates":  [ 121.4960274,24.9989107 ]
    },
    "properties": {
    "city":"新北市",
    "name":"豪元車業有限公司",
    "address":"235新北市中和區連城路135號"
    }
  },
  {
    "type": "Feature",
    "geometry": {
       "type": "Point",
       "coordinates":  [ 121.5259674,24.9912367 ]
    },
    "properties": {
    "city":"新北市",
    "name":"豪呈機車有限公司",
    "address":"235新北市中和區成功路109號"
    }
  },
  {
    "type": "Feature",
    "geometry": {
       "type": "Point",
       "coordinates":  [ 121.4763613,25.0715194 ]
    },
    "properties": {
    "city":"新北市",
    "name":"遠百企業股份有限公司三重分公司",
    "address":"241新北市三重區中正北路193巷45號"
    }
  },
  {
    "type": "Feature",
    "geometry": {
       "type": "Point",
       "coordinates":  [ 121.5145353,25.0103251 ]
    },
    "properties": {
    "city":"新北市",
    "name":"遠百企業股份有限公司永和分公司",
    "address":"234新北市永和區民生路46巷56號"
    }
  },
  {
    "type": "Feature",
    "geometry": {
       "type": "Point",
       "coordinates":  [ 121.4586515,24.9983035 ]
    },
    "properties": {
    "city":"新北市",
    "name":"遠百企業股份有限公司板新分公司",
    "address":"220新北市板橋區四川路一段389號"
    }
  },
  {
    "type": "Feature",
    "geometry": {
       "type": "Point",
       "coordinates":  [ 121.4676095,25.0256903 ]
    },
    "properties": {
    "city":"新北市",
    "name":"銘汰車業行",
    "address":"220新北市板橋區光武街26號"
    }
  },
  {
    "type": "Feature",
    "geometry": {
       "type": "Point",
       "coordinates":  [ 121.4884575,24.9960909 ]
    },
    "properties": {
    "city":"新北市",
    "name":"銓富機車有限公司",
    "address":"235新北市中和區連城路337-1號"
    }
  },
  {
    "type": "Feature",
    "geometry": {
       "type": "Point",
       "coordinates":  [ 121.5173521,25.0049816 ]
    },
    "properties": {
    "city":"新北市",
    "name":"廣固機車行",
    "address":"234新北市永和區中正路522號"
    }
  },
  {
    "type": "Feature",
    "geometry": {
       "type": "Point",
       "coordinates":  [ 121.4688638,25.0225587 ]
    },
    "properties": {
    "city":"新北市",
    "name":"歐盟時尚空間設計有限公司",
    "address":"220新北市板橋區民生路2段232號 "
    }
  },
  {
    "type": "Feature",
    "geometry": {
       "type": "Point",
       "coordinates":  [ 121.4588594,25.1333088 ]
    },
    "properties": {
    "city":"新北市",
    "name":"歐德傢俱淡水店",
    "address":"251新北市淡水區民權路88之5號"
    }
  },
  {
    "type": "Feature",
    "geometry": {
       "type": "Point",
       "coordinates":  [ 121.3723641,25.0701751 ]
    },
    "properties": {
    "city":"新北市",
    "name":"歐摩兒有限公司",
    "address":"244新北市林口區文化一路一段84號1樓"
    }
  },
  {
    "type": "Feature",
    "geometry": {
       "type": "Point",
       "coordinates":  [ 121.4989253,25.0029163 ]
    },
    "properties": {
    "city":"新北市",
    "name":"潤泰全球股份有限公司中和分公司中和店",
    "address":"235新北市中和區中山路二段228號地下二樓"
    }
  },
  {
    "type": "Feature",
    "geometry": {
       "type": "Point",
       "coordinates":  [ 121.4720476,25.0334418 ]
    },
    "properties": {
    "city":"新北市",
    "name":"樺山車業有限公司",
    "address":"220新北市板橋區長江路1段51號"
    }
  },
  {
    "type": "Feature",
    "geometry": {
       "type": "Point",
       "coordinates":  [ 121.457665,25.003745 ]
    },
    "properties": {
    "city":"新北市",
    "name":"積躍機車行",
    "address":"220新北市板橋區貴興路37號"
    }
  },
  {
    "type": "Feature",
    "geometry": {
       "type": "Point",
       "coordinates":  [ 121.4642467,24.9979666 ]
    },
    "properties": {
    "city":"新北市",
    "name":"錕達車業有限公司",
    "address":"220新北市板橋區重慶路349號"
    }
  },
  {
    "type": "Feature",
    "geometry": {
       "type": "Point",
       "coordinates":  [ 121.4961109,25.0016723 ]
    },
    "properties": {
    "city":"新北市",
    "name":"燦坤實業股份有限公司中和旗艦分公司",
    "address":"235新北市中和區中山路二段297號"
    }
  },
  {
    "type": "Feature",
    "geometry": {
       "type": "Point",
       "coordinates":  [ 121.5024776,24.9901673 ]
    },
    "properties": {
    "city":"新北市",
    "name":"聯成機車行",
    "address":"235新北市中和區復興路275號"
    }
  },
  {
    "type": "Feature",
    "geometry": {
       "type": "Point",
       "coordinates":  [ 121.4703217,25.0312703 ]
    },
    "properties": {
    "city":"新北市",
    "name":"駿宏車行",
    "address":"220新北市板橋區松江街21號"
    }
  },
  {
    "type": "Feature",
    "geometry": {
       "type": "Point",
       "coordinates":  [ 121.4750808,25.0132916 ]
    },
    "properties": {
    "city":"新北市",
    "name":"鴻川機車行",
    "address":"220新北市板橋區民生路一段67號"
    }
  },
  {
    "type": "Feature",
    "geometry": {
       "type": "Point",
       "coordinates":  [ 121.4667799,25.0159207 ]
    },
    "properties": {
    "city":"新北市",
    "name":"鴻源汽車股份有限公司",
    "address":"220新北市板橋區縣民大道2段101號"
    }
  },
  {
    "type": "Feature",
    "geometry": {
       "type": "Point",
       "coordinates":  [ 121.491131,25.069797 ]
    },
    "properties": {
    "city":"新北市",
    "name":"鴻源汽車股份有限公司三重分公司",
    "address":"241新北市三重區重陽路4段36號"
    }
  },
  {
    "type": "Feature",
    "geometry": {
       "type": "Point",
       "coordinates":  [ 121.482067,25.0082696 ]
    },
    "properties": {
    "city":"新北市",
    "name":"鴻源汽車股份有限公司中和分公司",
    "address":"235新北市中和區中正路1155號"
    }
  },
  {
    "type": "Feature",
    "geometry": {
       "type": "Point",
       "coordinates":  [ 121.5145353,25.0103251 ]
    },
    "properties": {
    "city":"新北市",
    "name":"鴻源汽車股份有限公司永和分公司",
    "address":"234新北市永和區成功路1段80號"
    }
  },
  {
    "type": "Feature",
    "geometry": {
       "type": "Point",
       "coordinates":  [ 121.463663,25.0611379 ]
    },
    "properties": {
    "city":"新北市",
    "name":"鴻源汽車股份有限公司新莊分公司",
    "address":"242新北市新莊區新北大道二段318號"
    }
  },
  {
    "type": "Feature",
    "geometry": {
       "type": "Point",
       "coordinates":  [ 121.4834914,25.0048128 ]
    },
    "properties": {
    "city":"新北市",
    "name":"鴻緯車業有限公司",
    "address":"235新北市中和區中山路2段467號"
    }
  },
  {
    "type": "Feature",
    "geometry": {
       "type": "Point",
       "coordinates":  [ 121.3742197,24.9328645 ]
    },
    "properties": {
    "city":"新北市",
    "name":"寶雅國際股份有限公司三峽中華分公司",
    "address":"237新北市三峽區中華路20號1樓 "
    }
  },
  {
    "type": "Feature",
    "geometry": {
       "type": "Point",
       "coordinates":  [ 121.5094573,25.0089375 ]
    },
    "properties": {
    "city":"新北市",
    "name":"寶雅國際股份有限公司永和中山分公司",
    "address":"234新北市永和區中山路一段177號"
    }
  },
  {
    "type": "Feature",
    "geometry": {
       "type": "Point",
       "coordinates":  [ 121.5173265,24.9996046 ]
    },
    "properties": {
    "city":"新北市",
    "name":"寶雅國際股份有限公司永和中正分公司",
    "address":"234新北市永和區中正路239號"
    }
  },
  {
    "type": "Feature",
    "geometry": {
       "type": "Point",
       "coordinates":  [ 121.6297728,25.0676485 ]
    },
    "properties": {
    "city":"新北市",
    "name":"寶雅國際股份有限公司汐止中興分公司",
    "address":"221新北市汐止區中興路195號"
    }
  },
  {
    "type": "Feature",
    "geometry": {
       "type": "Point",
       "coordinates":  [ 121.3858695,25.0749094 ]
    },
    "properties": {
    "city":"新北市",
    "name":"寶雅國際股份有限公司林口仁愛分公司",
    "address":"244新北市林口區育林街2號"
    }
  },
  {
    "type": "Feature",
    "geometry": {
       "type": "Point",
       "coordinates":  [ 121.4636713,25.0005442 ]
    },
    "properties": {
    "city":"新北市",
    "name":"寶雅國際股份有限公司板橋重慶分公司",
    "address":"220新北市板橋區重慶路247號1樓"
    }
  },
  {
    "type": "Feature",
    "geometry": {
       "type": "Point",
       "coordinates":  [ 121.4614488,25.0221911 ]
    },
    "properties": {
    "city":"新北市",
    "name":"寶雅國際股份有限公司板橋新海分公司",
    "address":"220新北市板橋區新海路93號"
    }
  },
  {
    "type": "Feature",
    "geometry": {
       "type": "Point",
       "coordinates":  [ 121.44569,25.040955 ]
    },
    "properties": {
    "city":"新北市",
    "name":"寶雅國際股份有限公司新莊新泰分公司",
    "address":"242新北市新莊區新泰路300號"
    }
  },
  {
    "type": "Feature",
    "geometry": {
       "type": "Point",
       "coordinates":  [ 121.4210648,25.019507 ]
    },
    "properties": {
    "city":"新北市",
    "name":"寶雅國際股份有限公司新莊龍安分公司",
    "address":"242新北市新莊區龍安路252-1號"
    }
  },
  {
    "type": "Feature",
    "geometry": {
       "type": "Point",
       "coordinates":  [ 121.4230457,24.9906245 ]
    },
    "properties": {
    "city":"新北市",
    "name":"寶雅國際股份有限公司樹林中山分公司",
    "address":"238新北市樹林區中山路一段111號"
    }
  },
  {
    "type": "Feature",
    "geometry": {
       "type": "Point",
       "coordinates":  [ 121.5265084,24.998602 ]
    },
    "properties": {
    "city":"新北市",
    "name":"轟源車業行",
    "address":"234新北市永和區成功路2段92號"
    }
  },
  {
    "type": "Feature",
    "geometry": {
       "type": "Point",
       "coordinates":  [ 121.5160686,24.9859249 ]
    },
    "properties": {
    "city":"新北市",
    "name":"霸輪機車行",
    "address":"231新北市新店區安和路3段169號"
    }
  },
  {
    "type": "Feature",
    "geometry": {
       "type": "Point",
       "coordinates":  [ 121.5015585,25.0053916 ]
    },
    "properties": {
    "city":"新北市",
    "name":"鑫川吉機車行",
    "address":"235新北市中和區莊敬路49巷4號"
    }
  },
  {
    "type": "Feature",
    "geometry": {
       "type": "Point",
       "coordinates":  [ 121.4752779,25.0065308 ]
    },
    "properties": {
    "city":"新北市",
    "name":"驥剛車業行",
    "address":"235新北市中和區中山路3段118號"
    }
  },
  {
    "type": "Feature",
    "geometry": {
       "type": "Point",
       "coordinates":  [ 121.4478263,25.0646993 ]
    },
    "properties": {
    "city":"新北市",
    "name":"7-11展示店門市",
    "address":"820新北市五股區五權路1號"
    }
  }
]
}