{
	"type": "FeatureCollection",
	"features": [
		{
			"type": "Feature",
			"geometry": {
				"type": "Point",
				"coordinates": [121.5233244, 25.0885079]
			},
			"properties": {
				"city": "台北市",
				"name": "7-11OPEN門市",
				"address": "111台北市士林區基河路128號"
			}
		},
		{
			"type": "Feature",
			"geometry": {
				"type": "Point",
				"coordinates": [121.4684984, 25.1281141]
			},
			"properties": {
				"city": "台北市",
				"name": "7-11一德門市",
				"address": "112台北市北投區中央北路4段513號"
			}
		},
		{
			"type": "Feature",
			"geometry": {
				"type": "Point",
				"coordinates": [121.5185728, 25.0652015]
			},
			"properties": {
				"city": "台北市",
				"name": "7-11三德門市",
				"address": "103台北市大同區承德路3段53號"
			}
		},
		{
			"type": "Feature",
			"geometry": {
				"type": "Point",
				"coordinates": [121.5229133, 25.084217]
			},
			"properties": {
				"city": "台北市",
				"name": "7-11三樂門市",
				"address": "111台北市士林區劍潭路15號"
			}
		},
		{
			"type": "Feature",
			"geometry": {
				"type": "Point",
				"coordinates": [121.5607793, 25.028975]
			},
			"properties": {
				"city": "台北市",
				"name": "7-11三興門市",
				"address": "110台北市信義區吳興街156巷16弄1號"
			}
		},
		{
			"type": "Feature",
			"geometry": {
				"type": "Point",
				"coordinates": [121.5484948, 25.05654]
			},
			"properties": {
				"city": "台北市",
				"name": "7-11上弘門市",
				"address": "105台北市松山區敦化北路168號B2"
			}
		},
		{
			"type": "Feature",
			"geometry": {
				"type": "Point",
				"coordinates": [121.5228958, 25.0437443]
			},
			"properties": {
				"city": "台北市",
				"name": "7-11千成門市",
				"address": "100台北市中正區林森南路4號之3"
			}
		},
		{
			"type": "Feature",
			"geometry": {
				"type": "Point",
				"coordinates": [121.5170536, 25.0452843]
			},
			"properties": {
				"city": "台北市",
				"name": "7-11千翔門市",
				"address": "100台北市中正區公園路18號"
			}
		},
		{
			"type": "Feature",
			"geometry": {
				"type": "Point",
				"coordinates": [121.527792, 25.1118827]
			},
			"properties": {
				"city": "台北市",
				"name": "7-11士東門市",
				"address": "111台北市士林區士東路48號"
			}
		},
		{
			"type": "Feature",
			"geometry": {
				"type": "Point",
				"coordinates": [121.518016, 25.0916964]
			},
			"properties": {
				"city": "台北市",
				"name": "7-11士陽門市",
				"address": "111台北市士林區中正路503號"
			}
		},
		{
			"type": "Feature",
			"geometry": {
				"type": "Point",
				"coordinates": [121.5263786, 25.0879467]
			},
			"properties": {
				"city": "台北市",
				"name": "7-11士鑽門市",
				"address": "111台北市士林區文林路102號B1"
			}
		},
		{
			"type": "Feature",
			"geometry": {
				"type": "Point",
				"coordinates": [121.5010113, 25.1305296]
			},
			"properties": {
				"city": "台北市",
				"name": "7-11大中門市",
				"address": "112台北市北投區中央南路一段114號"
			}
		},
		{
			"type": "Feature",
			"geometry": {
				"type": "Point",
				"coordinates": [121.5330412, 25.0175103]
			},
			"properties": {
				"city": "台北市",
				"name": "7-11大台門市",
				"address": "106台北市大安區新生南路3段94巷3號"
			}
		},
		{
			"type": "Feature",
			"geometry": {
				"type": "Point",
				"coordinates": [121.5116173, 25.0430652]
			},
			"properties": {
				"city": "台北市",
				"name": "7-11大永博門市",
				"address": "100台北市中正區博愛路97號1樓"
			}
		},
		{
			"type": "Feature",
			"geometry": {
				"type": "Point",
				"coordinates": [121.5302755, 25.0561553]
			},
			"properties": {
				"city": "台北市",
				"name": "7-11大吉門市",
				"address": "104台北市中山區吉林路101號"
			}
		},
		{
			"type": "Feature",
			"geometry": {
				"type": "Point",
				"coordinates": [121.5474814, 25.0419017]
			},
			"properties": {
				"city": "台北市",
				"name": "7-11大安門市",
				"address": "106台北市大安區忠孝東路四段77號(捷運地下街5號店鋪)"
			}
		},
		{
			"type": "Feature",
			"geometry": {
				"type": "Point",
				"coordinates": [121.5574266, 25.0518277]
			},
			"properties": {
				"city": "台北市",
				"name": "7-11大昇門市",
				"address": "105台北市松山區南京東路5段104號"
			}
		},
		{
			"type": "Feature",
			"geometry": {
				"type": "Point",
				"coordinates": [121.5347045, 25.0337884]
			},
			"properties": {
				"city": "台北市",
				"name": "7-11大信門市",
				"address": "106台北市大安區信義路三段33號"
			}
		},
		{
			"type": "Feature",
			"geometry": {
				"type": "Point",
				"coordinates": [121.5049595, 25.033026]
			},
			"properties": {
				"city": "台北市",
				"name": "7-11大埔門市",
				"address": "108台北市萬華區中華路2段34號"
			}
		},
		{
			"type": "Feature",
			"geometry": {
				"type": "Point",
				"coordinates": [121.5747315, 25.0728908]
			},
			"properties": {
				"city": "台北市",
				"name": "7-11大眾門市",
				"address": "114台北市內湖區陽光街298號"
			}
		},
		{
			"type": "Feature",
			"geometry": {
				"type": "Point",
				"coordinates": [121.5504022, 25.030885]
			},
			"properties": {
				"city": "台北市",
				"name": "7-11大敦門市",
				"address": "106台北市大安區敦化南路2段63巷24號"
			}
		},
		{
			"type": "Feature",
			"geometry": {
				"type": "Point",
				"coordinates": [121.5001183, 25.0240297]
			},
			"properties": {
				"city": "台北市",
				"name": "7-11大華門市",
				"address": "108台北市萬華區萬大路495.497號"
			}
		},
		{
			"type": "Feature",
			"geometry": {
				"type": "Point",
				"coordinates": [121.5285607, 25.1102439]
			},
			"properties": {
				"city": "台北市",
				"name": "7-11大葉門市",
				"address": "111台北市士林區德行東路109巷81號"
			}
		},
		{
			"type": "Feature",
			"geometry": {
				"type": "Point",
				"coordinates": [121.546518, 25.0808412]
			},
			"properties": {
				"city": "台北市",
				"name": "7-11大運門市",
				"address": "105台北市中山區大直街11號"
			}
		},
		{
			"type": "Feature",
			"geometry": {
				"type": "Point",
				"coordinates": [121.5780439, 25.0609508]
			},
			"properties": {
				"city": "台北市",
				"name": "7-11大潤發門市",
				"address": "114台北市內湖區舊宗路128號"
			}
		},
		{
			"type": "Feature",
			"geometry": {
				"type": "Point",
				"coordinates": [121.5158444, 25.0657981]
			},
			"properties": {
				"city": "台北市",
				"name": "7-11大龍門市",
				"address": "103台北市大同區昌吉街72.74.76號"
			}
		},
		{
			"type": "Feature",
			"geometry": {
				"type": "Point",
				"coordinates": [121.5546859, 25.0513931]
			},
			"properties": {
				"city": "台北市",
				"name": "7-11小巨蛋門市",
				"address": "105台北市松山區南京東路4段2號1樓第10櫃位"
			}
		},
		{
			"type": "Feature",
			"geometry": {
				"type": "Point",
				"coordinates": [121.5383223, 25.0147523]
			},
			"properties": {
				"city": "台北市",
				"name": "7-11小福樓門市",
				"address": "106台北市大安區羅斯福路4段1號2樓(台灣大學小福樓)"
			}
		},
		{
			"type": "Feature",
			"geometry": {
				"type": "Point",
				"coordinates": [121.5829835, 25.0434812]
			},
			"properties": {
				"city": "台北市",
				"name": "7-11中坡門市",
				"address": "115台北市南港區中坡南路15號"
			}
		},
		{
			"type": "Feature",
			"geometry": {
				"type": "Point",
				"coordinates": [121.5224697, 25.0427322]
			},
			"properties": {
				"city": "台北市",
				"name": "7-11中航門市",
				"address": "100台北市中正區林森南路12號"
			}
		},
		{
			"type": "Feature",
			"geometry": {
				"type": "Point",
				"coordinates": [121.5527068, 25.0482967]
			},
			"properties": {
				"city": "台北市",
				"name": "7-11中崙門市",
				"address": "105台北市松山區八德路3段27號"
			}
		},
		{
			"type": "Feature",
			"geometry": {
				"type": "Point",
				"coordinates": [121.4866999, 25.1385036]
			},
			"properties": {
				"city": "台北市",
				"name": "7-11中陽門市",
				"address": "112台北市北投區中央北路3段2號"
			}
		},
		{
			"type": "Feature",
			"geometry": {
				"type": "Point",
				"coordinates": [121.5209023, 25.032868]
			},
			"properties": {
				"city": "台北市",
				"name": "7-11中愛門市",
				"address": "100台北市中正區愛國東路102號"
			}
		},
		{
			"type": "Feature",
			"geometry": {
				"type": "Point",
				"coordinates": [121.5099963, 25.0245504]
			},
			"properties": {
				"city": "台北市",
				"name": "7-11中寧門市",
				"address": "108台北市萬華區中華路2段6(02)1-2號一樓"
			}
		},
		{
			"type": "Feature",
			"geometry": {
				"type": "Point",
				"coordinates": [121.537442, 25.0576301]
			},
			"properties": {
				"city": "台北市",
				"name": "7-11中福門市",
				"address": "104台北市中山區民生東路2段113號."
			}
		},
		{
			"type": "Feature",
			"geometry": {
				"type": "Point",
				"coordinates": [121.5343006, 25.0386117]
			},
			"properties": {
				"city": "台北市",
				"name": "7-11中廣門市",
				"address": "106台北市大安區仁愛路三段25-1.27號"
			}
		},
		{
			"type": "Feature",
			"geometry": {
				"type": "Point",
				"coordinates": [121.5448055, 25.0968984]
			},
			"properties": {
				"city": "台北市",
				"name": "7-11中影門市",
				"address": "111台北市士林區至善路二段34號"
			}
		},
		{
			"type": "Feature",
			"geometry": {
				"type": "Point",
				"coordinates": [121.5105465, 25.0449738]
			},
			"properties": {
				"city": "台北市",
				"name": "7-11中樂門市",
				"address": "100台北市中正區延平南路47號"
			}
		},
		{
			"type": "Feature",
			"geometry": {
				"type": "Point",
				"coordinates": [121.5587018, 25.0319867]
			},
			"properties": {
				"city": "台北市",
				"name": "7-11中興門市",
				"address": "110台北市信義區基隆路2段22號"
			}
		},
		{
			"type": "Feature",
			"geometry": {
				"type": "Point",
				"coordinates": [121.5093209, 25.0509696]
			},
			"properties": {
				"city": "台北市",
				"name": "7-11中興醫門市",
				"address": "103台北市大同區鄭州路145號B1"
			}
		},
		{
			"type": "Feature",
			"geometry": {
				"type": "Point",
				"coordinates": [121.5226504, 25.0598756]
			},
			"properties": {
				"city": "台北市",
				"name": "7-11中錦門市",
				"address": "104台北市中山區中山北路二段98號"
			}
		},
		{
			"type": "Feature",
			"geometry": {
				"type": "Point",
				"coordinates": [121.5255747, 25.0390643]
			},
			"properties": {
				"city": "台北市",
				"name": "7-11丹陽門市",
				"address": "100台北市中正區杭州南路一段83號"
			}
		},
		{
			"type": "Feature",
			"geometry": {
				"type": "Point",
				"coordinates": [121.5241022, 25.0972711]
			},
			"properties": {
				"city": "台北市",
				"name": "7-11丹樺門市",
				"address": "111台北市士林區文林路530號"
			}
		},
		{
			"type": "Feature",
			"geometry": {
				"type": "Point",
				"coordinates": [121.545354, 25.0387765]
			},
			"properties": {
				"city": "台北市",
				"name": "7-11仁安門市",
				"address": "106台北市大安區仁愛路四段27巷1號"
			}
		},
		{
			"type": "Feature",
			"geometry": {
				"type": "Point",
				"coordinates": [121.558483, 25.0365877]
			},
			"properties": {
				"city": "台北市",
				"name": "7-11仁和門市",
				"address": "110台北市信義區正和里光復南路419巷41號"
			}
		},
		{
			"type": "Feature",
			"geometry": {
				"type": "Point",
				"coordinates": [121.5286089, 25.0381398]
			},
			"properties": {
				"city": "台北市",
				"name": "7-11仁金門市",
				"address": "100台北市中正區仁愛路二段39.39-1號"
			}
		},
		{
			"type": "Feature",
			"geometry": {
				"type": "Point",
				"coordinates": [121.5438183, 25.0524549]
			},
			"properties": {
				"city": "台北市",
				"name": "7-11元大門市",
				"address": "104台北市中山區復興北路148號"
			}
		},
		{
			"type": "Feature",
			"geometry": {
				"type": "Point",
				"coordinates": [121.5055312, 25.0458925]
			},
			"properties": {
				"city": "台北市",
				"name": "7-11六福門市",
				"address": "108台北市萬華區漢口街二段56號"
			}
		},
		{
			"type": "Feature",
			"geometry": {
				"type": "Point",
				"coordinates": [121.503131, 25.1330734]
			},
			"properties": {
				"city": "台北市",
				"name": "7-11公館門市",
				"address": "112台北市北投區公館路31號"
			}
		},
		{
			"type": "Feature",
			"geometry": {
				"type": "Point",
				"coordinates": [121.5085595, 25.0911584]
			},
			"properties": {
				"city": "台北市",
				"name": "7-11友成門市",
				"address": "111台北市士林區社中街214號"
			}
		},
		{
			"type": "Feature",
			"geometry": {
				"type": "Point",
				"coordinates": [121.5261856, 25.119425]
			},
			"properties": {
				"city": "台北市",
				"name": "7-11天北門市",
				"address": "111台北市士林區天母北路12號"
			}
		},
		{
			"type": "Feature",
			"geometry": {
				"type": "Point",
				"coordinates": [121.5331457, 25.1156355]
			},
			"properties": {
				"city": "台北市",
				"name": "7-11天成門市",
				"address": "111台北市士林區忠誠路二段168號1樓"
			}
		},
		{
			"type": "Feature",
			"geometry": {
				"type": "Point",
				"coordinates": [121.5311325, 25.1186135]
			},
			"properties": {
				"city": "台北市",
				"name": "7-11天東門市",
				"address": "111台北市士林區中山北路7段14巷2-1號"
			}
		},
		{
			"type": "Feature",
			"geometry": {
				"type": "Point",
				"coordinates": [121.5235964, 25.0517568]
			},
			"properties": {
				"city": "台北市",
				"name": "7-11天津門市",
				"address": "104台北市中山區天津街65號"
			}
		},
		{
			"type": "Feature",
			"geometry": {
				"type": "Point",
				"coordinates": [121.5300524, 25.1143244]
			},
			"properties": {
				"city": "台北市",
				"name": "7-11天美門市",
				"address": "111台北市士林區天母東路8巷98號"
			}
		},
		{
			"type": "Feature",
			"geometry": {
				"type": "Point",
				"coordinates": [121.5320369, 25.1224409]
			},
			"properties": {
				"city": "台北市",
				"name": "7-11天真門市",
				"address": "111台北市士林區中山北路7段126號"
			}
		},
		{
			"type": "Feature",
			"geometry": {
				"type": "Point",
				"coordinates": [121.5289639, 25.1191069]
			},
			"properties": {
				"city": "台北市",
				"name": "7-11天麥門市",
				"address": "111台北市士林區天母西路5巷6號"
			}
		},
		{
			"type": "Feature",
			"geometry": {
				"type": "Point",
				"coordinates": [121.5238292, 25.1137272]
			},
			"properties": {
				"city": "台北市",
				"name": "7-11天富門市",
				"address": "112台北市北投區富貴一路3號1樓"
			}
		},
		{
			"type": "Feature",
			"geometry": {
				"type": "Point",
				"coordinates": [121.5331867, 25.1167722]
			},
			"properties": {
				"city": "台北市",
				"name": "7-11天越門市",
				"address": "111台北市士林區天母東路50巷25號"
			}
		},
		{
			"type": "Feature",
			"geometry": {
				"type": "Point",
				"coordinates": [121.5326599, 25.1238891]
			},
			"properties": {
				"city": "台北市",
				"name": "7-11天裕門市",
				"address": "111台北市士林區中山北路七段156號1樓"
			}
		},
		{
			"type": "Feature",
			"geometry": {
				"type": "Point",
				"coordinates": [121.5318603, 25.1167431]
			},
			"properties": {
				"city": "台北市",
				"name": "7-11天福門市",
				"address": "111台北市士林區天母東路8巷31弄2號"
			}
		},
		{
			"type": "Feature",
			"geometry": {
				"type": "Point",
				"coordinates": [121.5366358, 25.1183199]
			},
			"properties": {
				"city": "台北市",
				"name": "7-11天樂門市",
				"address": "111台北市士林區天利里天母東路109號一樓"
			}
		},
		{
			"type": "Feature",
			"geometry": {
				"type": "Point",
				"coordinates": [121.5269699, 25.119848]
			},
			"properties": {
				"city": "台北市",
				"name": "7-11天鑫門市",
				"address": "111台北市士林區天玉街8號"
			}
		},
		{
			"type": "Feature",
			"geometry": {
				"type": "Point",
				"coordinates": [121.5417187, 25.1377088]
			},
			"properties": {
				"city": "台北市",
				"name": "7-11太學門市",
				"address": "111台北市士林區華岡路47巷1號"
			}
		},
		{
			"type": "Feature",
			"geometry": {
				"type": "Point",
				"coordinates": [121.556371, 24.9804372]
			},
			"properties": {
				"city": "台北市",
				"name": "7-11文一門市",
				"address": "116台北市文山區木新路三段327號"
			}
		},
		{
			"type": "Feature",
			"geometry": {
				"type": "Point",
				"coordinates": [121.5463451, 25.1378537]
			},
			"properties": {
				"city": "台北市",
				"name": "7-11文大門市",
				"address": "111台北市士林區格致路57號"
			}
		},
		{
			"type": "Feature",
			"geometry": {
				"type": "Point",
				"coordinates": [121.5705182, 24.9864072]
			},
			"properties": {
				"city": "台北市",
				"name": "7-11文山門市",
				"address": "116台北市文山區木新路二段42號"
			}
		},
		{
			"type": "Feature",
			"geometry": {
				"type": "Point",
				"coordinates": [121.5626602, 24.9845533]
			},
			"properties": {
				"city": "台北市",
				"name": "7-11文忠門市",
				"address": "116台北市文山區忠順街二段16號"
			}
		},
		{
			"type": "Feature",
			"geometry": {
				"type": "Point",
				"coordinates": [121.5268176, 25.0895293]
			},
			"properties": {
				"city": "台北市",
				"name": "7-11文林門市",
				"address": "111台北市士林區文林路169號"
			}
		},
		{
			"type": "Feature",
			"geometry": {
				"type": "Point",
				"coordinates": [121.5581964, 24.9812083]
			},
			"properties": {
				"city": "台北市",
				"name": "7-11文新門市",
				"address": "116台北市文山區樟新里木新路三段276號"
			}
		},
		{
			"type": "Feature",
			"geometry": {
				"type": "Point",
				"coordinates": [121.5595052, 24.9814114]
			},
			"properties": {
				"city": "台北市",
				"name": "7-11文儀門市",
				"address": "116台北市文山區木新路三段54.56號"
			}
		},
		{
			"type": "Feature",
			"geometry": {
				"type": "Point",
				"coordinates": [121.5803676, 25.0702631]
			},
			"properties": {
				"city": "台北市",
				"name": "7-11日內瓦門市",
				"address": "114台北市內湖區瑞光路76巷59號1樓"
			}
		},
		{
			"type": "Feature",
			"geometry": {
				"type": "Point",
				"coordinates": [121.5682525, 24.9889175]
			},
			"properties": {
				"city": "台北市",
				"name": "7-11木柵門市",
				"address": "116台北市文山區木柵路2段157號"
			}
		},
		{
			"type": "Feature",
			"geometry": {
				"type": "Point",
				"coordinates": [121.5669571, 24.98841]
			},
			"properties": {
				"city": "台北市",
				"name": "7-11木盛門市",
				"address": "116台北市文山區木柵路三段88號"
			}
		},
		{
			"type": "Feature",
			"geometry": {
				"type": "Point",
				"coordinates": [121.5666245, 24.983049]
			},
			"properties": {
				"city": "台北市",
				"name": "7-11木新門市",
				"address": "116台北市文山區木新路2段255號"
			}
		},
		{
			"type": "Feature",
			"geometry": {
				"type": "Point",
				"coordinates": [121.5561098, 24.9802518]
			},
			"properties": {
				"city": "台北市",
				"name": "7-11世新大門市",
				"address": "116台北市文山區木柵路1段17巷1號"
			}
		},
		{
			"type": "Feature",
			"geometry": {
				"type": "Point",
				"coordinates": [121.5046191, 25.0422281]
			},
			"properties": {
				"city": "台北市",
				"name": "7-11世運門市",
				"address": "108台北市萬華區昆明街81.83號"
			}
		},
		{
			"type": "Feature",
			"geometry": {
				"type": "Point",
				"coordinates": [121.553299, 25.0437274]
			},
			"properties": {
				"city": "台北市",
				"name": "7-11仕吉門市",
				"address": "106台北市大安區忠孝東路4段223巷42號"
			}
		},
		{
			"type": "Feature",
			"geometry": {
				"type": "Point",
				"coordinates": [121.5485464, 24.9986041]
			},
			"properties": {
				"city": "台北市",
				"name": "7-11仙岩門市",
				"address": "116台北市文山區仙岩路18號"
			}
		},
		{
			"type": "Feature",
			"geometry": {
				"type": "Point",
				"coordinates": [121.5197452, 25.0971019]
			},
			"properties": {
				"city": "台北市",
				"name": "7-11冬樂門市",
				"address": "111台北市士林區美崙街112號一樓"
			}
		},
		{
			"type": "Feature",
			"geometry": {
				"type": "Point",
				"coordinates": [121.5018704, 25.1391154]
			},
			"properties": {
				"city": "台北市",
				"name": "7-11北投門市",
				"address": "112台北市北投區中和街222號"
			}
		},
		{
			"type": "Feature",
			"geometry": {
				"type": "Point",
				"coordinates": [121.5681937, 25.0278566]
			},
			"properties": {
				"city": "台北市",
				"name": "7-11北府門市",
				"address": "110台北市信義區松仁路160號"
			}
		},
		{
			"type": "Feature",
			"geometry": {
				"type": "Point",
				"coordinates": [121.534399, 25.0438884]
			},
			"properties": {
				"city": "台北市",
				"name": "7-11北科大門市",
				"address": "106台北市大安區忠孝東路3段1號(台北科技大學大川堂)"
			}
		},
		{
			"type": "Feature",
			"geometry": {
				"type": "Point",
				"coordinates": [121.5173735, 25.047702]
			},
			"properties": {
				"city": "台北市",
				"name": "7-11北高鐵門市",
				"address": "100台北市中正區北平西路3號B1"
			}
		},
		{
			"type": "Feature",
			"geometry": {
				"type": "Point",
				"coordinates": [121.5201492, 25.1197546]
			},
			"properties": {
				"city": "台北市",
				"name": "7-11北榮門市",
				"address": "112台北市北投區石牌路二段201號(榮民總醫院生活廣場)"
			}
		},
		{
			"type": "Feature",
			"geometry": {
				"type": "Point",
				"coordinates": [121.5513814, 25.0028891]
			},
			"properties": {
				"city": "台北市",
				"name": "7-11北福興門市",
				"address": "116台北市文山區興旺里福興路20號"
			}
		},
		{
			"type": "Feature",
			"geometry": {
				"type": "Point",
				"coordinates": [121.5627674, 25.0266828]
			},
			"properties": {
				"city": "台北市",
				"name": "7-11北醫大門市",
				"address": "110台北市信義區吳興街250號1樓"
			}
		},
		{
			"type": "Feature",
			"geometry": {
				"type": "Point",
				"coordinates": [121.563012, 25.0269555]
			},
			"properties": {
				"city": "台北市",
				"name": "7-11北醫門市",
				"address": "110台北市信義區吳興街252號"
			}
		},
		{
			"type": "Feature",
			"geometry": {
				"type": "Point",
				"coordinates": [121.5529022, 25.050862]
			},
			"properties": {
				"city": "台北市",
				"name": "7-11北體門市",
				"address": "105台北市松山區北寧路66號"
			}
		},
		{
			"type": "Feature",
			"geometry": {
				"type": "Point",
				"coordinates": [121.5158055, 25.0570388]
			},
			"properties": {
				"city": "台北市",
				"name": "7-11仟發門市",
				"address": "103台北市大同區民生西路95.97號"
			}
		},
		{
			"type": "Feature",
			"geometry": {
				"type": "Point",
				"coordinates": [121.5236634, 25.02239]
			},
			"properties": {
				"city": "台北市",
				"name": "7-11古亭門市",
				"address": "106台北市中正區汀州路2段216號"
			}
		},
		{
			"type": "Feature",
			"geometry": {
				"type": "Point",
				"coordinates": [121.5214415, 25.038485]
			},
			"properties": {
				"city": "台北市",
				"name": "7-11台大門市",
				"address": "100台北市中正區林森南路53.55號"
			}
		},
		{
			"type": "Feature",
			"geometry": {
				"type": "Point",
				"coordinates": [121.5169554, 25.0424877]
			},
			"properties": {
				"city": "台北市",
				"name": "7-11台大醫門市",
				"address": "100台北市中正區常德街1號"
			}
		},
		{
			"type": "Feature",
			"geometry": {
				"type": "Point",
				"coordinates": [121.5176154, 25.0468588]
			},
			"properties": {
				"city": "台北市",
				"name": "7-11台北1門市",
				"address": "100台北市中正區北平西路3號(東南站)"
			}
		},
		{
			"type": "Feature",
			"geometry": {
				"type": "Point",
				"coordinates": [121.5176154, 25.0468588]
			},
			"properties": {
				"city": "台北市",
				"name": "7-11台北2門市",
				"address": "100台北市中正區北平西路3號(西南站)"
			}
		},
		{
			"type": "Feature",
			"geometry": {
				"type": "Point",
				"coordinates": [121.5176154, 25.0468588]
			},
			"properties": {
				"city": "台北市",
				"name": "7-11台北3門市",
				"address": "100台北市中正區北平西路3號(西北站)"
			}
		},
		{
			"type": "Feature",
			"geometry": {
				"type": "Point",
				"coordinates": [121.5176154, 25.0468588]
			},
			"properties": {
				"city": "台北市",
				"name": "7-11台北4門市",
				"address": "100台北市中正區北平西路3號(東北站)"
			}
		},
		{
			"type": "Feature",
			"geometry": {
				"type": "Point",
				"coordinates": [121.5176154, 25.0468588]
			},
			"properties": {
				"city": "台北市",
				"name": "7-11台北五門市",
				"address": "100台北市中正區北平西路3號"
			}
		},
		{
			"type": "Feature",
			"geometry": {
				"type": "Point",
				"coordinates": [121.5176154, 25.0468588]
			},
			"properties": {
				"city": "台北市",
				"name": "7-11台北六門市",
				"address": "100台北市中正區北平西路3號"
			}
		},
		{
			"type": "Feature",
			"geometry": {
				"type": "Point",
				"coordinates": [121.5648441, 25.0342381]
			},
			"properties": {
				"city": "台北市",
				"name": "7-11台金門市",
				"address": "110台北市信義區松智路8號"
			}
		},
		{
			"type": "Feature",
			"geometry": {
				"type": "Point",
				"coordinates": [121.5410802, 25.0119407]
			},
			"properties": {
				"city": "台北市",
				"name": "7-11台科三門市",
				"address": "106台北市大安區基隆路四段43號第三餐廳"
			}
		},
		{
			"type": "Feature",
			"geometry": {
				"type": "Point",
				"coordinates": [121.5533341, 25.0444674]
			},
			"properties": {
				"city": "台北市",
				"name": "7-11市大門市",
				"address": "105台北市松山區市民大道路四段105號"
			}
		},
		{
			"type": "Feature",
			"geometry": {
				"type": "Point",
				"coordinates": [121.5608832, 25.0585789]
			},
			"properties": {
				"city": "台北市",
				"name": "7-11民北門市",
				"address": "105台北市松山區民生東路3段127巷6號"
			}
		},
		{
			"type": "Feature",
			"geometry": {
				"type": "Point",
				"coordinates": [121.5408718, 25.0624386]
			},
			"properties": {
				"city": "台北市",
				"name": "7-11民有門市",
				"address": "105台北市松山區民權東路3段108號"
			}
		},
		{
			"type": "Feature",
			"geometry": {
				"type": "Point",
				"coordinates": [121.5858499, 25.0687323]
			},
			"properties": {
				"city": "台北市",
				"name": "7-11民東門市",
				"address": "114台北市內湖區民權東路6段88號"
			}
		},
		{
			"type": "Feature",
			"geometry": {
				"type": "Point",
				"coordinates": [121.5231709, 25.068247]
			},
			"properties": {
				"city": "台北市",
				"name": "7-11民美門市",
				"address": "104台北市中山區圓山里中山北路3段57號"
			}
		},
		{
			"type": "Feature",
			"geometry": {
				"type": "Point",
				"coordinates": [121.5550932, 25.0580977]
			},
			"properties": {
				"city": "台北市",
				"name": "7-11民復門市",
				"address": "105台北市松山區民生東路四段130號"
			}
		},
		{
			"type": "Feature",
			"geometry": {
				"type": "Point",
				"coordinates": [121.5688494, 25.0435002]
			},
			"properties": {
				"city": "台北市",
				"name": "7-11永信門市",
				"address": "110台北市信義區永吉路30巷103號"
			}
		},
		{
			"type": "Feature",
			"geometry": {
				"type": "Point",
				"coordinates": [121.5295936, 25.0304207]
			},
			"properties": {
				"city": "台北市",
				"name": "7-11永康門市",
				"address": "106台北市大安區永康街43號"
			}
		},
		{
			"type": "Feature",
			"geometry": {
				"type": "Point",
				"coordinates": [121.5095888, 25.0280401]
			},
			"properties": {
				"city": "台北市",
				"name": "7-11汀州門市",
				"address": "100台北市中正區汀州路一段129號"
			}
		},
		{
			"type": "Feature",
			"geometry": {
				"type": "Point",
				"coordinates": [121.5922282, 25.0540291]
			},
			"properties": {
				"city": "台北市",
				"name": "7-11玉成門市",
				"address": "115台北市南港區南港路3段3號"
			}
		},
		{
			"type": "Feature",
			"geometry": {
				"type": "Point",
				"coordinates": [121.5838133, 25.0450296]
			},
			"properties": {
				"city": "台北市",
				"name": "7-11玉德門市",
				"address": "115台北市南港區玉成街154號"
			}
		},
		{
			"type": "Feature",
			"geometry": {
				"type": "Point",
				"coordinates": [121.5155177, 25.1153411]
			},
			"properties": {
				"city": "台北市",
				"name": "7-11石捷門市",
				"address": "112台北市北投區石牌路二段8號"
			}
		},
		{
			"type": "Feature",
			"geometry": {
				"type": "Point",
				"coordinates": [121.5229719, 25.0267596]
			},
			"properties": {
				"city": "台北市",
				"name": "7-11禾光門市",
				"address": "106台北市大安區和平東路2段63號1樓"
			}
		},
		{
			"type": "Feature",
			"geometry": {
				"type": "Point",
				"coordinates": [121.5516354, 25.0300981]
			},
			"properties": {
				"city": "台北市",
				"name": "7-11立仁門市",
				"address": "106台北市大安區安和路二段74巷1號"
			}
		},
		{
			"type": "Feature",
			"geometry": {
				"type": "Point",
				"coordinates": [121.5034718, 25.1184524]
			},
			"properties": {
				"city": "台北市",
				"name": "7-11立農門市",
				"address": "112台北市北投區承德路7段378號"
			}
		},
		{
			"type": "Feature",
			"geometry": {
				"type": "Point",
				"coordinates": [121.5346807, 25.0513472]
			},
			"properties": {
				"city": "台北市",
				"name": "7-11伊東門市",
				"address": "104台北市中山區伊通街50號"
			}
		},
		{
			"type": "Feature",
			"geometry": {
				"type": "Point",
				"coordinates": [121.501821, 25.133288]
			},
			"properties": {
				"city": "台北市",
				"name": "7-11光中門市",
				"address": "112台北市北投區光明路122號"
			}
		},
		{
			"type": "Feature",
			"geometry": {
				"type": "Point",
				"coordinates": [121.5052942, 25.1362139]
			},
			"properties": {
				"city": "台北市",
				"name": "7-11光明門市",
				"address": "112台北市北投區光明路162.164號"
			}
		},
		{
			"type": "Feature",
			"geometry": {
				"type": "Point",
				"coordinates": [121.5794953, 25.0411957]
			},
			"properties": {
				"city": "台北市",
				"name": "7-11光東門市",
				"address": "110台北市信義區忠孝東路五段524巷1弄1號"
			}
		},
		{
			"type": "Feature",
			"geometry": {
				"type": "Point",
				"coordinates": [121.5577492, 25.0337373]
			},
			"properties": {
				"city": "台北市",
				"name": "7-11光復門市",
				"address": "110台北市信義區光復南路471號"
			}
		},
		{
			"type": "Feature",
			"geometry": {
				"type": "Point",
				"coordinates": [121.5534547, 25.0463015]
			},
			"properties": {
				"city": "台北市",
				"name": "7-11吉仁門市",
				"address": "105台北市松山區延吉街28號"
			}
		},
		{
			"type": "Feature",
			"geometry": {
				"type": "Point",
				"coordinates": [121.5302038, 25.0581536]
			},
			"properties": {
				"city": "台北市",
				"name": "7-11吉安門市",
				"address": "104台北市中山區吉林路365.367號"
			}
		},
		{
			"type": "Feature",
			"geometry": {
				"type": "Point",
				"coordinates": [121.5541318, 25.0424783]
			},
			"properties": {
				"city": "台北市",
				"name": "7-11吉忠門市",
				"address": "106台北市大安區延吉街72號"
			}
		},
		{
			"type": "Feature",
			"geometry": {
				"type": "Point",
				"coordinates": [121.5303732, 25.0603083]
			},
			"properties": {
				"city": "台北市",
				"name": "7-11吉林門市",
				"address": "104台北市中山區吉林路211號"
			}
		},
		{
			"type": "Feature",
			"geometry": {
				"type": "Point",
				"coordinates": [121.5574266, 25.0518277]
			},
			"properties": {
				"city": "台北市",
				"name": "7-11吉盛門市",
				"address": "105台北市松山區南京東路5段66巷3弄1號1樓"
			}
		},
		{
			"type": "Feature",
			"geometry": {
				"type": "Point",
				"coordinates": [121.5228124, 25.0255485]
			},
			"properties": {
				"city": "台北市",
				"name": "7-11同昌門市",
				"address": "106台北市中正區南昌路2段173號"
			}
		},
		{
			"type": "Feature",
			"geometry": {
				"type": "Point",
				"coordinates": [121.5390612, 25.055966]
			},
			"properties": {
				"city": "台北市",
				"name": "7-11合江門市",
				"address": "104台北市中山區合江街60號"
			}
		},
		{
			"type": "Feature",
			"geometry": {
				"type": "Point",
				"coordinates": [121.5453837, 25.0284311]
			},
			"properties": {
				"city": "台北市",
				"name": "7-11合旺門市",
				"address": "106台北市大安區復興南路2段151巷41號"
			}
		},
		{
			"type": "Feature",
			"geometry": {
				"type": "Point",
				"coordinates": [121.5129553, 25.1174532]
			},
			"properties": {
				"city": "台北市",
				"name": "7-11安遠門市",
				"address": "112台北市北投區致遠二路149號"
			}
		},
		{
			"type": "Feature",
			"geometry": {
				"type": "Point",
				"coordinates": [121.5903074, 25.0661859]
			},
			"properties": {
				"city": "台北市",
				"name": "7-11成功門市",
				"address": "114台北市內湖區成功路二段252號"
			}
		},
		{
			"type": "Feature",
			"geometry": {
				"type": "Point",
				"coordinates": [121.5846963, 25.0568345]
			},
			"properties": {
				"city": "台北市",
				"name": "7-11成美門市",
				"address": "114台北市內湖區新明路317號"
			}
		},
		{
			"type": "Feature",
			"geometry": {
				"type": "Point",
				"coordinates": [121.5044435, 25.0430259]
			},
			"properties": {
				"city": "台北市",
				"name": "7-11成都門市",
				"address": "108台北市萬華區成都路94號"
			}
		},
		{
			"type": "Feature",
			"geometry": {
				"type": "Point",
				"coordinates": [121.5997014, 25.0849319]
			},
			"properties": {
				"city": "台北市",
				"name": "7-11成湖門市",
				"address": "114台北市內湖區成功路四段346號"
			}
		},
		{
			"type": "Feature",
			"geometry": {
				"type": "Point",
				"coordinates": [121.5252183, 25.0491523]
			},
			"properties": {
				"city": "台北市",
				"name": "7-11江東門市",
				"address": "104台北市中山區長安東路2段35-1號"
			}
		},
		{
			"type": "Feature",
			"geometry": {
				"type": "Point",
				"coordinates": [121.5312687, 25.0527012]
			},
			"properties": {
				"city": "台北市",
				"name": "7-11江陵門市",
				"address": "104台北市中山區一江街22號"
			}
		},
		{
			"type": "Feature",
			"geometry": {
				"type": "Point",
				"coordinates": [121.5101615, 25.1131447]
			},
			"properties": {
				"city": "台北市",
				"name": "7-11百齡門市",
				"address": "111台北市北投區石牌路一段35號"
			}
		},
		{
			"type": "Feature",
			"geometry": {
				"type": "Point",
				"coordinates": [121.5509291, 25.1004055]
			},
			"properties": {
				"city": "台北市",
				"name": "7-11至善天下門市",
				"address": "111台北市士林區至善路二段264號"
			}
		},
		{
			"type": "Feature",
			"geometry": {
				"type": "Point",
				"coordinates": [121.5292801, 25.101788]
			},
			"properties": {
				"city": "台北市",
				"name": "7-11至誠門市",
				"address": "112台北市士林區至誠路二段31號"
			}
		},
		{
			"type": "Feature",
			"geometry": {
				"type": "Point",
				"coordinates": [121.5348399, 25.0645483]
			},
			"properties": {
				"city": "台北市",
				"name": "7-11行天門市",
				"address": "104台北市中山區農安街178號"
			}
		},
		{
			"type": "Feature",
			"geometry": {
				"type": "Point",
				"coordinates": [121.5269336, 25.1253285]
			},
			"properties": {
				"city": "台北市",
				"name": "7-11行義門市",
				"address": "112台北市北投區行義路33號"
			}
		},
		{
			"type": "Feature",
			"geometry": {
				"type": "Point",
				"coordinates": [121.5800298, 25.063869]
			},
			"properties": {
				"city": "台北市",
				"name": "7-11行龍門市",
				"address": "114台北市內湖區行愛路128號"
			}
		},
		{
			"type": "Feature",
			"geometry": {
				"type": "Point",
				"coordinates": [121.4995506, 25.1301436]
			},
			"properties": {
				"city": "台北市",
				"name": "7-11西安門市",
				"address": "112台北市北投區大興街48號"
			}
		},
		{
			"type": "Feature",
			"geometry": {
				"type": "Point",
				"coordinates": [121.5669941, 25.0846327]
			},
			"properties": {
				"city": "台北市",
				"name": "7-11西武門市",
				"address": "114台北市內湖區內湖路一段285巷65弄2號"
			}
		},
		{
			"type": "Feature",
			"geometry": {
				"type": "Point",
				"coordinates": [121.5679193, 25.0823137]
			},
			"properties": {
				"city": "台北市",
				"name": "7-11西湖門市",
				"address": "114台北市內湖區內湖路一段321號"
			}
		},
		{
			"type": "Feature",
			"geometry": {
				"type": "Point",
				"coordinates": [121.616901, 25.0383523]
			},
			"properties": {
				"city": "台北市",
				"name": "7-11庄研門市",
				"address": "115台北市南港區研究院路二段152號"
			}
		},
		{
			"type": "Feature",
			"geometry": {
				"type": "Point",
				"coordinates": [121.5396098, 25.0424791]
			},
			"properties": {
				"city": "台北市",
				"name": "7-11佑安門市",
				"address": "106台北市大安區忠孝東路三段217巷1弄2號"
			}
		},
		{
			"type": "Feature",
			"geometry": {
				"type": "Point",
				"coordinates": [121.6136482, 25.0675756]
			},
			"properties": {
				"city": "台北市",
				"name": "7-11克里斯門市",
				"address": "114台北市內湖區五分街41號1F"
			}
		},
		{
			"type": "Feature",
			"geometry": {
				"type": "Point",
				"coordinates": [121.5014902, 25.0235166]
			},
			"properties": {
				"city": "台北市",
				"name": "7-11克難門市",
				"address": "108台北市萬華區萬青街168號"
			}
		},
		{
			"type": "Feature",
			"geometry": {
				"type": "Point",
				"coordinates": [121.5635276, 25.0245996]
			},
			"properties": {
				"city": "台北市",
				"name": "7-11吳興門市",
				"address": "110台北市信義區吳興街284巷18弄2號"
			}
		},
		{
			"type": "Feature",
			"geometry": {
				"type": "Point",
				"coordinates": [121.4986275, 25.0344685]
			},
			"properties": {
				"city": "台北市",
				"name": "7-11宏旭門市",
				"address": "108台北市萬華區西園路一段246號"
			}
		},
		{
			"type": "Feature",
			"geometry": {
				"type": "Point",
				"coordinates": [121.5692385, 25.0371056]
			},
			"properties": {
				"city": "台北市",
				"name": "7-11宏泰門市",
				"address": "110台北市信義區松仁路91-1號1樓"
			}
		},
		{
			"type": "Feature",
			"geometry": {
				"type": "Point",
				"coordinates": [121.5332197, 25.02644]
			},
			"properties": {
				"city": "台北市",
				"name": "7-11技安門市",
				"address": "106台北市大安區和平東路3段97號"
			}
		},
		{
			"type": "Feature",
			"geometry": {
				"type": "Point",
				"coordinates": [121.4990213, 25.1417699]
			},
			"properties": {
				"city": "台北市",
				"name": "7-11秀山門市",
				"address": "112台北市北投區中和街476.478號"
			}
		},
		{
			"type": "Feature",
			"geometry": {
				"type": "Point",
				"coordinates": [121.5551563, 25.0485055]
			},
			"properties": {
				"city": "台北市",
				"name": "7-11育商門市",
				"address": "105台北市松山區八德路三段155巷2號"
			}
		},
		{
			"type": "Feature",
			"geometry": {
				"type": "Point",
				"coordinates": [121.5770479, 25.0747717]
			},
			"properties": {
				"city": "台北市",
				"name": "7-11見晴門市",
				"address": "114台北市內湖區瑞光路196號"
			}
		},
		{
			"type": "Feature",
			"geometry": {
				"type": "Point",
				"coordinates": [121.5371149, 25.0230562]
			},
			"properties": {
				"city": "台北市",
				"name": "7-11辛亥門市",
				"address": "106台北市大安區辛亥路2段57號"
			}
		},
		{
			"type": "Feature",
			"geometry": {
				"type": "Point",
				"coordinates": [121.554154, 25.0514254]
			},
			"properties": {
				"city": "台北市",
				"name": "7-11京育門市",
				"address": "105台北市松山區南京東路四段70號"
			}
		},
		{
			"type": "Feature",
			"geometry": {
				"type": "Point",
				"coordinates": [121.5257212, 25.0596466]
			},
			"properties": {
				"city": "台北市",
				"name": "7-11京都門市",
				"address": "104台北市中山區林森北路411號"
			}
		},
		{
			"type": "Feature",
			"geometry": {
				"type": "Point",
				"coordinates": [121.5358606, 25.0581351]
			},
			"properties": {
				"city": "台北市",
				"name": "7-11佳佳門市",
				"address": "104台北市中山區民生東路二段157號"
			}
		},
		{
			"type": "Feature",
			"geometry": {
				"type": "Point",
				"coordinates": [121.6077868, 25.0543858]
			},
			"properties": {
				"city": "台北市",
				"name": "7-11佳樂門市",
				"address": "115台北市南港區南港路一段305號"
			}
		},
		{
			"type": "Feature",
			"geometry": {
				"type": "Point",
				"coordinates": [121.5546253, 25.0221616]
			},
			"properties": {
				"city": "台北市",
				"name": "7-11和安門市",
				"address": "106台北市大安區和平東路三段230號"
			}
		},
		{
			"type": "Feature",
			"geometry": {
				"type": "Point",
				"coordinates": [121.5258268, 25.027166]
			},
			"properties": {
				"city": "台北市",
				"name": "7-11和金門市",
				"address": "106台北市大安區和平東路1段91號"
			}
		},
		{
			"type": "Feature",
			"geometry": {
				"type": "Point",
				"coordinates": [121.5318591, 25.0265495]
			},
			"properties": {
				"city": "台北市",
				"name": "7-11和泰門市",
				"address": "106台北市大安區和平東路一段169號"
			}
		},
		{
			"type": "Feature",
			"geometry": {
				"type": "Point",
				"coordinates": [121.5033922, 25.1376026]
			},
			"properties": {
				"city": "台北市",
				"name": "7-11和業門市",
				"address": "112台北市北投區中和街10號"
			}
		},
		{
			"type": "Feature",
			"geometry": {
				"type": "Point",
				"coordinates": [121.5014699, 25.1261228]
			},
			"properties": {
				"city": "台北市",
				"name": "7-11奇岩門市",
				"address": "112台北市北投區崇仁路一段76號"
			}
		},
		{
			"type": "Feature",
			"geometry": {
				"type": "Point",
				"coordinates": [121.529031, 25.0957715]
			},
			"properties": {
				"city": "台北市",
				"name": "7-11官邸門市",
				"address": "111台北市士林區中正路115號"
			}
		},
		{
			"type": "Feature",
			"geometry": {
				"type": "Point",
				"coordinates": [121.5557359, 25.0365992]
			},
			"properties": {
				"city": "台北市",
				"name": "7-11延吉門市",
				"address": "106台北市大安區延吉街237號"
			}
		},
		{
			"type": "Feature",
			"geometry": {
				"type": "Point",
				"coordinates": [121.5111368, 25.0658177]
			},
			"properties": {
				"city": "台北市",
				"name": "7-11延年門市",
				"address": "103台北市大同區延平北路3段61-5號"
			}
		},
		{
			"type": "Feature",
			"geometry": {
				"type": "Point",
				"coordinates": [121.5115038, 25.0583047]
			},
			"properties": {
				"city": "台北市",
				"name": "7-11延埕門市",
				"address": "103台北市大同區延平北路2段159.161號."
			}
		},
		{
			"type": "Feature",
			"geometry": {
				"type": "Point",
				"coordinates": [121.5119449, 25.0511697]
			},
			"properties": {
				"city": "台北市",
				"name": "7-11延華門市",
				"address": "103台北市大同區延平北路一段78.80號"
			}
		},
		{
			"type": "Feature",
			"geometry": {
				"type": "Point",
				"coordinates": [121.5564649, 25.0562019]
			},
			"properties": {
				"city": "台北市",
				"name": "7-11延壽門市",
				"address": "105台北市松山區延壽街422號"
			}
		},
		{
			"type": "Feature",
			"geometry": {
				"type": "Point",
				"coordinates": [121.5112547, 25.0730247]
			},
			"properties": {
				"city": "台北市",
				"name": "7-11延龍門市",
				"address": "103台北市大同區延平北路4段6.8號"
			}
		},
		{
			"type": "Feature",
			"geometry": {
				"type": "Point",
				"coordinates": [121.5658874, 25.0585075]
			},
			"properties": {
				"city": "台北市",
				"name": "7-11征東門市",
				"address": "105台北市松山區新東街15巷1號"
			}
		},
		{
			"type": "Feature",
			"geometry": {
				"type": "Point",
				"coordinates": [121.5660885, 25.0592922]
			},
			"properties": {
				"city": "台北市",
				"name": "7-11征唐門市",
				"address": "105台北市松山區民生東路五段197號"
			}
		},
		{
			"type": "Feature",
			"geometry": {
				"type": "Point",
				"coordinates": [121.5590896, 24.9841582]
			},
			"properties": {
				"city": "台北市",
				"name": "7-11忠順門市",
				"address": "116台北市文山區忠順街一段101號"
			}
		},
		{
			"type": "Feature",
			"geometry": {
				"type": "Point",
				"coordinates": [121.5305878, 25.0427446]
			},
			"properties": {
				"city": "台北市",
				"name": "7-11忠聯門市",
				"address": "100台北市中正區忠孝東路二段102號"
			}
		},
		{
			"type": "Feature",
			"geometry": {
				"type": "Point",
				"coordinates": [121.5108291, 25.1114611]
			},
			"properties": {
				"city": "台北市",
				"name": "7-11承啟門市",
				"address": "112台北市北投區福興里承德路七段76號"
			}
		},
		{
			"type": "Feature",
			"geometry": {
				"type": "Point",
				"coordinates": [121.5228561, 25.081038]
			},
			"properties": {
				"city": "台北市",
				"name": "7-11承富門市",
				"address": "111台北市士林區承德路四段39號"
			}
		},
		{
			"type": "Feature",
			"geometry": {
				"type": "Point",
				"coordinates": [121.5166625, 25.0504245]
			},
			"properties": {
				"city": "台北市",
				"name": "7-11承華門市",
				"address": "103台北市大同區承德路一段22號"
			}
		},
		{
			"type": "Feature",
			"geometry": {
				"type": "Point",
				"coordinates": [121.520391, 25.052685]
			},
			"properties": {
				"city": "台北市",
				"name": "7-11承運門市",
				"address": "104台北市中山區南京西路16號捷運中山站B1區"
			}
		},
		{
			"type": "Feature",
			"geometry": {
				"type": "Point",
				"coordinates": [121.5180656, 25.0660007]
			},
			"properties": {
				"city": "台北市",
				"name": "7-11昌吉門市",
				"address": "103台北市大同區承德路3段74號."
			}
		},
		{
			"type": "Feature",
			"geometry": {
				"type": "Point",
				"coordinates": [121.5568913, 25.0280419]
			},
			"properties": {
				"city": "台北市",
				"name": "7-11昌隆門市",
				"address": "110台北市信義區基隆路二段131-4號"
			}
		},
		{
			"type": "Feature",
			"geometry": {
				"type": "Point",
				"coordinates": [121.5829816, 25.0453509]
			},
			"properties": {
				"city": "台北市",
				"name": "7-11昆陽門市",
				"address": "115台北市南港區忠孝東路6段448號"
			}
		},
		{
			"type": "Feature",
			"geometry": {
				"type": "Point",
				"coordinates": [121.5058915, 25.0444495]
			},
			"properties": {
				"city": "台北市",
				"name": "7-11昆寧門市",
				"address": "108台北市萬華區西寧南路50巷3號.5號"
			}
		},
		{
			"type": "Feature",
			"geometry": {
				"type": "Point",
				"coordinates": [121.5056213, 25.0463952]
			},
			"properties": {
				"city": "台北市",
				"name": "7-11昆福門市",
				"address": "108台北市萬華區昆明街46號"
			}
		},
		{
			"type": "Feature",
			"geometry": {
				"type": "Point",
				"coordinates": [121.6144487, 25.0688619]
			},
			"properties": {
				"city": "台北市",
				"name": "7-11明湖門市",
				"address": "114台北市內湖區東湖路45號"
			}
		},
		{
			"type": "Feature",
			"geometry": {
				"type": "Point",
				"coordinates": [121.5194143, 25.1094982]
			},
			"properties": {
				"city": "台北市",
				"name": "7-11明華門市",
				"address": "112台北市北投區明德路99號"
			}
		},
		{
			"type": "Feature",
			"geometry": {
				"type": "Point",
				"coordinates": [121.5202558, 25.1098625]
			},
			"properties": {
				"city": "台北市",
				"name": "7-11明德門市",
				"address": "112台北市北投區明德路114號"
			}
		},
		{
			"type": "Feature",
			"geometry": {
				"type": "Point",
				"coordinates": [121.5259601, 25.0518334]
			},
			"properties": {
				"city": "台北市",
				"name": "7-11東王門市",
				"address": "104台北市中山區南京東路一段92號"
			}
		},
		{
			"type": "Feature",
			"geometry": {
				"type": "Point",
				"coordinates": [121.5574266, 25.0518277]
			},
			"properties": {
				"city": "台北市",
				"name": "7-11東光門市",
				"address": "105台北市松山區南京東路5段17號"
			}
		},
		{
			"type": "Feature",
			"geometry": {
				"type": "Point",
				"coordinates": [121.5556082, 25.0584343]
			},
			"properties": {
				"city": "台北市",
				"name": "7-11東吉門市",
				"address": "105台北市松山區民生東路5段117號"
			}
		},
		{
			"type": "Feature",
			"geometry": {
				"type": "Point",
				"coordinates": [121.53229, 25.1188685]
			},
			"properties": {
				"city": "台北市",
				"name": "7-11東洋門市",
				"address": "111台北市士林區中山北路7段14巷19號Ｂ1"
			}
		},
		{
			"type": "Feature",
			"geometry": {
				"type": "Point",
				"coordinates": [121.5416956, 25.0468994]
			},
			"properties": {
				"city": "台北市",
				"name": "7-11東崙門市",
				"address": "104台北市中山區八德路二段282號"
			}
		},
		{
			"type": "Feature",
			"geometry": {
				"type": "Point",
				"coordinates": [121.5097875, 25.0389121]
			},
			"properties": {
				"city": "台北市",
				"name": "7-11東祥門市",
				"address": "100台北市中正區貴陽街一段56號B1"
			}
		},
		{
			"type": "Feature",
			"geometry": {
				"type": "Point",
				"coordinates": [121.5179696, 25.1164585]
			},
			"properties": {
				"city": "台北市",
				"name": "7-11東華門市",
				"address": "112台北市北投區裕民一路40巷1號"
			}
		},
		{
			"type": "Feature",
			"geometry": {
				"type": "Point",
				"coordinates": [121.5546859, 25.0513931]
			},
			"properties": {
				"city": "台北市",
				"name": "7-11東勢門市",
				"address": "105台北市松山區南京東路4段131號"
			}
		},
		{
			"type": "Feature",
			"geometry": {
				"type": "Point",
				"coordinates": [121.5441092, 25.0414432]
			},
			"properties": {
				"city": "台北市",
				"name": "7-11東暉門市",
				"address": "110台北市信義區忠孝東路4段514號"
			}
		},
		{
			"type": "Feature",
			"geometry": {
				"type": "Point",
				"coordinates": [121.5556082, 25.0584343]
			},
			"properties": {
				"city": "台北市",
				"name": "7-11東榮門市",
				"address": "105台北市松山區民生東路5段65號"
			}
		},
		{
			"type": "Feature",
			"geometry": {
				"type": "Point",
				"coordinates": [121.555653, 25.0580788]
			},
			"properties": {
				"city": "台北市",
				"name": "7-11東鑫門市",
				"address": "105台北市松山區民生東路4段55巷10號"
			}
		},
		{
			"type": "Feature",
			"geometry": {
				"type": "Point",
				"coordinates": [121.5253883, 25.0573535]
			},
			"properties": {
				"city": "台北市",
				"name": "7-11林北門市",
				"address": "104台北市中山區林森北路362號"
			}
		},
		{
			"type": "Feature",
			"geometry": {
				"type": "Point",
				"coordinates": [121.525562, 25.0650028]
			},
			"properties": {
				"city": "台北市",
				"name": "7-11林安門市",
				"address": "104台北市中山區林森北路572號"
			}
		},
		{
			"type": "Feature",
			"geometry": {
				"type": "Point",
				"coordinates": [121.5870569, 25.0462968]
			},
			"properties": {
				"city": "台北市",
				"name": "7-11林坊門市",
				"address": "115台北市南港區東新街80巷1號"
			}
		},
		{
			"type": "Feature",
			"geometry": {
				"type": "Point",
				"coordinates": [121.5254984, 25.061878]
			},
			"properties": {
				"city": "台北市",
				"name": "7-11林森門市",
				"address": "104台北市中山區林森北路500號"
			}
		},
		{
			"type": "Feature",
			"geometry": {
				"type": "Point",
				"coordinates": [121.5652968, 25.0406521]
			},
			"properties": {
				"city": "台北市",
				"name": "7-11松山門市",
				"address": "110台北市信義區忠孝東路5段386號"
			}
		},
		{
			"type": "Feature",
			"geometry": {
				"type": "Point",
				"coordinates": [121.5685994, 25.0269105]
			},
			"properties": {
				"city": "台北市",
				"name": "7-11松仁門市",
				"address": "110台北市信義區松仁路213號"
			}
		},
		{
			"type": "Feature",
			"geometry": {
				"type": "Point",
				"coordinates": [121.5639594, 25.0523781]
			},
			"properties": {
				"city": "台北市",
				"name": "7-11松民門市",
				"address": "105台北市松山區三民路10號"
			}
		},
		{
			"type": "Feature",
			"geometry": {
				"type": "Point",
				"coordinates": [121.5691489, 25.0588831]
			},
			"properties": {
				"city": "台北市",
				"name": "7-11松禾門市",
				"address": "105台北市松山區塔悠路31.33號"
			}
		},
		{
			"type": "Feature",
			"geometry": {
				"type": "Point",
				"coordinates": [121.5718644, 25.0435699]
			},
			"properties": {
				"city": "台北市",
				"name": "7-11松信門市",
				"address": "110台北市信義區文藝里永吉路180巷67弄5號"
			}
		},
		{
			"type": "Feature",
			"geometry": {
				"type": "Point",
				"coordinates": [121.5784914, 25.0359117]
			},
			"properties": {
				"city": "台北市",
				"name": "7-11松家門市",
				"address": "110台北市信義區松山路604號"
			}
		},
		{
			"type": "Feature",
			"geometry": {
				"type": "Point",
				"coordinates": [121.5661466, 25.0435937]
			},
			"properties": {
				"city": "台北市",
				"name": "7-11松高門市",
				"address": "110台北市信義區基隆路一段135-2號"
			}
		},
		{
			"type": "Feature",
			"geometry": {
				"type": "Point",
				"coordinates": [121.5649364, 25.0415326]
			},
			"properties": {
				"city": "台北市",
				"name": "7-11松捷門市",
				"address": "110台北市信義區忠孝東路五段1之6號"
			}
		},
		{
			"type": "Feature",
			"geometry": {
				"type": "Point",
				"coordinates": [121.5337447, 25.0526837]
			},
			"properties": {
				"city": "台北市",
				"name": "7-11松盛門市",
				"address": "104台北市中山區南京東路二段115巷1號"
			}
		},
		{
			"type": "Feature",
			"geometry": {
				"type": "Point",
				"coordinates": [121.564767, 25.0291432]
			},
			"properties": {
				"city": "台北市",
				"name": "7-11松智門市",
				"address": "110台北市信義區莊敬路325巷43號"
			}
		},
		{
			"type": "Feature",
			"geometry": {
				"type": "Point",
				"coordinates": [121.5759238, 25.0482998]
			},
			"properties": {
				"city": "台北市",
				"name": "7-11松隆門市",
				"address": "110台北市信義區松隆路286號"
			}
		},
		{
			"type": "Feature",
			"geometry": {
				"type": "Point",
				"coordinates": [121.5746772, 25.0328812]
			},
			"properties": {
				"city": "台北市",
				"name": "7-11松義門市",
				"address": "110台北市信義區松德路271號"
			}
		},
		{
			"type": "Feature",
			"geometry": {
				"type": "Point",
				"coordinates": [121.5332726, 25.0511497]
			},
			"properties": {
				"city": "台北市",
				"name": "7-11松運門市",
				"address": "104台北市中山區松江路101號"
			}
		},
		{
			"type": "Feature",
			"geometry": {
				"type": "Point",
				"coordinates": [121.5726117, 25.0473791]
			},
			"properties": {
				"city": "台北市",
				"name": "7-11松錢門市",
				"address": "110台北市信義區松隆路159巷1號"
			}
		},
		{
			"type": "Feature",
			"geometry": {
				"type": "Point",
				"coordinates": [121.5334859, 25.0614286]
			},
			"properties": {
				"city": "台北市",
				"name": "7-11松錦門市",
				"address": "104台北市中山區松江路305號."
			}
		},
		{
			"type": "Feature",
			"geometry": {
				"type": "Point",
				"coordinates": [121.5745367, 25.0500482]
			},
			"properties": {
				"city": "台北市",
				"name": "7-11松饒門市",
				"address": "105台北市松山區慈祐里八德路4段767.769號."
			}
		},
		{
			"type": "Feature",
			"geometry": {
				"type": "Point",
				"coordinates": [121.5328522, 25.0577782]
			},
			"properties": {
				"city": "台北市",
				"name": "7-11松鑫門市",
				"address": "104台北市中山區松江路208號"
			}
		},
		{
			"type": "Feature",
			"geometry": {
				"type": "Point",
				"coordinates": [121.5767343, 25.0498433]
			},
			"properties": {
				"city": "台北市",
				"name": "7-11松鑽門市",
				"address": "105台北市松山區八德路四段686號"
			}
		},
		{
			"type": "Feature",
			"geometry": {
				"type": "Point",
				"coordinates": [121.550994, 25.0386104]
			},
			"properties": {
				"city": "台北市",
				"name": "7-11欣安和門市",
				"address": "106台北市大安區安和路一段47號"
			}
		},
		{
			"type": "Feature",
			"geometry": {
				"type": "Point",
				"coordinates": [121.5428669, 25.0796593]
			},
			"properties": {
				"city": "台北市",
				"name": "7-11欣旺門市",
				"address": "104台北市中山區北安路604.606號"
			}
		},
		{
			"type": "Feature",
			"geometry": {
				"type": "Point",
				"coordinates": [121.5095037, 25.044987]
			},
			"properties": {
				"city": "台北市",
				"name": "7-11欣漢華門市",
				"address": "100台北市中正區中華路一段41號1樓"
			}
		},
		{
			"type": "Feature",
			"geometry": {
				"type": "Point",
				"coordinates": [121.5871905, 25.0687957]
			},
			"properties": {
				"city": "台北市",
				"name": "7-11欣福門市",
				"address": "114台北市內湖區民權東路6段120巷7弄8號"
			}
		},
		{
			"type": "Feature",
			"geometry": {
				"type": "Point",
				"coordinates": [121.5491442, 25.0840238]
			},
			"properties": {
				"city": "台北市",
				"name": "7-11直安門市",
				"address": "104台北市中山區北安路649號"
			}
		},
		{
			"type": "Feature",
			"geometry": {
				"type": "Point",
				"coordinates": [121.4660816, 25.1195429]
			},
			"properties": {
				"city": "台北市",
				"name": "7-11知心門市",
				"address": "112台北市北投區知行路201巷1號"
			}
		},
		{
			"type": "Feature",
			"geometry": {
				"type": "Point",
				"coordinates": [121.5052989, 25.0921124]
			},
			"properties": {
				"city": "台北市",
				"name": "7-11社中門市",
				"address": "111台北市士林區社中街311-313號"
			}
		},
		{
			"type": "Feature",
			"geometry": {
				"type": "Point",
				"coordinates": [121.5083618, 25.0861864]
			},
			"properties": {
				"city": "台北市",
				"name": "7-11社鑽門市",
				"address": "111台北市士林區中正路637號"
			}
		},
		{
			"type": "Feature",
			"geometry": {
				"type": "Point",
				"coordinates": [121.5228831, 25.1028173]
			},
			"properties": {
				"city": "台北市",
				"name": "7-11芝山門市",
				"address": "112台北市士林區福華路128巷2號"
			}
		},
		{
			"type": "Feature",
			"geometry": {
				"type": "Point",
				"coordinates": [121.5328125, 25.1076701]
			},
			"properties": {
				"city": "台北市",
				"name": "7-11芝玉門市",
				"address": "112台北市士林區忠義街121號"
			}
		},
		{
			"type": "Feature",
			"geometry": {
				"type": "Point",
				"coordinates": [121.5391986, 25.0375762]
			},
			"properties": {
				"city": "台北市",
				"name": "7-11芙蓉門市",
				"address": "106台北市大安區仁愛路三段94號"
			}
		},
		{
			"type": "Feature",
			"geometry": {
				"type": "Point",
				"coordinates": [121.5372892, 25.0363427]
			},
			"properties": {
				"city": "台北市",
				"name": "7-11花市門市",
				"address": "106台北市大安區建國南路一段274號"
			}
		},
		{
			"type": "Feature",
			"geometry": {
				"type": "Point",
				"coordinates": [121.5652968, 25.0406521]
			},
			"properties": {
				"city": "台北市",
				"name": "7-11虎林門市",
				"address": "110台北市信義區忠孝東路5段472號"
			}
		},
		{
			"type": "Feature",
			"geometry": {
				"type": "Point",
				"coordinates": [121.5198716, 25.0421407]
			},
			"properties": {
				"city": "台北市",
				"name": "7-11金山門市",
				"address": "100台北市中正區金山南路1段108號"
			}
		},
		{
			"type": "Feature",
			"geometry": {
				"type": "Point",
				"coordinates": [121.4996947, 25.1411405]
			},
			"properties": {
				"city": "台北市",
				"name": "7-11金和門市",
				"address": "112台北市北投區中和街318號"
			}
		},
		{
			"type": "Feature",
			"geometry": {
				"type": "Point",
				"coordinates": [121.52659, 25.033171]
			},
			"properties": {
				"city": "台北市",
				"name": "7-11金信門市",
				"address": "106台北市大安區金山南路2段18號1樓"
			}
		},
		{
			"type": "Feature",
			"geometry": {
				"type": "Point",
				"coordinates": [121.5385325, 25.0616652]
			},
			"properties": {
				"city": "台北市",
				"name": "7-11金宴門市",
				"address": "104台北市中山區建國北路二段151巷8號1樓"
			}
		},
		{
			"type": "Feature",
			"geometry": {
				"type": "Point",
				"coordinates": [121.5772646, 24.9874598]
			},
			"properties": {
				"city": "台北市",
				"name": "7-11金恩門市",
				"address": "116台北市文山區指南路二段149號"
			}
		},
		{
			"type": "Feature",
			"geometry": {
				"type": "Point",
				"coordinates": [121.5641951, 25.0866367]
			},
			"properties": {
				"city": "台北市",
				"name": "7-11金湖門市",
				"address": "114台北市內湖區文湖街83號1樓"
			}
		},
		{
			"type": "Feature",
			"geometry": {
				"type": "Point",
				"coordinates": [121.5284309, 25.0298094]
			},
			"properties": {
				"city": "台北市",
				"name": "7-11金華門市",
				"address": "106台北市大安區金華街140之1號"
			}
		},
		{
			"type": "Feature",
			"geometry": {
				"type": "Point",
				"coordinates": [121.594971, 25.0797897]
			},
			"properties": {
				"city": "台北市",
				"name": "7-11金雲門市",
				"address": "114台北市內湖區星雲街136號"
			}
		},
		{
			"type": "Feature",
			"geometry": {
				"type": "Point",
				"coordinates": [121.5867051, 25.0882843]
			},
			"properties": {
				"city": "台北市",
				"name": "7-11金碧門市",
				"address": "114台北市內湖區金龍路224號"
			}
		},
		{
			"type": "Feature",
			"geometry": {
				"type": "Point",
				"coordinates": [121.5951027, 25.0844491]
			},
			"properties": {
				"city": "台北市",
				"name": "7-11金德門市",
				"address": "114台北市內湖區金龍路5號1F"
			}
		},
		{
			"type": "Feature",
			"geometry": {
				"type": "Point",
				"coordinates": [121.5928651, 25.0848167]
			},
			"properties": {
				"city": "台北市",
				"name": "7-11金龍門市",
				"address": "114台北市內湖區金龍路64號"
			}
		},
		{
			"type": "Feature",
			"geometry": {
				"type": "Point",
				"coordinates": [121.5892593, 25.0864242]
			},
			"properties": {
				"city": "台北市",
				"name": "7-11金聯發門市",
				"address": "114台北市內湖區內湖路三段141巷7號"
			}
		},
		{
			"type": "Feature",
			"geometry": {
				"type": "Point",
				"coordinates": [121.5200165, 25.0626266]
			},
			"properties": {
				"city": "台北市",
				"name": "7-11金鑽門市",
				"address": "104台北市中山區民權西路66號"
			}
		},
		{
			"type": "Feature",
			"geometry": {
				"type": "Point",
				"coordinates": [121.5224138, 25.0545624]
			},
			"properties": {
				"city": "台北市",
				"name": "7-11長中門市",
				"address": "104台北市中山區中山北路2段40-1號"
			}
		},
		{
			"type": "Feature",
			"geometry": {
				"type": "Point",
				"coordinates": [121.523683, 25.0550563]
			},
			"properties": {
				"city": "台北市",
				"name": "7-11長北門市",
				"address": "104台北市中山區長春路11號"
			}
		},
		{
			"type": "Feature",
			"geometry": {
				"type": "Point",
				"coordinates": [121.5331884, 25.0491557]
			},
			"properties": {
				"city": "台北市",
				"name": "7-11長松門市",
				"address": "104台北市中山區松江路65號"
			}
		},
		{
			"type": "Feature",
			"geometry": {
				"type": "Point",
				"coordinates": [121.5449552, 25.0172757]
			},
			"properties": {
				"city": "台北市",
				"name": "7-11長星門市",
				"address": "106台北市大安區基隆路3段85號"
			}
		},
		{
			"type": "Feature",
			"geometry": {
				"type": "Point",
				"coordinates": [121.522081, 25.049818]
			},
			"properties": {
				"city": "台北市",
				"name": "7-11長津門市",
				"address": "104台北市中山區長安東路1段12號"
			}
		},
		{
			"type": "Feature",
			"geometry": {
				"type": "Point",
				"coordinates": [121.5180996, 25.0507621]
			},
			"properties": {
				"city": "台北市",
				"name": "7-11長峰門市",
				"address": "103台北市大同區長安西路45號之1"
			}
		},
		{
			"type": "Feature",
			"geometry": {
				"type": "Point",
				"coordinates": [121.535132, 25.0485509]
			},
			"properties": {
				"city": "台北市",
				"name": "7-11長通門市",
				"address": "104台北市中山區長安東路二段101號"
			}
		},
		{
			"type": "Feature",
			"geometry": {
				"type": "Point",
				"coordinates": [121.5501134, 25.0555666]
			},
			"properties": {
				"city": "台北市",
				"name": "7-11長塑門市",
				"address": "105台北市松山區敦化北路199巷2弄1號"
			}
		},
		{
			"type": "Feature",
			"geometry": {
				"type": "Point",
				"coordinates": [121.522081, 25.049818]
			},
			"properties": {
				"city": "台北市",
				"name": "7-11長新門市",
				"address": "104台北市中山區長安東路1段73號"
			}
		},
		{
			"type": "Feature",
			"geometry": {
				"type": "Point",
				"coordinates": [121.599474, 25.0882533]
			},
			"properties": {
				"city": "台北市",
				"name": "7-11長鴻門市",
				"address": "114台北市內湖區大湖山莊街219巷1號1樓"
			}
		},
		{
			"type": "Feature",
			"geometry": {
				"type": "Point",
				"coordinates": [121.5284515, 25.1031843]
			},
			"properties": {
				"city": "台北市",
				"name": "7-11雨聲門市",
				"address": "111台北市士林區雨聲街63號"
			}
		},
		{
			"type": "Feature",
			"geometry": {
				"type": "Point",
				"coordinates": [121.521664, 25.043756]
			},
			"properties": {
				"city": "台北市",
				"name": "7-11青島門市",
				"address": "100台北市中正區青島東路4號"
			}
		},
		{
			"type": "Feature",
			"geometry": {
				"type": "Point",
				"coordinates": [121.5051024, 25.0259347]
			},
			"properties": {
				"city": "台北市",
				"name": "7-11青園門市",
				"address": "108台北市萬華區青年路12號"
			}
		},
		{
			"type": "Feature",
			"geometry": {
				"type": "Point",
				"coordinates": [121.5386912, 25.0337376]
			},
			"properties": {
				"city": "台北市",
				"name": "7-11信中門市",
				"address": "106台北市大安區信義路三段101號"
			}
		},
		{
			"type": "Feature",
			"geometry": {
				"type": "Point",
				"coordinates": [121.5740395, 25.043485]
			},
			"properties": {
				"city": "台北市",
				"name": "7-11信吉門市",
				"address": "110台北市信義區永吉路278巷58弄2號"
			}
		},
		{
			"type": "Feature",
			"geometry": {
				"type": "Point",
				"coordinates": [121.5458666, 25.0343985]
			},
			"properties": {
				"city": "台北市",
				"name": "7-11信安門市",
				"address": "106台北市大安區大安路一段218號"
			}
		},
		{
			"type": "Feature",
			"geometry": {
				"type": "Point",
				"coordinates": [121.5769464, 25.037234]
			},
			"properties": {
				"city": "台北市",
				"name": "7-11信林門市",
				"address": "110台北市信義區虎林街222巷8號"
			}
		},
		{
			"type": "Feature",
			"geometry": {
				"type": "Point",
				"coordinates": [121.5543717, 25.0343743]
			},
			"properties": {
				"city": "台北市",
				"name": "7-11信義門市",
				"address": "106台北市大安區信義路4段265巷12弄1號"
			}
		},
		{
			"type": "Feature",
			"geometry": {
				"type": "Point",
				"coordinates": [121.566771, 25.0316996]
			},
			"properties": {
				"city": "台北市",
				"name": "7-11信運門市",
				"address": "110台北市信義區松勤街100號1樓"
			}
		},
		{
			"type": "Feature",
			"geometry": {
				"type": "Point",
				"coordinates": [121.5573696, 25.0262673]
			},
			"properties": {
				"city": "台北市",
				"name": "7-11信嘉門市",
				"address": "110台北市信義區嘉興街181巷21號"
			}
		},
		{
			"type": "Feature",
			"geometry": {
				"type": "Point",
				"coordinates": [121.5736087, 25.0347979]
			},
			"properties": {
				"city": "台北市",
				"name": "7-11信德門市",
				"address": "110台北市信義區松德路200巷10號"
			}
		},
		{
			"type": "Feature",
			"geometry": {
				"type": "Point",
				"coordinates": [121.5453516, 25.0330561]
			},
			"properties": {
				"city": "台北市",
				"name": "7-11信興門市",
				"address": "106台北市大安區信義路四段32號"
			}
		},
		{
			"type": "Feature",
			"geometry": {
				"type": "Point",
				"coordinates": [121.563917, 25.0268069]
			},
			"properties": {
				"city": "台北市",
				"name": "7-11信醫門市",
				"address": "110台北市信義區吳興街346.348號"
			}
		},
		{
			"type": "Feature",
			"geometry": {
				"type": "Point",
				"coordinates": [121.5155195, 25.0719102]
			},
			"properties": {
				"city": "台北市",
				"name": "7-11保聖門市",
				"address": "103台北市大同區酒泉街58.60號"
			}
		},
		{
			"type": "Feature",
			"geometry": {
				"type": "Point",
				"coordinates": [121.512946, 25.0538636]
			},
			"properties": {
				"city": "台北市",
				"name": "7-11南西門市",
				"address": "103台北市大同區南京西路316號"
			}
		},
		{
			"type": "Feature",
			"geometry": {
				"type": "Point",
				"coordinates": [121.5874121, 25.0609314]
			},
			"properties": {
				"city": "台北市",
				"name": "7-11南京門市",
				"address": "105台北市松山區南京東路3段303巷5號"
			}
		},
		{
			"type": "Feature",
			"geometry": {
				"type": "Point",
				"coordinates": [121.5171723, 25.0310952]
			},
			"properties": {
				"city": "台北市",
				"name": "7-11南昌門市",
				"address": "100台北市中正區南昌路一段72號"
			}
		},
		{
			"type": "Feature",
			"geometry": {
				"type": "Point",
				"coordinates": [121.5153153, 25.0320356]
			},
			"properties": {
				"city": "台北市",
				"name": "7-11南海門市",
				"address": "100台北市中正區南海路50號"
			}
		},
		{
			"type": "Feature",
			"geometry": {
				"type": "Point",
				"coordinates": [121.5048459, 25.0289667]
			},
			"properties": {
				"city": "台北市",
				"name": "7-11南機場門市",
				"address": "108台北市萬華區中華路二段366號"
			}
		},
		{
			"type": "Feature",
			"geometry": {
				"type": "Point",
				"coordinates": [121.5140501, 25.0739236]
			},
			"properties": {
				"city": "台北市",
				"name": "7-11哈蜜門市",
				"address": "103台北市大同區重慶北路3段309號."
			}
		},
		{
			"type": "Feature",
			"geometry": {
				"type": "Point",
				"coordinates": [121.5438115, 25.0513082]
			},
			"properties": {
				"city": "台北市",
				"name": "7-11威克門市",
				"address": "104台北市中山區復興北路90號"
			}
		},
		{
			"type": "Feature",
			"geometry": {
				"type": "Point",
				"coordinates": [121.5625632, 25.0487757]
			},
			"properties": {
				"city": "台北市",
				"name": "7-11威京門市",
				"address": "105台北市松山區八德路四段151號"
			}
		},
		{
			"type": "Feature",
			"geometry": {
				"type": "Point",
				"coordinates": [121.5506584, 25.0426626]
			},
			"properties": {
				"city": "台北市",
				"name": "7-11建安門市",
				"address": "106台北市大安區敦化南路一段187巷29號"
			}
		},
		{
			"type": "Feature",
			"geometry": {
				"type": "Point",
				"coordinates": [121.5415502, 25.0418358]
			},
			"properties": {
				"city": "台北市",
				"name": "7-11建忠門市",
				"address": "106台北市大安區忠孝東路三段249號"
			}
		},
		{
			"type": "Feature",
			"geometry": {
				"type": "Point",
				"coordinates": [121.5372495, 25.0558735]
			},
			"properties": {
				"city": "台北市",
				"name": "7-11建欣門市",
				"address": "104台北市中山區建國北路二段65號"
			}
		},
		{
			"type": "Feature",
			"geometry": {
				"type": "Point",
				"coordinates": [121.5382883, 25.0286606]
			},
			"properties": {
				"city": "台北市",
				"name": "7-11建南門市",
				"address": "106台北市大安區建國南路二段151巷6之8號"
			}
		},
		{
			"type": "Feature",
			"geometry": {
				"type": "Point",
				"coordinates": [121.5518427, 25.0397235]
			},
			"properties": {
				"city": "台北市",
				"name": "7-11建綸門市",
				"address": "106台北市大安區仁愛路4段151巷27號"
			}
		},
		{
			"type": "Feature",
			"geometry": {
				"type": "Point",
				"coordinates": [121.5376186, 25.0597604]
			},
			"properties": {
				"city": "台北市",
				"name": "7-11建錦門市",
				"address": "104台北市中山區錦州街308號"
			}
		},
		{
			"type": "Feature",
			"geometry": {
				"type": "Point",
				"coordinates": [121.5405119, 25.0586183]
			},
			"properties": {
				"city": "台北市",
				"name": "7-11建龍門市",
				"address": "104台北市中山區龍江路238號"
			}
		},
		{
			"type": "Feature",
			"geometry": {
				"type": "Point",
				"coordinates": [121.5299391, 25.0331346]
			},
			"properties": {
				"city": "台北市",
				"name": "7-11恆安門市",
				"address": "106台北市大安區永康街7-1號"
			}
		},
		{
			"type": "Feature",
			"geometry": {
				"type": "Point",
				"coordinates": [121.5694435, 24.9875696]
			},
			"properties": {
				"city": "台北市",
				"name": "7-11指南門市",
				"address": "116台北市文山區指南路一段26號"
			}
		},
		{
			"type": "Feature",
			"geometry": {
				"type": "Point",
				"coordinates": [121.577215, 24.9873688]
			},
			"properties": {
				"city": "台北市",
				"name": "7-11政大門市",
				"address": "116台北市文山區指南路2段99.101號"
			}
		},
		{
			"type": "Feature",
			"geometry": {
				"type": "Point",
				"coordinates": [121.5779656, 24.9870651]
			},
			"properties": {
				"city": "台北市",
				"name": "7-11政揚門市",
				"address": "116台北市文山區指南路二段64號(商學大樓)"
			}
		},
		{
			"type": "Feature",
			"geometry": {
				"type": "Point",
				"coordinates": [121.4925327, 25.13804]
			},
			"properties": {
				"city": "台北市",
				"name": "7-11政戰門市",
				"address": "112台北市北投區中央北路二段15.17號"
			}
		},
		{
			"type": "Feature",
			"geometry": {
				"type": "Point",
				"coordinates": [121.504338, 25.1370471]
			},
			"properties": {
				"city": "台北市",
				"name": "7-11春天門市",
				"address": "112台北市北投區泉源路12號"
			}
		},
		{
			"type": "Feature",
			"geometry": {
				"type": "Point",
				"coordinates": [121.5362689, 25.0547596]
			},
			"properties": {
				"city": "台北市",
				"name": "7-11春城門市",
				"address": "104台北市中山區長春路135.135之1號"
			}
		},
		{
			"type": "Feature",
			"geometry": {
				"type": "Point",
				"coordinates": [121.5265715, 25.0550434]
			},
			"properties": {
				"city": "台北市",
				"name": "7-11春森門市",
				"address": "104台北市中山區長春路67號"
			}
		},
		{
			"type": "Feature",
			"geometry": {
				"type": "Point",
				"coordinates": [121.5406323, 25.0547562]
			},
			"properties": {
				"city": "台北市",
				"name": "7-11春龍門市",
				"address": "104台北市中山區長春路257號"
			}
		},
		{
			"type": "Feature",
			"geometry": {
				"type": "Point",
				"coordinates": [121.5905769, 25.0782087]
			},
			"properties": {
				"city": "台北市",
				"name": "7-11星成門市",
				"address": "114台北市內湖區星雲街17號"
			}
		},
		{
			"type": "Feature",
			"geometry": {
				"type": "Point",
				"coordinates": [121.5048433, 25.1351792]
			},
			"properties": {
				"city": "台北市",
				"name": "7-11泉北門市",
				"address": "112台北市北投區溫泉路70號"
			}
		},
		{
			"type": "Feature",
			"geometry": {
				"type": "Point",
				"coordinates": [121.5066478, 25.1398719]
			},
			"properties": {
				"city": "台北市",
				"name": "7-11泉源門市",
				"address": "112台北市北投區泉源路30號地下一樓"
			}
		},
		{
			"type": "Feature",
			"geometry": {
				"type": "Point",
				"coordinates": [121.5692192, 25.079293]
			},
			"properties": {
				"city": "台北市",
				"name": "7-11洲子門市",
				"address": "114台北市內湖區瑞光路517號1樓"
			}
		},
		{
			"type": "Feature",
			"geometry": {
				"type": "Point",
				"coordinates": [121.4982996, 25.0930948]
			},
			"properties": {
				"city": "台北市",
				"name": "7-11洲美門市",
				"address": "111台北市士林區延平北路六段505號"
			}
		},
		{
			"type": "Feature",
			"geometry": {
				"type": "Point",
				"coordinates": [121.5191883, 25.0235486]
			},
			"properties": {
				"city": "台北市",
				"name": "7-11牯嶺門市",
				"address": "106台北市中正區廈門街113巷17號"
			}
		},
		{
			"type": "Feature",
			"geometry": {
				"type": "Point",
				"coordinates": [121.6154877, 25.0475526]
			},
			"properties": {
				"city": "台北市",
				"name": "7-11研究門市",
				"address": "115台北市南港區研究院路2段14號"
			}
		},
		{
			"type": "Feature",
			"geometry": {
				"type": "Point",
				"coordinates": [121.5436711, 25.0262933]
			},
			"properties": {
				"city": "台北市",
				"name": "7-11科技站門市",
				"address": "106台北市大安區復興南路2段203號"
			}
		},
		{
			"type": "Feature",
			"geometry": {
				"type": "Point",
				"coordinates": [121.5374948, 25.03969]
			},
			"properties": {
				"city": "台北市",
				"name": "7-11科建門市",
				"address": "106台北市大安區建國南路一段28.30號"
			}
		},
		{
			"type": "Feature",
			"geometry": {
				"type": "Point",
				"coordinates": [121.5574658, 25.084739]
			},
			"properties": {
				"city": "台北市",
				"name": "7-11美麗華門市",
				"address": "104台北市中山區北安路839-1號"
			}
		},
		{
			"type": "Feature",
			"geometry": {
				"type": "Point",
				"coordinates": [121.5124917, 25.1140334]
			},
			"properties": {
				"city": "台北市",
				"name": "7-11致遠門市",
				"address": "112台北市北投區石牌路一段126號"
			}
		},
		{
			"type": "Feature",
			"geometry": {
				"type": "Point",
				"coordinates": [121.530843, 25.0160821]
			},
			"properties": {
				"city": "台北市",
				"name": "7-11軍總門市",
				"address": "106台北市中正區汀州路三段153.155號"
			}
		},
		{
			"type": "Feature",
			"geometry": {
				"type": "Point",
				"coordinates": [121.5158055, 25.0570388]
			},
			"properties": {
				"city": "台北市",
				"name": "7-11迪化門市",
				"address": "103台北市大同區民生西路343.345號"
			}
		},
		{
			"type": "Feature",
			"geometry": {
				"type": "Point",
				"coordinates": [121.5134147, 25.0468814]
			},
			"properties": {
				"city": "台北市",
				"name": "7-11重南門市",
				"address": "100台北市中正區重慶南路1段75號"
			}
		},
		{
			"type": "Feature",
			"geometry": {
				"type": "Point",
				"coordinates": [121.5689399, 25.0455009]
			},
			"properties": {
				"city": "台北市",
				"name": "7-11革新門市",
				"address": "110台北市信義區永吉路32號"
			}
		},
		{
			"type": "Feature",
			"geometry": {
				"type": "Point",
				"coordinates": [121.5441513, 25.0474407]
			},
			"properties": {
				"city": "台北市",
				"name": "7-11風復門市",
				"address": "105台北市松山區復興南路1段43號"
			}
		},
		{
			"type": "Feature",
			"geometry": {
				"type": "Point",
				"coordinates": [121.5546859, 25.0513931]
			},
			"properties": {
				"city": "台北市",
				"name": "7-11首都門市",
				"address": "105台北市松山區南京東路4段51號之2"
			}
		},
		{
			"type": "Feature",
			"geometry": {
				"type": "Point",
				"coordinates": [121.6133008, 25.0551289]
			},
			"properties": {
				"city": "台北市",
				"name": "7-11香城門市",
				"address": "115台北市南港區南港路一段167號1樓"
			}
		},
		{
			"type": "Feature",
			"geometry": {
				"type": "Point",
				"coordinates": [121.5291277, 25.0632759]
			},
			"properties": {
				"city": "台北市",
				"name": "7-11原中門市",
				"address": "104台北市中山區中原街121號"
			}
		},
		{
			"type": "Feature",
			"geometry": {
				"type": "Point",
				"coordinates": [121.5285563, 25.0232098]
			},
			"properties": {
				"city": "台北市",
				"name": "7-11師大門市",
				"address": "106台北市大安區師大路87號"
			}
		},
		{
			"type": "Feature",
			"geometry": {
				"type": "Point",
				"coordinates": [121.6120995, 25.0677899]
			},
			"properties": {
				"city": "台北市",
				"name": "7-11悅來門市",
				"address": "114台北市內湖區五分街1號"
			}
		},
		{
			"type": "Feature",
			"geometry": {
				"type": "Point",
				"coordinates": [121.5210654, 25.1188824]
			},
			"properties": {
				"city": "台北市",
				"name": "7-11振華門市",
				"address": "112台北市北投區石牌路2段80.82號"
			}
		},
		{
			"type": "Feature",
			"geometry": {
				"type": "Point",
				"coordinates": [121.5206896, 25.0265867]
			},
			"properties": {
				"city": "台北市",
				"name": "7-11晉江門市",
				"address": "106台北市中正區和平西路一段26號"
			}
		},
		{
			"type": "Feature",
			"geometry": {
				"type": "Point",
				"coordinates": [121.6107106, 25.0727062]
			},
			"properties": {
				"city": "台北市",
				"name": "7-11晏揚門市",
				"address": "114台北市內湖區康寧路三段99巷14號"
			}
		},
		{
			"type": "Feature",
			"geometry": {
				"type": "Point",
				"coordinates": [121.5031107, 25.0383037]
			},
			"properties": {
				"city": "台北市",
				"name": "7-11桂明門市",
				"address": "108台北市萬華區桂林路55號"
			}
		},
		{
			"type": "Feature",
			"geometry": {
				"type": "Point",
				"coordinates": [121.4977399, 25.038395]
			},
			"properties": {
				"city": "台北市",
				"name": "7-11桂林門市",
				"address": "108台北市萬華區桂林路160號"
			}
		},
		{
			"type": "Feature",
			"geometry": {
				"type": "Point",
				"coordinates": [121.5542289, 25.0365332]
			},
			"properties": {
				"city": "台北市",
				"name": "7-11泰利門市",
				"address": "106台北市大安區仁愛路四段266巷15弄22號"
			}
		},
		{
			"type": "Feature",
			"geometry": {
				"type": "Point",
				"coordinates": [121.5859674, 25.038736]
			},
			"properties": {
				"city": "台北市",
				"name": "7-11留公門市",
				"address": "110台北市信義區福德街249號"
			}
		},
		{
			"type": "Feature",
			"geometry": {
				"type": "Point",
				"coordinates": [121.5465004, 25.1368682]
			},
			"properties": {
				"city": "台北市",
				"name": "7-11草山門市",
				"address": "111台北市士林區格致路28號"
			}
		},
		{
			"type": "Feature",
			"geometry": {
				"type": "Point",
				"coordinates": [121.5134182, 25.0719687]
			},
			"properties": {
				"city": "台北市",
				"name": "7-11酒泉門市",
				"address": "103台北市大同區酒泉街110號"
			}
		},
		{
			"type": "Feature",
			"geometry": {
				"type": "Point",
				"coordinates": [121.5548701, 25.0262213]
			},
			"properties": {
				"city": "台北市",
				"name": "7-11挹翠門市",
				"address": "110台北市信義區基隆路二段151號"
			}
		},
		{
			"type": "Feature",
			"geometry": {
				"type": "Point",
				"coordinates": [121.553549, 25.0532925]
			},
			"properties": {
				"city": "台北市",
				"name": "7-11健一門市",
				"address": "105台北市松山區健康路10號"
			}
		},
		{
			"type": "Feature",
			"geometry": {
				"type": "Point",
				"coordinates": [121.5660659, 25.0353136]
			},
			"properties": {
				"city": "台北市",
				"name": "7-11曼哈頓門市",
				"address": "110台北市信義區松壽路12號之B1"
			}
		},
		{
			"type": "Feature",
			"geometry": {
				"type": "Point",
				"coordinates": [121.527074, 25.0513101]
			},
			"properties": {
				"city": "台北市",
				"name": "7-11國旺門市",
				"address": "104台北市中山區南京東路一段132巷8號"
			}
		},
		{
			"type": "Feature",
			"geometry": {
				"type": "Point",
				"coordinates": [121.5610245, 25.034257]
			},
			"properties": {
				"city": "台北市",
				"name": "7-11國貿門市",
				"address": "110台北市信義區基隆路一段333號B3"
			}
		},
		{
			"type": "Feature",
			"geometry": {
				"type": "Point",
				"coordinates": [121.5231419, 25.0574712]
			},
			"properties": {
				"city": "台北市",
				"name": "7-11國賓門市",
				"address": "104台北市中山區中山北路二段75-1號"
			}
		},
		{
			"type": "Feature",
			"geometry": {
				"type": "Point",
				"coordinates": [121.5344161, 25.0547094]
			},
			"properties": {
				"city": "台北市",
				"name": "7-11國學門市",
				"address": "104台北市中山區長春路182號"
			}
		},
		{
			"type": "Feature",
			"geometry": {
				"type": "Point",
				"coordinates": [121.5054251, 25.0274856]
			},
			"properties": {
				"city": "台北市",
				"name": "7-11國興門市",
				"address": "108台北市萬華區國興路104號"
			}
		},
		{
			"type": "Feature",
			"geometry": {
				"type": "Point",
				"coordinates": [121.5959272, 25.0733691]
			},
			"properties": {
				"city": "台北市",
				"name": "7-11國醫門市",
				"address": "114台北市內湖區成功路二段325號"
			}
		},
		{
			"type": "Feature",
			"geometry": {
				"type": "Point",
				"coordinates": [121.5024904, 25.0280314]
			},
			"properties": {
				"city": "台北市",
				"name": "7-11國雙門市",
				"address": "108台北市萬華區新忠里西藏路125巷17號"
			}
		},
		{
			"type": "Feature",
			"geometry": {
				"type": "Point",
				"coordinates": [121.5599972, 25.0795325]
			},
			"properties": {
				"city": "台北市",
				"name": "7-11基河門市",
				"address": "104台北市中山區敬業3路162巷212號"
			}
		},
		{
			"type": "Feature",
			"geometry": {
				"type": "Point",
				"coordinates": [121.5614413, 25.0538007]
			},
			"properties": {
				"city": "台北市",
				"name": "7-11婦聯門市",
				"address": "105台北市松山區健康路220號1樓"
			}
		},
		{
			"type": "Feature",
			"geometry": {
				"type": "Point",
				"coordinates": [121.5446216, 25.0427703]
			},
			"properties": {
				"city": "台北市",
				"name": "7-11崇光門市",
				"address": "106台北市大安區復興南路一段135巷5號"
			}
		},
		{
			"type": "Feature",
			"geometry": {
				"type": "Point",
				"coordinates": [121.5556311, 25.0241607]
			},
			"properties": {
				"city": "台北市",
				"name": "7-11崇德門市",
				"address": "110台北市信義區崇德街95號"
			}
		},
		{
			"type": "Feature",
			"geometry": {
				"type": "Point",
				"coordinates": [121.5233599, 25.0508182]
			},
			"properties": {
				"city": "台北市",
				"name": "7-11崑崙門市",
				"address": "104台北市中山區中山北路一段105巷13號"
			}
		},
		{
			"type": "Feature",
			"geometry": {
				"type": "Point",
				"coordinates": [121.6121792, 25.0715028]
			},
			"properties": {
				"city": "台北市",
				"name": "7-11康明門市",
				"address": "114台北市內湖區康寧路三段165巷23弄1號"
			}
		},
		{
			"type": "Feature",
			"geometry": {
				"type": "Point",
				"coordinates": [121.5555857, 25.0002347]
			},
			"properties": {
				"city": "台北市",
				"name": "7-11康喜門市",
				"address": "116台北市文山區興隆路三段42號"
			}
		},
		{
			"type": "Feature",
			"geometry": {
				"type": "Point",
				"coordinates": [121.5944661, 25.0789502]
			},
			"properties": {
				"city": "台北市",
				"name": "7-11康雲門市",
				"address": "114台北市內湖區康寧路一段160號"
			}
		},
		{
			"type": "Feature",
			"geometry": {
				"type": "Point",
				"coordinates": [121.6078848, 25.0721941]
			},
			"properties": {
				"city": "台北市",
				"name": "7-11康寧門市",
				"address": "114台北市內湖區康寧路三段26巷1號"
			}
		},
		{
			"type": "Feature",
			"geometry": {
				"type": "Point",
				"coordinates": [121.6087795, 25.0754126]
			},
			"properties": {
				"city": "台北市",
				"name": "7-11康醫門市",
				"address": "114台北市內湖區成功路5段420巷30號"
			}
		},
		{
			"type": "Feature",
			"geometry": {
				"type": "Point",
				"coordinates": [121.576448, 25.0567861]
			},
			"properties": {
				"city": "台北市",
				"name": "7-11彩龍門市",
				"address": "114台北市內湖區行善路35號1F"
			}
		},
		{
			"type": "Feature",
			"geometry": {
				"type": "Point",
				"coordinates": [121.5652968, 25.0406521]
			},
			"properties": {
				"city": "台北市",
				"name": "7-11捷忠門市",
				"address": "110台北市信義區忠孝東路5段617號"
			}
		},
		{
			"type": "Feature",
			"geometry": {
				"type": "Point",
				"coordinates": [121.5074794, 25.0440493]
			},
			"properties": {
				"city": "台北市",
				"name": "7-11捷盟門市",
				"address": "108台北市萬華區漢中街51號"
			}
		},
		{
			"type": "Feature",
			"geometry": {
				"type": "Point",
				"coordinates": [121.515575, 25.0464951]
			},
			"properties": {
				"city": "台北市",
				"name": "7-11捷戰門市",
				"address": "100台北市中正區忠孝西路一段50-1號(捷運地下街)"
			}
		},
		{
			"type": "Feature",
			"geometry": {
				"type": "Point",
				"coordinates": [121.5081891, 25.0260026]
			},
			"properties": {
				"city": "台北市",
				"name": "7-11掬華門市",
				"address": "100台北市萬華區中華路2段407號"
			}
		},
		{
			"type": "Feature",
			"geometry": {
				"type": "Point",
				"coordinates": [121.5129526, 25.0358375]
			},
			"properties": {
				"city": "台北市",
				"name": "7-11教育大門市",
				"address": "100台北市中正區愛國西路1號教育大學內"
			}
		},
		{
			"type": "Feature",
			"geometry": {
				"type": "Point",
				"coordinates": [121.5464401, 25.0233683]
			},
			"properties": {
				"city": "台北市",
				"name": "7-11教育大學門市",
				"address": "106台北市大安區敦南街38號"
			}
		},
		{
			"type": "Feature",
			"geometry": {
				"type": "Point",
				"coordinates": [121.5111725, 25.060559]
			},
			"properties": {
				"city": "台北市",
				"name": "7-11涼州門市",
				"address": "103台北市大同區延平北路二段260號之1.2"
			}
		},
		{
			"type": "Feature",
			"geometry": {
				"type": "Point",
				"coordinates": [121.5948517, 24.9735632]
			},
			"properties": {
				"city": "台北市",
				"name": "7-11添恩門市",
				"address": "116台北市文山區指南路3段8.10號"
			}
		},
		{
			"type": "Feature",
			"geometry": {
				"type": "Point",
				"coordinates": [121.6157119, 25.0719553]
			},
			"properties": {
				"city": "台北市",
				"name": "7-11清圳門市",
				"address": "114台北市內湖區東湖路113巷88號"
			}
		},
		{
			"type": "Feature",
			"geometry": {
				"type": "Point",
				"coordinates": [121.5469812, 25.048365]
			},
			"properties": {
				"city": "台北市",
				"name": "7-11清愿門市",
				"address": "105台北市松山區八德路2段439號"
			}
		},
		{
			"type": "Feature",
			"geometry": {
				"type": "Point",
				"coordinates": [121.5343196, 25.01372]
			},
			"properties": {
				"city": "台北市",
				"name": "7-11統全門市",
				"address": "106台北市中正區汀州路三段249號"
			}
		},
		{
			"type": "Feature",
			"geometry": {
				"type": "Point",
				"coordinates": [121.5655182, 25.0501873]
			},
			"properties": {
				"city": "台北市",
				"name": "7-11統威門市",
				"address": "105台北市松山區東興路13之1號"
			}
		},
		{
			"type": "Feature",
			"geometry": {
				"type": "Point",
				"coordinates": [121.5530619, 25.0402779]
			},
			"properties": {
				"city": "台北市",
				"name": "7-11統家門市",
				"address": "106台北市大安區忠孝東路4段216巷21號"
			}
		},
		{
			"type": "Feature",
			"geometry": {
				"type": "Point",
				"coordinates": [121.5146435, 25.1105469]
			},
			"properties": {
				"city": "台北市",
				"name": "7-11統勝門市",
				"address": "112台北市北投區自強街82號"
			}
		},
		{
			"type": "Feature",
			"geometry": {
				"type": "Point",
				"coordinates": [121.5643078, 25.039625]
			},
			"properties": {
				"city": "台北市",
				"name": "7-11統誠門市",
				"address": "110台北市信義區松高路11號B2第57櫃"
			}
		},
		{
			"type": "Feature",
			"geometry": {
				"type": "Point",
				"coordinates": [121.5334554, 25.0420032]
			},
			"properties": {
				"city": "台北市",
				"name": "7-11統領門市",
				"address": "106台北市大安區忠孝東路4段205巷7弄1號"
			}
		},
		{
			"type": "Feature",
			"geometry": {
				"type": "Point",
				"coordinates": [121.531806, 25.042371]
			},
			"properties": {
				"city": "台北市",
				"name": "7-11統聯門市",
				"address": "100台北市中正區忠孝東路二段130-2.130-3"
			}
		},
		{
			"type": "Feature",
			"geometry": {
				"type": "Point",
				"coordinates": [121.533445, 25.0545591]
			},
			"properties": {
				"city": "台北市",
				"name": "7-11莊福門市",
				"address": "104台北市中山區長春路168號"
			}
		},
		{
			"type": "Feature",
			"geometry": {
				"type": "Point",
				"coordinates": [121.5541625, 25.031578]
			},
			"properties": {
				"city": "台北市",
				"name": "7-11通化門市",
				"address": "106台北市大安區通化街26之8號"
			}
		},
		{
			"type": "Feature",
			"geometry": {
				"type": "Point",
				"coordinates": [121.5468631, 25.0382025]
			},
			"properties": {
				"city": "台北市",
				"name": "7-11頂好門市",
				"address": "106台北市大安區仁愛路4段65號"
			}
		},
		{
			"type": "Feature",
			"geometry": {
				"type": "Point",
				"coordinates": [121.5466875, 25.043423]
			},
			"properties": {
				"city": "台北市",
				"name": "7-11頂東門市",
				"address": "106台北市大安區大安路一段43號"
			}
		},
		{
			"type": "Feature",
			"geometry": {
				"type": "Point",
				"coordinates": [121.5341658, 25.0153816]
			},
			"properties": {
				"city": "台北市",
				"name": "7-11鹿鳴門市",
				"address": "106台北市大安區羅斯福路4段1號"
			}
		},
		{
			"type": "Feature",
			"geometry": {
				"type": "Point",
				"coordinates": [121.5227995, 25.0666985]
			},
			"properties": {
				"city": "台北市",
				"name": "7-11麥田門市",
				"address": "104台北市中山區晴光里中山北路3段47號"
			}
		},
		{
			"type": "Feature",
			"geometry": {
				"type": "Point",
				"coordinates": [121.531307, 25.1058747]
			},
			"properties": {
				"city": "台北市",
				"name": "7-11凱立門市",
				"address": "112台北市士林區忠義街68號"
			}
		},
		{
			"type": "Feature",
			"geometry": {
				"type": "Point",
				"coordinates": [121.5814138, 25.0508953]
			},
			"properties": {
				"city": "台北市",
				"name": "7-11凱松門市",
				"address": "115台北市南港區八德路4段808-1.810號1樓."
			}
		},
		{
			"type": "Feature",
			"geometry": {
				"type": "Point",
				"coordinates": [121.5608379, 25.0355865]
			},
			"properties": {
				"city": "台北市",
				"name": "7-11凱悅門市",
				"address": "110台北市信義區基隆路一段366號"
			}
		},
		{
			"type": "Feature",
			"geometry": {
				"type": "Point",
				"coordinates": [121.5288655, 25.0624183]
			},
			"properties": {
				"city": "台北市",
				"name": "7-11勝權門市",
				"address": "104台北市中山區民權東路二段26號"
			}
		},
		{
			"type": "Feature",
			"geometry": {
				"type": "Point",
				"coordinates": [121.5113663, 25.0439977]
			},
			"properties": {
				"city": "台北市",
				"name": "7-11博美門市",
				"address": "100台北市中正區博愛路98號"
			}
		},
		{
			"type": "Feature",
			"geometry": {
				"type": "Point",
				"coordinates": [121.5283471, 25.0137039]
			},
			"properties": {
				"city": "台北市",
				"name": "7-11博源門市",
				"address": "100台北市中正區思源街16號"
			}
		},
		{
			"type": "Feature",
			"geometry": {
				"type": "Point",
				"coordinates": [121.5432769, 25.0310123]
			},
			"properties": {
				"city": "台北市",
				"name": "7-11喜悅門市",
				"address": "106台北市大安區復興南路2段80號"
			}
		},
		{
			"type": "Feature",
			"geometry": {
				"type": "Point",
				"coordinates": [121.4975998, 25.0201319]
			},
			"properties": {
				"city": "台北市",
				"name": "7-11富帆門市",
				"address": "100台北市萬華區華中里萬大路464號一樓"
			}
		},
		{
			"type": "Feature",
			"geometry": {
				"type": "Point",
				"coordinates": [121.5094831, 25.1152236]
			},
			"properties": {
				"city": "台北市",
				"name": "7-11富邦門市",
				"address": "112台北市北投區實踐街22.24號"
			}
		},
		{
			"type": "Feature",
			"geometry": {
				"type": "Point",
				"coordinates": [121.5783443, 25.0829435]
			},
			"properties": {
				"city": "台北市",
				"name": "7-11富港門市",
				"address": "114台北市內湖區港富里港墘路15號1樓"
			}
		},
		{
			"type": "Feature",
			"geometry": {
				"type": "Point",
				"coordinates": [121.5332197, 25.02644]
			},
			"properties": {
				"city": "台北市",
				"name": "7-11富陽門市",
				"address": "106台北市大安區和平東路3段310號"
			}
		},
		{
			"type": "Feature",
			"geometry": {
				"type": "Point",
				"coordinates": [121.5437491, 25.0535077]
			},
			"properties": {
				"city": "台北市",
				"name": "7-11復北門市",
				"address": "104台北市中山區復興北路164號"
			}
		},
		{
			"type": "Feature",
			"geometry": {
				"type": "Point",
				"coordinates": [121.5494024, 25.0470711]
			},
			"properties": {
				"city": "台北市",
				"name": "7-11復旦門市",
				"address": "105台北市松山區敦化南路1段5號"
			}
		},
		{
			"type": "Feature",
			"geometry": {
				"type": "Point",
				"coordinates": [121.5448791, 25.0568758]
			},
			"properties": {
				"city": "台北市",
				"name": "7-11復安門市",
				"address": "105台北市松山區復興北路231巷6號"
			}
		},
		{
			"type": "Feature",
			"geometry": {
				"type": "Point",
				"coordinates": [121.5573011, 25.0323076]
			},
			"properties": {
				"city": "台北市",
				"name": "7-11復昌門市",
				"address": "106台北市大安區通化里光復南路616號"
			}
		},
		{
			"type": "Feature",
			"geometry": {
				"type": "Point",
				"coordinates": [121.5443518, 25.0543299]
			},
			"properties": {
				"city": "台北市",
				"name": "7-11復春門市",
				"address": "105台北市松山區復興北路179號"
			}
		},
		{
			"type": "Feature",
			"geometry": {
				"type": "Point",
				"coordinates": [121.5437898, 25.0322305]
			},
			"properties": {
				"city": "台北市",
				"name": "7-11復維門市",
				"address": "106台北市大安區復興南路二段17號"
			}
		},
		{
			"type": "Feature",
			"geometry": {
				"type": "Point",
				"coordinates": [121.543802, 25.060028]
			},
			"properties": {
				"city": "台北市",
				"name": "7-11復錦門市",
				"address": "104台北市中山區復興北路352號"
			}
		},
		{
			"type": "Feature",
			"geometry": {
				"type": "Point",
				"coordinates": [121.5688723, 25.0221574]
			},
			"properties": {
				"city": "台北市",
				"name": "7-11惠安門市",
				"address": "110台北市信義區惠安里吳興街520號"
			}
		},
		{
			"type": "Feature",
			"geometry": {
				"type": "Point",
				"coordinates": [121.5469731, 25.0600823]
			},
			"properties": {
				"city": "台北市",
				"name": "7-11敦化門市",
				"address": "105台北市松山區敦化北路222巷50號"
			}
		},
		{
			"type": "Feature",
			"geometry": {
				"type": "Point",
				"coordinates": [121.5494215, 25.0536486]
			},
			"properties": {
				"city": "台北市",
				"name": "7-11敦北門市",
				"address": "105台北市松山區敦化北路143號"
			}
		},
		{
			"type": "Feature",
			"geometry": {
				"type": "Point",
				"coordinates": [121.5523434, 25.0347203]
			},
			"properties": {
				"city": "台北市",
				"name": "7-11敦安門市",
				"address": "106台北市大安區安和路一段86號"
			}
		},
		{
			"type": "Feature",
			"geometry": {
				"type": "Point",
				"coordinates": [121.5491736, 25.0342934]
			},
			"properties": {
				"city": "台北市",
				"name": "7-11敦信門市",
				"address": "106台北市大安區敦化南路1段329巷17號"
			}
		},
		{
			"type": "Feature",
			"geometry": {
				"type": "Point",
				"coordinates": [121.5473394, 25.040643]
			},
			"properties": {
				"city": "台北市",
				"name": "7-11敦南門市",
				"address": "106台北市大安區敦化南路一段236巷13號"
			}
		},
		{
			"type": "Feature",
			"geometry": {
				"type": "Point",
				"coordinates": [121.5686409, 25.0414745]
			},
			"properties": {
				"city": "台北市",
				"name": "7-11敦厚門市",
				"address": "110台北市信義區永吉路30巷178弄1號"
			}
		},
		{
			"type": "Feature",
			"geometry": {
				"type": "Point",
				"coordinates": [121.5334554, 25.0420032]
			},
			"properties": {
				"city": "台北市",
				"name": "7-11敦頂門市",
				"address": "106台北市大安區忠孝東路4段101巷7號"
			}
		},
		{
			"type": "Feature",
			"geometry": {
				"type": "Point",
				"coordinates": [121.5475389, 25.0227879]
			},
			"properties": {
				"city": "台北市",
				"name": "7-11敦隆門市",
				"address": "106台北市大安區敦化南路2段200巷16號"
			}
		},
		{
			"type": "Feature",
			"geometry": {
				"type": "Point",
				"coordinates": [121.5481849, 25.0358504]
			},
			"properties": {
				"city": "台北市",
				"name": "7-11敦維門市",
				"address": "106台北市大安區四維路21號"
			}
		},
		{
			"type": "Feature",
			"geometry": {
				"type": "Point",
				"coordinates": [121.5409496, 25.0221212]
			},
			"properties": {
				"city": "台北市",
				"name": "7-11敦親門市",
				"address": "106台北市大安區辛亥路二段171巷8號"
			}
		},
		{
			"type": "Feature",
			"geometry": {
				"type": "Point",
				"coordinates": [121.5253239, 25.0546383]
			},
			"properties": {
				"city": "台北市",
				"name": "7-11晶華門市",
				"address": "104台北市中山區林森北路262號"
			}
		},
		{
			"type": "Feature",
			"geometry": {
				"type": "Point",
				"coordinates": [121.5410872, 24.9904009]
			},
			"properties": {
				"city": "台北市",
				"name": "7-11景中門市",
				"address": "116台北市文山區景文里景文街96.98號"
			}
		},
		{
			"type": "Feature",
			"geometry": {
				"type": "Point",
				"coordinates": [121.5445123, 24.9978477]
			},
			"properties": {
				"city": "台北市",
				"name": "7-11景高門市",
				"address": "116台北市文山區景華里景興路14號"
			}
		},
		{
			"type": "Feature",
			"geometry": {
				"type": "Point",
				"coordinates": [121.5401526, 24.9932987]
			},
			"properties": {
				"city": "台北市",
				"name": "7-11景捷門市",
				"address": "116台北市文山區景福街252號"
			}
		},
		{
			"type": "Feature",
			"geometry": {
				"type": "Point",
				"coordinates": [121.5471386, 24.9957485]
			},
			"properties": {
				"city": "台北市",
				"name": "7-11景華門市",
				"address": "116台北市文山區興東里景華街130號"
			}
		},
		{
			"type": "Feature",
			"geometry": {
				"type": "Point",
				"coordinates": [121.5444168, 24.9932365]
			},
			"properties": {
				"city": "台北市",
				"name": "7-11景興門市",
				"address": "116台北市文山區景興路113.115號."
			}
		},
		{
			"type": "Feature",
			"geometry": {
				"type": "Point",
				"coordinates": [121.5249976, 25.0603956]
			},
			"properties": {
				"city": "台北市",
				"name": "7-11曾德門市",
				"address": "104台北市中山區錦州街21-2號"
			}
		},
		{
			"type": "Feature",
			"geometry": {
				"type": "Point",
				"coordinates": [121.5632285, 25.0581029]
			},
			"properties": {
				"city": "台北市",
				"name": "7-11朝福門市",
				"address": "105台北市松山區三民路115號"
			}
		},
		{
			"type": "Feature",
			"geometry": {
				"type": "Point",
				"coordinates": [121.5255054, 25.0570395]
			},
			"properties": {
				"city": "台北市",
				"name": "7-11森北門市",
				"address": "104台北市中山區林森北路110.112號"
			}
		},
		{
			"type": "Feature",
			"geometry": {
				"type": "Point",
				"coordinates": [121.5754347, 25.083021]
			},
			"properties": {
				"city": "台北市",
				"name": "7-11港華門市",
				"address": "114台北市內湖區港華街53號"
			}
		},
		{
			"type": "Feature",
			"geometry": {
				"type": "Point",
				"coordinates": [121.6055562, 25.0561133]
			},
			"properties": {
				"city": "台北市",
				"name": "7-11港福門市",
				"address": "115台北市南港區興華路90號"
			}
		},
		{
			"type": "Feature",
			"geometry": {
				"type": "Point",
				"coordinates": [121.5915585, 25.0397048]
			},
			"properties": {
				"city": "台北市",
				"name": "7-11港德門市",
				"address": "115台北市南港區福德街373巷25號"
			}
		},
		{
			"type": "Feature",
			"geometry": {
				"type": "Point",
				"coordinates": [121.6058013, 25.0569874]
			},
			"properties": {
				"city": "台北市",
				"name": "7-11港興門市",
				"address": "115台北市南港區興華路119.121.123.125號"
			}
		},
		{
			"type": "Feature",
			"geometry": {
				"type": "Point",
				"coordinates": [121.5787975, 25.0798279]
			},
			"properties": {
				"city": "台北市",
				"name": "7-11港鑫門市",
				"address": "114台北市內湖區內湖路1段737巷35號"
			}
		},
		{
			"type": "Feature",
			"geometry": {
				"type": "Point",
				"coordinates": [121.5112547, 25.0730247]
			},
			"properties": {
				"city": "台北市",
				"name": "7-11湧久門市",
				"address": "103台北市大同區延平北路4段157.159號"
			}
		},
		{
			"type": "Feature",
			"geometry": {
				"type": "Point",
				"coordinates": [121.5853014, 25.0749108]
			},
			"properties": {
				"city": "台北市",
				"name": "7-11紫陽門市",
				"address": "114台北市內湖區紫陽里陽光街159號"
			}
		},
		{
			"type": "Feature",
			"geometry": {
				"type": "Point",
				"coordinates": [121.5910108, 25.0806151]
			},
			"properties": {
				"city": "台北市",
				"name": "7-11紫新門市",
				"address": "114台北市內湖區成功路三段201號1樓"
			}
		},
		{
			"type": "Feature",
			"geometry": {
				"type": "Point",
				"coordinates": [121.5216527, 25.0452974]
			},
			"properties": {
				"city": "台北市",
				"name": "7-11華山門市",
				"address": "100台北市中正區忠孝東路1段138號"
			}
		},
		{
			"type": "Feature",
			"geometry": {
				"type": "Point",
				"coordinates": [121.4930253, 25.0341054]
			},
			"properties": {
				"city": "台北市",
				"name": "7-11華江門市",
				"address": "108台北市萬華區華江里20鄰環河南路2段200號"
			}
		},
		{
			"type": "Feature",
			"geometry": {
				"type": "Point",
				"coordinates": [121.6142245, 25.0347142]
			},
			"properties": {
				"city": "台北市",
				"name": "7-11華技門市",
				"address": "115台北市南港區研究院路三段70號"
			}
		},
		{
			"type": "Feature",
			"geometry": {
				"type": "Point",
				"coordinates": [121.541497, 25.1369947]
			},
			"properties": {
				"city": "台北市",
				"name": "7-11華岡門市",
				"address": "111台北市士林區光華路26巷7-1號"
			}
		},
		{
			"type": "Feature",
			"geometry": {
				"type": "Point",
				"coordinates": [121.610616, 25.0338789]
			},
			"properties": {
				"city": "台北市",
				"name": "7-11華院門市",
				"address": "115台北市南港區研究院路三段234號"
			}
		},
		{
			"type": "Feature",
			"geometry": {
				"type": "Point",
				"coordinates": [121.5778936, 25.0649816]
			},
			"properties": {
				"city": "台北市",
				"name": "7-11華經門市",
				"address": "114台北市內湖區行忠路30號"
			}
		},
		{
			"type": "Feature",
			"geometry": {
				"type": "Point",
				"coordinates": [121.5535944, 25.0274369]
			},
			"properties": {
				"city": "台北市",
				"name": "7-11華電門市",
				"address": "106台北市大安區通化街177號"
			}
		},
		{
			"type": "Feature",
			"geometry": {
				"type": "Point",
				"coordinates": [121.5085925, 25.0412534]
			},
			"properties": {
				"city": "台北市",
				"name": "7-11華慶門市",
				"address": "100台北市中正區中華路一段59之16號"
			}
		},
		{
			"type": "Feature",
			"geometry": {
				"type": "Point",
				"coordinates": [121.5498789, 24.9874227]
			},
			"properties": {
				"city": "台北市",
				"name": "7-11華興門市",
				"address": "116台北市文山區木柵路一段168.170號"
			}
		},
		{
			"type": "Feature",
			"geometry": {
				"type": "Point",
				"coordinates": [121.4916547, 25.0331675]
			},
			"properties": {
				"city": "台北市",
				"name": "7-11華雙門市",
				"address": "108台北市萬華區環河南路二段252號"
			}
		},
		{
			"type": "Feature",
			"geometry": {
				"type": "Point",
				"coordinates": [121.5195298, 25.083098]
			},
			"properties": {
				"city": "台北市",
				"name": "7-11華齡門市",
				"address": "111台北市士林區華齡街20號"
			}
		},
		{
			"type": "Feature",
			"geometry": {
				"type": "Point",
				"coordinates": [121.5794416, 25.038253]
			},
			"properties": {
				"city": "台北市",
				"name": "7-11萊福門市",
				"address": "110台北市信義區林口街48號"
			}
		},
		{
			"type": "Feature",
			"geometry": {
				"type": "Point",
				"coordinates": [121.5099988, 25.0544789]
			},
			"properties": {
				"city": "台北市",
				"name": "7-11詠樂門市",
				"address": "103台北市大同區永樂里迪化街一段32巷2號"
			}
		},
		{
			"type": "Feature",
			"geometry": {
				"type": "Point",
				"coordinates": [121.581495, 25.0364868]
			},
			"properties": {
				"city": "台北市",
				"name": "7-11開源門市",
				"address": "110台北市信義區松山路136.138號"
			}
		},
		{
			"type": "Feature",
			"geometry": {
				"type": "Point",
				"coordinates": [121.5072121, 25.0478445]
			},
			"properties": {
				"city": "台北市",
				"name": "7-11開寧門市",
				"address": "108台北市萬華區西寧南路16號"
			}
		},
		{
			"type": "Feature",
			"geometry": {
				"type": "Point",
				"coordinates": [121.5142426, 25.0458606]
			},
			"properties": {
				"city": "台北市",
				"name": "7-11開懷門市",
				"address": "100台北市中正區開封街一段25號"
			}
		},
		{
			"type": "Feature",
			"geometry": {
				"type": "Point",
				"coordinates": [121.556475, 25.0281578]
			},
			"properties": {
				"city": "台北市",
				"name": "7-11隆昌門市",
				"address": "106台北市大安區基隆路二段142-2號"
			}
		},
		{
			"type": "Feature",
			"geometry": {
				"type": "Point",
				"coordinates": [121.5890723, 25.0490324]
			},
			"properties": {
				"city": "台北市",
				"name": "7-11雄強門市",
				"address": "115台北市南港區忠孝東路六段276號"
			}
		},
		{
			"type": "Feature",
			"geometry": {
				"type": "Point",
				"coordinates": [121.5031076, 25.0895523]
			},
			"properties": {
				"city": "台北市",
				"name": "7-11集鑫門市",
				"address": "111台北市士林區延平北路6段202.204號"
			}
		},
		{
			"type": "Feature",
			"geometry": {
				"type": "Point",
				"coordinates": [121.576338, 25.0726622]
			},
			"properties": {
				"city": "台北市",
				"name": "7-11匯陽門市",
				"address": "114台北市內湖區陽光街383號"
			}
		},
		{
			"type": "Feature",
			"geometry": {
				"type": "Point",
				"coordinates": [121.4950359, 25.0313687]
			},
			"properties": {
				"city": "台北市",
				"name": "7-11園舺門市",
				"address": "108台北市萬華區西園路二段140巷52號"
			}
		},
		{
			"type": "Feature",
			"geometry": {
				"type": "Point",
				"coordinates": [121.5299174, 25.0515541]
			},
			"properties": {
				"city": "台北市",
				"name": "7-11圓武門市",
				"address": "104台北市中山區吉林路28號"
			}
		},
		{
			"type": "Feature",
			"geometry": {
				"type": "Point",
				"coordinates": [121.5149174, 25.054354]
			},
			"properties": {
				"city": "台北市",
				"name": "7-11圓慶門市",
				"address": "103台北市大同區南京西路127號"
			}
		},
		{
			"type": "Feature",
			"geometry": {
				"type": "Point",
				"coordinates": [121.5102987, 25.051903]
			},
			"properties": {
				"city": "台北市",
				"name": "7-11塔城門市",
				"address": "103台北市大同區長安西路342號"
			}
		},
		{
			"type": "Feature",
			"geometry": {
				"type": "Point",
				"coordinates": [121.5677677, 25.0597015]
			},
			"properties": {
				"city": "台北市",
				"name": "7-11塔優門市",
				"address": "105台北市松山區新東街30巷44號"
			}
		},
		{
			"type": "Feature",
			"geometry": {
				"type": "Point",
				"coordinates": [121.6009048, 25.0571308]
			},
			"properties": {
				"city": "台北市",
				"name": "7-11慈愛門市",
				"address": "115台北市南港區重陽路164號"
			}
		},
		{
			"type": "Feature",
			"geometry": {
				"type": "Point",
				"coordinates": [121.5679602, 25.0266499]
			},
			"properties": {
				"city": "台北市",
				"name": "7-11敬仁門市",
				"address": "110台北市信義區莊敬路470號"
			}
		},
		{
			"type": "Feature",
			"geometry": {
				"type": "Point",
				"coordinates": [121.5576821, 25.0796232]
			},
			"properties": {
				"city": "台北市",
				"name": "7-11敬群門市",
				"address": "104台北市中山區樂群2路142號"
			}
		},
		{
			"type": "Feature",
			"geometry": {
				"type": "Point",
				"coordinates": [121.5632201, 25.0404851]
			},
			"properties": {
				"city": "台北市",
				"name": "7-11新三連門市",
				"address": "110台北市信義區逸仙路42巷27號"
			}
		},
		{
			"type": "Feature",
			"geometry": {
				"type": "Point",
				"coordinates": [121.5258146, 25.0908449]
			},
			"properties": {
				"city": "台北市",
				"name": "7-11新士林門市",
				"address": "111台北市士林區大東路82號"
			}
		},
		{
			"type": "Feature",
			"geometry": {
				"type": "Point",
				"coordinates": [121.5465197, 25.0826925]
			},
			"properties": {
				"city": "台北市",
				"name": "7-11新大直門市",
				"address": "104台北市中山區北安路621巷48號"
			}
		},
		{
			"type": "Feature",
			"geometry": {
				"type": "Point",
				"coordinates": [121.5384504, 25.1356678]
			},
			"properties": {
				"city": "台北市",
				"name": "7-11新大學門市",
				"address": "111台北市士林區華岡路55號2樓"
			}
		},
		{
			"type": "Feature",
			"geometry": {
				"type": "Point",
				"coordinates": [121.5717404, 25.0402483]
			},
			"properties": {
				"city": "台北市",
				"name": "7-11新工農門市",
				"address": "110台北市信義區忠孝東路5段236巷6-3.8號1樓"
			}
		},
		{
			"type": "Feature",
			"geometry": {
				"type": "Point",
				"coordinates": [121.5241966, 25.1087566]
			},
			"properties": {
				"city": "台北市",
				"name": "7-11新天強門市",
				"address": "111台北市士林區克強路13之1號"
			}
		},
		{
			"type": "Feature",
			"geometry": {
				"type": "Point",
				"coordinates": [121.5213564, 25.0961221]
			},
			"properties": {
				"city": "台北市",
				"name": "7-11新文門市",
				"address": "112台北市士林區文昌路64號"
			}
		},
		{
			"type": "Feature",
			"geometry": {
				"type": "Point",
				"coordinates": [121.5602328, 24.9887307]
			},
			"properties": {
				"city": "台北市",
				"name": "7-11新安康門市",
				"address": "116台北市文山區木柵路二段88.90號1樓"
			}
		},
		{
			"type": "Feature",
			"geometry": {
				"type": "Point",
				"coordinates": [121.5373636, 25.0581162]
			},
			"properties": {
				"city": "台北市",
				"name": "7-11新西華門市",
				"address": "104台北市中山區民生東路3段31號"
			}
		},
		{
			"type": "Feature",
			"geometry": {
				"type": "Point",
				"coordinates": [121.5741482, 24.9915347]
			},
			"properties": {
				"city": "台北市",
				"name": "7-11新秀門市",
				"address": "116台北市文山區秀明路二段6號"
			}
		},
		{
			"type": "Feature",
			"geometry": {
				"type": "Point",
				"coordinates": [121.5268921, 25.1040728]
			},
			"properties": {
				"city": "台北市",
				"name": "7-11新忠誠門市",
				"address": "111台北市士林區忠誠路一段23號"
			}
		},
		{
			"type": "Feature",
			"geometry": {
				"type": "Point",
				"coordinates": [121.5220109, 25.0804122]
			},
			"properties": {
				"city": "台北市",
				"name": "7-11新承德門市",
				"address": "111台北市士林區承德路4段30號"
			}
		},
		{
			"type": "Feature",
			"geometry": {
				"type": "Point",
				"coordinates": [121.5457506, 25.0934457]
			},
			"properties": {
				"city": "台北市",
				"name": "7-11新東吳門市",
				"address": "111台北市士林區臨溪路70號"
			}
		},
		{
			"type": "Feature",
			"geometry": {
				"type": "Point",
				"coordinates": [121.5494477, 25.0288504]
			},
			"properties": {
				"city": "台北市",
				"name": "7-11新東帝門市",
				"address": "106台北市大安區敦化南路2段97號"
			}
		},
		{
			"type": "Feature",
			"geometry": {
				"type": "Point",
				"coordinates": [121.5780278, 25.0397681]
			},
			"properties": {
				"city": "台北市",
				"name": "7-11新東宮門市",
				"address": "110台北市信義區松山路455號"
			}
		},
		{
			"type": "Feature",
			"geometry": {
				"type": "Point",
				"coordinates": [121.5325051, 25.0369226]
			},
			"properties": {
				"city": "台北市",
				"name": "7-11新南門市",
				"address": "100台北市中正區新生南路1段130號"
			}
		},
		{
			"type": "Feature",
			"geometry": {
				"type": "Point",
				"coordinates": [121.5038836, 25.0443324]
			},
			"properties": {
				"city": "台北市",
				"name": "7-11新峨嵋門市",
				"address": "108台北市萬華區峨嵋街111之2號之3號"
			}
		},
		{
			"type": "Feature",
			"geometry": {
				"type": "Point",
				"coordinates": [121.512841, 25.0424069]
			},
			"properties": {
				"city": "台北市",
				"name": "7-11新格蘭門市",
				"address": "100台北市中正區衡陽路27號"
			}
		},
		{
			"type": "Feature",
			"geometry": {
				"type": "Point",
				"coordinates": [121.5315445, 25.025062]
			},
			"properties": {
				"city": "台北市",
				"name": "7-11新泰順門市",
				"address": "106台北市大安區泰順街13號"
			}
		},
		{
			"type": "Feature",
			"geometry": {
				"type": "Point",
				"coordinates": [121.5044246, 25.0403173]
			},
			"properties": {
				"city": "台北市",
				"name": "7-11新起門市",
				"address": "100台北市萬華區新起里長沙街二段104號"
			}
		},
		{
			"type": "Feature",
			"geometry": {
				"type": "Point",
				"coordinates": [121.5569641, 25.0425268]
			},
			"properties": {
				"city": "台北市",
				"name": "7-11新國聯門市",
				"address": "106台北市大安區光復南路180巷12號"
			}
		},
		{
			"type": "Feature",
			"geometry": {
				"type": "Point",
				"coordinates": [121.5226696, 25.0365205]
			},
			"properties": {
				"city": "台北市",
				"name": "7-11新紹南門市",
				"address": "100台北市中正區信義路一段13-1號"
			}
		},
		{
			"type": "Feature",
			"geometry": {
				"type": "Point",
				"coordinates": [121.5526449, 25.0480759]
			},
			"properties": {
				"city": "台北市",
				"name": "7-11新復勢門市",
				"address": "105台北市松山區八德路三段200.202號1樓"
			}
		},
		{
			"type": "Feature",
			"geometry": {
				"type": "Point",
				"coordinates": [121.5241357, 25.0650694]
			},
			"properties": {
				"city": "台北市",
				"name": "7-11新晴光門市",
				"address": "104台北市中山區農安街21號"
			}
		},
		{
			"type": "Feature",
			"geometry": {
				"type": "Point",
				"coordinates": [121.5595052, 24.9814114]
			},
			"properties": {
				"city": "台北市",
				"name": "7-11新景美門市",
				"address": "116台北市文山區木新路三段179.181號"
			}
		},
		{
			"type": "Feature",
			"geometry": {
				"type": "Point",
				"coordinates": [121.530198, 25.0342885]
			},
			"properties": {
				"city": "台北市",
				"name": "7-11新雲門市",
				"address": "100台北市中正區三愛里連雲街81號"
			}
		},
		{
			"type": "Feature",
			"geometry": {
				"type": "Point",
				"coordinates": [121.5174266, 25.024468]
			},
			"properties": {
				"city": "台北市",
				"name": "7-11新廈門門市",
				"address": "106台北市中正區廈門街42.46號"
			}
		},
		{
			"type": "Feature",
			"geometry": {
				"type": "Point",
				"coordinates": [121.5076277, 25.0344686]
			},
			"properties": {
				"city": "台北市",
				"name": "7-11新愛國門市",
				"address": "100台北市中正區延平南路177號"
			}
		},
		{
			"type": "Feature",
			"geometry": {
				"type": "Point",
				"coordinates": [121.5391642, 25.00657]
			},
			"properties": {
				"city": "台北市",
				"name": "7-11新萬盛門市",
				"address": "116台北市文山區萬盛里羅斯福路5段59號"
			}
		},
		{
			"type": "Feature",
			"geometry": {
				"type": "Point",
				"coordinates": [121.5410774, 24.9942003]
			},
			"properties": {
				"city": "台北市",
				"name": "7-11新萬隆門市",
				"address": "116台北市文山區羅斯福路六段20.22號"
			}
		},
		{
			"type": "Feature",
			"geometry": {
				"type": "Point",
				"coordinates": [121.5058077, 25.0424319]
			},
			"properties": {
				"city": "台北市",
				"name": "7-11新寧南門市",
				"address": "108台北市萬華區西寧南路80號"
			}
		},
		{
			"type": "Feature",
			"geometry": {
				"type": "Point",
				"coordinates": [121.587865, 25.0414246]
			},
			"properties": {
				"city": "台北市",
				"name": "7-11新福玉門市",
				"address": "115台北市南港區成福路145.147號"
			}
		},
		{
			"type": "Feature",
			"geometry": {
				"type": "Point",
				"coordinates": [121.5326538, 25.0969674]
			},
			"properties": {
				"city": "台北市",
				"name": "7-11新福林門市",
				"address": "112台北市士林區福林路191號"
			}
		},
		{
			"type": "Feature",
			"geometry": {
				"type": "Point",
				"coordinates": [121.5249038, 25.086334]
			},
			"properties": {
				"city": "台北市",
				"name": "7-11新福慶門市",
				"address": "111台北市士林區基河路1號1樓(部份)"
			}
		},
		{
			"type": "Feature",
			"geometry": {
				"type": "Point",
				"coordinates": [121.5002568, 25.0252818]
			},
			"properties": {
				"city": "台北市",
				"name": "7-11新艋舺門市",
				"address": "108台北市萬華區萬大路292號"
			}
		},
		{
			"type": "Feature",
			"geometry": {
				"type": "Point",
				"coordinates": [121.5154742, 25.1070962]
			},
			"properties": {
				"city": "台北市",
				"name": "7-11新豪美門市",
				"address": "112台北市北投區文林北路98.100號"
			}
		},
		{
			"type": "Feature",
			"geometry": {
				"type": "Point",
				"coordinates": [121.5174649, 25.0843402]
			},
			"properties": {
				"city": "台北市",
				"name": "7-11新劍潭門市",
				"address": "111台北市士林區福港街246號"
			}
		},
		{
			"type": "Feature",
			"geometry": {
				"type": "Point",
				"coordinates": [121.5137356, 25.0557787]
			},
			"properties": {
				"city": "台北市",
				"name": "7-11新慶陽門市",
				"address": "103台北市大同區重慶北路2段60號"
			}
		},
		{
			"type": "Feature",
			"geometry": {
				"type": "Point",
				"coordinates": [121.5837217, 25.0566653]
			},
			"properties": {
				"city": "台北市",
				"name": "7-11新潭美門市",
				"address": "114台北市內湖區新明路425.427號"
			}
		},
		{
			"type": "Feature",
			"geometry": {
				"type": "Point",
				"coordinates": [121.5212868, 25.0602702]
			},
			"properties": {
				"city": "台北市",
				"name": "7-11新錦祥門市",
				"address": "104台北市中山區錦西街16號"
			}
		},
		{
			"type": "Feature",
			"geometry": {
				"type": "Point",
				"coordinates": [121.5264465, 25.0219489]
			},
			"properties": {
				"city": "台北市",
				"name": "7-11新羅福門市",
				"address": "106台北市中正區羅斯福路3段82號"
			}
		},
		{
			"type": "Feature",
			"geometry": {
				"type": "Point",
				"coordinates": [121.5363637, 25.0510109]
			},
			"properties": {
				"city": "台北市",
				"name": "7-11新寶門市",
				"address": "104台北市中山區建國北路一段136號"
			}
		},
		{
			"type": "Feature",
			"geometry": {
				"type": "Point",
				"coordinates": [121.5574266, 25.0518277]
			},
			"properties": {
				"city": "台北市",
				"name": "7-11新寶清門市",
				"address": "105台北市松山區南京東路5段260號"
			}
		},
		{
			"type": "Feature",
			"geometry": {
				"type": "Point",
				"coordinates": [121.5696185, 25.0495167]
			},
			"properties": {
				"city": "台北市",
				"name": "7-11新饒河門市",
				"address": "105台北市松山區八德路四段687.687-1號1樓"
			}
		},
		{
			"type": "Feature",
			"geometry": {
				"type": "Point",
				"coordinates": [121.530524, 25.0187558]
			},
			"properties": {
				"city": "台北市",
				"name": "7-11溫州門市",
				"address": "106台北市大安區羅斯福路三段267號"
			}
		},
		{
			"type": "Feature",
			"geometry": {
				"type": "Point",
				"coordinates": [121.5336791, 25.0258991]
			},
			"properties": {
				"city": "台北市",
				"name": "7-11溫東門市",
				"address": "106台北市大安區和平東路一段266號"
			}
		},
		{
			"type": "Feature",
			"geometry": {
				"type": "Point",
				"coordinates": [121.5220352, 25.0286793]
			},
			"properties": {
				"city": "台北市",
				"name": "7-11瑞升門市",
				"address": "106台北市大安區杭州南路二段91號"
			}
		},
		{
			"type": "Feature",
			"geometry": {
				"type": "Point",
				"coordinates": [121.5409663, 25.0285858]
			},
			"properties": {
				"city": "台北市",
				"name": "7-11瑞安門市",
				"address": "106台北市大安區瑞安街182號"
			}
		},
		{
			"type": "Feature",
			"geometry": {
				"type": "Point",
				"coordinates": [121.5789729, 25.0762525]
			},
			"properties": {
				"city": "台北市",
				"name": "7-11瑞江門市",
				"address": "114台北市內湖區瑞陽里江南街71巷16弄76號"
			}
		},
		{
			"type": "Feature",
			"geometry": {
				"type": "Point",
				"coordinates": [121.5730781, 25.0769718]
			},
			"properties": {
				"city": "台北市",
				"name": "7-11瑞泰門市",
				"address": "114台北市內湖區瑞光路356號"
			}
		},
		{
			"type": "Feature",
			"geometry": {
				"type": "Point",
				"coordinates": [121.5760209, 25.0739576]
			},
			"properties": {
				"city": "台北市",
				"name": "7-11瑞富門市",
				"address": "114台北市內湖區瑞光路188巷51號1樓"
			}
		},
		{
			"type": "Feature",
			"geometry": {
				"type": "Point",
				"coordinates": [121.5755446, 25.0762475]
			},
			"properties": {
				"city": "台北市",
				"name": "7-11瑞湖門市",
				"address": "114台北市內湖區江南街128號"
			}
		},
		{
			"type": "Feature",
			"geometry": {
				"type": "Point",
				"coordinates": [121.567801, 25.0808548]
			},
			"properties": {
				"city": "台北市",
				"name": "7-11瑞寶門市",
				"address": "114台北市內湖區瑞光路583巷27號1樓"
			}
		},
		{
			"type": "Feature",
			"geometry": {
				"type": "Point",
				"coordinates": [121.5664585, 25.0800521]
			},
			"properties": {
				"city": "台北市",
				"name": "7-11瑞鑫門市",
				"address": "114台北市內湖區瑞光路580號"
			}
		},
		{
			"type": "Feature",
			"geometry": {
				"type": "Point",
				"coordinates": [121.5006325, 25.0254701]
			},
			"properties": {
				"city": "台北市",
				"name": "7-11萬大門市",
				"address": "108台北市萬華區萬大路275號"
			}
		},
		{
			"type": "Feature",
			"geometry": {
				"type": "Point",
				"coordinates": [121.5042553, 25.0311398]
			},
			"properties": {
				"city": "台北市",
				"name": "7-11萬光門市",
				"address": "100台北市中正區中華路二段157號"
			}
		},
		{
			"type": "Feature",
			"geometry": {
				"type": "Point",
				"coordinates": [121.5003177, 25.0280262]
			},
			"properties": {
				"city": "台北市",
				"name": "7-11萬和門市",
				"address": "108台北市萬華區萬大路184號"
			}
		},
		{
			"type": "Feature",
			"geometry": {
				"type": "Point",
				"coordinates": [121.4944027, 25.0261542]
			},
			"properties": {
				"city": "台北市",
				"name": "7-11萬忠門市",
				"address": "108台北市萬華區東園街28巷58號"
			}
		},
		{
			"type": "Feature",
			"geometry": {
				"type": "Point",
				"coordinates": [121.4959257, 25.0203937]
			},
			"properties": {
				"city": "台北市",
				"name": "7-11萬東門市",
				"address": "108台北市萬華區萬大路486巷59弄1號"
			}
		},
		{
			"type": "Feature",
			"geometry": {
				"type": "Point",
				"coordinates": [121.5717645, 25.0011206]
			},
			"properties": {
				"city": "台北市",
				"name": "7-11萬芳門市",
				"address": "116台北市文山區萬安街23.25號"
			}
		},
		{
			"type": "Feature",
			"geometry": {
				"type": "Point",
				"coordinates": [121.5584967, 25.0004801]
			},
			"properties": {
				"city": "台北市",
				"name": "7-11萬芳醫門市",
				"address": "116台北市文山區興隆路三段111號"
			}
		},
		{
			"type": "Feature",
			"geometry": {
				"type": "Point",
				"coordinates": [121.4969186, 25.0249679]
			},
			"properties": {
				"city": "台北市",
				"name": "7-11萬長門市",
				"address": "108台北市萬華區東園街172.174號"
			}
		},
		{
			"type": "Feature",
			"geometry": {
				"type": "Point",
				"coordinates": [121.5672934, 25.0019013]
			},
			"properties": {
				"city": "台北市",
				"name": "7-11萬美門市",
				"address": "116台北市文山區萬和街6號2樓之1"
			}
		},
		{
			"type": "Feature",
			"geometry": {
				"type": "Point",
				"coordinates": [121.5174338, 25.045556]
			},
			"properties": {
				"city": "台北市",
				"name": "7-11萬翔門市",
				"address": "100台北市中正區公園路13號"
			}
		},
		{
			"type": "Feature",
			"geometry": {
				"type": "Point",
				"coordinates": [121.5003999, 25.0310165]
			},
			"properties": {
				"city": "台北市",
				"name": "7-11萬華門市",
				"address": "108台北市萬華區萬大路64號莒光路251號"
			}
		},
		{
			"type": "Feature",
			"geometry": {
				"type": "Point",
				"coordinates": [121.5003037, 25.033263]
			},
			"properties": {
				"city": "台北市",
				"name": "7-11萬華站門市",
				"address": "108台北市萬華區康定路382號"
			}
		},
		{
			"type": "Feature",
			"geometry": {
				"type": "Point",
				"coordinates": [121.5410774, 24.9942003]
			},
			"properties": {
				"city": "台北市",
				"name": "7-11萬瑞門市",
				"address": "116台北市文山區羅斯福路6段29.31號"
			}
		},
		{
			"type": "Feature",
			"geometry": {
				"type": "Point",
				"coordinates": [121.499986, 25.0355265]
			},
			"properties": {
				"city": "台北市",
				"name": "7-11萬運門市",
				"address": "108台北市萬華區西園路一段153號B1(捷運龍山寺站B1)"
			}
		},
		{
			"type": "Feature",
			"geometry": {
				"type": "Point",
				"coordinates": [121.5366918, 25.0046055]
			},
			"properties": {
				"city": "台北市",
				"name": "7-11萬福門市",
				"address": "116台北市文山區萬年里羅斯福路5段170巷33及35號"
			}
		},
		{
			"type": "Feature",
			"geometry": {
				"type": "Point",
				"coordinates": [121.6141787, 25.0587008]
			},
			"properties": {
				"city": "台北市",
				"name": "7-11經貿門市",
				"address": "115台北市南港區三重路一段19號1樓"
			}
		},
		{
			"type": "Feature",
			"geometry": {
				"type": "Point",
				"coordinates": [121.5417504, 25.0331598]
			},
			"properties": {
				"city": "台北市",
				"name": "7-11義安門市",
				"address": "106台北市大安區信義路三段166號"
			}
		},
		{
			"type": "Feature",
			"geometry": {
				"type": "Point",
				"coordinates": [121.5383459, 25.0414659]
			},
			"properties": {
				"city": "台北市",
				"name": "7-11義村門市",
				"address": "106台北市大安區忠孝東路三段160號"
			}
		},
		{
			"type": "Feature",
			"geometry": {
				"type": "Point",
				"coordinates": [121.5100682, 25.0841621]
			},
			"properties": {
				"city": "台北市",
				"name": "7-11葫東門市",
				"address": "111台北市士林區延平北路五段222號"
			}
		},
		{
			"type": "Feature",
			"geometry": {
				"type": "Point",
				"coordinates": [121.5682525, 24.9889175]
			},
			"properties": {
				"city": "台北市",
				"name": "7-11試院門市",
				"address": "116台北市文山區木柵路1段139號."
			}
		},
		{
			"type": "Feature",
			"geometry": {
				"type": "Point",
				"coordinates": [121.5682525, 24.9889175]
			},
			"properties": {
				"city": "台北市",
				"name": "7-11試院門市",
				"address": "116台北市文山區木柵路1段139號."
			}
		},
		{
			"type": "Feature",
			"geometry": {
				"type": "Point",
				"coordinates": [121.5287424, 25.1057789]
			},
			"properties": {
				"city": "台北市",
				"name": "7-11誠義門市",
				"address": "111台北市士林區忠誠路一段126號"
			}
		},
		{
			"type": "Feature",
			"geometry": {
				"type": "Point",
				"coordinates": [121.5264024, 25.0648078]
			},
			"properties": {
				"city": "台北市",
				"name": "7-11農安門市",
				"address": "104台北市中山區農安街28-2號"
			}
		},
		{
			"type": "Feature",
			"geometry": {
				"type": "Point",
				"coordinates": [121.5198716, 25.0421407]
			},
			"properties": {
				"city": "台北市",
				"name": "7-11運通門市",
				"address": "100台北市中正區忠孝西路1段49號U1"
			}
		},
		{
			"type": "Feature",
			"geometry": {
				"type": "Point",
				"coordinates": [121.5665771, 25.0473586]
			},
			"properties": {
				"city": "台北市",
				"name": "7-11道生門市",
				"address": "110台北市信義區新仁里東興路57號"
			}
		},
		{
			"type": "Feature",
			"geometry": {
				"type": "Point",
				"coordinates": [121.5867075, 25.0811641]
			},
			"properties": {
				"city": "台北市",
				"name": "7-11達人門市",
				"address": "114台北市內湖區內湖路2段249.251號"
			}
		},
		{
			"type": "Feature",
			"geometry": {
				"type": "Point",
				"coordinates": [121.5514928, 25.0334156]
			},
			"properties": {
				"city": "台北市",
				"name": "7-11僑信門市",
				"address": "106台北市大安區信義路四段197號"
			}
		},
		{
			"type": "Feature",
			"geometry": {
				"type": "Point",
				"coordinates": [121.5752084, 25.0341531]
			},
			"properties": {
				"city": "台北市",
				"name": "7-11嘉馥門市",
				"address": "110台北市信義區信義路6段11號"
			}
		},
		{
			"type": "Feature",
			"geometry": {
				"type": "Point",
				"coordinates": [121.5187578, 25.0315219]
			},
			"properties": {
				"city": "台北市",
				"name": "7-11寧波門市",
				"address": "100台北市中正區寧波西街3號"
			}
		},
		{
			"type": "Feature",
			"geometry": {
				"type": "Point",
				"coordinates": [121.546091, 25.0837391]
			},
			"properties": {
				"city": "台北市",
				"name": "7-11實踐大學門市",
				"address": "105台北市中山區大直街70號1樓"
			}
		},
		{
			"type": "Feature",
			"geometry": {
				"type": "Point",
				"coordinates": [121.540876, 25.066902]
			},
			"properties": {
				"city": "台北市",
				"name": "7-11榮金門市",
				"address": "104台北市中山區龍江路384巷1號"
			}
		},
		{
			"type": "Feature",
			"geometry": {
				"type": "Point",
				"coordinates": [121.5407952, 25.0649066]
			},
			"properties": {
				"city": "台北市",
				"name": "7-11榮星門市",
				"address": "104台北市中山區龍江路322號"
			}
		},
		{
			"type": "Feature",
			"geometry": {
				"type": "Point",
				"coordinates": [121.522721, 25.121419]
			},
			"properties": {
				"city": "台北市",
				"name": "7-11榮總門市",
				"address": "111台北市士林區石牌路2段301號"
			}
		},
		{
			"type": "Feature",
			"geometry": {
				"type": "Point",
				"coordinates": [121.536918, 25.0656621]
			},
			"properties": {
				"city": "台北市",
				"name": "7-11榮鑫門市",
				"address": "104台北市中山區建國北路三段91號"
			}
		},
		{
			"type": "Feature",
			"geometry": {
				"type": "Point",
				"coordinates": [121.5124791, 25.0450729]
			},
			"properties": {
				"city": "台北市",
				"name": "7-11漢竹門市",
				"address": "100台北市中正區漢口街一段70號"
			}
		},
		{
			"type": "Feature",
			"geometry": {
				"type": "Point",
				"coordinates": [121.5440468, 24.9927781]
			},
			"properties": {
				"city": "台北市",
				"name": "7-11漢神門市",
				"address": "116台北市文山區景中街45號1樓"
			}
		},
		{
			"type": "Feature",
			"geometry": {
				"type": "Point",
				"coordinates": [121.5043204, 25.0398767]
			},
			"properties": {
				"city": "台北市",
				"name": "7-11漢陽門市",
				"address": "108台北市萬華區昆明街173號1F"
			}
		},
		{
			"type": "Feature",
			"geometry": {
				"type": "Point",
				"coordinates": [121.506258, 25.0451129]
			},
			"properties": {
				"city": "台北市",
				"name": "7-11漢寧門市",
				"address": "108台北市萬華區西寧南路85號"
			}
		},
		{
			"type": "Feature",
			"geometry": {
				"type": "Point",
				"coordinates": [121.5410774, 24.9942003]
			},
			"properties": {
				"city": "台北市",
				"name": "7-11滬江門市",
				"address": "116台北市文山區羅斯福路六段308.310號"
			}
		},
		{
			"type": "Feature",
			"geometry": {
				"type": "Point",
				"coordinates": [121.5922522, 25.0862082]
			},
			"properties": {
				"city": "台北市",
				"name": "7-11碧綠門市",
				"address": "114台北市內湖區內湖路三段60巷1弄2-1號1F"
			}
		},
		{
			"type": "Feature",
			"geometry": {
				"type": "Point",
				"coordinates": [121.5842154, 25.0382309]
			},
			"properties": {
				"city": "台北市",
				"name": "7-11福中門市",
				"address": "110台北市信義區福德街189號"
			}
		},
		{
			"type": "Feature",
			"geometry": {
				"type": "Point",
				"coordinates": [121.5168, 25.03194]
			},
			"properties": {
				"city": "台北市",
				"name": "7-11福州門市",
				"address": "100台北市中正區南昌路1段135號"
			}
		},
		{
			"type": "Feature",
			"geometry": {
				"type": "Point",
				"coordinates": [121.5322614, 25.0985279]
			},
			"properties": {
				"city": "台北市",
				"name": "7-11福志門市",
				"address": "112台北市士林區雨農路25號"
			}
		},
		{
			"type": "Feature",
			"geometry": {
				"type": "Point",
				"coordinates": [121.5223474, 25.1021298]
			},
			"properties": {
				"city": "台北市",
				"name": "7-11福芝門市",
				"address": "112台北市士林區福國路94號"
			}
		},
		{
			"type": "Feature",
			"geometry": {
				"type": "Point",
				"coordinates": [121.5134879, 25.1121475]
			},
			"properties": {
				"city": "台北市",
				"name": "7-11福致門市",
				"address": "112台北市北投區致遠一路二段55號"
			}
		},
		{
			"type": "Feature",
			"geometry": {
				"type": "Point",
				"coordinates": [121.5070974, 25.0896934]
			},
			"properties": {
				"city": "台北市",
				"name": "7-11福氣門市",
				"address": "111台北市士林區延平北路6段148號"
			}
		},
		{
			"type": "Feature",
			"geometry": {
				"type": "Point",
				"coordinates": [121.525911, 25.094736]
			},
			"properties": {
				"city": "台北市",
				"name": "7-11福捷門市",
				"address": "111台北市士林區中正路235巷14號"
			}
		},
		{
			"type": "Feature",
			"geometry": {
				"type": "Point",
				"coordinates": [121.5157448, 25.0894602]
			},
			"properties": {
				"city": "台北市",
				"name": "7-11福通門市",
				"address": "111台北市士林區大南路396號"
			}
		},
		{
			"type": "Feature",
			"geometry": {
				"type": "Point",
				"coordinates": [121.5713506, 25.0825141]
			},
			"properties": {
				"city": "台北市",
				"name": "7-11福湖門市",
				"address": "114台北市內湖區內湖路一段411巷19弄1號"
			}
		},
		{
			"type": "Feature",
			"geometry": {
				"type": "Point",
				"coordinates": [121.5096698, 25.0848851]
			},
			"properties": {
				"city": "台北市",
				"name": "7-11福陽門市",
				"address": "111台北市士林區延平北路五段259號"
			}
		},
		{
			"type": "Feature",
			"geometry": {
				"type": "Point",
				"coordinates": [121.5121964, 25.0824194]
			},
			"properties": {
				"city": "台北市",
				"name": "7-11福順門市",
				"address": "111台北市士林區福順里重慶北路四段117號"
			}
		},
		{
			"type": "Feature",
			"geometry": {
				"type": "Point",
				"coordinates": [121.5212771, 25.1041265]
			},
			"properties": {
				"city": "台北市",
				"name": "7-11福溢門市",
				"address": "111台北市士林區德行西路96號"
			}
		},
		{
			"type": "Feature",
			"geometry": {
				"type": "Point",
				"coordinates": [121.5662204, 25.0617565]
			},
			"properties": {
				"city": "台北市",
				"name": "7-11福源門市",
				"address": "105台北市松山區撫遠街306號"
			}
		},
		{
			"type": "Feature",
			"geometry": {
				"type": "Point",
				"coordinates": [121.5180051, 25.0919088]
			},
			"properties": {
				"city": "台北市",
				"name": "7-11福榮門市",
				"address": "112台北市士林區中正路220.222號"
			}
		},
		{
			"type": "Feature",
			"geometry": {
				"type": "Point",
				"coordinates": [121.522535, 25.0947283]
			},
			"properties": {
				"city": "台北市",
				"name": "7-11福鑫門市",
				"address": "112台北市士林區中正路324號"
			}
		},
		{
			"type": "Feature",
			"geometry": {
				"type": "Point",
				"coordinates": [121.5261755, 25.0952567]
			},
			"properties": {
				"city": "台北市",
				"name": "7-11福讚門市",
				"address": "111台北市士林區中正路227號"
			}
		},
		{
			"type": "Feature",
			"geometry": {
				"type": "Point",
				"coordinates": [121.5013058, 25.0906963]
			},
			"properties": {
				"city": "台北市",
				"name": "7-11聚鑫門市",
				"address": "111台北市士林區延平北路六段350號"
			}
		},
		{
			"type": "Feature",
			"geometry": {
				"type": "Point",
				"coordinates": [121.5527165, 25.0381139]
			},
			"properties": {
				"city": "台北市",
				"name": "7-11鳳翔門市",
				"address": "106台北市大安區忠孝東路4段216巷68號"
			}
		},
		{
			"type": "Feature",
			"geometry": {
				"type": "Point",
				"coordinates": [121.5759773, 25.0800055]
			},
			"properties": {
				"city": "台北市",
				"name": "7-11墘都門市",
				"address": "114台北市內湖區內湖路一段669號"
			}
		},
		{
			"type": "Feature",
			"geometry": {
				"type": "Point",
				"coordinates": [121.5198716, 25.0421407]
			},
			"properties": {
				"city": "台北市",
				"name": "7-11億翔門市",
				"address": "100台北市中正區忠孝西路1段32號"
			}
		},
		{
			"type": "Feature",
			"geometry": {
				"type": "Point",
				"coordinates": [121.5250443, 25.0846101]
			},
			"properties": {
				"city": "台北市",
				"name": "7-11劍潭站門市",
				"address": "111台北市士林區中山北路五段65號1樓"
			}
		},
		{
			"type": "Feature",
			"geometry": {
				"type": "Point",
				"coordinates": [121.503429, 25.036475]
			},
			"properties": {
				"city": "台北市",
				"name": "7-11廣明門市",
				"address": "108台北市萬華區福音里昆明街304號"
			}
		},
		{
			"type": "Feature",
			"geometry": {
				"type": "Point",
				"coordinates": [121.5643725, 25.0505353]
			},
			"properties": {
				"city": "台北市",
				"name": "7-11影城門市",
				"address": "105台北市松山區八德路四段245巷35號"
			}
		},
		{
			"type": "Feature",
			"geometry": {
				"type": "Point",
				"coordinates": [121.5229563, 25.1052577]
			},
			"properties": {
				"city": "台北市",
				"name": "7-11德天門市",
				"address": "111台北市士林區德行西路52號1樓"
			}
		},
		{
			"type": "Feature",
			"geometry": {
				"type": "Point",
				"coordinates": [121.5909557, 25.0824162]
			},
			"properties": {
				"city": "台北市",
				"name": "7-11德成門市",
				"address": "114台北市內湖區內湖路2段366號"
			}
		},
		{
			"type": "Feature",
			"geometry": {
				"type": "Point",
				"coordinates": [121.5306142, 25.1087682]
			},
			"properties": {
				"city": "台北市",
				"name": "7-11德行門市",
				"address": "112台北市士林區忠誠路二段5號"
			}
		},
		{
			"type": "Feature",
			"geometry": {
				"type": "Point",
				"coordinates": [121.5357928, 25.1099374]
			},
			"properties": {
				"city": "台北市",
				"name": "7-11德東門市",
				"address": "112台北市士林區德行東路282號"
			}
		},
		{
			"type": "Feature",
			"geometry": {
				"type": "Point",
				"coordinates": [121.5375027, 25.1102218]
			},
			"properties": {
				"city": "台北市",
				"name": "7-11德芝門市",
				"address": "112台北市士林區德行東路330號"
			}
		},
		{
			"type": "Feature",
			"geometry": {
				"type": "Point",
				"coordinates": [121.52099, 25.1109899]
			},
			"properties": {
				"city": "台北市",
				"name": "7-11德致門市",
				"address": "112台北市北投區明德路33.35號"
			}
		},
		{
			"type": "Feature",
			"geometry": {
				"type": "Point",
				"coordinates": [121.5182929, 25.0718407]
			},
			"properties": {
				"city": "台北市",
				"name": "7-11德倫門市",
				"address": "103台北市大同區庫倫街48-4.5號"
			}
		},
		{
			"type": "Feature",
			"geometry": {
				"type": "Point",
				"coordinates": [121.5224165, 25.1007284]
			},
			"properties": {
				"city": "台北市",
				"name": "7-11德華門市",
				"address": "111台北市士林區文林路663號"
			}
		},
		{
			"type": "Feature",
			"geometry": {
				"type": "Point",
				"coordinates": [121.5917599, 25.0822346]
			},
			"properties": {
				"city": "台北市",
				"name": "7-11德福門市",
				"address": "114台北市內湖區成功路4段30巷27.29.31號"
			}
		},
		{
			"type": "Feature",
			"geometry": {
				"type": "Point",
				"coordinates": [121.5747106, 25.0364192]
			},
			"properties": {
				"city": "台北市",
				"name": "7-11德鄰門市",
				"address": "110台北市信義區安康里松德路129.131號"
			}
		},
		{
			"type": "Feature",
			"geometry": {
				"type": "Point",
				"coordinates": [121.5733385, 25.0789919]
			},
			"properties": {
				"city": "台北市",
				"name": "7-11德馨門市",
				"address": "114台北市內湖區洲子街46號"
			}
		},
		{
			"type": "Feature",
			"geometry": {
				"type": "Point",
				"coordinates": [121.513916, 25.065814]
			},
			"properties": {
				"city": "台北市",
				"name": "7-11慶吉門市",
				"address": "103台北市大同區蓬萊里重慶北路三段53-1號"
			}
		},
		{
			"type": "Feature",
			"geometry": {
				"type": "Point",
				"coordinates": [121.5225593, 25.0648532]
			},
			"properties": {
				"city": "台北市",
				"name": "7-11撫順門市",
				"address": "104台北市中山區中山北路三段23-6號"
			}
		},
		{
			"type": "Feature",
			"geometry": {
				"type": "Point",
				"coordinates": [121.5517228, 25.0211357]
			},
			"properties": {
				"city": "台北市",
				"name": "7-11樂安門市",
				"address": "106台北市大安區樂業街71.73號"
			}
		},
		{
			"type": "Feature",
			"geometry": {
				"type": "Point",
				"coordinates": [121.5518767, 25.025794]
			},
			"properties": {
				"city": "台北市",
				"name": "7-11樂利門市",
				"address": "106台北市大安區樂利路74號"
			}
		},
		{
			"type": "Feature",
			"geometry": {
				"type": "Point",
				"coordinates": [121.5515522, 25.0270329]
			},
			"properties": {
				"city": "台北市",
				"name": "7-11樂和門市",
				"address": "106台北市大安區樂利路29.29-1號"
			}
		},
		{
			"type": "Feature",
			"geometry": {
				"type": "Point",
				"coordinates": [121.5442703, 25.0500341]
			},
			"properties": {
				"city": "台北市",
				"name": "7-11樂得門市",
				"address": "105台北市松山區復興北路35號"
			}
		},
		{
			"type": "Feature",
			"geometry": {
				"type": "Point",
				"coordinates": [121.5499815, 25.0227588]
			},
			"properties": {
				"city": "台北市",
				"name": "7-11樂隆門市",
				"address": "106台北市大安區虎嘯里樂業街43號"
			}
		},
		{
			"type": "Feature",
			"geometry": {
				"type": "Point",
				"coordinates": [121.5428431, 25.0471378]
			},
			"properties": {
				"city": "台北市",
				"name": "7-11潤泰門市",
				"address": "104台北市中山區八德路二段314號"
			}
		},
		{
			"type": "Feature",
			"geometry": {
				"type": "Point",
				"coordinates": [121.5281078, 25.0649652]
			},
			"properties": {
				"city": "台北市",
				"name": "7-11稻江門市",
				"address": "104台北市中山區新生北路3段35號"
			}
		},
		{
			"type": "Feature",
			"geometry": {
				"type": "Point",
				"coordinates": [121.5087982, 25.0532847]
			},
			"properties": {
				"city": "台北市",
				"name": "7-11稻埕門市",
				"address": "103台北市大同區南京西路436號1F"
			}
		},
		{
			"type": "Feature",
			"geometry": {
				"type": "Point",
				"coordinates": [121.5158208, 25.0490733]
			},
			"properties": {
				"city": "台北市",
				"name": "7-11鄭州門市",
				"address": "103台北市大同區鄭州路3-2號"
			}
		},
		{
			"type": "Feature",
			"geometry": {
				"type": "Point",
				"coordinates": [121.5509057, 25.0180264]
			},
			"properties": {
				"city": "台北市",
				"name": "7-11黎元門市",
				"address": "106台北市大安區臥龍街188巷1號"
			}
		},
		{
			"type": "Feature",
			"geometry": {
				"type": "Point",
				"coordinates": [121.5779656, 24.9870651]
			},
			"properties": {
				"city": "台北市",
				"name": "7-11憩賢門市",
				"address": "116台北市文山區指南路二段64號(憩賢樓A8櫃)"
			}
		},
		{
			"type": "Feature",
			"geometry": {
				"type": "Point",
				"coordinates": [121.557338, 24.9992297]
			},
			"properties": {
				"city": "台北市",
				"name": "7-11興北門市",
				"address": "116台北市文山區興隆路三段108號"
			}
		},
		{
			"type": "Feature",
			"geometry": {
				"type": "Point",
				"coordinates": [121.5531456, 25.0001517]
			},
			"properties": {
				"city": "台北市",
				"name": "7-11興岩門市",
				"address": "116台北市文山區興隆路2段244巷20號1樓"
			}
		},
		{
			"type": "Feature",
			"geometry": {
				"type": "Point",
				"coordinates": [121.5450535, 25.01639]
			},
			"properties": {
				"city": "台北市",
				"name": "7-11興舍門市",
				"address": "106台北市大安區長興街50號"
			}
		},
		{
			"type": "Feature",
			"geometry": {
				"type": "Point",
				"coordinates": [121.5601441, 24.9964885]
			},
			"properties": {
				"city": "台北市",
				"name": "7-11興芳門市",
				"address": "116台北市文山區興光里興隆路3段173-175號"
			}
		},
		{
			"type": "Feature",
			"geometry": {
				"type": "Point",
				"coordinates": [121.5161031, 25.0446511]
			},
			"properties": {
				"city": "台北市",
				"name": "7-11興信鑫門市",
				"address": "100台北市中正區信陽街12.14號1樓"
			}
		},
		{
			"type": "Feature",
			"geometry": {
				"type": "Point",
				"coordinates": [121.5435823, 25.0561481]
			},
			"properties": {
				"city": "台北市",
				"name": "7-11興復門市",
				"address": "104台北市中山區興安街99號一樓"
			}
		},
		{
			"type": "Feature",
			"geometry": {
				"type": "Point",
				"coordinates": [121.5610602, 25.0308964]
			},
			"properties": {
				"city": "台北市",
				"name": "7-11興貿門市",
				"address": "110台北市信義區景新里莊敬路178巷2號"
			}
		},
		{
			"type": "Feature",
			"geometry": {
				"type": "Point",
				"coordinates": [121.55092, 25.0013854]
			},
			"properties": {
				"city": "台北市",
				"name": "7-11興隆門市",
				"address": "116台北市文山區興隆路2段150號"
			}
		},
		{
			"type": "Feature",
			"geometry": {
				"type": "Point",
				"coordinates": [121.5458656, 25.0308061]
			},
			"properties": {
				"city": "台北市",
				"name": "7-11豫銘門市",
				"address": "106台北市大安區大安路2段102號"
			}
		},
		{
			"type": "Feature",
			"geometry": {
				"type": "Point",
				"coordinates": [121.5183158, 25.0889746]
			},
			"properties": {
				"city": "台北市",
				"name": "7-11豫鋒門市",
				"address": "111台北市士林區大南路322號"
			}
		},
		{
			"type": "Feature",
			"geometry": {
				"type": "Point",
				"coordinates": [121.5475068, 25.0524424]
			},
			"properties": {
				"city": "台北市",
				"name": "7-11錢京門市",
				"address": "105台北市松山區南京東路三段335巷5號之3.4.9.10.11.12"
			}
		},
		{
			"type": "Feature",
			"geometry": {
				"type": "Point",
				"coordinates": [121.5445312, 25.0412753]
			},
			"properties": {
				"city": "台北市",
				"name": "7-11錢忠門市",
				"address": "106台北市大安區忠孝東路四段26巷5號"
			}
		},
		{
			"type": "Feature",
			"geometry": {
				"type": "Point",
				"coordinates": [121.523624, 25.0602839]
			},
			"properties": {
				"city": "台北市",
				"name": "7-11錦北門市",
				"address": "104台北市中山區錦州街8號"
			}
		},
		{
			"type": "Feature",
			"geometry": {
				"type": "Point",
				"coordinates": [121.5393921, 25.0603761]
			},
			"properties": {
				"city": "台北市",
				"name": "7-11錦合門市",
				"address": "104台北市中山區合江街117號"
			}
		},
		{
			"type": "Feature",
			"geometry": {
				"type": "Point",
				"coordinates": [121.5409117, 25.0601059]
			},
			"properties": {
				"city": "台北市",
				"name": "7-11錦龍門市",
				"address": "104台北市中山區龍江路281-1號"
			}
		},
		{
			"type": "Feature",
			"geometry": {
				"type": "Point",
				"coordinates": [121.5152656, 25.0585288]
			},
			"properties": {
				"city": "台北市",
				"name": "7-11靜中門市",
				"address": "103台北市大同區寧夏路71號"
			}
		},
		{
			"type": "Feature",
			"geometry": {
				"type": "Point",
				"coordinates": [121.5574773, 25.0401495]
			},
			"properties": {
				"city": "台北市",
				"name": "7-11靜安門市",
				"address": "106台北市大安區光復南路262號"
			}
		},
		{
			"type": "Feature",
			"geometry": {
				"type": "Point",
				"coordinates": [121.5013573, 25.0353733]
			},
			"properties": {
				"city": "台北市",
				"name": "7-11龍山門市",
				"address": "108台北市萬華區康定路229號"
			}
		},
		{
			"type": "Feature",
			"geometry": {
				"type": "Point",
				"coordinates": [121.5293363, 25.0239827]
			},
			"properties": {
				"city": "台北市",
				"name": "7-11龍延門市",
				"address": "106台北市大安區師大路59巷13號."
			}
		},
		{
			"type": "Feature",
			"geometry": {
				"type": "Point",
				"coordinates": [121.5229719, 25.0267596]
			},
			"properties": {
				"city": "台北市",
				"name": "7-11龍門門市",
				"address": "106台北市大安區和平東路2段18號"
			}
		},
		{
			"type": "Feature",
			"geometry": {
				"type": "Point",
				"coordinates": [121.5429334, 25.0235068]
			},
			"properties": {
				"city": "台北市",
				"name": "7-11龍淵門市",
				"address": "106台北市大安區和平東路二段118巷33號"
			}
		},
		{
			"type": "Feature",
			"geometry": {
				"type": "Point",
				"coordinates": [121.5506246, 25.0404675]
			},
			"properties": {
				"city": "台北市",
				"name": "7-11龍普門市",
				"address": "106台北市大安區敦化南路一段233巷25號"
			}
		},
		{
			"type": "Feature",
			"geometry": {
				"type": "Point",
				"coordinates": [121.5005814, 25.036549]
			},
			"properties": {
				"city": "台北市",
				"name": "7-11龍廣門市",
				"address": "108台北市萬華區廣州街148號"
			}
		},
		{
			"type": "Feature",
			"geometry": {
				"type": "Point",
				"coordinates": [121.5474865, 25.1525261]
			},
			"properties": {
				"city": "台北市",
				"name": "7-11擎天崗門市",
				"address": "112台北市北投區湖山路一段12號"
			}
		},
		{
			"type": "Feature",
			"geometry": {
				"type": "Point",
				"coordinates": [121.533609, 25.0403003]
			},
			"properties": {
				"city": "台北市",
				"name": "7-11濟南門市",
				"address": "106台北市大安區濟南路3段7號"
			}
		},
		{
			"type": "Feature",
			"geometry": {
				"type": "Point",
				"coordinates": [121.5311782, 25.0402102]
			},
			"properties": {
				"city": "台北市",
				"name": "7-11濟新門市",
				"address": "100台北市中正區濟南路2段50號"
			}
		},
		{
			"type": "Feature",
			"geometry": {
				"type": "Point",
				"coordinates": [121.567993, 25.0865349]
			},
			"properties": {
				"city": "台北市",
				"name": "7-11環湖門市",
				"address": "114台北市內湖區環山路一段110號"
			}
		},
		{
			"type": "Feature",
			"geometry": {
				"type": "Point",
				"coordinates": [121.5144979, 25.0607497]
			},
			"properties": {
				"city": "台北市",
				"name": "7-11篷萊門市",
				"address": "103台北市大同區寧夏路131-1號"
			}
		},
		{
			"type": "Feature",
			"geometry": {
				"type": "Point",
				"coordinates": [121.5697261, 25.0234945]
			},
			"properties": {
				"city": "台北市",
				"name": "7-11總站門市",
				"address": "110台北市信義區吳興街487號"
			}
		},
		{
			"type": "Feature",
			"geometry": {
				"type": "Point",
				"coordinates": [121.5666629, 25.046869]
			},
			"properties": {
				"city": "台北市",
				"name": "7-11總部門市",
				"address": "110台北市信義區東興路65號"
			}
		},
		{
			"type": "Feature",
			"geometry": {
				"type": "Point",
				"coordinates": [121.5574266, 25.0518277]
			},
			"properties": {
				"city": "台北市",
				"name": "7-11聰明門市",
				"address": "105台北市松山區南京東路5段363號"
			}
		},
		{
			"type": "Feature",
			"geometry": {
				"type": "Point",
				"coordinates": [121.5637602, 25.0418383]
			},
			"properties": {
				"city": "台北市",
				"name": "7-11聯合門市",
				"address": "110台北市信義區忠孝東路四段559巷6號"
			}
		},
		{
			"type": "Feature",
			"geometry": {
				"type": "Point",
				"coordinates": [121.5940252, 25.0491477]
			},
			"properties": {
				"city": "台北市",
				"name": "7-11聯成門市",
				"address": "115台北市南港區聯成里昆陽街150-1.150-3號"
			}
		},
		{
			"type": "Feature",
			"geometry": {
				"type": "Point",
				"coordinates": [121.5883326, 25.0464291]
			},
			"properties": {
				"city": "台北市",
				"name": "7-11聯坊門市",
				"address": "115台北市南港區東新街118巷1號"
			}
		},
		{
			"type": "Feature",
			"geometry": {
				"type": "Point",
				"coordinates": [121.5525982, 25.0305826]
			},
			"properties": {
				"city": "台北市",
				"name": "7-11臨江門市",
				"address": "106台北市大安區安和路二段67號"
			}
		},
		{
			"type": "Feature",
			"geometry": {
				"type": "Point",
				"coordinates": [121.5284992, 25.0362601]
			},
			"properties": {
				"city": "台北市",
				"name": "7-11臨沂門市",
				"address": "100台北市中正區文祥里臨沂街74.76號"
			}
		},
		{
			"type": "Feature",
			"geometry": {
				"type": "Point",
				"coordinates": [121.4996086, 25.1349834]
			},
			"properties": {
				"city": "台北市",
				"name": "7-11薇閣門市",
				"address": "112台北市北投區中央北路一段108號"
			}
		},
		{
			"type": "Feature",
			"geometry": {
				"type": "Point",
				"coordinates": [121.5442501, 25.0361488]
			},
			"properties": {
				"city": "台北市",
				"name": "7-11豐安門市",
				"address": "106台北市大安區東豐街9號"
			}
		},
		{
			"type": "Feature",
			"geometry": {
				"type": "Point",
				"coordinates": [121.563917, 25.0268069]
			},
			"properties": {
				"city": "台北市",
				"name": "7-11醫學門市",
				"address": "110台北市信義區吳興街257.259號"
			}
		},
		{
			"type": "Feature",
			"geometry": {
				"type": "Point",
				"coordinates": [121.500961, 25.137221]
			},
			"properties": {
				"city": "台北市",
				"name": "7-11雙全門市",
				"address": "112台北市北投區中庸里大業路715-717號"
			}
		},
		{
			"type": "Feature",
			"geometry": {
				"type": "Point",
				"coordinates": [121.5174553, 25.0571316]
			},
			"properties": {
				"city": "台北市",
				"name": "7-11雙連門市",
				"address": "103台北市大同區民生西路176號"
			}
		},
		{
			"type": "Feature",
			"geometry": {
				"type": "Point",
				"coordinates": [121.4915704, 25.0320293]
			},
			"properties": {
				"city": "台北市",
				"name": "7-11雙環門市",
				"address": "108台北市萬華區環河南路二段207號"
			}
		},
		{
			"type": "Feature",
			"geometry": {
				"type": "Point",
				"coordinates": [121.5412737, 25.0416091]
			},
			"properties": {
				"city": "台北市",
				"name": "7-11懷生門市",
				"address": "106台北市大安區忠孝東路3段248巷9號"
			}
		},
		{
			"type": "Feature",
			"geometry": {
				"type": "Point",
				"coordinates": [121.5196496, 25.1140784]
			},
			"properties": {
				"city": "台北市",
				"name": "7-11懷得門市",
				"address": "112台北市北投區懷德街85號1樓"
			}
		},
		{
			"type": "Feature",
			"geometry": {
				"type": "Point",
				"coordinates": [121.522011, 25.0271751]
			},
			"properties": {
				"city": "台北市",
				"name": "7-11羅亭門市",
				"address": "100台北市中正區羅斯福路二段68號"
			}
		},
		{
			"type": "Feature",
			"geometry": {
				"type": "Point",
				"coordinates": [121.5408151, 24.9922868]
			},
			"properties": {
				"city": "台北市",
				"name": "7-11羅捷門市",
				"address": "116台北市文山區景行里羅斯福路6段391號"
			}
		},
		{
			"type": "Feature",
			"geometry": {
				"type": "Point",
				"coordinates": [121.5384998, 25.0036606]
			},
			"properties": {
				"city": "台北市",
				"name": "7-11羅斯福門市",
				"address": "116台北市文山區羅斯福路五段190-3號."
			}
		},
		{
			"type": "Feature",
			"geometry": {
				"type": "Point",
				"coordinates": [121.5779656, 24.9870651]
			},
			"properties": {
				"city": "台北市",
				"name": "7-11藝文門市",
				"address": "116台北市文山區指南路二段64號藝文中心4樓"
			}
		},
		{
			"type": "Feature",
			"geometry": {
				"type": "Point",
				"coordinates": [121.4674609, 25.1215851]
			},
			"properties": {
				"city": "台北市",
				"name": "7-11關渡門市",
				"address": "112台北市北投區知行路282號"
			}
		},
		{
			"type": "Feature",
			"geometry": {
				"type": "Point",
				"coordinates": [121.589909, 25.0531782]
			},
			"properties": {
				"city": "台北市",
				"name": "7-11鵬馳門市",
				"address": "115台北市南港區南港路三段49-1號"
			}
		},
		{
			"type": "Feature",
			"geometry": {
				"type": "Point",
				"coordinates": [121.5719455, 25.0813408]
			},
			"properties": {
				"city": "台北市",
				"name": "7-11麗安門市",
				"address": "114台北市內湖區內湖路一段435號"
			}
		},
		{
			"type": "Feature",
			"geometry": {
				"type": "Point",
				"coordinates": [121.49529, 25.0236865]
			},
			"properties": {
				"city": "台北市",
				"name": "7-11寶昌門市",
				"address": "108台北市萬華區寶興街186號"
			}
		},
		{
			"type": "Feature",
			"geometry": {
				"type": "Point",
				"coordinates": [121.5673864, 25.0493015]
			},
			"properties": {
				"city": "台北市",
				"name": "7-11寶德門市",
				"address": "105台北市松山區八德路四段335號1F"
			}
		},
		{
			"type": "Feature",
			"geometry": {
				"type": "Point",
				"coordinates": [121.6196223, 25.0734305]
			},
			"properties": {
				"city": "台北市",
				"name": "7-11瓏山林門市",
				"address": "114台北市內湖區康樂街125巷2號"
			}
		},
		{
			"type": "Feature",
			"geometry": {
				"type": "Point",
				"coordinates": [121.6217171, 25.0761356]
			},
			"properties": {
				"city": "台北市",
				"name": "7-11瓏馬門市",
				"address": "114台北市內湖區康樂街213號"
			}
		},
		{
			"type": "Feature",
			"geometry": {
				"type": "Point",
				"coordinates": [121.6164182, 25.0523101]
			},
			"properties": {
				"city": "台北市",
				"name": "7-11耀港門市",
				"address": "115台北市南港區研究院路一段99號1樓之14"
			}
		},
		{
			"type": "Feature",
			"geometry": {
				"type": "Point",
				"coordinates": [121.5077585, 25.035249]
			},
			"properties": {
				"city": "台北市",
				"name": "7-11警廣門市",
				"address": "100台北市中正區延平南路159號"
			}
		},
		{
			"type": "Feature",
			"geometry": {
				"type": "Point",
				"coordinates": [121.5614708, 25.0847026]
			},
			"properties": {
				"city": "台北市",
				"name": "7-11馨瑩門市",
				"address": "114台北市內湖區內湖路一段91巷2號"
			}
		},
		{
			"type": "Feature",
			"geometry": {
				"type": "Point",
				"coordinates": [121.506852, 25.1174504]
			},
			"properties": {
				"city": "台北市",
				"name": "7-11鐏賢門市",
				"address": "112台北市北投區尊賢街247號"
			}
		},
		{
			"type": "Feature",
			"geometry": {
				"type": "Point",
				"coordinates": [121.5250859, 25.1064545]
			},
			"properties": {
				"city": "台北市",
				"name": "7-11蘭雅門市",
				"address": "111台北市士林區中山北路6段150號"
			}
		},
		{
			"type": "Feature",
			"geometry": {
				"type": "Point",
				"coordinates": [121.5223906, 25.1179588]
			},
			"properties": {
				"city": "台北市",
				"name": "7-11護專門市",
				"address": "112台北市北投區振興街31號"
			}
		},
		{
			"type": "Feature",
			"geometry": {
				"type": "Point",
				"coordinates": [121.5408718, 25.0624386]
			},
			"properties": {
				"city": "台北市",
				"name": "7-11權東門市",
				"address": "104台北市中山區民權東路3段73號"
			}
		},
		{
			"type": "Feature",
			"geometry": {
				"type": "Point",
				"coordinates": [121.5334954, 25.0638409]
			},
			"properties": {
				"city": "台北市",
				"name": "7-11權松門市",
				"address": "104台北市中山區松江路363號"
			}
		},
		{
			"type": "Feature",
			"geometry": {
				"type": "Point",
				"coordinates": [121.5199428, 25.0626707]
			},
			"properties": {
				"city": "台北市",
				"name": "7-11權站門市",
				"address": "104台北市中山區民權西路72號"
			}
		},
		{
			"type": "Feature",
			"geometry": {
				"type": "Point",
				"coordinates": [121.5163189, 25.0631389]
			},
			"properties": {
				"city": "台北市",
				"name": "7-11權鑫門市",
				"address": "103台北市大同區民權西路157之1號1樓"
			}
		},
		{
			"type": "Feature",
			"geometry": {
				"type": "Point",
				"coordinates": [121.5249068, 25.0563759]
			},
			"properties": {
				"city": "台北市",
				"name": "7-11歡唱門市",
				"address": "104台北市中山區林森北路310巷17號"
			}
		},
		{
			"type": "Feature",
			"geometry": {
				"type": "Point",
				"coordinates": [121.5577471, 25.0182189]
			},
			"properties": {
				"city": "台北市",
				"name": "7-11麟光門市",
				"address": "106台北市大安區臥龍街275號"
			}
		},
		{
			"type": "Feature",
			"geometry": {
				"type": "Point",
				"coordinates": [121.5134147, 25.0468814]
			},
			"properties": {
				"city": "台北市",
				"name": "7-11鑫大孝門市",
				"address": "100台北市中正區黎明里重慶南路一段1-1號一樓"
			}
		},
		{
			"type": "Feature",
			"geometry": {
				"type": "Point",
				"coordinates": [121.5167517, 25.0445865]
			},
			"properties": {
				"city": "台北市",
				"name": "7-11鑫公信門市",
				"address": "100台北市中正區信陽街2-1號"
			}
		},
		{
			"type": "Feature",
			"geometry": {
				"type": "Point",
				"coordinates": [121.5150495, 25.0504262]
			},
			"properties": {
				"city": "台北市",
				"name": "7-11鑫太原門市",
				"address": "103台北市大同區太原路40.42.44號"
			}
		},
		{
			"type": "Feature",
			"geometry": {
				"type": "Point",
				"coordinates": [121.5833287, 25.0787025]
			},
			"properties": {
				"city": "台北市",
				"name": "7-11鑫文德門市",
				"address": "114台北市內湖區文德路99號1樓"
			}
		},
		{
			"type": "Feature",
			"geometry": {
				"type": "Point",
				"coordinates": [121.5339127, 25.0439671]
			},
			"properties": {
				"city": "台北市",
				"name": "7-11鑫北科門市",
				"address": "106台北市大安區忠孝東路3段1號第六教學大樓B4"
			}
		},
		{
			"type": "Feature",
			"geometry": {
				"type": "Point",
				"coordinates": [121.5186921, 25.046132]
			},
			"properties": {
				"city": "台北市",
				"name": "7-11鑫台北門市",
				"address": "100台北市中正區黎明里忠孝西路一段35號一樓"
			}
		},
		{
			"type": "Feature",
			"geometry": {
				"type": "Point",
				"coordinates": [121.5288999, 25.0523009]
			},
			"properties": {
				"city": "台北市",
				"name": "7-11鑫生門市",
				"address": "104台北市中山區南京東路二段23號"
			}
		},
		{
			"type": "Feature",
			"geometry": {
				"type": "Point",
				"coordinates": [121.5525082, 25.1215194]
			},
			"properties": {
				"city": "台北市",
				"name": "7-11鑫仰德門市",
				"address": "111台北市士林區仰德大道三段68.70號"
			}
		},
		{
			"type": "Feature",
			"geometry": {
				"type": "Point",
				"coordinates": [121.5773073, 25.0446788]
			},
			"properties": {
				"city": "台北市",
				"name": "7-11鑫吉門市",
				"address": "110台北市信義區虎林街85號"
			}
		},
		{
			"type": "Feature",
			"geometry": {
				"type": "Point",
				"coordinates": [121.5369391, 25.0484123]
			},
			"properties": {
				"city": "台北市",
				"name": "7-11鑫安江門市",
				"address": "104台北市中山區長安東路二段178.178-1號1樓"
			}
		},
		{
			"type": "Feature",
			"geometry": {
				"type": "Point",
				"coordinates": [121.5788823, 25.0784363]
			},
			"properties": {
				"city": "台北市",
				"name": "7-11鑫江南門市",
				"address": "114台北市內湖區文德路6號1樓"
			}
		},
		{
			"type": "Feature",
			"geometry": {
				"type": "Point",
				"coordinates": [121.5269184, 25.0436513]
			},
			"properties": {
				"city": "台北市",
				"name": "7-11鑫杭門市",
				"address": "100台北市中正區杭州南路1段23號"
			}
		},
		{
			"type": "Feature",
			"geometry": {
				"type": "Point",
				"coordinates": [121.5315216, 25.0525985]
			},
			"properties": {
				"city": "台北市",
				"name": "7-11鑫東一門市",
				"address": "104台北市中山區一江街11.13號"
			}
		},
		{
			"type": "Feature",
			"geometry": {
				"type": "Point",
				"coordinates": [121.507193, 25.0448066]
			},
			"properties": {
				"city": "台北市",
				"name": "7-11鑫武昌門市",
				"address": "108台北市萬華區武昌街二段57號1樓"
			}
		},
		{
			"type": "Feature",
			"geometry": {
				"type": "Point",
				"coordinates": [121.5265727, 25.0494193]
			},
			"properties": {
				"city": "台北市",
				"name": "7-11鑫長安門市",
				"address": "104台北市中山區長安東路一段53巷1之3號"
			}
		},
		{
			"type": "Feature",
			"geometry": {
				"type": "Point",
				"coordinates": [121.5024208, 25.0216038]
			},
			"properties": {
				"city": "台北市",
				"name": "7-11鑫青天門市",
				"address": "108台北市萬華區青年路144號"
			}
		},
		{
			"type": "Feature",
			"geometry": {
				"type": "Point",
				"coordinates": [121.5137938, 25.0263615]
			},
			"properties": {
				"city": "台北市",
				"name": "7-11鑫泉州門市",
				"address": "100台北市中正區汀州路一段285號一樓"
			}
		},
		{
			"type": "Feature",
			"geometry": {
				"type": "Point",
				"coordinates": [121.5159062, 25.0298447]
			},
			"properties": {
				"city": "台北市",
				"name": "7-11鑫重寧門市",
				"address": "100台北市中正區寧波西街86號1樓"
			}
		},
		{
			"type": "Feature",
			"geometry": {
				"type": "Point",
				"coordinates": [121.5191117, 25.0292164]
			},
			"properties": {
				"city": "台北市",
				"name": "7-11鑫國語門市",
				"address": "100台北市中正區福州街11-3.11-4號"
			}
		},
		{
			"type": "Feature",
			"geometry": {
				"type": "Point",
				"coordinates": [121.5809655, 25.0827648]
			},
			"properties": {
				"city": "台北市",
				"name": "7-11鑫湖門市",
				"address": "114台北市內湖區內湖路二段103巷64號"
			}
		},
		{
			"type": "Feature",
			"geometry": {
				"type": "Point",
				"coordinates": [121.5140338, 25.0427514]
			},
			"properties": {
				"city": "台北市",
				"name": "7-11鑫華福門市",
				"address": "100台北市中正區懷寧街30.32號1樓"
			}
		},
		{
			"type": "Feature",
			"geometry": {
				"type": "Point",
				"coordinates": [121.6084634, 25.0723071]
			},
			"properties": {
				"city": "台北市",
				"name": "7-11鑫碁泰門市",
				"address": "114台北市內湖區康寧路三段63.65.67號"
			}
		},
		{
			"type": "Feature",
			"geometry": {
				"type": "Point",
				"coordinates": [121.5605703, 25.0568644]
			},
			"properties": {
				"city": "台北市",
				"name": "7-11鑫壽門市",
				"address": "105台北市松山區延壽街323號"
			}
		},
		{
			"type": "Feature",
			"geometry": {
				"type": "Point",
				"coordinates": [121.5158055, 25.0570388]
			},
			"properties": {
				"city": "台北市",
				"name": "7-11鑫寧門市",
				"address": "103台北市大同區民生西路214.216號1樓"
			}
		},
		{
			"type": "Feature",
			"geometry": {
				"type": "Point",
				"coordinates": [121.5259895, 25.0667553]
			},
			"properties": {
				"city": "台北市",
				"name": "7-11鑫德惠門市",
				"address": "104台北市中山區德惠街15號1樓"
			}
		},
		{
			"type": "Feature",
			"geometry": {
				"type": "Point",
				"coordinates": [121.5048778, 25.0451125]
			},
			"properties": {
				"city": "台北市",
				"name": "7-11鑫樂昇門市",
				"address": "108台北市萬華區武昌街二段114之3號"
			}
		},
		{
			"type": "Feature",
			"geometry": {
				"type": "Point",
				"coordinates": [121.6171412, 25.0698693]
			},
			"properties": {
				"city": "台北市",
				"name": "7-11鑫輝煌門市",
				"address": "114台北市內湖區東湖路119巷49弄2號1樓"
			}
		},
		{
			"type": "Feature",
			"geometry": {
				"type": "Point",
				"coordinates": [121.513777, 25.0422079]
			},
			"properties": {
				"city": "台北市",
				"name": "7-11鑫衡陽門市",
				"address": "100台北市中正區衡陽路6號1樓"
			}
		},
		{
			"type": "Feature",
			"geometry": {
				"type": "Point",
				"coordinates": [121.5350089, 25.0603853]
			},
			"properties": {
				"city": "台北市",
				"name": "7-11鑫錦州門市",
				"address": "104台北市中山區錦州街263號"
			}
		},
		{
			"type": "Feature",
			"geometry": {
				"type": "Point",
				"coordinates": [121.5332105, 25.0583949]
			},
			"properties": {
				"city": "台北市",
				"name": "7-11鑫櫃門市",
				"address": "104台北市中山區松江路183.183-1號1樓"
			}
		},
		{
			"type": "Feature",
			"geometry": {
				"type": "Point",
				"coordinates": [121.4933506, 25.0274705]
			},
			"properties": {
				"city": "台北市",
				"name": "7-11鑫寶門市",
				"address": "108台北市萬華區寶興街41號1樓"
			}
		},
		{
			"type": "Feature",
			"geometry": {
				"type": "Point",
				"coordinates": [121.518607, 25.0460841]
			},
			"properties": {
				"city": "台北市",
				"name": "7-11鑫鑫運門市",
				"address": "100台北市中正區忠孝西路一段49號B1"
			}
		},
		{
			"type": "Feature",
			"geometry": {
				"type": "Point",
				"coordinates": [121.5139534, 25.0678715]
			},
			"properties": {
				"city": "台北市",
				"name": "大同綜合訊電股份有限公司-大同3C_仁愛服務站",
				"address": "103台北市大同區重慶北路三段133號"
			}
		},
		{
			"type": "Feature",
			"geometry": {
				"type": "Point",
				"coordinates": [121.5225555, 25.0642658]
			},
			"properties": {
				"city": "台北市",
				"name": "大同綜合訊電股份有限公司-大同3C_台北中山門市",
				"address": "104臺北市中山區台北市中山北路三段13號"
			}
		},
		{
			"type": "Feature",
			"geometry": {
				"type": "Point",
				"coordinates": [121.4989796, 25.1352565]
			},
			"properties": {
				"city": "台北市",
				"name": "大同綜合訊電股份有限公司-大同3C_台北中央北門市",
				"address": "112台北市北投區中央北路一段134號"
			}
		},
		{
			"type": "Feature",
			"geometry": {
				"type": "Point",
				"coordinates": [121.5900436, 25.0820036]
			},
			"properties": {
				"city": "台北市",
				"name": "大同綜合訊電股份有限公司-大同3C_台北內湖門市",
				"address": "114台北市內湖區內湖路二段259號"
			}
		},
		{
			"type": "Feature",
			"geometry": {
				"type": "Point",
				"coordinates": [121.5243831, 25.0963595]
			},
			"properties": {
				"city": "台北市",
				"name": "大同綜合訊電股份有限公司-大同3C_台北文林門市",
				"address": "111臺北市士林區文林路488號"
			}
		},
		{
			"type": "Feature",
			"geometry": {
				"type": "Point",
				"coordinates": [121.5592176, 24.9815296]
			},
			"properties": {
				"city": "台北市",
				"name": "大同綜合訊電股份有限公司-大同3C_台北木新門市",
				"address": "116台北市文山區木新路三段228號"
			}
		},
		{
			"type": "Feature",
			"geometry": {
				"type": "Point",
				"coordinates": [121.5433397, 25.062543]
			},
			"properties": {
				"city": "台北市",
				"name": "大同綜合訊電股份有限公司-大同3C_台北民權門市",
				"address": "104台北市中山區民權東路三段65號"
			}
		},
		{
			"type": "Feature",
			"geometry": {
				"type": "Point",
				"coordinates": [121.5128979, 25.1141739]
			},
			"properties": {
				"city": "台北市",
				"name": "大同綜合訊電股份有限公司-大同3C_台北石牌門市",
				"address": "112臺北市北投區台北市石牌路一段144號"
			}
		},
		{
			"type": "Feature",
			"geometry": {
				"type": "Point",
				"coordinates": [121.5823666, 25.0443505]
			},
			"properties": {
				"city": "台北市",
				"name": "大同綜合訊電股份有限公司-大同3C_台北忠孝門市",
				"address": "台北市忠孝東路五段974號"
			}
		},
		{
			"type": "Feature",
			"geometry": {
				"type": "Point",
				"coordinates": [121.5105429, 25.0819965]
			},
			"properties": {
				"city": "台北市",
				"name": "大同綜合訊電股份有限公司-大同3C_台北社子門市",
				"address": "111台北市大同區延平北路五段130、132號"
			}
		},
		{
			"type": "Feature",
			"geometry": {
				"type": "Point",
				"coordinates": [121.5655425, 25.0515965]
			},
			"properties": {
				"city": "台北市",
				"name": "大同綜合訊電股份有限公司-大同3C_台北南京東門市",
				"address": "105台北市松山區南京東路五段267號"
			}
		},
		{
			"type": "Feature",
			"geometry": {
				"type": "Point",
				"coordinates": [121.5134171, 25.0596157]
			},
			"properties": {
				"city": "台北市",
				"name": "大同綜合訊電股份有限公司-大同3C_台北重慶北門市",
				"address": "103台北市大同區重慶北路二段174-2、3號"
			}
		},
		{
			"type": "Feature",
			"geometry": {
				"type": "Point",
				"coordinates": [121.565312, 25.027429]
			},
			"properties": {
				"city": "台北市",
				"name": "大同綜合訊電股份有限公司-大同3C_台北莊敬門市",
				"address": "110台北市莊敬路386、388號"
			}
		},
		{
			"type": "Feature",
			"geometry": {
				"type": "Point",
				"coordinates": [121.5436905, 25.0523669]
			},
			"properties": {
				"city": "台北市",
				"name": "大同綜合訊電股份有限公司-大同3C_台北復北二門市",
				"address": "105台北市松山區南京東路三段225號"
			}
		},
		{
			"type": "Feature",
			"geometry": {
				"type": "Point",
				"coordinates": [121.5437895, 25.0398695]
			},
			"properties": {
				"city": "台北市",
				"name": "大同綜合訊電股份有限公司-大同3C_台北復南門市",
				"address": "106台北市大安區復興南路ㄧ段154~162號"
			}
		},
		{
			"type": "Feature",
			"geometry": {
				"type": "Point",
				"coordinates": [121.5014691, 25.0357171]
			},
			"properties": {
				"city": "台北市",
				"name": "大同綜合訊電股份有限公司-大同3C_台北萬華門市",
				"address": "108臺北市萬華區康定路215號"
			}
		},
		{
			"type": "Feature",
			"geometry": {
				"type": "Point",
				"coordinates": [121.5585879, 25.0586837]
			},
			"properties": {
				"city": "台北市",
				"name": "大同綜合訊電股份有限公司-大同3C_民生東門市",
				"address": "105台北市松山區民生東路五段75號"
			}
		},
		{
			"type": "Feature",
			"geometry": {
				"type": "Point",
				"coordinates": [121.5940773, 25.0935968]
			},
			"properties": {
				"city": "台北市",
				"name": "大潤發流通事業股份有限公司內湖分公司",
				"address": "114臺北市內湖區"
			}
		},
		{
			"type": "Feature",
			"geometry": {
				"type": "Point",
				"coordinates": [121.5757088, 25.0623069]
			},
			"properties": {
				"city": "台北市",
				"name": "大潤發流通事業股份有限公司南湖分公司",
				"address": "114臺北市內湖區舊宗路一段188號"
			}
		},
		{
			"type": "Feature",
			"geometry": {
				"type": "Point",
				"coordinates": [121.5237108, 25.080923]
			},
			"properties": {
				"city": "台北市",
				"name": "中華電信股份有限公司（股）台北營運處士林服務中心",
				"address": "111臺北市基河路10號"
			}
		},
		{
			"type": "Feature",
			"geometry": {
				"type": "Point",
				"coordinates": [121.5268744, 25.0890768]
			},
			"properties": {
				"city": "台北市",
				"name": "中華電信股份有限公司台北營運處士林夜市服務中心",
				"address": "111臺北市士林區文林路158號"
			}
		},
		{
			"type": "Feature",
			"geometry": {
				"type": "Point",
				"coordinates": [121.5463627, 25.0336129]
			},
			"properties": {
				"city": "台北市",
				"name": "中華電信股份有限公司台北營運處大安服務中心",
				"address": "106臺北市信義路四段89之1號"
			}
		},
		{
			"type": "Feature",
			"geometry": {
				"type": "Point",
				"coordinates": [121.5493995, 25.083693]
			},
			"properties": {
				"city": "台北市",
				"name": "中華電信股份有限公司台北營運處大直服務中心",
				"address": "104臺北市中山區北安路662號1樓"
			}
		},
		{
			"type": "Feature",
			"geometry": {
				"type": "Point",
				"coordinates": [121.512656, 25.057108]
			},
			"properties": {
				"city": "台北市",
				"name": "中華電信股份有限公司台北營運處大稻埕服務中心",
				"address": "103臺北市大同區民生西路305號"
			}
		},
		{
			"type": "Feature",
			"geometry": {
				"type": "Point",
				"coordinates": [121.5187206, 25.0713012]
			},
			"properties": {
				"city": "台北市",
				"name": "中華電信股份有限公司台北營運處大龍峒服務中心",
				"address": "103臺北市承德路三段249號"
			}
		},
		{
			"type": "Feature",
			"geometry": {
				"type": "Point",
				"coordinates": [121.580337, 25.0455859]
			},
			"properties": {
				"city": "台北市",
				"name": "中華電信股份有限公司台北營運處五分埔服務中心",
				"address": "110臺北市信義區永吉路525號"
			}
		},
		{
			"type": "Feature",
			"geometry": {
				"type": "Point",
				"coordinates": [121.5898672, 25.0793385]
			},
			"properties": {
				"city": "台北市",
				"name": "中華電信股份有限公司台北營運處內湖成功服務中心",
				"address": "114臺北市內湖區成功路三段135 號"
			}
		},
		{
			"type": "Feature",
			"geometry": {
				"type": "Point",
				"coordinates": [121.5675175, 24.9887915]
			},
			"properties": {
				"city": "台北市",
				"name": "中華電信股份有限公司台北營運處木柵服務中心",
				"address": "116臺北市木柵路三段79號"
			}
		},
		{
			"type": "Feature",
			"geometry": {
				"type": "Point",
				"coordinates": [121.500792, 25.1400883]
			},
			"properties": {
				"city": "台北市",
				"name": "中華電信股份有限公司台北營運處北投中和服務中心",
				"address": "112臺北市北投區中和街260號"
			}
		},
		{
			"type": "Feature",
			"geometry": {
				"type": "Point",
				"coordinates": [121.5031451, 25.1355584]
			},
			"properties": {
				"city": "台北市",
				"name": "中華電信股份有限公司台北營運處北投服務中心",
				"address": "112臺北市北投區光明路176號"
			}
		},
		{
			"type": "Feature",
			"geometry": {
				"type": "Point",
				"coordinates": [121.5645389, 25.033976]
			},
			"properties": {
				"city": "台北市",
				"name": "中華電信股份有限公司台北營運處台北101服務中心",
				"address": "110臺北市信義區信義路五段7號35樓C室"
			}
		},
		{
			"type": "Feature",
			"geometry": {
				"type": "Point",
				"coordinates": [121.5313973, 25.0454246]
			},
			"properties": {
				"city": "台北市",
				"name": "中華電信股份有限公司台北營運處台北三創服務中心",
				"address": "100臺北市中正區市民大道三段2號"
			}
		},
		{
			"type": "Feature",
			"geometry": {
				"type": "Point",
				"coordinates": [121.5170536, 25.0452843]
			},
			"properties": {
				"city": "台北市",
				"name": "中華電信股份有限公司台北營運處台北公園服務中心",
				"address": "100臺北市中正區公園路18號"
			}
		},
		{
			"type": "Feature",
			"geometry": {
				"type": "Point",
				"coordinates": [121.5345354, 25.0142305]
			},
			"properties": {
				"city": "台北市",
				"name": "中華電信股份有限公司台北營運處台北公館服務中心",
				"address": "100臺北市中正區羅斯福路四段76號"
			}
		},
		{
			"type": "Feature",
			"geometry": {
				"type": "Point",
				"coordinates": [121.5600474, 24.9816783]
			},
			"properties": {
				"city": "台北市",
				"name": "中華電信股份有限公司台北營運處台北木新服務中心",
				"address": "116臺北市文山區木新路三段200號"
			}
		},
		{
			"type": "Feature",
			"geometry": {
				"type": "Point",
				"coordinates": [121.536532, 25.0606209]
			},
			"properties": {
				"city": "台北市",
				"name": "中華電信股份有限公司台北營運處台北北區服務中心",
				"address": "104臺北市中山區松江里建國北路2段216號1樓"
			}
		},
		{
			"type": "Feature",
			"geometry": {
				"type": "Point",
				"coordinates": [121.5647611, 25.0586655]
			},
			"properties": {
				"city": "台北市",
				"name": "中華電信股份有限公司台北營運處台北民生服務中心",
				"address": "105臺北市松山區民生東路五段206號"
			}
		},
		{
			"type": "Feature",
			"geometry": {
				"type": "Point",
				"coordinates": [121.5578016, 25.0373331]
			},
			"properties": {
				"city": "台北市",
				"name": "中華電信股份有限公司台北營運處台北光復服務中心",
				"address": "110台北市信義區仁愛路四段420-1號"
			}
		},
		{
			"type": "Feature",
			"geometry": {
				"type": "Point",
				"coordinates": [121.540004, 25.041449]
			},
			"properties": {
				"city": "台北市",
				"name": "中華電信股份有限公司台北營運處台北忠孝服務中心",
				"address": "106臺北市大安區義村里忠孝東路3段214號1樓"
			}
		},
		{
			"type": "Feature",
			"geometry": {
				"type": "Point",
				"coordinates": [121.5262653, 25.032025]
			},
			"properties": {
				"city": "台北市",
				"name": "中華電信股份有限公司台北營運處台北東門服務中心",
				"address": "106臺北市大安區愛國東路35-1號"
			}
		},
		{
			"type": "Feature",
			"geometry": {
				"type": "Point",
				"coordinates": [121.568058, 25.0336064]
			},
			"properties": {
				"city": "台北市",
				"name": "中華電信股份有限公司台北營運處台北東區服務中心",
				"address": "110臺北市信義區松仁路130號"
			}
		},
		{
			"type": "Feature",
			"geometry": {
				"type": "Point",
				"coordinates": [121.6134639, 25.0689571]
			},
			"properties": {
				"city": "台北市",
				"name": "中華電信股份有限公司台北營運處台北東湖服務中心",
				"address": "114臺北市內湖區東湖路33巷1號"
			}
		},
		{
			"type": "Feature",
			"geometry": {
				"type": "Point",
				"coordinates": [121.5331874, 25.0493064]
			},
			"properties": {
				"city": "台北市",
				"name": "中華電信股份有限公司台北營運處台北松江服務中心",
				"address": "104臺北市中山區朱園里松江路67之1號1樓　"
			}
		},
		{
			"type": "Feature",
			"geometry": {
				"type": "Point",
				"coordinates": [121.5238222, 25.038157]
			},
			"properties": {
				"city": "台北市",
				"name": "中華電信股份有限公司台北營運處台北南區服務中心",
				"address": "100臺北市仁愛路一段42號"
			}
		},
		{
			"type": "Feature",
			"geometry": {
				"type": "Point",
				"coordinates": [121.5229827, 25.027241]
			},
			"properties": {
				"city": "台北市",
				"name": "中華電信股份有限公司台北營運處台北師大服務中心",
				"address": "106臺北市大安區和平東路1段182之2號"
			}
		},
		{
			"type": "Feature",
			"geometry": {
				"type": "Point",
				"coordinates": [121.5535944, 25.0274369]
			},
			"properties": {
				"city": "台北市",
				"name": "中華電信股份有限公司台北營運處台北通化服務中心",
				"address": "106臺北市大安區通化街177號"
			}
		},
		{
			"type": "Feature",
			"geometry": {
				"type": "Point",
				"coordinates": [121.5103472, 25.0391783]
			},
			"properties": {
				"city": "台北市",
				"name": "中華電信股份有限公司台北營運處台北博愛服務中心",
				"address": "100臺北市博愛路168號"
			}
		},
		{
			"type": "Feature",
			"geometry": {
				"type": "Point",
				"coordinates": [121.555653, 25.0580788]
			},
			"properties": {
				"city": "台北市",
				"name": "中華電信股份有限公司台北營運處台北敦北服務中心",
				"address": "105臺北市松山區精忠里民生東路4段69號1樓"
			}
		},
		{
			"type": "Feature",
			"geometry": {
				"type": "Point",
				"coordinates": [121.5113044, 25.1137423]
			},
			"properties": {
				"city": "台北市",
				"name": "中華電信股份有限公司台北營運處石牌服務中心",
				"address": "112臺北市北投區石牌路一段73號"
			}
		},
		{
			"type": "Feature",
			"geometry": {
				"type": "Point",
				"coordinates": [121.5197601, 25.0433482]
			},
			"properties": {
				"city": "台北市",
				"name": "中華電信股份有限公司台北營運處立法院服務中心",
				"address": "100臺北市濟南路一段1號2樓"
			}
		},
		{
			"type": "Feature",
			"geometry": {
				"type": "Point",
				"coordinates": [121.504817, 25.0433998]
			},
			"properties": {
				"city": "台北市",
				"name": "中華電信股份有限公司台北營運處西門町服務中心",
				"address": "108臺北市萬華區昆明街126號"
			}
		},
		{
			"type": "Feature",
			"geometry": {
				"type": "Point",
				"coordinates": [121.5499876, 25.0633817]
			},
			"properties": {
				"city": "台北市",
				"name": "中華電信股份有限公司台北營運處松山機場服務中心",
				"address": "105臺北市松山區敦化北路340之9號"
			}
		},
		{
			"type": "Feature",
			"geometry": {
				"type": "Point",
				"coordinates": [121.5098794, 25.0837901]
			},
			"properties": {
				"city": "台北市",
				"name": "中華電信股份有限公司台北營運處社子服務中心",
				"address": "111臺北市士林區延平北路五段211號"
			}
		},
		{
			"type": "Feature",
			"geometry": {
				"type": "Point",
				"coordinates": [121.5222003, 25.101553]
			},
			"properties": {
				"city": "台北市",
				"name": "中華電信股份有限公司台北營運處芝山服務中心",
				"address": "111臺北市士林區福國路95號2F"
			}
		},
		{
			"type": "Feature",
			"geometry": {
				"type": "Point",
				"coordinates": [121.5244425, 25.0552023]
			},
			"properties": {
				"city": "台北市",
				"name": "中華電信股份有限公司台北營運處長春服務中心",
				"address": "104臺北市中山區中山里長春路27號"
			}
		},
		{
			"type": "Feature",
			"geometry": {
				"type": "Point",
				"coordinates": [121.5614871, 25.0517414]
			},
			"properties": {
				"city": "台北市",
				"name": "中華電信股份有限公司台北營運處南京東服務中心",
				"address": "105臺北市松山區南京東路五段135號"
			}
		},
		{
			"type": "Feature",
			"geometry": {
				"type": "Point",
				"coordinates": [121.6071275, 25.0546137]
			},
			"properties": {
				"city": "台北市",
				"name": "中華電信股份有限公司台北營運處南港服務中心",
				"address": "115臺北市南港路一段356號"
			}
		},
		{
			"type": "Feature",
			"geometry": {
				"type": "Point",
				"coordinates": [121.5027192, 25.0274249]
			},
			"properties": {
				"city": "台北市",
				"name": "中華電信股份有限公司台北營運處南機場服務中心",
				"address": "108臺北市西藏路125巷20號"
			}
		},
		{
			"type": "Feature",
			"geometry": {
				"type": "Point",
				"coordinates": [121.6093039, 25.0725369]
			},
			"properties": {
				"city": "台北市",
				"name": "中華電信股份有限公司台北營運處康寧服務中心",
				"address": "114臺北市內湖區康寧路三段75巷22號"
			}
		},
		{
			"type": "Feature",
			"geometry": {
				"type": "Point",
				"coordinates": [121.5484107, 25.0437802]
			},
			"properties": {
				"city": "台北市",
				"name": "中華電信股份有限公司台北營運處頂好服務中心",
				"address": "106臺北市大安區光武里敦化南路1段158號1樓"
			}
		},
		{
			"type": "Feature",
			"geometry": {
				"type": "Point",
				"coordinates": [121.5480791, 25.0248315]
			},
			"properties": {
				"city": "台北市",
				"name": "中華電信股份有限公司台北營運處敦南服務中心",
				"address": "106臺北市敦化南路二段162號"
			}
		},
		{
			"type": "Feature",
			"geometry": {
				"type": "Point",
				"coordinates": [121.5410618, 24.9908783]
			},
			"properties": {
				"city": "台北市",
				"name": "中華電信股份有限公司台北營運處景文服務中心",
				"address": "116臺北市文山區景文街60號"
			}
		},
		{
			"type": "Feature",
			"geometry": {
				"type": "Point",
				"coordinates": [121.5423526, 24.9972672]
			},
			"properties": {
				"city": "台北市",
				"name": "中華電信股份有限公司台北營運處景美服務中心",
				"address": "116臺北市羅斯福路六段159巷19號"
			}
		},
		{
			"type": "Feature",
			"geometry": {
				"type": "Point",
				"coordinates": [121.5461629, 25.1512266]
			},
			"properties": {
				"city": "台北市",
				"name": "中華電信股份有限公司台北營運處陽明山服務中心",
				"address": "112臺北市北投區紗帽路139號"
			}
		},
		{
			"type": "Feature",
			"geometry": {
				"type": "Point",
				"coordinates": [121.5310249, 25.1088063]
			},
			"properties": {
				"city": "台北市",
				"name": "中華電信股份有限公司台北營運處德行東服務中心",
				"address": "111臺北市士林區德行東路177號"
			}
		},
		{
			"type": "Feature",
			"geometry": {
				"type": "Point",
				"coordinates": [121.5109404, 25.0654768]
			},
			"properties": {
				"city": "台北市",
				"name": "中華電信股份有限公司高雄營運處橋頭服務中心",
				"address": "103臺北市大同區延平北路三段68號"
			}
		},
		{
			"type": "Feature",
			"geometry": {
				"type": "Point",
				"coordinates": [121.575196, 25.0800142]
			},
			"properties": {
				"city": "台北市",
				"name": "中華電信股份有限司公司台北營運處內湖服務中心",
				"address": "114臺北市內湖區港墘里內湖路1段596號"
			}
		},
		{
			"type": "Feature",
			"geometry": {
				"type": "Point",
				"coordinates": [121.589911, 25.080055]
			},
			"properties": {
				"city": "台北市",
				"name": "內德傢俱生活館",
				"address": "114台北市內湖區成功路三段152號1樓"
			}
		},
		{
			"type": "Feature",
			"geometry": {
				"type": "Point",
				"coordinates": [121.5229719, 25.0267596]
			},
			"properties": {
				"city": "台北市",
				"name": "北都汽車股份有限公司-大安營業所",
				"address": "106台北市大安區和平東路2段128號"
			}
		},
		{
			"type": "Feature",
			"geometry": {
				"type": "Point",
				"coordinates": [121.575196, 25.0800142]
			},
			"properties": {
				"city": "台北市",
				"name": "北都汽車股份有限公司-內湖營業所",
				"address": "114台北市內湖區內湖路1段91巷34號"
			}
		},
		{
			"type": "Feature",
			"geometry": {
				"type": "Point",
				"coordinates": [121.5402161, 24.9983222]
			},
			"properties": {
				"city": "台北市",
				"name": "北都汽車股份有限公司-文山營業所",
				"address": "116台北市文山區羅斯福路6段88號1樓"
			}
		},
		{
			"type": "Feature",
			"geometry": {
				"type": "Point",
				"coordinates": [121.5942669, 25.0548959]
			},
			"properties": {
				"city": "台北市",
				"name": "北都汽車股份有限公司-南港營業所",
				"address": "115台北市南港區南港路2段312號2樓"
			}
		},
		{
			"type": "Feature",
			"geometry": {
				"type": "Point",
				"coordinates": [121.5493984, 25.048028]
			},
			"properties": {
				"city": "台北市",
				"name": "北都汽車股份有限公司-敦化營業所",
				"address": "105台北市松山區八德路3段2號1樓"
			}
		},
		{
			"type": "Feature",
			"geometry": {
				"type": "Point",
				"coordinates": [121.4999928, 25.0392644]
			},
			"properties": {
				"city": "台北市",
				"name": "北都汽車股份有限公司-雙園營業所",
				"address": "108台北市萬華區西園路2段159號161號　"
			}
		},
		{
			"type": "Feature",
			"geometry": {
				"type": "Point",
				"coordinates": [121.5245943, 25.105306]
			},
			"properties": {
				"city": "台北市",
				"name": "台象股份有限公司-象印SOGO天母據點",
				"address": "111臺北市士林區中山北路六段77號6樓"
			}
		},
		{
			"type": "Feature",
			"geometry": {
				"type": "Point",
				"coordinates": [121.5449392, 25.0417855]
			},
			"properties": {
				"city": "台北市",
				"name": "台象股份有限公司-象印SOGO忠孝據點",
				"address": "106臺北市大安區忠孝東路四段45號?8F"
			}
		},
		{
			"type": "Feature",
			"geometry": {
				"type": "Point",
				"coordinates": [121.5432417, 25.0408932]
			},
			"properties": {
				"city": "台北市",
				"name": "台象股份有限公司-象印SOGO復興據點",
				"address": "106臺北市大安區忠孝東路三段300號8F"
			}
		},
		{
			"type": "Feature",
			"geometry": {
				"type": "Point",
				"coordinates": [121.5315215, 25.1118264]
			},
			"properties": {
				"city": "台北市",
				"name": "台象股份有限公司-象印大葉高島屋據點",
				"address": "111臺北市士林區忠誠路二段55號12F"
			}
		},
		{
			"type": "Feature",
			"geometry": {
				"type": "Point",
				"coordinates": [121.5232939, 25.1091372]
			},
			"properties": {
				"city": "台北市",
				"name": "台象股份有限公司-象印天母服務中心",
				"address": "111臺北市士林區克強路30號1樓"
			}
		},
		{
			"type": "Feature",
			"geometry": {
				"type": "Point",
				"coordinates": [121.534111, 25.048312]
			},
			"properties": {
				"city": "台北市",
				"name": "台象股份有限公司-象印長安服務中心",
				"address": "104臺北市中山區長安東路二段80號1樓"
			}
		},
		{
			"type": "Feature",
			"geometry": {
				"type": "Point",
				"coordinates": [121.6125959, 25.061332]
			},
			"properties": {
				"city": "台北市",
				"name": "台象股份有限公司-象印南港服務中心",
				"address": "115臺北市南港區重陽路528號1樓"
			}
		},
		{
			"type": "Feature",
			"geometry": {
				"type": "Point",
				"coordinates": [121.5571648, 25.0833072]
			},
			"properties": {
				"city": "台北市",
				"name": "台象股份有限公司-象印美麗華據點",
				"address": "104臺北市中山區敬業三路20號3F"
			}
		},
		{
			"type": "Feature",
			"geometry": {
				"type": "Point",
				"coordinates": [121.5652968, 25.0406521]
			},
			"properties": {
				"city": "台北市",
				"name": "台象股份有限公司-象印統一時代台北據點",
				"address": "110臺北市信義區忠孝東路5段8號6F"
			}
		},
		{
			"type": "Feature",
			"geometry": {
				"type": "Point",
				"coordinates": [121.5666702, 25.0387489]
			},
			"properties": {
				"city": "台北市",
				"name": "台象股份有限公司-象印新光信義A8據點",
				"address": "108臺北市萬華區松高路12號7F"
			}
		},
		{
			"type": "Feature",
			"geometry": {
				"type": "Point",
				"coordinates": [121.5211214, 25.0523771]
			},
			"properties": {
				"city": "台北市",
				"name": "台象股份有限公司-象印新光南西據點",
				"address": "104臺北市中山區臺北市中山區南京西路12號7F"
			}
		},
		{
			"type": "Feature",
			"geometry": {
				"type": "Point",
				"coordinates": [121.5153112, 25.0459441]
			},
			"properties": {
				"city": "台北市",
				"name": "台象股份有限公司-象印新光站前據點",
				"address": "100臺北市中正區忠孝西路一段66號10F"
			}
		},
		{
			"type": "Feature",
			"geometry": {
				"type": "Point",
				"coordinates": [121.5090779, 25.0415964]
			},
			"properties": {
				"city": "台北市",
				"name": "台象股份有限公司-象印遠東寶慶據點",
				"address": "100臺北市中正區寶慶路32號8F"
			}
		},
		{
			"type": "Feature",
			"geometry": {
				"type": "Point",
				"coordinates": [121.5541264, 25.0552958]
			},
			"properties": {
				"city": "台北市",
				"name": "台灣歐德系統傢俱健安店",
				"address": "105臺北市松山區"
			}
		},
		{
			"type": "Feature",
			"geometry": {
				"type": "Point",
				"coordinates": [121.562324, 25.033259]
			},
			"properties": {
				"city": "台北市",
				"name": "全家便利商店股份有限公司１０１分公司",
				"address": "110臺北市信義區信義路五段７號３５樓"
			}
		},
		{
			"type": "Feature",
			"geometry": {
				"type": "Point",
				"coordinates": [121.556616, 24.9792896]
			},
			"properties": {
				"city": "台北市",
				"name": "全家便利商店股份有限公司-一壽店",
				"address": "116臺北市文山區一壽街４４巷１號"
			}
		},
		{
			"type": "Feature",
			"geometry": {
				"type": "Point",
				"coordinates": [121.5448299, 25.05159]
			},
			"properties": {
				"city": "台北市",
				"name": "全家便利商店股份有限公司-力晶店",
				"address": "105臺北市松山區南京東路三段２５８號"
			}
		},
		{
			"type": "Feature",
			"geometry": {
				"type": "Point",
				"coordinates": [121.5861291, 25.0687168]
			},
			"properties": {
				"city": "台北市",
				"name": "全家便利商店股份有限公司-三民店",
				"address": "114臺北市內湖區民權東路六段９０巷１號"
			}
		},
		{
			"type": "Feature",
			"geometry": {
				"type": "Point",
				"coordinates": [121.5594999, 25.0317358]
			},
			"properties": {
				"city": "台北市",
				"name": "全家便利商店股份有限公司-三興店",
				"address": "110臺北市信義區吳興街７號"
			}
		},
		{
			"type": "Feature",
			"geometry": {
				"type": "Point",
				"coordinates": [121.5271204, 25.0976484]
			},
			"properties": {
				"city": "台北市",
				"name": "全家便利商店股份有限公司-士林店",
				"address": "111臺北市士林區中山北路５段６９７號"
			}
		},
		{
			"type": "Feature",
			"geometry": {
				"type": "Point",
				"coordinates": [121.5288786, 25.1119839]
			},
			"properties": {
				"city": "台北市",
				"name": "全家便利商店股份有限公司-士誠店",
				"address": "111臺北市士林區士東路８６號"
			}
		},
		{
			"type": "Feature",
			"geometry": {
				"type": "Point",
				"coordinates": [121.562632, 25.0497322]
			},
			"properties": {
				"city": "台北市",
				"name": "全家便利商店股份有限公司-大吉店",
				"address": "105臺北市松山區八德路四段２４５巷３２弄６７號"
			}
		},
		{
			"type": "Feature",
			"geometry": {
				"type": "Point",
				"coordinates": [121.4972302, 25.1321269]
			},
			"properties": {
				"city": "台北市",
				"name": "全家便利商店股份有限公司-大同店",
				"address": "112臺北市北投區大業路４５２巷３１號"
			}
		},
		{
			"type": "Feature",
			"geometry": {
				"type": "Point",
				"coordinates": [121.546077, 25.0440817]
			},
			"properties": {
				"city": "台北市",
				"name": "全家便利商店股份有限公司-大安店",
				"address": "106臺北市大安區大安路一段２０號"
			}
		},
		{
			"type": "Feature",
			"geometry": {
				"type": "Point",
				"coordinates": [121.521369, 25.0326463]
			},
			"properties": {
				"city": "台北市",
				"name": "全家便利商店股份有限公司-大孝店",
				"address": "100臺北市中正區愛國東路１１２號１樓．２樓"
			}
		},
		{
			"type": "Feature",
			"geometry": {
				"type": "Point",
				"coordinates": [121.5465692, 25.0821641]
			},
			"properties": {
				"city": "台北市",
				"name": "全家便利商店股份有限公司-大直店",
				"address": "104臺北市中山區大直街３３巷１號"
			}
		},
		{
			"type": "Feature",
			"geometry": {
				"type": "Point",
				"coordinates": [121.5249249, 25.0894211]
			},
			"properties": {
				"city": "台北市",
				"name": "全家便利商店股份有限公司-大南店",
				"address": "111臺北市士林區大南路５２號"
			}
		},
		{
			"type": "Feature",
			"geometry": {
				"type": "Point",
				"coordinates": [121.559984, 25.0498209]
			},
			"properties": {
				"city": "台北市",
				"name": "全家便利商店股份有限公司-大理店",
				"address": "105臺北市松山區光復北路１１巷５０號１樓"
			}
		},
		{
			"type": "Feature",
			"geometry": {
				"type": "Point",
				"coordinates": [121.560335, 25.0508098]
			},
			"properties": {
				"city": "台北市",
				"name": "全家便利商店股份有限公司-大盛店",
				"address": "105臺北市松山區南京東路五段６６巷２弄１之１號１樓"
			}
		},
		{
			"type": "Feature",
			"geometry": {
				"type": "Point",
				"coordinates": [121.5349397, 25.0507233]
			},
			"properties": {
				"city": "台北市",
				"name": "全家便利商店股份有限公司-大通店",
				"address": "104臺北市中山區伊通街３９號１樓"
			}
		},
		{
			"type": "Feature",
			"geometry": {
				"type": "Point",
				"coordinates": [121.5215466, 25.0848517]
			},
			"properties": {
				"city": "台北市",
				"name": "全家便利商店股份有限公司-大港店",
				"address": "111臺北市士林區前港街３９號"
			}
		},
		{
			"type": "Feature",
			"geometry": {
				"type": "Point",
				"coordinates": [121.498425, 25.1298624]
			},
			"properties": {
				"city": "台北市",
				"name": "全家便利商店股份有限公司-大業店",
				"address": "112臺北市北投區大興街２２號"
			}
		},
		{
			"type": "Feature",
			"geometry": {
				"type": "Point",
				"coordinates": [121.5826065, 25.0407643]
			},
			"properties": {
				"city": "台北市",
				"name": "全家便利商店股份有限公司-大道店",
				"address": "110臺北市信義區大道路７９號１樓"
			}
		},
		{
			"type": "Feature",
			"geometry": {
				"type": "Point",
				"coordinates": [121.5161068, 25.0673828]
			},
			"properties": {
				"city": "台北市",
				"name": "全家便利商店股份有限公司-大龍店",
				"address": "103臺北市大同區大龍街１３３號１樓"
			}
		},
		{
			"type": "Feature",
			"geometry": {
				"type": "Point",
				"coordinates": [121.6118825, 25.0584861]
			},
			"properties": {
				"city": "台北市",
				"name": "全家便利商店股份有限公司-工業二店",
				"address": "115臺北市南港區園區街３號２樓之７"
			}
		},
		{
			"type": "Feature",
			"geometry": {
				"type": "Point",
				"coordinates": [121.6147851, 25.0574718]
			},
			"properties": {
				"city": "台北市",
				"name": "全家便利商店股份有限公司-工業三店",
				"address": "115臺北市南港區三重路６６之２號１樓"
			}
		},
		{
			"type": "Feature",
			"geometry": {
				"type": "Point",
				"coordinates": [121.6130682, 25.0576226]
			},
			"properties": {
				"city": "台北市",
				"name": "全家便利商店股份有限公司-工業店",
				"address": "115臺北市南港區三重路１９之４號"
			}
		},
		{
			"type": "Feature",
			"geometry": {
				"type": "Point",
				"coordinates": [121.5519991, 25.0581563]
			},
			"properties": {
				"city": "台北市",
				"name": "全家便利商店股份有限公司-中央店",
				"address": "105臺北市松山區民生東路四段９５號"
			}
		},
		{
			"type": "Feature",
			"geometry": {
				"type": "Point",
				"coordinates": [121.5009095, 25.1399618]
			},
			"properties": {
				"city": "台北市",
				"name": "全家便利商店股份有限公司-中永店",
				"address": "112臺北市北投區開明里中和街２５２號一樓"
			}
		},
		{
			"type": "Feature",
			"geometry": {
				"type": "Point",
				"coordinates": [121.4951623, 25.1451252]
			},
			"properties": {
				"city": "台北市",
				"name": "全家便利商店股份有限公司-中和店",
				"address": "112臺北市北投區中和街４９１號１Ｆ"
			}
		},
		{
			"type": "Feature",
			"geometry": {
				"type": "Point",
				"coordinates": [121.5525599, 25.0462579]
			},
			"properties": {
				"city": "台北市",
				"name": "全家便利商店股份有限公司-中崙店",
				"address": "105臺北市松山區八德路三段７４巷４３號"
			}
		},
		{
			"type": "Feature",
			"geometry": {
				"type": "Point",
				"coordinates": [121.6014644, 25.0562014]
			},
			"properties": {
				"city": "台北市",
				"name": "全家便利商店股份有限公司-中視店",
				"address": "115臺北市南港區興南街３９號１樓"
			}
		},
		{
			"type": "Feature",
			"geometry": {
				"type": "Point",
				"coordinates": [121.5229653, 25.055981]
			},
			"properties": {
				"city": "台北市",
				"name": "全家便利商店股份有限公司-中賓店",
				"address": "104臺北市中山區中山里中山北路二段５９之３號１樓"
			}
		},
		{
			"type": "Feature",
			"geometry": {
				"type": "Point",
				"coordinates": [121.5406666, 25.0562798]
			},
			"properties": {
				"city": "台北市",
				"name": "全家便利商店股份有限公司-中興店",
				"address": "104臺北市中山區龍江路２０１號１Ｆ"
			}
		},
		{
			"type": "Feature",
			"geometry": {
				"type": "Point",
				"coordinates": [121.5397161, 25.0654838]
			},
			"properties": {
				"city": "台北市",
				"name": "全家便利商店股份有限公司-五常店",
				"address": "104臺北市中山區五常街５３巷２３號１號"
			}
		},
		{
			"type": "Feature",
			"geometry": {
				"type": "Point",
				"coordinates": [121.5470274, 25.0371086]
			},
			"properties": {
				"city": "台北市",
				"name": "全家便利商店股份有限公司-仁慈店",
				"address": "106臺北市大安區仁愛路四段４８巷６號"
			}
		},
		{
			"type": "Feature",
			"geometry": {
				"type": "Point",
				"coordinates": [121.591802, 25.0684406]
			},
			"properties": {
				"city": "台北市",
				"name": "全家便利商店股份有限公司-內華店",
				"address": "114臺北市內湖區民權東路六段１６２號"
			}
		},
		{
			"type": "Feature",
			"geometry": {
				"type": "Point",
				"coordinates": [121.5575853, 25.0198567]
			},
			"properties": {
				"city": "台北市",
				"name": "全家便利商店股份有限公司-六張黎店",
				"address": "110臺北市信義區和平東路三段３８７號"
			}
		},
		{
			"type": "Feature",
			"geometry": {
				"type": "Point",
				"coordinates": [121.5040012, 25.0255283]
			},
			"properties": {
				"city": "台北市",
				"name": "全家便利商店股份有限公司-公園店",
				"address": "108臺北市萬華區青年路４８號"
			}
		},
		{
			"type": "Feature",
			"geometry": {
				"type": "Point",
				"coordinates": [121.534456, 25.0136495]
			},
			"properties": {
				"city": "台北市",
				"name": "全家便利商店股份有限公司-公館店",
				"address": "100臺北市中正區汀州路三段２５１號"
			}
		},
		{
			"type": "Feature",
			"geometry": {
				"type": "Point",
				"coordinates": [121.5195316, 25.0970573]
			},
			"properties": {
				"city": "台北市",
				"name": "全家便利商店股份有限公司-天文店",
				"address": "111臺北市士林區美崙街１１８號"
			}
		},
		{
			"type": "Feature",
			"geometry": {
				"type": "Point",
				"coordinates": [121.5291356, 25.1201717]
			},
			"properties": {
				"city": "台北市",
				"name": "全家便利商店股份有限公司-天玉店",
				"address": "111臺北市士林區天玉街３８巷１１之３號１樓"
			}
		},
		{
			"type": "Feature",
			"geometry": {
				"type": "Point",
				"coordinates": [121.5326821, 25.1179057]
			},
			"properties": {
				"city": "台北市",
				"name": "全家便利商店股份有限公司-天成店",
				"address": "111臺北市士林區天福里天母東路３６號之５，之６"
			}
		},
		{
			"type": "Feature",
			"geometry": {
				"type": "Point",
				"coordinates": [121.5355171, 25.1182695]
			},
			"properties": {
				"city": "台北市",
				"name": "全家便利商店股份有限公司-天和店",
				"address": "111臺北市士林區天母東路８３號"
			}
		},
		{
			"type": "Feature",
			"geometry": {
				"type": "Point",
				"coordinates": [121.5157275, 25.0517999]
			},
			"properties": {
				"city": "台北市",
				"name": "全家便利商店股份有限公司-太原店",
				"address": "103臺北市大同區太原路８１號１樓"
			}
		},
		{
			"type": "Feature",
			"geometry": {
				"type": "Point",
				"coordinates": [121.5490945, 25.1371454]
			},
			"properties": {
				"city": "台北市",
				"name": "全家便利商店股份有限公司-文大店",
				"address": "111臺北市士林區華崗路５５號"
			}
		},
		{
			"type": "Feature",
			"geometry": {
				"type": "Point",
				"coordinates": [121.4951654, 25.1368134]
			},
			"properties": {
				"city": "台北市",
				"name": "全家便利商店股份有限公司-文化店",
				"address": "112臺北市北投區中央北路二段９７號１樓"
			}
		},
		{
			"type": "Feature",
			"geometry": {
				"type": "Point",
				"coordinates": [121.5325351, 25.0150586]
			},
			"properties": {
				"city": "台北市",
				"name": "全家便利商店股份有限公司-文盛店",
				"address": "100臺北市中正區汀州路三段１７３號"
			}
		},
		{
			"type": "Feature",
			"geometry": {
				"type": "Point",
				"coordinates": [121.5246559, 25.0359278]
			},
			"properties": {
				"city": "台北市",
				"name": "全家便利商店股份有限公司-文祥店",
				"address": "100臺北市中正區杭州南路一段１４７號"
			}
		},
		{
			"type": "Feature",
			"geometry": {
				"type": "Point",
				"coordinates": [121.56268, 25.0868311]
			},
			"properties": {
				"city": "台北市",
				"name": "全家便利商店股份有限公司-文湖店",
				"address": "114臺北市內湖區文湖街５９號"
			}
		},
		{
			"type": "Feature",
			"geometry": {
				"type": "Point",
				"coordinates": [121.5231169, 25.0501123]
			},
			"properties": {
				"city": "台北市",
				"name": "全家便利商店股份有限公司-日津店",
				"address": "104臺北市中山區正義里天津街４７號１樓及地下室"
			}
		},
		{
			"type": "Feature",
			"geometry": {
				"type": "Point",
				"coordinates": [121.5023553, 25.0211159]
			},
			"properties": {
				"city": "台北市",
				"name": "全家便利商店股份有限公司-日祥店",
				"address": "108臺北市萬華區青年路１５４號、１６８巷２弄１４號１樓"
			}
		},
		{
			"type": "Feature",
			"geometry": {
				"type": "Point",
				"coordinates": [121.5181211, 25.0580669]
			},
			"properties": {
				"city": "台北市",
				"name": "全家便利商店股份有限公司-日新店",
				"address": "103臺北市大同區承德路二段３９＆４１號１樓"
			}
		},
		{
			"type": "Feature",
			"geometry": {
				"type": "Point",
				"coordinates": [121.568612, 24.988804]
			},
			"properties": {
				"city": "台北市",
				"name": "全家便利商店股份有限公司-木柵路店",
				"address": "116臺北市文山區木柵路三段１４８號１５０號"
			}
		},
		{
			"type": "Feature",
			"geometry": {
				"type": "Point",
				"coordinates": [121.5595052, 24.9814114]
			},
			"properties": {
				"city": "台北市",
				"name": "全家便利商店股份有限公司-木新店",
				"address": "116臺北市文山區木新路３段３３３．３３５號"
			}
		},
		{
			"type": "Feature",
			"geometry": {
				"type": "Point",
				"coordinates": [121.5682525, 24.9889175]
			},
			"properties": {
				"city": "台北市",
				"name": "全家便利商店股份有限公司-木興店",
				"address": "116臺北市文山區木柵路２段５２號"
			}
		},
		{
			"type": "Feature",
			"geometry": {
				"type": "Point",
				"coordinates": [121.5352162, 25.012832]
			},
			"properties": {
				"city": "台北市",
				"name": "全家便利商店股份有限公司-水源店",
				"address": "100臺北市中正區汀州路三段２６１號"
			}
		},
		{
			"type": "Feature",
			"geometry": {
				"type": "Point",
				"coordinates": [121.5478771, 24.9982148]
			},
			"properties": {
				"city": "台北市",
				"name": "全家便利商店股份有限公司-仙岩店",
				"address": "116臺北市文山區仙岩路２號"
			}
		},
		{
			"type": "Feature",
			"geometry": {
				"type": "Point",
				"coordinates": [121.5424885, 25.060085]
			},
			"properties": {
				"city": "台北市",
				"name": "全家便利商店股份有限公司-北大店",
				"address": "104臺北市中山區錦州街４２８號"
			}
		},
		{
			"type": "Feature",
			"geometry": {
				"type": "Point",
				"coordinates": [121.5043178, 25.1362387]
			},
			"properties": {
				"city": "台北市",
				"name": "全家便利商店股份有限公司-北投店",
				"address": "112臺北市北投區光明路２１８之１號"
			}
		},
		{
			"type": "Feature",
			"geometry": {
				"type": "Point",
				"coordinates": [121.535993, 25.0421077]
			},
			"properties": {
				"city": "台北市",
				"name": "全家便利商店股份有限公司-北科大店",
				"address": "106臺北市大安區大安區忠孝東路三段１號"
			}
		},
		{
			"type": "Feature",
			"geometry": {
				"type": "Point",
				"coordinates": [121.5456702, 25.0782435]
			},
			"properties": {
				"city": "台北市",
				"name": "全家便利商店股份有限公司-北鄰店",
				"address": "104臺北市中山區北安路４５８巷４７弄１３號１樓"
			}
		},
		{
			"type": "Feature",
			"geometry": {
				"type": "Point",
				"coordinates": [121.5637915, 25.0270622]
			},
			"properties": {
				"city": "台北市",
				"name": "全家便利商店股份有限公司-北醫店",
				"address": "110臺北市信義區吳興街２６３號"
			}
		},
		{
			"type": "Feature",
			"geometry": {
				"type": "Point",
				"coordinates": [121.5449669, 25.060234]
			},
			"properties": {
				"city": "台北市",
				"name": "全家便利商店股份有限公司-北權店",
				"address": "105臺北市松山區民權東路三段１０６巷１１號"
			}
		},
		{
			"type": "Feature",
			"geometry": {
				"type": "Point",
				"coordinates": [121.514443, 25.0452935]
			},
			"properties": {
				"city": "台北市",
				"name": "全家便利商店股份有限公司-仟囍店",
				"address": "100臺北市中正區漢口街一段１５號"
			}
		},
		{
			"type": "Feature",
			"geometry": {
				"type": "Point",
				"coordinates": [121.5245431, 25.0246795]
			},
			"properties": {
				"city": "台北市",
				"name": "全家便利商店股份有限公司-古亭店",
				"address": "106臺北市大安區羅斯福路２段１０３號"
			}
		},
		{
			"type": "Feature",
			"geometry": {
				"type": "Point",
				"coordinates": [121.5478143, 25.0310794]
			},
			"properties": {
				"city": "台北市",
				"name": "全家便利商店股份有限公司-四維店",
				"address": "106臺北市大安區住安里四維路１５４巷１號一樓"
			}
		},
		{
			"type": "Feature",
			"geometry": {
				"type": "Point",
				"coordinates": [121.562324, 25.0332591]
			},
			"properties": {
				"city": "台北市",
				"name": "全家便利商店股份有限公司-外貿店",
				"address": "110臺北市信義區信義路五段５號２樓"
			}
		},
		{
			"type": "Feature",
			"geometry": {
				"type": "Point",
				"coordinates": [121.5206068, 25.048549]
			},
			"properties": {
				"city": "台北市",
				"name": "全家便利商店股份有限公司-市民店",
				"address": "104臺北市中山區中山北路一段５８號"
			}
		},
		{
			"type": "Feature",
			"geometry": {
				"type": "Point",
				"coordinates": [121.5645397, 25.0371645]
			},
			"properties": {
				"city": "台北市",
				"name": "全家便利商店股份有限公司-市府店",
				"address": "110臺北市信義區市府路１號地下二樓"
			}
		},
		{
			"type": "Feature",
			"geometry": {
				"type": "Point",
				"coordinates": [121.5265583, 25.0487925]
			},
			"properties": {
				"city": "台北市",
				"name": "全家便利商店股份有限公司-正義店",
				"address": "104臺北市中山區長安東路一段５５號"
			}
		},
		{
			"type": "Feature",
			"geometry": {
				"type": "Point",
				"coordinates": [121.564867, 25.058056]
			},
			"properties": {
				"city": "台北市",
				"name": "全家便利商店股份有限公司-民東店",
				"address": "105臺北市松山區新東街１１巷２８號"
			}
		},
		{
			"type": "Feature",
			"geometry": {
				"type": "Point",
				"coordinates": [121.5395513, 25.0667374]
			},
			"properties": {
				"city": "台北市",
				"name": "全家便利商店股份有限公司-民族店",
				"address": "104臺北市中山區民族東路４１０巷２３弄２４號"
			}
		},
		{
			"type": "Feature",
			"geometry": {
				"type": "Point",
				"coordinates": [121.5533018, 25.0574094]
			},
			"properties": {
				"city": "台北市",
				"name": "全家便利商店股份有限公司-民復店",
				"address": "105臺北市松山區民生東路四段８０巷３號１Ｆ"
			}
		},
		{
			"type": "Feature",
			"geometry": {
				"type": "Point",
				"coordinates": [121.5741592, 25.0457259]
			},
			"properties": {
				"city": "台北市",
				"name": "全家便利商店股份有限公司-永吉二店",
				"address": "110臺北市信義區永吉路２２３號"
			}
		},
		{
			"type": "Feature",
			"geometry": {
				"type": "Point",
				"coordinates": [121.549484, 25.08286]
			},
			"properties": {
				"city": "台北市",
				"name": "全家便利商店股份有限公司-永安店",
				"address": "104臺北市中山區北安路６３０巷７號１樓"
			}
		},
		{
			"type": "Feature",
			"geometry": {
				"type": "Point",
				"coordinates": [121.572162, 25.043543]
			},
			"properties": {
				"city": "台北市",
				"name": "全家便利商店股份有限公司-永孝店",
				"address": "110臺北市信義區松信路１４５號"
			}
		},
		{
			"type": "Feature",
			"geometry": {
				"type": "Point",
				"coordinates": [121.5762287, 25.0434378]
			},
			"properties": {
				"city": "台北市",
				"name": "全家便利商店股份有限公司-永林店",
				"address": "110臺北市信義區虎林街８２巷２３號"
			}
		},
		{
			"type": "Feature",
			"geometry": {
				"type": "Point",
				"coordinates": [121.5653136, 25.0419415]
			},
			"properties": {
				"city": "台北市",
				"name": "全家便利商店股份有限公司-永隆店",
				"address": "110臺北市信義區基隆路１段１４７巷７號"
			}
		},
		{
			"type": "Feature",
			"geometry": {
				"type": "Point",
				"coordinates": [121.5079313, 25.0876911]
			},
			"properties": {
				"city": "台北市",
				"name": "全家便利商店股份有限公司-永新店",
				"address": "111臺北市士林區社子街２７號"
			}
		},
		{
			"type": "Feature",
			"geometry": {
				"type": "Point",
				"coordinates": [121.4993836, 25.138825]
			},
			"properties": {
				"city": "台北市",
				"name": "全家便利商店股份有限公司-永興店",
				"address": "112臺北市北投區中庸里永興路一段１號、３號一樓"
			}
		},
		{
			"type": "Feature",
			"geometry": {
				"type": "Point",
				"coordinates": [121.5251401, 25.0586922]
			},
			"properties": {
				"city": "台北市",
				"name": "全家便利商店股份有限公司-玉林店",
				"address": "104臺北市中山區民生東路一段２７巷１５號"
			}
		},
		{
			"type": "Feature",
			"geometry": {
				"type": "Point",
				"coordinates": [121.5066243, 25.1185065]
			},
			"properties": {
				"city": "台北市",
				"name": "全家便利商店股份有限公司-立農店",
				"address": "112臺北市北投區北投吉利街１１４號"
			}
		},
		{
			"type": "Feature",
			"geometry": {
				"type": "Point",
				"coordinates": [121.5053128, 25.1165203]
			},
			"properties": {
				"city": "台北市",
				"name": "全家便利商店股份有限公司-立賢店",
				"address": "112臺北市北投區立賢里承德路七段２９０號"
			}
		},
		{
			"type": "Feature",
			"geometry": {
				"type": "Point",
				"coordinates": [121.4991801, 25.1326405]
			},
			"properties": {
				"city": "台北市",
				"name": "全家便利商店股份有限公司-光明店",
				"address": "112臺北市北投區光明路２３號，２５號"
			}
		},
		{
			"type": "Feature",
			"geometry": {
				"type": "Point",
				"coordinates": [121.5580605, 25.0352215]
			},
			"properties": {
				"city": "台北市",
				"name": "全家便利商店股份有限公司-光復南路店",
				"address": "110臺北市信義區光復南路４４７之２號"
			}
		},
		{
			"type": "Feature",
			"geometry": {
				"type": "Point",
				"coordinates": [121.5327228, 25.0470084]
			},
			"properties": {
				"city": "台北市",
				"name": "全家便利商店股份有限公司-光華店",
				"address": "104臺北市中山區松江路２４之１號"
			}
		},
		{
			"type": "Feature",
			"geometry": {
				"type": "Point",
				"coordinates": [121.5573165, 25.0365381]
			},
			"properties": {
				"city": "台北市",
				"name": "全家便利商店股份有限公司-光新店",
				"address": "106臺北市大安區光復南路４１８號"
			}
		},
		{
			"type": "Feature",
			"geometry": {
				"type": "Point",
				"coordinates": [121.5264762, 25.0665912]
			},
			"properties": {
				"city": "台北市",
				"name": "全家便利商店股份有限公司-光輝店",
				"address": "104臺北市中山區晴光里德惠街３４之２號一樓"
			}
		},
		{
			"type": "Feature",
			"geometry": {
				"type": "Point",
				"coordinates": [121.561556, 24.9949639]
			},
			"properties": {
				"city": "台北市",
				"name": "全家便利商店股份有限公司-再興店",
				"address": "116臺北市文山區興隆路３段２０７巷１１弄２號"
			}
		},
		{
			"type": "Feature",
			"geometry": {
				"type": "Point",
				"coordinates": [121.4954784, 25.0277056]
			},
			"properties": {
				"city": "台北市",
				"name": "全家便利商店股份有限公司-吉利店",
				"address": "108臺北市萬華區東園街１２號"
			}
		},
		{
			"type": "Feature",
			"geometry": {
				"type": "Point",
				"coordinates": [121.5301264, 25.0620869]
			},
			"properties": {
				"city": "台北市",
				"name": "全家便利商店股份有限公司-吉林店",
				"address": "104臺北市中山區吉林路３１４號"
			}
		},
		{
			"type": "Feature",
			"geometry": {
				"type": "Point",
				"coordinates": [121.5289611, 25.056392]
			},
			"properties": {
				"city": "台北市",
				"name": "全家便利商店股份有限公司-吉原店",
				"address": "104臺北市中山區中原街２７號"
			}
		},
		{
			"type": "Feature",
			"geometry": {
				"type": "Point",
				"coordinates": [121.5958986, 25.0550886]
			},
			"properties": {
				"city": "台北市",
				"name": "全家便利商店股份有限公司-向陽店",
				"address": "115臺北市南港區東新里重陽路１６號一樓"
			}
		},
		{
			"type": "Feature",
			"geometry": {
				"type": "Point",
				"coordinates": [121.5692402, 25.0063952]
			},
			"properties": {
				"city": "台北市",
				"name": "全家便利商店股份有限公司-名門店",
				"address": "116臺北市文山區軍功路１０９號"
			}
		},
		{
			"type": "Feature",
			"geometry": {
				"type": "Point",
				"coordinates": [121.5533299, 25.0196611]
			},
			"properties": {
				"city": "台北市",
				"name": "全家便利商店股份有限公司-安居店",
				"address": "106臺北市大安區安居街７６號"
			}
		},
		{
			"type": "Feature",
			"geometry": {
				"type": "Point",
				"coordinates": [121.5692149, 25.0248594]
			},
			"properties": {
				"city": "台北市",
				"name": "全家便利商店股份有限公司-安興店",
				"address": "110臺北市信義區松仁路２３８號"
			}
		},
		{
			"type": "Feature",
			"geometry": {
				"type": "Point",
				"coordinates": [121.5450372, 25.0256117]
			},
			"properties": {
				"city": "台北市",
				"name": "全家便利商店股份有限公司-成功店",
				"address": "106臺北市大安區和平東路二段３１１巷３２號"
			}
		},
		{
			"type": "Feature",
			"geometry": {
				"type": "Point",
				"coordinates": [121.504653, 25.042805]
			},
			"properties": {
				"city": "台北市",
				"name": "全家便利商店股份有限公司-成都店",
				"address": "108臺北市萬華區昆明街１３４號；成都路８６號"
			}
		},
		{
			"type": "Feature",
			"geometry": {
				"type": "Point",
				"coordinates": [121.5423503, 25.050064]
			},
			"properties": {
				"city": "台北市",
				"name": "全家便利商店股份有限公司-朱崙店",
				"address": "104臺北市中山區朱崙街６７號"
			}
		},
		{
			"type": "Feature",
			"geometry": {
				"type": "Point",
				"coordinates": [121.5425461, 25.0621252]
			},
			"properties": {
				"city": "台北市",
				"name": "全家便利商店股份有限公司-江寧店",
				"address": "104臺北市中山區民權東路三段６４號１樓"
			}
		},
		{
			"type": "Feature",
			"geometry": {
				"type": "Point",
				"coordinates": [121.5158233, 25.1111436]
			},
			"properties": {
				"city": "台北市",
				"name": "全家便利商店股份有限公司-自強店",
				"address": "112臺北市北投區自強街８８號"
			}
		},
		{
			"type": "Feature",
			"geometry": {
				"type": "Point",
				"coordinates": [121.5510662, 25.1004967]
			},
			"properties": {
				"city": "台北市",
				"name": "全家便利商店股份有限公司-至善店",
				"address": "111臺北市士林區臨溪里至善路二段２６８號一樓"
			}
		},
		{
			"type": "Feature",
			"geometry": {
				"type": "Point",
				"coordinates": [121.5142557, 25.0461741]
			},
			"properties": {
				"city": "台北市",
				"name": "全家便利商店股份有限公司-西站店",
				"address": "100臺北市中正區懷寧街７之１號"
			}
		},
		{
			"type": "Feature",
			"geometry": {
				"type": "Point",
				"coordinates": [121.549745, 25.0541621]
			},
			"properties": {
				"city": "台北市",
				"name": "全家便利商店股份有限公司-宏大店",
				"address": "105臺北市松山區敦化北路１５５巷３號１樓"
			}
		},
		{
			"type": "Feature",
			"geometry": {
				"type": "Point",
				"coordinates": [121.512802, 25.047113]
			},
			"properties": {
				"city": "台北市",
				"name": "全家便利商店股份有限公司-宏啟店",
				"address": "100臺北市中正區忠孝西路一段９６號"
			}
		},
		{
			"type": "Feature",
			"geometry": {
				"type": "Point",
				"coordinates": [121.5412002, 25.0219043]
			},
			"properties": {
				"city": "台北市",
				"name": "全家便利商店股份有限公司-辛亥店",
				"address": "106臺北市大安區辛亥路二段１７１巷３號"
			}
		},
		{
			"type": "Feature",
			"geometry": {
				"type": "Point",
				"coordinates": [121.5108099, 25.042997]
			},
			"properties": {
				"city": "台北市",
				"name": "全家便利商店股份有限公司-酉陽店",
				"address": "100臺北市中正區永綏街２０號"
			}
		},
		{
			"type": "Feature",
			"geometry": {
				"type": "Point",
				"coordinates": [121.5611055, 25.0483271]
			},
			"properties": {
				"city": "台北市",
				"name": "全家便利商店股份有限公司-京城店",
				"address": "105臺北市松山區八德路四段１０８號"
			}
		},
		{
			"type": "Feature",
			"geometry": {
				"type": "Point",
				"coordinates": [121.5383447, 25.0522128]
			},
			"properties": {
				"city": "台北市",
				"name": "全家便利商店股份有限公司-京貿店",
				"address": "104臺北市中山區南京東路三段６５號"
			}
		},
		{
			"type": "Feature",
			"geometry": {
				"type": "Point",
				"coordinates": [121.5833667, 25.0428191]
			},
			"properties": {
				"city": "台北市",
				"name": "全家便利商店股份有限公司-協和店",
				"address": "110臺北市信義區中坡南路３８號１Ｆ"
			}
		},
		{
			"type": "Feature",
			"geometry": {
				"type": "Point",
				"coordinates": [121.4946757, 25.0351467]
			},
			"properties": {
				"city": "台北市",
				"name": "全家便利商店股份有限公司-和西店",
				"address": "108臺北市萬華區愛鄉里和平西路三段２９０之５號、２９０"
			}
		},
		{
			"type": "Feature",
			"geometry": {
				"type": "Point",
				"coordinates": [121.541769, 25.024896]
			},
			"properties": {
				"city": "台北市",
				"name": "全家便利商店股份有限公司-和東店",
				"address": "106臺北市大安區和平東路二段１０２之３號１樓"
			}
		},
		{
			"type": "Feature",
			"geometry": {
				"type": "Point",
				"coordinates": [121.5439427, 25.0249825]
			},
			"properties": {
				"city": "台北市",
				"name": "全家便利商店股份有限公司-和復店",
				"address": "106臺北市大安區和平東路二段２６１號，２６３號"
			}
		},
		{
			"type": "Feature",
			"geometry": {
				"type": "Point",
				"coordinates": [121.53628, 25.0255599]
			},
			"properties": {
				"city": "台北市",
				"name": "全家便利商店股份有限公司-和新店",
				"address": "106臺北市大安區和平東路二段２２號"
			}
		},
		{
			"type": "Feature",
			"geometry": {
				"type": "Point",
				"coordinates": [121.4696259, 25.1253022]
			},
			"properties": {
				"city": "台北市",
				"name": "全家便利商店股份有限公司-和碩店",
				"address": "112臺北市北投區立功街７６號Ｂ１"
			}
		},
		{
			"type": "Feature",
			"geometry": {
				"type": "Point",
				"coordinates": [121.472556, 25.127845]
			},
			"properties": {
				"city": "台北市",
				"name": "全家便利商店股份有限公司-和碩附店",
				"address": "112臺北市北投區立德路１５０號Ｂ１"
			}
		},
		{
			"type": "Feature",
			"geometry": {
				"type": "Point",
				"coordinates": [121.5187755, 25.0263315]
			},
			"properties": {
				"city": "台北市",
				"name": "全家便利商店股份有限公司-和鄰店",
				"address": "100臺北市中正區和平西路一段８２號１樓"
			}
		},
		{
			"type": "Feature",
			"geometry": {
				"type": "Point",
				"coordinates": [121.501261, 25.1202709]
			},
			"properties": {
				"city": "台北市",
				"name": "全家便利商店股份有限公司-和聯店",
				"address": "112臺北市北投區承德路七段４００號２樓"
			}
		},
		{
			"type": "Feature",
			"geometry": {
				"type": "Point",
				"coordinates": [121.5193467, 25.0828162]
			},
			"properties": {
				"city": "台北市",
				"name": "全家便利商店股份有限公司-和豐店",
				"address": "111臺北市士林區福華里和豐街２號一樓"
			}
		},
		{
			"type": "Feature",
			"geometry": {
				"type": "Point",
				"coordinates": [121.508252, 25.1254862]
			},
			"properties": {
				"city": "台北市",
				"name": "全家便利商店股份有限公司-奇岩店",
				"address": "112臺北市北投區公館路２５９號１Ｆ"
			}
		},
		{
			"type": "Feature",
			"geometry": {
				"type": "Point",
				"coordinates": [121.5256067, 25.056441]
			},
			"properties": {
				"city": "台北市",
				"name": "全家便利商店股份有限公司-宜興店",
				"address": "104臺北市中山區林森北路３２７號"
			}
		},
		{
			"type": "Feature",
			"geometry": {
				"type": "Point",
				"coordinates": [121.553069, 25.0395842]
			},
			"properties": {
				"city": "台北市",
				"name": "全家便利商店股份有限公司-延吉店",
				"address": "106臺北市大安區忠孝東路四段２１６巷３１號"
			}
		},
		{
			"type": "Feature",
			"geometry": {
				"type": "Point",
				"coordinates": [121.5548828, 25.0394951]
			},
			"properties": {
				"city": "台北市",
				"name": "全家便利商店股份有限公司-延安店",
				"address": "106臺北市大安區延吉街１５８號"
			}
		},
		{
			"type": "Feature",
			"geometry": {
				"type": "Point",
				"coordinates": [121.554397, 25.0423395]
			},
			"properties": {
				"city": "台北市",
				"name": "全家便利商店股份有限公司-延孝店",
				"address": "106臺北市大安區延吉街１３５號之三，一樓"
			}
		},
		{
			"type": "Feature",
			"geometry": {
				"type": "Point",
				"coordinates": [121.5763969, 25.0390211]
			},
			"properties": {
				"city": "台北市",
				"name": "全家便利商店股份有限公司-忠林店",
				"address": "110臺北市信義區虎林街１６６號１樓及地下室"
			}
		},
		{
			"type": "Feature",
			"geometry": {
				"type": "Point",
				"coordinates": [121.575451, 25.041112]
			},
			"properties": {
				"city": "台北市",
				"name": "全家便利商店股份有限公司-忠信店",
				"address": "110臺北市信義區忠孝東路五段４２５號１樓及地下室"
			}
		},
		{
			"type": "Feature",
			"geometry": {
				"type": "Point",
				"coordinates": [121.5452829, 25.0410747]
			},
			"properties": {
				"city": "台北市",
				"name": "全家便利商店股份有限公司-忠愛店",
				"address": "106臺北市大安區仁愛路４段２７巷４３號"
			}
		},
		{
			"type": "Feature",
			"geometry": {
				"type": "Point",
				"coordinates": [121.5267493, 25.1040211]
			},
			"properties": {
				"city": "台北市",
				"name": "全家便利商店股份有限公司-忠誠店",
				"address": "111臺北市士林區中山北路六段２０號"
			}
		},
		{
			"type": "Feature",
			"geometry": {
				"type": "Point",
				"coordinates": [121.5398526, 25.0437034]
			},
			"properties": {
				"city": "台北市",
				"name": "全家便利商店股份有限公司-昌隆店",
				"address": "106臺北市大安區忠孝東路３段２１７巷２弄１號１樓"
			}
		},
		{
			"type": "Feature",
			"geometry": {
				"type": "Point",
				"coordinates": [121.5044062, 25.041391]
			},
			"properties": {
				"city": "台北市",
				"name": "全家便利商店股份有限公司-昆明店",
				"address": "108臺北市萬華區昆明街１８６號１樓"
			}
		},
		{
			"type": "Feature",
			"geometry": {
				"type": "Point",
				"coordinates": [121.5513522, 25.0801145]
			},
			"properties": {
				"city": "台北市",
				"name": "全家便利商店股份有限公司-明水店",
				"address": "104臺北市中山區明水路５８１巷１１號１樓"
			}
		},
		{
			"type": "Feature",
			"geometry": {
				"type": "Point",
				"coordinates": [121.5109701, 25.0694147]
			},
			"properties": {
				"city": "台北市",
				"name": "全家便利商店股份有限公司-明真店",
				"address": "103臺北市大同區延平北路四段１９號"
			}
		},
		{
			"type": "Feature",
			"geometry": {
				"type": "Point",
				"coordinates": [121.5188848, 25.1090818]
			},
			"properties": {
				"city": "台北市",
				"name": "全家便利商店股份有限公司-明德店",
				"address": "112臺北市北投區石牌里明德路９３號"
			}
		},
		{
			"type": "Feature",
			"geometry": {
				"type": "Point",
				"coordinates": [121.562951, 24.990029]
			},
			"properties": {
				"city": "台北市",
				"name": "全家便利商店股份有限公司-明興店",
				"address": "116臺北市文山區木柵路２段１０９巷２５弄２號．２－１號"
			}
		},
		{
			"type": "Feature",
			"geometry": {
				"type": "Point",
				"coordinates": [121.5516555, 25.0405267]
			},
			"properties": {
				"city": "台北市",
				"name": "全家便利商店股份有限公司-明曜店",
				"address": "106臺北市大安區仁愛路四段１５１巷３４號．３６號"
			}
		},
		{
			"type": "Feature",
			"geometry": {
				"type": "Point",
				"coordinates": [121.5606692, 25.052011]
			},
			"properties": {
				"city": "台北市",
				"name": "全家便利商店股份有限公司-東光店",
				"address": "105臺北市松山區南京東路五段１２３巷１之８號"
			}
		},
		{
			"type": "Feature",
			"geometry": {
				"type": "Point",
				"coordinates": [121.6158416, 25.0678598]
			},
			"properties": {
				"city": "台北市",
				"name": "全家便利商店股份有限公司-東安店",
				"address": "114臺北市內湖區安康路４８０號"
			}
		},
		{
			"type": "Feature",
			"geometry": {
				"type": "Point",
				"coordinates": [121.5193367, 25.0385177]
			},
			"properties": {
				"city": "台北市",
				"name": "全家便利商店股份有限公司-東門店",
				"address": "100臺北市中正區信義路１段１號（部份）"
			}
		},
		{
			"type": "Feature",
			"geometry": {
				"type": "Point",
				"coordinates": [121.5660607, 25.0520924]
			},
			"properties": {
				"city": "台北市",
				"name": "全家便利商店股份有限公司-東清店",
				"address": "105臺北市松山區南京東路五段２９１巷８－１號"
			}
		},
		{
			"type": "Feature",
			"geometry": {
				"type": "Point",
				"coordinates": [121.5137377, 25.1177103]
			},
			"properties": {
				"city": "台北市",
				"name": "全家便利商店股份有限公司-東華店",
				"address": "112臺北市北投區東華街二段８８號"
			}
		},
		{
			"type": "Feature",
			"geometry": {
				"type": "Point",
				"coordinates": [121.516698, 25.1120094]
			},
			"properties": {
				"city": "台北市",
				"name": "全家便利商店股份有限公司-東陽店",
				"address": "112臺北市北投區西安街一段２８３號"
			}
		},
		{
			"type": "Feature",
			"geometry": {
				"type": "Point",
				"coordinates": [121.4969186, 25.0249679]
			},
			"properties": {
				"city": "台北市",
				"name": "全家便利商店股份有限公司-東園店",
				"address": "108臺北市萬華區東園街６９７１７１之１７３之１號"
			}
		},
		{
			"type": "Feature",
			"geometry": {
				"type": "Point",
				"coordinates": [121.56624, 25.0523429]
			},
			"properties": {
				"city": "台北市",
				"name": "全家便利商店股份有限公司-東寶店",
				"address": "105臺北市松山區南京東路五段２９１巷１７之２號"
			}
		},
		{
			"type": "Feature",
			"geometry": {
				"type": "Point",
				"coordinates": [121.5267301, 25.0504019]
			},
			"properties": {
				"city": "台北市",
				"name": "全家便利商店股份有限公司-林森北路店",
				"address": "104臺北市中山區林森北路１１９巷４９，５１號"
			}
		},
		{
			"type": "Feature",
			"geometry": {
				"type": "Point",
				"coordinates": [121.5214415, 25.038485]
			},
			"properties": {
				"city": "台北市",
				"name": "全家便利商店股份有限公司-林森南路店",
				"address": "100臺北市中正區林森南路５７．５９號"
			}
		},
		{
			"type": "Feature",
			"geometry": {
				"type": "Point",
				"coordinates": [121.5803042, 25.0399388]
			},
			"properties": {
				"city": "台北市",
				"name": "全家便利商店股份有限公司-松三店",
				"address": "110臺北市信義區林口街１１６號"
			}
		},
		{
			"type": "Feature",
			"geometry": {
				"type": "Point",
				"coordinates": [121.568751, 25.028411]
			},
			"properties": {
				"city": "台北市",
				"name": "全家便利商店股份有限公司-松仁店",
				"address": "110臺北市信義區信義路５段１５０巷２２１號"
			}
		},
		{
			"type": "Feature",
			"geometry": {
				"type": "Point",
				"coordinates": [121.5769895, 25.0352567]
			},
			"properties": {
				"city": "台北市",
				"name": "全家便利商店股份有限公司-松友店",
				"address": "110臺北市信義區信義路六段７８號"
			}
		},
		{
			"type": "Feature",
			"geometry": {
				"type": "Point",
				"coordinates": [121.5323298, 25.0538337]
			},
			"properties": {
				"city": "台北市",
				"name": "全家便利商店股份有限公司-松平店",
				"address": "104臺北市中山區四平街４７號"
			}
		},
		{
			"type": "Feature",
			"geometry": {
				"type": "Point",
				"coordinates": [121.5779588, 25.0465445]
			},
			"properties": {
				"city": "台北市",
				"name": "全家便利商店股份有限公司-松盛店",
				"address": "110臺北市信義區松山路１５３號"
			}
		},
		{
			"type": "Feature",
			"geometry": {
				"type": "Point",
				"coordinates": [121.5617075, 25.0550841]
			},
			"properties": {
				"city": "台北市",
				"name": "全家便利商店股份有限公司-松壽店",
				"address": "105臺北市松山區自強里延壽街３３０巷７弄２２號一樓"
			}
		},
		{
			"type": "Feature",
			"geometry": {
				"type": "Point",
				"coordinates": [121.5786369, 25.0364429]
			},
			"properties": {
				"city": "台北市",
				"name": "全家便利商店股份有限公司-松德店",
				"address": "110臺北市信義區松山路６２７號"
			}
		},
		{
			"type": "Feature",
			"geometry": {
				"type": "Point",
				"coordinates": [121.578009, 25.047798]
			},
			"properties": {
				"city": "台北市",
				"name": "全家便利商店股份有限公司-松興店",
				"address": "110臺北市信義區松山路１０７號"
			}
		},
		{
			"type": "Feature",
			"geometry": {
				"type": "Point",
				"coordinates": [121.55785, 25.053378]
			},
			"properties": {
				"city": "台北市",
				"name": "全家便利商店股份有限公司-松醫店",
				"address": "105臺北市松山區東光里健康路１５８號"
			}
		},
		{
			"type": "Feature",
			"geometry": {
				"type": "Point",
				"coordinates": [121.5318292, 25.0620462]
			},
			"properties": {
				"city": "台北市",
				"name": "全家便利商店股份有限公司-松權店",
				"address": "104臺北市中山區松江路３６２巷４１號１樓"
			}
		},
		{
			"type": "Feature",
			"geometry": {
				"type": "Point",
				"coordinates": [121.5279422, 25.0547762]
			},
			"properties": {
				"city": "台北市",
				"name": "全家便利商店股份有限公司-欣欣店",
				"address": "104臺北市中山區長春路１００號１樓"
			}
		},
		{
			"type": "Feature",
			"geometry": {
				"type": "Point",
				"coordinates": [121.4963397, 25.0201968]
			},
			"properties": {
				"city": "台北市",
				"name": "全家便利商店股份有限公司-武成店",
				"address": "108臺北市萬華區萬大路４８６巷３９號"
			}
		},
		{
			"type": "Feature",
			"geometry": {
				"type": "Point",
				"coordinates": [121.5341981, 25.1096529]
			},
			"properties": {
				"city": "台北市",
				"name": "全家便利商店股份有限公司-芝山店",
				"address": "111臺北市士林區德行東路２５０號１樓"
			}
		},
		{
			"type": "Feature",
			"geometry": {
				"type": "Point",
				"coordinates": [121.5375113, 25.1122475]
			},
			"properties": {
				"city": "台北市",
				"name": "全家便利商店股份有限公司-芝玉店",
				"address": "111臺北市士林區士東路２６６巷５弄１６號"
			}
		},
		{
			"type": "Feature",
			"geometry": {
				"type": "Point",
				"coordinates": [121.5160542, 25.113857]
			},
			"properties": {
				"city": "台北市",
				"name": "全家便利商店股份有限公司-金石店",
				"address": "112臺北市北投區石牌路一段２００號"
			}
		},
		{
			"type": "Feature",
			"geometry": {
				"type": "Point",
				"coordinates": [121.5251449, 25.0504072]
			},
			"properties": {
				"city": "台北市",
				"name": "全家便利商店股份有限公司-金林店",
				"address": "104臺北市中山區林森北路１０９號１樓"
			}
		},
		{
			"type": "Feature",
			"geometry": {
				"type": "Point",
				"coordinates": [121.5920622, 25.0880065]
			},
			"properties": {
				"city": "台北市",
				"name": "全家便利商店股份有限公司-金湖店",
				"address": "114臺北市內湖區內湖路三段６０巷１０弄１號"
			}
		},
		{
			"type": "Feature",
			"geometry": {
				"type": "Point",
				"coordinates": [121.5244539, 25.0653422]
			},
			"properties": {
				"city": "台北市",
				"name": "全家便利商店股份有限公司-金磚店",
				"address": "104臺北市中山區雙城街１９巷２號"
			}
		},
		{
			"type": "Feature",
			"geometry": {
				"type": "Point",
				"coordinates": [121.5059407, 25.0405845]
			},
			"properties": {
				"city": "台北市",
				"name": "全家便利商店股份有限公司-長沙店",
				"address": "108臺北市萬華區長沙街二段５０號"
			}
		},
		{
			"type": "Feature",
			"geometry": {
				"type": "Point",
				"coordinates": [121.526796, 25.0498116]
			},
			"properties": {
				"city": "台北市",
				"name": "全家便利商店股份有限公司-長林店",
				"address": "104臺北市中山區林森北路１０７巷５４號"
			}
		},
		{
			"type": "Feature",
			"geometry": {
				"type": "Point",
				"coordinates": [121.5462329, 25.0543436]
			},
			"properties": {
				"city": "台北市",
				"name": "全家便利商店股份有限公司-長城店",
				"address": "105臺北市松山區敦化北路１２０巷８０號"
			}
		},
		{
			"type": "Feature",
			"geometry": {
				"type": "Point",
				"coordinates": [121.5258268, 25.0547693]
			},
			"properties": {
				"city": "台北市",
				"name": "全家便利商店股份有限公司-長春店",
				"address": "104臺北市中山區長春路４８號"
			}
		},
		{
			"type": "Feature",
			"geometry": {
				"type": "Point",
				"coordinates": [121.5014519, 25.0231011]
			},
			"properties": {
				"city": "台北市",
				"name": "全家便利商店股份有限公司-長泰店",
				"address": "108臺北市萬華區壽德里長泰街２號２之１號一樓"
			}
		},
		{
			"type": "Feature",
			"geometry": {
				"type": "Point",
				"coordinates": [121.5347244, 25.0540735]
			},
			"properties": {
				"city": "台北市",
				"name": "全家便利商店股份有限公司-長通店",
				"address": "104臺北市中山區伊通街１０８號１樓"
			}
		},
		{
			"type": "Feature",
			"geometry": {
				"type": "Point",
				"coordinates": [121.544872, 25.0483627]
			},
			"properties": {
				"city": "台北市",
				"name": "全家便利商店股份有限公司-長復店",
				"address": "105臺北市松山區長安東路二段２１９號"
			}
		},
		{
			"type": "Feature",
			"geometry": {
				"type": "Point",
				"coordinates": [121.5787525, 25.0498905]
			},
			"properties": {
				"city": "台北市",
				"name": "全家便利商店股份有限公司-信大店",
				"address": "105臺北市松山區八德路四段７５８號"
			}
		},
		{
			"type": "Feature",
			"geometry": {
				"type": "Point",
				"coordinates": [121.574715, 25.0322223]
			},
			"properties": {
				"city": "台北市",
				"name": "全家便利商店股份有限公司-信德店",
				"address": "110臺北市信義區松德路２８９號"
			}
		},
		{
			"type": "Feature",
			"geometry": {
				"type": "Point",
				"coordinates": [121.514115, 25.074469]
			},
			"properties": {
				"city": "台北市",
				"name": "全家便利商店股份有限公司-保生店",
				"address": "103臺北市大同區重慶北路三段３３３號"
			}
		},
		{
			"type": "Feature",
			"geometry": {
				"type": "Point",
				"coordinates": [121.5162174, 25.044783]
			},
			"properties": {
				"city": "台北市",
				"name": "全家便利商店股份有限公司-南陽店",
				"address": "100臺北市中正區信陽街１５號"
			}
		},
		{
			"type": "Feature",
			"geometry": {
				"type": "Point",
				"coordinates": [121.5372832, 25.0228567]
			},
			"properties": {
				"city": "台北市",
				"name": "全家便利商店股份有限公司-建南店",
				"address": "106臺北市大安區建國南路１段１５６，１５８號"
			}
		},
		{
			"type": "Feature",
			"geometry": {
				"type": "Point",
				"coordinates": [121.5392757, 25.0286544]
			},
			"properties": {
				"city": "台北市",
				"name": "全家便利商店股份有限公司-建國店",
				"address": "106臺北市大安區建國南路二段１５１巷３８號１樓"
			}
		},
		{
			"type": "Feature",
			"geometry": {
				"type": "Point",
				"coordinates": [121.5676776, 25.035447]
			},
			"properties": {
				"city": "台北市",
				"name": "全家便利商店股份有限公司-建鑫店",
				"address": "110臺北市信義區松壽路２４號"
			}
		},
		{
			"type": "Feature",
			"geometry": {
				"type": "Point",
				"coordinates": [121.5181776, 25.0907746]
			},
			"properties": {
				"city": "台北市",
				"name": "全家便利商店股份有限公司-後港店",
				"address": "111臺北市士林區福港街２８號"
			}
		},
		{
			"type": "Feature",
			"geometry": {
				"type": "Point",
				"coordinates": [121.6150046, 25.0458575]
			},
			"properties": {
				"city": "台北市",
				"name": "全家便利商店股份有限公司-研究院店",
				"address": "115臺北市南港區研究院路２段７０巷１號"
			}
		},
		{
			"type": "Feature",
			"geometry": {
				"type": "Point",
				"coordinates": [121.5231683, 25.0971113]
			},
			"properties": {
				"city": "台北市",
				"name": "全家便利商店股份有限公司-美崙店",
				"address": "111臺北市士林區華榮街９７號"
			}
		},
		{
			"type": "Feature",
			"geometry": {
				"type": "Point",
				"coordinates": [121.5562243, 25.0849942]
			},
			"properties": {
				"city": "台北市",
				"name": "全家便利商店股份有限公司-美華店",
				"address": "104臺北市中山區北安路８１９之１號"
			}
		},
		{
			"type": "Feature",
			"geometry": {
				"type": "Point",
				"coordinates": [121.5987682, 25.056756]
			},
			"properties": {
				"city": "台北市",
				"name": "全家便利商店股份有限公司-重陽店",
				"address": "115臺北市南港區重陽路１８３、１８５號１樓"
			}
		},
		{
			"type": "Feature",
			"geometry": {
				"type": "Point",
				"coordinates": [121.5135228, 25.0575901]
			},
			"properties": {
				"city": "台北市",
				"name": "全家便利商店股份有限公司-重慶北路店",
				"address": "103臺北市大同區重慶北路二段１１６號"
			}
		},
		{
			"type": "Feature",
			"geometry": {
				"type": "Point",
				"coordinates": [121.5131118, 25.0439414]
			},
			"properties": {
				"city": "台北市",
				"name": "全家便利商店股份有限公司-重慶店",
				"address": "100臺北市中正區重慶南路一段５８號"
			}
		},
		{
			"type": "Feature",
			"geometry": {
				"type": "Point",
				"coordinates": [121.5285707, 25.0233735]
			},
			"properties": {
				"city": "台北市",
				"name": "全家便利商店股份有限公司-師大店",
				"address": "106臺北市大安區師大路７９號"
			}
		},
		{
			"type": "Feature",
			"geometry": {
				"type": "Point",
				"coordinates": [121.5375578, 25.0080777]
			},
			"properties": {
				"city": "台北市",
				"name": "全家便利商店股份有限公司-師美店",
				"address": "116臺北市文山區汀州路４段７７號"
			}
		},
		{
			"type": "Feature",
			"geometry": {
				"type": "Point",
				"coordinates": [121.5199924, 25.1156454]
			},
			"properties": {
				"city": "台北市",
				"name": "全家便利商店股份有限公司-振華店",
				"address": "112臺北市北投區振華街２號"
			}
		},
		{
			"type": "Feature",
			"geometry": {
				"type": "Point",
				"coordinates": [121.5724536, 25.0776861]
			},
			"properties": {
				"city": "台北市",
				"name": "全家便利商店股份有限公司-時代店",
				"address": "114臺北市內湖區瑞光路４１３號．４１５號１樓"
			}
		},
		{
			"type": "Feature",
			"geometry": {
				"type": "Point",
				"coordinates": [121.5464824, 25.1367129]
			},
			"properties": {
				"city": "台北市",
				"name": "全家便利商店股份有限公司-格致店",
				"address": "111臺北市士林區陽明里格致路２２號１樓"
			}
		},
		{
			"type": "Feature",
			"geometry": {
				"type": "Point",
				"coordinates": [121.5741057, 25.0402415]
			},
			"properties": {
				"city": "台北市",
				"name": "全家便利商店股份有限公司-海華店",
				"address": "110臺北市信義區虎林街１３２巷８１號１樓"
			}
		},
		{
			"type": "Feature",
			"geometry": {
				"type": "Point",
				"coordinates": [121.5103364, 25.0450497]
			},
			"properties": {
				"city": "台北市",
				"name": "全家便利商店股份有限公司-郡王店",
				"address": "100臺北市中正區延平南路６８號"
			}
		},
		{
			"type": "Feature",
			"geometry": {
				"type": "Point",
				"coordinates": [121.5211017, 25.0578507]
			},
			"properties": {
				"city": "台北市",
				"name": "全家便利商店股份有限公司-馬偕店",
				"address": "104臺北市中山區民生西路２９號"
			}
		},
		{
			"type": "Feature",
			"geometry": {
				"type": "Point",
				"coordinates": [121.5535387, 25.0365499]
			},
			"properties": {
				"city": "台北市",
				"name": "全家便利商店股份有限公司-國泰店",
				"address": "106臺北市大安區仁愛路四段２６６巷１５弄１０號１樓"
			}
		},
		{
			"type": "Feature",
			"geometry": {
				"type": "Point",
				"coordinates": [121.5108246, 25.0673227]
			},
			"properties": {
				"city": "台北市",
				"name": "全家便利商店股份有限公司-國順店",
				"address": "103臺北市大同區延平北路三段１１８號１樓"
			}
		},
		{
			"type": "Feature",
			"geometry": {
				"type": "Point",
				"coordinates": [121.6177769, 25.0423458]
			},
			"properties": {
				"city": "台北市",
				"name": "全家便利商店股份有限公司-國興店",
				"address": "115臺北市南港區舊莊街一段３巷３弄２號"
			}
		},
		{
			"type": "Feature",
			"geometry": {
				"type": "Point",
				"coordinates": [121.5011894, 25.1262453]
			},
			"properties": {
				"city": "台北市",
				"name": "全家便利商店股份有限公司-崇合店",
				"address": "112臺北市北投區清江里三合街二段４８７號１樓"
			}
		},
		{
			"type": "Feature",
			"geometry": {
				"type": "Point",
				"coordinates": [121.553836, 25.0243855]
			},
			"properties": {
				"city": "台北市",
				"name": "全家便利商店股份有限公司-崇德店",
				"address": "110臺北市信義區崇德街２９號"
			}
		},
		{
			"type": "Feature",
			"geometry": {
				"type": "Point",
				"coordinates": [121.5449088, 25.0642512]
			},
			"properties": {
				"city": "台北市",
				"name": "全家便利商店股份有限公司-常興店",
				"address": "105臺北市松山區五常街３６４號１樓"
			}
		},
		{
			"type": "Feature",
			"geometry": {
				"type": "Point",
				"coordinates": [121.5022119, 25.0406509]
			},
			"properties": {
				"city": "台北市",
				"name": "全家便利商店股份有限公司-康定店",
				"address": "108臺北市萬華區康定路７３號"
			}
		},
		{
			"type": "Feature",
			"geometry": {
				"type": "Point",
				"coordinates": [121.618861, 25.0696424]
			},
			"properties": {
				"city": "台北市",
				"name": "全家便利商店股份有限公司-康福店",
				"address": "114臺北市內湖區康樂街８７號"
			}
		},
		{
			"type": "Feature",
			"geometry": {
				"type": "Point",
				"coordinates": [121.5827522, 24.9980129]
			},
			"properties": {
				"city": "台北市",
				"name": "全家便利商店股份有限公司-梅花鹿店",
				"address": "116臺北市文山區新光路二段３０號"
			}
		},
		{
			"type": "Feature",
			"geometry": {
				"type": "Point",
				"coordinates": [121.5015845, 25.1330117]
			},
			"properties": {
				"city": "台北市",
				"name": "全家便利商店股份有限公司-清江店",
				"address": "112臺北市北投區中央里清江路１號，中央南路一段６３號"
			}
		},
		{
			"type": "Feature",
			"geometry": {
				"type": "Point",
				"coordinates": [121.57042, 25.02409]
			},
			"properties": {
				"city": "台北市",
				"name": "全家便利商店股份有限公司-祥和店",
				"address": "110臺北市信義區信義路五段１５０巷４０１弄３１號"
			}
		},
		{
			"type": "Feature",
			"geometry": {
				"type": "Point",
				"coordinates": [121.6240441, 25.0370335]
			},
			"properties": {
				"city": "台北市",
				"name": "全家便利商店股份有限公司-莊研店",
				"address": "115臺北市南港區舊莊街１段１４７號"
			}
		},
		{
			"type": "Feature",
			"geometry": {
				"type": "Point",
				"coordinates": [121.5648783, 25.0275297]
			},
			"properties": {
				"city": "台北市",
				"name": "全家便利商店股份有限公司-莊敬店",
				"address": "110臺北市信義區莊敬路３７４號"
			}
		},
		{
			"type": "Feature",
			"geometry": {
				"type": "Point",
				"coordinates": [121.5533121, 25.0303352]
			},
			"properties": {
				"city": "台北市",
				"name": "全家便利商店股份有限公司-通和店",
				"address": "106臺北市大安區通安街７７號"
			}
		},
		{
			"type": "Feature",
			"geometry": {
				"type": "Point",
				"coordinates": [121.5206558, 25.0810534]
			},
			"properties": {
				"city": "台北市",
				"name": "全家便利商店股份有限公司-通河店",
				"address": "111臺北市士林區通河街１４５號"
			}
		},
		{
			"type": "Feature",
			"geometry": {
				"type": "Point",
				"coordinates": [121.5116879, 25.0423891]
			},
			"properties": {
				"city": "台北市",
				"name": "全家便利商店股份有限公司-博陽店",
				"address": "100臺北市中正區光復里衡陽路６９號一樓"
			}
		},
		{
			"type": "Feature",
			"geometry": {
				"type": "Point",
				"coordinates": [121.5547719, 25.0265567]
			},
			"properties": {
				"city": "台北市",
				"name": "全家便利商店股份有限公司-喬治店",
				"address": "106臺北市大安區基隆路二段１７２號"
			}
		},
		{
			"type": "Feature",
			"geometry": {
				"type": "Point",
				"coordinates": [121.4993445, 25.0192909]
			},
			"properties": {
				"city": "台北市",
				"name": "全家便利商店股份有限公司-富民店",
				"address": "108臺北市萬華區萬大路４９３巷４８弄２３－４號及Ｂ１"
			}
		},
		{
			"type": "Feature",
			"geometry": {
				"type": "Point",
				"coordinates": [121.6169268, 25.0519514]
			},
			"properties": {
				"city": "台北市",
				"name": "全家便利商店股份有限公司-富康店",
				"address": "115臺北市南港區富康街８６號１Ｆ"
			}
		},
		{
			"type": "Feature",
			"geometry": {
				"type": "Point",
				"coordinates": [121.5158335, 25.0436426]
			},
			"properties": {
				"city": "台北市",
				"name": "全家便利商店股份有限公司-富陽店",
				"address": "100臺北市中正區襄陽路７號１樓"
			}
		},
		{
			"type": "Feature",
			"geometry": {
				"type": "Point",
				"coordinates": [121.5741597, 25.042095]
			},
			"properties": {
				"city": "台北市",
				"name": "全家便利商店股份有限公司-富臺店",
				"address": "110臺北市信義區虎林街１２０巷１４８號１樓"
			}
		},
		{
			"type": "Feature",
			"geometry": {
				"type": "Point",
				"coordinates": [121.5654772, 25.0612739]
			},
			"properties": {
				"city": "台北市",
				"name": "全家便利商店股份有限公司-富錦店",
				"address": "105臺北市松山區新益里富錦街５２９號一樓"
			}
		},
		{
			"type": "Feature",
			"geometry": {
				"type": "Point",
				"coordinates": [121.5071973, 25.1173393]
			},
			"properties": {
				"city": "台北市",
				"name": "全家便利商店股份有限公司-尊賢店",
				"address": "112臺北市北投區尊賢街２６０號１Ｆ"
			}
		},
		{
			"type": "Feature",
			"geometry": {
				"type": "Point",
				"coordinates": [121.4997149, 25.1412097]
			},
			"properties": {
				"city": "台北市",
				"name": "全家便利商店股份有限公司-復中店",
				"address": "112臺北市北投區中和街３２８號１樓"
			}
		},
		{
			"type": "Feature",
			"geometry": {
				"type": "Point",
				"coordinates": [121.5576132, 25.0321146]
			},
			"properties": {
				"city": "台北市",
				"name": "全家便利商店股份有限公司-復昌店",
				"address": "110臺北市信義區光復南路５０５號、５０７號及文昌街３２"
			}
		},
		{
			"type": "Feature",
			"geometry": {
				"type": "Point",
				"coordinates": [121.52538, 25.051499]
			},
			"properties": {
				"city": "台北市",
				"name": "全家便利商店股份有限公司-復林店",
				"address": "104臺北市中山區林森北路１４９－１．１４９－２號１樓"
			}
		},
		{
			"type": "Feature",
			"geometry": {
				"type": "Point",
				"coordinates": [121.5592423, 25.0482332]
			},
			"properties": {
				"city": "台北市",
				"name": "全家便利商店股份有限公司-復盛店",
				"address": "105臺北市松山區八德路四段４０號．４２號"
			}
		},
		{
			"type": "Feature",
			"geometry": {
				"type": "Point",
				"coordinates": [121.5424628, 25.065881]
			},
			"properties": {
				"city": "台北市",
				"name": "全家便利商店股份有限公司-復榮店",
				"address": "104臺北市中山區復興北路５１４巷３６號１樓"
			}
		},
		{
			"type": "Feature",
			"geometry": {
				"type": "Point",
				"coordinates": [121.5475871, 25.0502352]
			},
			"properties": {
				"city": "台北市",
				"name": "全家便利商店股份有限公司-敦北店",
				"address": "105臺北市松山區敦化北路４巷１６號１樓"
			}
		},
		{
			"type": "Feature",
			"geometry": {
				"type": "Point",
				"coordinates": [121.5502855, 25.0341398]
			},
			"properties": {
				"city": "台北市",
				"name": "全家便利商店股份有限公司-敦安店",
				"address": "106臺北市大安區安和路一段１１２巷２７號"
			}
		},
		{
			"type": "Feature",
			"geometry": {
				"type": "Point",
				"coordinates": [121.5483848, 25.0280392]
			},
			"properties": {
				"city": "台北市",
				"name": "全家便利商店股份有限公司-敦南店",
				"address": "106臺北市大安區敦化南路二段９８號"
			}
		},
		{
			"type": "Feature",
			"geometry": {
				"type": "Point",
				"coordinates": [121.5497145, 25.0369613]
			},
			"properties": {
				"city": "台北市",
				"name": "全家便利商店股份有限公司-敦新店",
				"address": "106臺北市大安區敦安里仁愛路四段１１２巷５號一樓"
			}
		},
		{
			"type": "Feature",
			"geometry": {
				"type": "Point",
				"coordinates": [121.5253555, 25.0567239]
			},
			"properties": {
				"city": "台北市",
				"name": "全家便利商店股份有限公司-晶華店",
				"address": "104臺北市中山區林森北路３３４號"
			}
		},
		{
			"type": "Feature",
			"geometry": {
				"type": "Point",
				"coordinates": [121.541795, 24.993073]
			},
			"properties": {
				"city": "台北市",
				"name": "全家便利商店股份有限公司-景中店",
				"address": "116臺北市文山區景中街５號，七號一樓"
			}
		},
		{
			"type": "Feature",
			"geometry": {
				"type": "Point",
				"coordinates": [121.5414987, 24.9911681]
			},
			"properties": {
				"city": "台北市",
				"name": "全家便利商店股份有限公司-景文店",
				"address": "116臺北市文山區景文街８３號"
			}
		},
		{
			"type": "Feature",
			"geometry": {
				"type": "Point",
				"coordinates": [121.5431504, 24.9920677]
			},
			"properties": {
				"city": "台北市",
				"name": "全家便利商店股份有限公司-景行店",
				"address": "116臺北市文山區景興路２０２巷１４號"
			}
		},
		{
			"type": "Feature",
			"geometry": {
				"type": "Point",
				"coordinates": [121.539907, 24.9914396]
			},
			"properties": {
				"city": "台北市",
				"name": "全家便利商店股份有限公司-景和店",
				"address": "116臺北市文山區羅斯福路六段２７４號"
			}
		},
		{
			"type": "Feature",
			"geometry": {
				"type": "Point",
				"coordinates": [121.544155, 24.9996049]
			},
			"properties": {
				"city": "台北市",
				"name": "全家便利商店股份有限公司-景興店",
				"address": "116臺北市文山區興隆路一段２４９號１樓"
			}
		},
		{
			"type": "Feature",
			"geometry": {
				"type": "Point",
				"coordinates": [121.5922369, 25.0394789]
			},
			"properties": {
				"city": "台北市",
				"name": "全家便利商店股份有限公司-港福店",
				"address": "115臺北市南港區福德街３７３巷６３號１樓"
			}
		},
		{
			"type": "Feature",
			"geometry": {
				"type": "Point",
				"coordinates": [121.5780777, 25.0821001]
			},
			"properties": {
				"city": "台北市",
				"name": "全家便利商店股份有限公司-港墘店",
				"address": "114臺北市內湖區港墘路４４號"
			}
		},
		{
			"type": "Feature",
			"geometry": {
				"type": "Point",
				"coordinates": [121.5734455, 25.0821757]
			},
			"properties": {
				"city": "台北市",
				"name": "全家便利商店股份有限公司-湖山店",
				"address": "114臺北市內湖區麗山街３４８巷１０弄２號"
			}
		},
		{
			"type": "Feature",
			"geometry": {
				"type": "Point",
				"coordinates": [121.596662, 25.0821935]
			},
			"properties": {
				"city": "台北市",
				"name": "全家便利商店股份有限公司-湖光店",
				"address": "114臺北市內湖區金湖路４９號１樓"
			}
		},
		{
			"type": "Feature",
			"geometry": {
				"type": "Point",
				"coordinates": [121.5669944, 25.0829714]
			},
			"properties": {
				"city": "台北市",
				"name": "全家便利商店股份有限公司-湖安店",
				"address": "114臺北市內湖區內湖路一段２８５巷１９號１樓"
			}
		},
		{
			"type": "Feature",
			"geometry": {
				"type": "Point",
				"coordinates": [121.5747702, 25.0781572]
			},
			"properties": {
				"city": "台北市",
				"name": "全家便利商店股份有限公司-湖運店",
				"address": "114臺北市內湖區洲子街１２號"
			}
		},
		{
			"type": "Feature",
			"geometry": {
				"type": "Point",
				"coordinates": [121.5841621, 25.0783567]
			},
			"properties": {
				"city": "台北市",
				"name": "全家便利商店股份有限公司-紫陽店",
				"address": "114臺北市內湖區文德路２１２號"
			}
		},
		{
			"type": "Feature",
			"geometry": {
				"type": "Point",
				"coordinates": [121.5250357, 25.0949521]
			},
			"properties": {
				"city": "台北市",
				"name": "全家便利商店股份有限公司-華林店",
				"address": "111臺北市士林區中正路２５３號１樓"
			}
		},
		{
			"type": "Feature",
			"geometry": {
				"type": "Point",
				"coordinates": [121.5418351, 25.1372371]
			},
			"properties": {
				"city": "台北市",
				"name": "全家便利商店股份有限公司-華崗店",
				"address": "111臺北市士林區光華路２６巷３號－２"
			}
		},
		{
			"type": "Feature",
			"geometry": {
				"type": "Point",
				"coordinates": [121.5565761, 25.0429093]
			},
			"properties": {
				"city": "台北市",
				"name": "全家便利商店股份有限公司-華視店",
				"address": "106臺北市大安區光復南路１１６巷２６號"
			}
		},
		{
			"type": "Feature",
			"geometry": {
				"type": "Point",
				"coordinates": [121.4954259, 25.0309059]
			},
			"properties": {
				"city": "台北市",
				"name": "全家便利商店股份有限公司-華園店",
				"address": "108臺北市萬華區和平里西園路二段１４０巷３２號一樓"
			}
		},
		{
			"type": "Feature",
			"geometry": {
				"type": "Point",
				"coordinates": [121.4711306, 25.1248711]
			},
			"properties": {
				"city": "台北市",
				"name": "全家便利商店股份有限公司-華碩店",
				"address": "112臺北市北投區立德路１５號"
			}
		},
		{
			"type": "Feature",
			"geometry": {
				"type": "Point",
				"coordinates": [121.5453091, 24.9953039]
			},
			"properties": {
				"city": "台北市",
				"name": "全家便利商店股份有限公司-華德店",
				"address": "116臺北市文山區景華街７５號"
			}
		},
		{
			"type": "Feature",
			"geometry": {
				"type": "Point",
				"coordinates": [121.500589, 25.0399999]
			},
			"properties": {
				"city": "台北市",
				"name": "全家便利商店股份有限公司-貴陽店",
				"address": "108臺北市萬華區貴陽街二段１８２號，１８４號"
			}
		},
		{
			"type": "Feature",
			"geometry": {
				"type": "Point",
				"coordinates": [121.5142412, 25.0458288]
			},
			"properties": {
				"city": "台北市",
				"name": "全家便利商店股份有限公司-開封店",
				"address": "100臺北市中正區開封街一段４１號１樓"
			}
		},
		{
			"type": "Feature",
			"geometry": {
				"type": "Point",
				"coordinates": [121.5143089, 25.0456892]
			},
			"properties": {
				"city": "台北市",
				"name": "全家便利商店股份有限公司-開懷店",
				"address": "100臺北市中正區黎明里懷寧街１７號１樓"
			}
		},
		{
			"type": "Feature",
			"geometry": {
				"type": "Point",
				"coordinates": [121.5654268, 25.0329636]
			},
			"properties": {
				"city": "台北市",
				"name": "全家便利商店股份有限公司-陽大店",
				"address": "臺北市立農街二段１５５號１樓"
			}
		},
		{
			"type": "Feature",
			"geometry": {
				"type": "Point",
				"coordinates": [121.5762621, 25.0751495]
			},
			"properties": {
				"city": "台北市",
				"name": "全家便利商店股份有限公司-陽光店",
				"address": "114臺北市內湖區瑞光路２１０號"
			}
		},
		{
			"type": "Feature",
			"geometry": {
				"type": "Point",
				"coordinates": [121.5550584, 24.9864277]
			},
			"properties": {
				"city": "台北市",
				"name": "全家便利商店股份有限公司-順輝店",
				"address": "116臺北市文山區光輝路７號"
			}
		},
		{
			"type": "Feature",
			"geometry": {
				"type": "Point",
				"coordinates": [121.528457, 25.0522712]
			},
			"properties": {
				"city": "台北市",
				"name": "全家便利商店股份有限公司-匯豐店",
				"address": "104臺北市中山區南京東路二段１１號"
			}
		},
		{
			"type": "Feature",
			"geometry": {
				"type": "Point",
				"coordinates": [121.5173956, 25.0253121]
			},
			"properties": {
				"city": "台北市",
				"name": "全家便利商店股份有限公司-廈門店",
				"address": "100臺北市中正區廈門街５２號"
			}
		},
		{
			"type": "Feature",
			"geometry": {
				"type": "Point",
				"coordinates": [121.546099, 25.0453402]
			},
			"properties": {
				"city": "台北市",
				"name": "全家便利商店股份有限公司-微風店",
				"address": "105臺北市松山區市民大道四段５１號１樓"
			}
		},
		{
			"type": "Feature",
			"geometry": {
				"type": "Point",
				"coordinates": [121.5851039, 25.0405906]
			},
			"properties": {
				"city": "台北市",
				"name": "全家便利商店股份有限公司-新中坡店",
				"address": "110臺北市信義區中坡南路２２９號"
			}
		},
		{
			"type": "Feature",
			"geometry": {
				"type": "Point",
				"coordinates": [121.5896983, 25.0712319]
			},
			"properties": {
				"city": "台北市",
				"name": "全家便利商店股份有限公司-新內湖店",
				"address": "114臺北市內湖區成功路２段４２０號"
			}
		},
		{
			"type": "Feature",
			"geometry": {
				"type": "Point",
				"coordinates": [121.5416676, 24.9951984]
			},
			"properties": {
				"city": "台北市",
				"name": "全家便利商店股份有限公司-新文華店",
				"address": "116台北市文山區景華街３巷２號１樓及Ｂ１"
			}
		},
		{
			"type": "Feature",
			"geometry": {
				"type": "Point",
				"coordinates": [121.5277895, 25.0505774]
			},
			"properties": {
				"city": "台北市",
				"name": "全家便利商店股份有限公司-新生店",
				"address": "104臺北市中山區正義里新生北路一段１１２號"
			}
		},
		{
			"type": "Feature",
			"geometry": {
				"type": "Point",
				"coordinates": [121.5329954, 25.0343213]
			},
			"properties": {
				"city": "台北市",
				"name": "全家便利商店股份有限公司-新生南路店",
				"address": "106臺北市大安區新生南路一段１６３號"
			}
		},
		{
			"type": "Feature",
			"geometry": {
				"type": "Point",
				"coordinates": [121.5215851, 25.0519848]
			},
			"properties": {
				"city": "台北市",
				"name": "全家便利商店股份有限公司-新光店",
				"address": "104臺北市中山區南京西路１２巷１號１樓"
			}
		},
		{
			"type": "Feature",
			"geometry": {
				"type": "Point",
				"coordinates": [121.5391478, 25.0262144]
			},
			"properties": {
				"city": "台北市",
				"name": "全家便利商店股份有限公司-新安店",
				"address": "106臺北市大安區瑞安街２７４號１樓"
			}
		},
		{
			"type": "Feature",
			"geometry": {
				"type": "Point",
				"coordinates": [121.5843122, 25.0443496]
			},
			"properties": {
				"city": "台北市",
				"name": "全家便利商店股份有限公司-新成鑫店",
				"address": "115臺北市南港區玉成街１７６巷１號"
			}
		},
		{
			"type": "Feature",
			"geometry": {
				"type": "Point",
				"coordinates": [121.5672416, 25.0417654]
			},
			"properties": {
				"city": "台北市",
				"name": "全家便利商店股份有限公司-新忠隆店",
				"address": "110臺北市信義區興雅里忠孝東路五段７１巷８號壹樓"
			}
		},
		{
			"type": "Feature",
			"geometry": {
				"type": "Point",
				"coordinates": [121.5172413, 25.0313869]
			},
			"properties": {
				"city": "台北市",
				"name": "全家便利商店股份有限公司-新昌店",
				"address": "100臺北市中正區龍福里南昌路一段４９號一樓"
			}
		},
		{
			"type": "Feature",
			"geometry": {
				"type": "Point",
				"coordinates": [121.5941906, 25.0501383]
			},
			"properties": {
				"city": "台北市",
				"name": "全家便利商店股份有限公司-新昆陽店",
				"address": "115臺北市南港區昆陽街１４５號"
			}
		},
		{
			"type": "Feature",
			"geometry": {
				"type": "Point",
				"coordinates": [121.5662001, 25.0578474]
			},
			"properties": {
				"city": "台北市",
				"name": "全家便利商店股份有限公司-新東店",
				"address": "105臺北市松山區新東街１４號"
			}
		},
		{
			"type": "Feature",
			"geometry": {
				"type": "Point",
				"coordinates": [121.5256093, 25.0675529]
			},
			"properties": {
				"city": "台北市",
				"name": "全家便利商店股份有限公司-新林森店",
				"address": "104台北市中山區林森北路６３０號１樓"
			}
		},
		{
			"type": "Feature",
			"geometry": {
				"type": "Point",
				"coordinates": [121.577116, 25.046285]
			},
			"properties": {
				"city": "台北市",
				"name": "全家便利商店股份有限公司-新松林店",
				"address": "110臺北市信義區虎林街６１－４號"
			}
		},
		{
			"type": "Feature",
			"geometry": {
				"type": "Point",
				"coordinates": [121.578007, 25.0431399]
			},
			"properties": {
				"city": "台北市",
				"name": "全家便利商店股份有限公司-新松春店",
				"address": "110臺北市信義區松山路２８１號１樓"
			}
		},
		{
			"type": "Feature",
			"geometry": {
				"type": "Point",
				"coordinates": [121.467008, 25.1205052]
			},
			"properties": {
				"city": "台北市",
				"name": "全家便利商店股份有限公司-新知行店",
				"address": "112臺北市北投區關渡里知行路２３７號"
			}
		},
		{
			"type": "Feature",
			"geometry": {
				"type": "Point",
				"coordinates": [121.5061943, 25.026197]
			},
			"properties": {
				"city": "台北市",
				"name": "全家便利商店股份有限公司-新青年店",
				"address": "108臺北市萬華區青年路６號"
			}
		},
		{
			"type": "Feature",
			"geometry": {
				"type": "Point",
				"coordinates": [121.504065, 25.044116]
			},
			"properties": {
				"city": "台北市",
				"name": "全家便利商店股份有限公司-新峨嵋店",
				"address": "108臺北市萬華區峨眉街８２號１樓"
			}
		},
		{
			"type": "Feature",
			"geometry": {
				"type": "Point",
				"coordinates": [121.5259129, 25.0582113]
			},
			"properties": {
				"city": "台北市",
				"name": "全家便利商店股份有限公司-新泰店",
				"address": "104臺北市中山區聚盛里民生東路一段４１號一樓"
			}
		},
		{
			"type": "Feature",
			"geometry": {
				"type": "Point",
				"coordinates": [121.5552639, 25.0533219]
			},
			"properties": {
				"city": "台北市",
				"name": "全家便利商店股份有限公司-新健康店",
				"address": "105臺北市松山區南京東路四段１３３巷９弄２號"
			}
		},
		{
			"type": "Feature",
			"geometry": {
				"type": "Point",
				"coordinates": [121.506428, 25.0294149]
			},
			"properties": {
				"city": "台北市",
				"name": "全家便利商店股份有限公司-新惠安店",
				"address": "100台北市中正區中華路二段３０７巷４６號"
			}
		},
		{
			"type": "Feature",
			"geometry": {
				"type": "Point",
				"coordinates": [121.5825318, 25.0647719]
			},
			"properties": {
				"city": "台北市",
				"name": "全家便利商店股份有限公司-新湖店",
				"address": "114臺北市內湖區新湖二路２５０巷８號１樓"
			}
		},
		{
			"type": "Feature",
			"geometry": {
				"type": "Point",
				"coordinates": [121.5588881, 25.0333083]
			},
			"properties": {
				"city": "台北市",
				"name": "全家便利商店股份有限公司-新貿店",
				"address": "110臺北市信義區信義路四段４０７號壹樓"
			}
		},
		{
			"type": "Feature",
			"geometry": {
				"type": "Point",
				"coordinates": [121.5231742, 25.0945401]
			},
			"properties": {
				"city": "台北市",
				"name": "全家便利商店股份有限公司-新陽明店",
				"address": "111臺北市士林區中正路３２９號"
			}
		},
		{
			"type": "Feature",
			"geometry": {
				"type": "Point",
				"coordinates": [121.5638545, 25.0811972]
			},
			"properties": {
				"city": "台北市",
				"name": "全家便利商店股份有限公司-新瑞店",
				"address": "114臺北市內湖區堤頂大道２段４０７巷２６號一樓"
			}
		},
		{
			"type": "Feature",
			"geometry": {
				"type": "Point",
				"coordinates": [121.5261229, 25.0648013]
			},
			"properties": {
				"city": "台北市",
				"name": "全家便利商店股份有限公司-新農店",
				"address": "104臺北市中山區恆安里農安街２６之３號一樓"
			}
		},
		{
			"type": "Feature",
			"geometry": {
				"type": "Point",
				"coordinates": [121.5572739, 25.0563029]
			},
			"properties": {
				"city": "台北市",
				"name": "全家便利商店股份有限公司-新壽店",
				"address": "105臺北市松山區龍田里延壽街４００號１樓"
			}
		},
		{
			"type": "Feature",
			"geometry": {
				"type": "Point",
				"coordinates": [121.5095852, 25.115361]
			},
			"properties": {
				"city": "台北市",
				"name": "全家便利商店股份有限公司-新實店",
				"address": "112臺北市北投區吉利里實踐街５１號１樓"
			}
		},
		{
			"type": "Feature",
			"geometry": {
				"type": "Point",
				"coordinates": [121.5499266, 25.0036208]
			},
			"properties": {
				"city": "台北市",
				"name": "全家便利商店股份有限公司-新福興店",
				"address": "116臺北市文山區福興路６５號"
			}
		},
		{
			"type": "Feature",
			"geometry": {
				"type": "Point",
				"coordinates": [121.5491688, 25.0256003]
			},
			"properties": {
				"city": "台北市",
				"name": "全家便利商店股份有限公司-新遠企店",
				"address": "106臺北市大安區敦化南路二段２６１號"
			}
		},
		{
			"type": "Feature",
			"geometry": {
				"type": "Point",
				"coordinates": [121.5247074, 25.0665771]
			},
			"properties": {
				"city": "台北市",
				"name": "全家便利商店股份有限公司-新德城店",
				"address": "104台北市中山區德惠街１６－７號"
			}
		},
		{
			"type": "Feature",
			"geometry": {
				"type": "Point",
				"coordinates": [121.5292675, 25.0647275]
			},
			"properties": {
				"city": "台北市",
				"name": "全家便利商店股份有限公司-新稻江店",
				"address": "104台北市中山區農安街８６號１樓"
			}
		},
		{
			"type": "Feature",
			"geometry": {
				"type": "Point",
				"coordinates": [121.5112233, 25.0644083]
			},
			"properties": {
				"city": "台北市",
				"name": "全家便利商店股份有限公司-新橋店",
				"address": "103臺北市大同區延平北路三段２５之３號"
			}
		},
		{
			"type": "Feature",
			"geometry": {
				"type": "Point",
				"coordinates": [121.491753, 25.026526]
			},
			"properties": {
				"city": "台北市",
				"name": "全家便利商店股份有限公司-新興義店",
				"address": "108臺北市萬華區和德里興義街４１號１樓"
			}
		},
		{
			"type": "Feature",
			"geometry": {
				"type": "Point",
				"coordinates": [121.5103478, 25.0271819]
			},
			"properties": {
				"city": "台北市",
				"name": "全家便利商店股份有限公司-新龍口店",
				"address": "100台北市中正區汀州路一段２４４號"
			}
		},
		{
			"type": "Feature",
			"geometry": {
				"type": "Point",
				"coordinates": [121.567549, 25.0793533]
			},
			"properties": {
				"city": "台北市",
				"name": "全家便利商店股份有限公司-瑞光店",
				"address": "114臺北市內湖區瑞光路５１０號１樓"
			}
		},
		{
			"type": "Feature",
			"geometry": {
				"type": "Point",
				"coordinates": [121.5416949, 25.0265132]
			},
			"properties": {
				"city": "台北市",
				"name": "全家便利商店股份有限公司-瑞和店",
				"address": "106臺北市大安區瑞安街１３５巷２８號１樓"
			}
		},
		{
			"type": "Feature",
			"geometry": {
				"type": "Point",
				"coordinates": [121.5704212, 25.080028]
			},
			"properties": {
				"city": "台北市",
				"name": "全家便利商店股份有限公司-瑞湖店",
				"address": "114臺北市內湖區港墘里瑞光路５１３巷３９號１樓"
			}
		},
		{
			"type": "Feature",
			"geometry": {
				"type": "Point",
				"coordinates": [121.5834658, 25.077241]
			},
			"properties": {
				"city": "台北市",
				"name": "全家便利商店股份有限公司-瑞陽店",
				"address": "114臺北市內湖區文德路９０巷４９號"
			}
		},
		{
			"type": "Feature",
			"geometry": {
				"type": "Point",
				"coordinates": [121.520964, 25.0575635]
			},
			"properties": {
				"city": "台北市",
				"name": "全家便利商店股份有限公司-萬全店",
				"address": "103臺北市大同區民生西路６３號"
			}
		},
		{
			"type": "Feature",
			"geometry": {
				"type": "Point",
				"coordinates": [121.5706118, 25.0012613]
			},
			"properties": {
				"city": "台北市",
				"name": "全家便利商店股份有限公司-萬安店",
				"address": "116臺北市文山區萬安街１７號"
			}
		},
		{
			"type": "Feature",
			"geometry": {
				"type": "Point",
				"coordinates": [121.5062825, 25.0435287]
			},
			"properties": {
				"city": "台北市",
				"name": "全家便利商店股份有限公司-萬年店",
				"address": "108臺北市萬華區西寧南路１５５號１樓"
			}
		},
		{
			"type": "Feature",
			"geometry": {
				"type": "Point",
				"coordinates": [121.5369143, 25.0021667]
			},
			"properties": {
				"city": "台北市",
				"name": "全家便利商店股份有限公司-萬和店",
				"address": "116臺北市文山區羅斯福路五段２１８巷３８弄２號１樓"
			}
		},
		{
			"type": "Feature",
			"geometry": {
				"type": "Point",
				"coordinates": [121.5078445, 25.043529]
			},
			"properties": {
				"city": "台北市",
				"name": "全家便利商店股份有限公司-萬國店",
				"address": "108臺北市萬華區峨嵋街２１號１樓"
			}
		},
		{
			"type": "Feature",
			"geometry": {
				"type": "Point",
				"coordinates": [121.539501, 25.0011593]
			},
			"properties": {
				"city": "台北市",
				"name": "全家便利商店股份有限公司-萬隆店",
				"address": "116臺北市文山區萬祥里羅斯福路五段２６３號一樓"
			}
		},
		{
			"type": "Feature",
			"geometry": {
				"type": "Point",
				"coordinates": [121.5441487, 25.0334514]
			},
			"properties": {
				"city": "台北市",
				"name": "全家便利商店股份有限公司-義興店",
				"address": "106臺北市大安區信義路４段１之１０．１之１１號"
			}
		},
		{
			"type": "Feature",
			"geometry": {
				"type": "Point",
				"coordinates": [121.5119669, 25.0846343]
			},
			"properties": {
				"city": "台北市",
				"name": "全家便利商店股份有限公司-葫東店",
				"address": "111臺北市士林區葫東里重慶北路四段１８８號一樓"
			}
		},
		{
			"type": "Feature",
			"geometry": {
				"type": "Point",
				"coordinates": [121.5094847, 25.0855964]
			},
			"properties": {
				"city": "台北市",
				"name": "全家便利商店股份有限公司-葫蘆店",
				"address": "111臺北市士林區延平北路五段２８３之１號"
			}
		},
		{
			"type": "Feature",
			"geometry": {
				"type": "Point",
				"coordinates": [121.5474145, 24.9871516]
			},
			"properties": {
				"city": "台北市",
				"name": "全家便利商店股份有限公司-試院店",
				"address": "116臺北市文山區木柵路一段９１號９３號一樓"
			}
		},
		{
			"type": "Feature",
			"geometry": {
				"type": "Point",
				"coordinates": [121.5348795, 25.0647884]
			},
			"properties": {
				"city": "台北市",
				"name": "全家便利商店股份有限公司-農安店",
				"address": "104臺北市中山區農安街２４９號"
			}
		},
		{
			"type": "Feature",
			"geometry": {
				"type": "Point",
				"coordinates": [121.5150634, 25.0558713]
			},
			"properties": {
				"city": "台北市",
				"name": "全家便利商店股份有限公司-寧夏店",
				"address": "103臺北市大同區寧夏路２８，３０，２８—１，２８—２號"
			}
		},
		{
			"type": "Feature",
			"geometry": {
				"type": "Point",
				"coordinates": [121.53819, 25.0655009]
			},
			"properties": {
				"city": "台北市",
				"name": "全家便利商店股份有限公司-榮濱店",
				"address": "104臺北市中山區民族東路４１０巷２４號１樓"
			}
		},
		{
			"type": "Feature",
			"geometry": {
				"type": "Point",
				"coordinates": [121.507356, 25.041701]
			},
			"properties": {
				"city": "台北市",
				"name": "全家便利商店股份有限公司-漢中店",
				"address": "108臺北市萬華區漢中街１３９號１樓"
			}
		},
		{
			"type": "Feature",
			"geometry": {
				"type": "Point",
				"coordinates": [121.5734137, 25.0809149]
			},
			"properties": {
				"city": "台北市",
				"name": "全家便利商店股份有限公司-碧湖店",
				"address": "114臺北市內湖區內湖路一段５９３號一樓及地下室"
			}
		},
		{
			"type": "Feature",
			"geometry": {
				"type": "Point",
				"coordinates": [121.5198761, 25.0501416]
			},
			"properties": {
				"city": "台北市",
				"name": "全家便利商店股份有限公司-福安店",
				"address": "103臺北市大同區長安西路５４號１樓"
			}
		},
		{
			"type": "Feature",
			"geometry": {
				"type": "Point",
				"coordinates": [121.5260105, 25.0952025]
			},
			"properties": {
				"city": "台北市",
				"name": "全家便利商店股份有限公司-福林店",
				"address": "111臺北市士林區福林里中正路２３３號，２３３之１號"
			}
		},
		{
			"type": "Feature",
			"geometry": {
				"type": "Point",
				"coordinates": [121.5243557, 25.0579617]
			},
			"properties": {
				"city": "台北市",
				"name": "全家便利商店股份有限公司-福泰店",
				"address": "104臺北市中山區民生東路一段３６號１樓"
			}
		},
		{
			"type": "Feature",
			"geometry": {
				"type": "Point",
				"coordinates": [121.5303413, 25.0330213]
			},
			"properties": {
				"city": "台北市",
				"name": "全家便利商店股份有限公司-福康店",
				"address": "106臺北市大安區信義路２段１９８巷６號一樓及地下室"
			}
		},
		{
			"type": "Feature",
			"geometry": {
				"type": "Point",
				"coordinates": [121.5177708, 25.0851774]
			},
			"properties": {
				"city": "台北市",
				"name": "全家便利商店股份有限公司-福港店",
				"address": "111臺北市士林區前港街１２６號"
			}
		},
		{
			"type": "Feature",
			"geometry": {
				"type": "Point",
				"coordinates": [121.5158296, 25.0627463]
			},
			"properties": {
				"city": "台北市",
				"name": "全家便利商店股份有限公司-福澤店",
				"address": "103臺北市大同區民權西路１４６號"
			}
		},
		{
			"type": "Feature",
			"geometry": {
				"type": "Point",
				"coordinates": [121.5166002, 25.0299998]
			},
			"properties": {
				"city": "台北市",
				"name": "全家便利商店股份有限公司-福嶺店",
				"address": "100臺北市中正區牯嶺街４３號１樓"
			}
		},
		{
			"type": "Feature",
			"geometry": {
				"type": "Point",
				"coordinates": [121.566795, 25.0782257]
			},
			"properties": {
				"city": "台北市",
				"name": "全家便利商店股份有限公司-精英店",
				"address": "114臺北市內湖區堤頂大道二段２４１號壹樓"
			}
		},
		{
			"type": "Feature",
			"geometry": {
				"type": "Point",
				"coordinates": [121.4923829, 25.0328778]
			},
			"properties": {
				"city": "台北市",
				"name": "全家便利商店股份有限公司-綠堤店",
				"address": "108臺北市萬華區環河南路二段１７３號"
			}
		},
		{
			"type": "Feature",
			"geometry": {
				"type": "Point",
				"coordinates": [121.5251465, 25.0616084]
			},
			"properties": {
				"city": "台北市",
				"name": "全家便利商店股份有限公司-聚葉店",
				"address": "104臺北市中山區中山北路二段１３７巷３４號１樓"
			}
		},
		{
			"type": "Feature",
			"geometry": {
				"type": "Point",
				"coordinates": [121.540634, 25.0189591]
			},
			"properties": {
				"city": "台北市",
				"name": "全家便利商店股份有限公司-臺二店",
				"address": "106臺北市大安區羅斯福路四段１號第一學生活動中心側邊"
			}
		},
		{
			"type": "Feature",
			"geometry": {
				"type": "Point",
				"coordinates": [121.536638, 25.0129394]
			},
			"properties": {
				"city": "台北市",
				"name": "全家便利商店股份有限公司-臺大二活店",
				"address": "106臺北市大安區羅斯福路四段８５號（第二學生活動中心）"
			}
		},
		{
			"type": "Feature",
			"geometry": {
				"type": "Point",
				"coordinates": [121.5426647, 25.0128656]
			},
			"properties": {
				"city": "台北市",
				"name": "全家便利商店股份有限公司-臺科大店",
				"address": "106臺北市大安區基隆路４段４３號地下一樓（活動中心地下"
			}
		},
		{
			"type": "Feature",
			"geometry": {
				"type": "Point",
				"coordinates": [121.5288402, 25.0258876]
			},
			"properties": {
				"city": "台北市",
				"name": "全家便利商店股份有限公司-臺師大店",
				"address": "106臺北市大安區師大路９號地下一樓（男一舍）"
			}
		},
		{
			"type": "Feature",
			"geometry": {
				"type": "Point",
				"coordinates": [121.5512906, 25.0475684]
			},
			"properties": {
				"city": "台北市",
				"name": "全家便利商店股份有限公司-臺視店",
				"address": "105臺北市松山區八德路三段１２巷５弄２號"
			}
		},
		{
			"type": "Feature",
			"geometry": {
				"type": "Point",
				"coordinates": [121.5335072, 25.0189161]
			},
			"properties": {
				"city": "台北市",
				"name": "全家便利商店股份有限公司-臺新店",
				"address": "106臺北市大安區新生南路三段８４之８號"
			}
		},
		{
			"type": "Feature",
			"geometry": {
				"type": "Point",
				"coordinates": [121.5206943, 25.0405703]
			},
			"properties": {
				"city": "台北市",
				"name": "全家便利商店股份有限公司-臺醫店",
				"address": "100臺北市中正區中山南路７號１樓"
			}
		},
		{
			"type": "Feature",
			"geometry": {
				"type": "Point",
				"coordinates": [121.5266401, 25.0415983]
			},
			"properties": {
				"city": "台北市",
				"name": "全家便利商店股份有限公司-齊東店",
				"address": "100臺北市中正區濟南路二段３號之７，一樓"
			}
		},
		{
			"type": "Feature",
			"geometry": {
				"type": "Point",
				"coordinates": [121.5540912, 25.0463718]
			},
			"properties": {
				"city": "台北市",
				"name": "全家便利商店股份有限公司-德光店",
				"address": "105臺北市松山區八德路三段１０６巷６０號"
			}
		},
		{
			"type": "Feature",
			"geometry": {
				"type": "Point",
				"coordinates": [121.5282137, 25.1078855]
			},
			"properties": {
				"city": "台北市",
				"name": "全家便利商店股份有限公司-德行店",
				"address": "111臺北市士林區德行東路１０９巷３號"
			}
		},
		{
			"type": "Feature",
			"geometry": {
				"type": "Point",
				"coordinates": [121.5302879, 25.0666839]
			},
			"properties": {
				"city": "台北市",
				"name": "全家便利商店股份有限公司-德惠店",
				"address": "104臺北市中山區吉林路４４８號"
			}
		},
		{
			"type": "Feature",
			"geometry": {
				"type": "Point",
				"coordinates": [121.544857, 25.052626]
			},
			"properties": {
				"city": "台北市",
				"name": "全家便利商店股份有限公司-慶城店",
				"address": "105臺北市松山區中正里慶城街８號"
			}
		},
		{
			"type": "Feature",
			"geometry": {
				"type": "Point",
				"coordinates": [121.5139332, 25.0626086]
			},
			"properties": {
				"city": "台北市",
				"name": "全家便利商店股份有限公司-慶權店",
				"address": "103臺北市大同區重慶北路二段２６３號１樓"
			}
		},
		{
			"type": "Feature",
			"geometry": {
				"type": "Point",
				"coordinates": [121.5164077, 25.0454475]
			},
			"properties": {
				"city": "台北市",
				"name": "全家便利商店股份有限公司-摩天店",
				"address": "100臺北市中正區許昌街２６號"
			}
		},
		{
			"type": "Feature",
			"geometry": {
				"type": "Point",
				"coordinates": [121.5209178, 25.0635447]
			},
			"properties": {
				"city": "台北市",
				"name": "全家便利商店股份有限公司-撫順店",
				"address": "104臺北市中山區撫順街１２之２號１樓"
			}
		},
		{
			"type": "Feature",
			"geometry": {
				"type": "Point",
				"coordinates": [121.5660248, 25.0621777]
			},
			"properties": {
				"city": "台北市",
				"name": "全家便利商店股份有限公司-撫遠店",
				"address": "105臺北市松山區新東街６０巷１７號"
			}
		},
		{
			"type": "Feature",
			"geometry": {
				"type": "Point",
				"coordinates": [121.553579, 25.0283326]
			},
			"properties": {
				"city": "台北市",
				"name": "全家便利商店股份有限公司-樂利店",
				"address": "106臺北市大安區通化街１６８號之２號"
			}
		},
		{
			"type": "Feature",
			"geometry": {
				"type": "Point",
				"coordinates": [121.5584684, 25.0795347]
			},
			"properties": {
				"city": "台北市",
				"name": "全家便利商店股份有限公司-樂群店",
				"address": "104臺北市中山區樂群二路１８６號"
			}
		},
		{
			"type": "Feature",
			"geometry": {
				"type": "Point",
				"coordinates": [121.5439589, 25.0390985]
			},
			"properties": {
				"city": "台北市",
				"name": "全家便利商店股份有限公司-興仁店",
				"address": "106臺北市大安區復興南路一段２１７號"
			}
		},
		{
			"type": "Feature",
			"geometry": {
				"type": "Point",
				"coordinates": [121.5450632, 25.0635246]
			},
			"properties": {
				"city": "台北市",
				"name": "全家便利商店股份有限公司-興北店",
				"address": "105臺北市松山區民權東路三段１０３巷１５—１號"
			}
		},
		{
			"type": "Feature",
			"geometry": {
				"type": "Point",
				"coordinates": [121.5423073, 25.0562159]
			},
			"properties": {
				"city": "台北市",
				"name": "全家便利商店股份有限公司-興安店",
				"address": "104臺北市中山區興安街５７號"
			}
		},
		{
			"type": "Feature",
			"geometry": {
				"type": "Point",
				"coordinates": [121.5437845, 25.028253]
			},
			"properties": {
				"city": "台北市",
				"name": "全家便利商店股份有限公司-興和店",
				"address": "106臺北市大安區復興南路二段１５３號"
			}
		},
		{
			"type": "Feature",
			"geometry": {
				"type": "Point",
				"coordinates": [121.5434452, 25.0397231]
			},
			"properties": {
				"city": "台北市",
				"name": "全家便利商店股份有限公司-興忠店",
				"address": "106臺北市大安區復興南路一段２００號"
			}
		},
		{
			"type": "Feature",
			"geometry": {
				"type": "Point",
				"coordinates": [121.5589621, 25.0066233]
			},
			"properties": {
				"city": "台北市",
				"name": "全家便利商店股份有限公司-興昌店",
				"address": "116臺北市文山區辛亥路４段１０１巷１號"
			}
		},
		{
			"type": "Feature",
			"geometry": {
				"type": "Point",
				"coordinates": [121.5498343, 25.0009841]
			},
			"properties": {
				"city": "台北市",
				"name": "全家便利商店股份有限公司-興欣店",
				"address": "116臺北市文山區興隆路二段２０５號"
			}
		},
		{
			"type": "Feature",
			"geometry": {
				"type": "Point",
				"coordinates": [121.543369, 25.032853]
			},
			"properties": {
				"city": "台北市",
				"name": "全家便利商店股份有限公司-興南店",
				"address": "106臺北市大安區復興南路二段８，１０號"
			}
		},
		{
			"type": "Feature",
			"geometry": {
				"type": "Point",
				"coordinates": [121.5608274, 24.9864382]
			},
			"properties": {
				"city": "台北市",
				"name": "全家便利商店股份有限公司-興崙店",
				"address": "116臺北市文山區興隆路四段５０之１號"
			}
		},
		{
			"type": "Feature",
			"geometry": {
				"type": "Point",
				"coordinates": [121.5853115, 25.0574269]
			},
			"properties": {
				"city": "台北市",
				"name": "全家便利商店股份有限公司-興盛店",
				"address": "114臺北市內湖區新明路１８２號"
			}
		},
		{
			"type": "Feature",
			"geometry": {
				"type": "Point",
				"coordinates": [121.6056456, 25.0559319]
			},
			"properties": {
				"city": "台北市",
				"name": "全家便利商店股份有限公司-興華店",
				"address": "115臺北市南港區興華路８６號"
			}
		},
		{
			"type": "Feature",
			"geometry": {
				"type": "Point",
				"coordinates": [121.575266, 25.036015]
			},
			"properties": {
				"city": "台北市",
				"name": "全家便利商店股份有限公司-興雅店",
				"address": "110臺北市信義區虎林街２２２巷７９號"
			}
		},
		{
			"type": "Feature",
			"geometry": {
				"type": "Point",
				"coordinates": [121.5522718, 25.0004351]
			},
			"properties": {
				"city": "台北市",
				"name": "全家便利商店股份有限公司-興園店",
				"address": "116臺北市文山區興業里興隆路二段２２０巷３３號"
			}
		},
		{
			"type": "Feature",
			"geometry": {
				"type": "Point",
				"coordinates": [121.552673, 25.0016911]
			},
			"properties": {
				"city": "台北市",
				"name": "全家便利商店股份有限公司-興業店",
				"address": "116臺北市文山區興隆路二段２７９號"
			}
		},
		{
			"type": "Feature",
			"geometry": {
				"type": "Point",
				"coordinates": [121.5436338, 25.0454516]
			},
			"properties": {
				"city": "台北市",
				"name": "全家便利商店股份有限公司-興德店",
				"address": "104臺北市中山區復興南路一段３８號"
			}
		},
		{
			"type": "Feature",
			"geometry": {
				"type": "Point",
				"coordinates": [121.5380063, 25.0843259]
			},
			"properties": {
				"city": "台北市",
				"name": "全家便利商店股份有限公司-衡山店",
				"address": "104臺北市中山區通北街１１１號"
			}
		},
		{
			"type": "Feature",
			"geometry": {
				"type": "Point",
				"coordinates": [121.532221, 25.0604313]
			},
			"properties": {
				"city": "台北市",
				"name": "全家便利商店股份有限公司-錦江店",
				"address": "104臺北市中山區錦州街２１５號"
			}
		},
		{
			"type": "Feature",
			"geometry": {
				"type": "Point",
				"coordinates": [121.5217006, 25.0601543]
			},
			"properties": {
				"city": "台北市",
				"name": "全家便利商店股份有限公司-錦西店",
				"address": "104臺北市中山區錦西街８號"
			}
		},
		{
			"type": "Feature",
			"geometry": {
				"type": "Point",
				"coordinates": [121.5290321, 25.0609303]
			},
			"properties": {
				"city": "台北市",
				"name": "全家便利商店股份有限公司-錦原店",
				"address": "104臺北市中山區中原街１０１號１樓"
			}
		},
		{
			"type": "Feature",
			"geometry": {
				"type": "Point",
				"coordinates": [121.5465889, 24.999295]
			},
			"properties": {
				"city": "台北市",
				"name": "全家便利商店股份有限公司-靜心店",
				"address": "116臺北市文山區興隆路二段７３號"
			}
		},
		{
			"type": "Feature",
			"geometry": {
				"type": "Point",
				"coordinates": [121.5326352, 25.0157947]
			},
			"properties": {
				"city": "台北市",
				"name": "全家便利商店股份有限公司-館中店",
				"address": "100臺北市中正區羅斯福路三段３１６巷８弄１號１樓"
			}
		},
		{
			"type": "Feature",
			"geometry": {
				"type": "Point",
				"coordinates": [121.5334554, 25.0420032]
			},
			"properties": {
				"city": "台北市",
				"name": "全家便利商店股份有限公司-龍普店",
				"address": "106臺北市大安區忠孝東路４段１７０巷６弄２號"
			}
		},
		{
			"type": "Feature",
			"geometry": {
				"type": "Point",
				"coordinates": [121.5360687, 25.0664099]
			},
			"properties": {
				"city": "台北市",
				"name": "全家便利商店股份有限公司-濱江店",
				"address": "104臺北市中山區建國北路三段１１１號１樓"
			}
		},
		{
			"type": "Feature",
			"geometry": {
				"type": "Point",
				"coordinates": [121.5656792, 25.0828119]
			},
			"properties": {
				"city": "台北市",
				"name": "全家便利商店股份有限公司-環山店",
				"address": "114臺北市內湖區環山路一段５號"
			}
		},
		{
			"type": "Feature",
			"geometry": {
				"type": "Point",
				"coordinates": [121.49071, 25.031562]
			},
			"properties": {
				"city": "台北市",
				"name": "全家便利商店股份有限公司-環南店",
				"address": "108臺北市萬華區環河南路二段２９８號"
			}
		},
		{
			"type": "Feature",
			"geometry": {
				"type": "Point",
				"coordinates": [121.5737541, 25.0851256]
			},
			"properties": {
				"city": "台北市",
				"name": "全家便利商店股份有限公司-環德店",
				"address": "114臺北市內湖區港華里環山路二段５５號１樓"
			}
		},
		{
			"type": "Feature",
			"geometry": {
				"type": "Point",
				"coordinates": [121.5260067, 25.1183609]
			},
			"properties": {
				"city": "台北市",
				"name": "全家便利商店股份有限公司-磺溪店",
				"address": "111臺北市士林區天母西路４０－１號"
			}
		},
		{
			"type": "Feature",
			"geometry": {
				"type": "Point",
				"coordinates": [121.5635706, 25.0423248]
			},
			"properties": {
				"city": "台北市",
				"name": "全家便利商店股份有限公司-聯合店",
				"address": "110臺北市信義區忠孝東路四段５５３巷６弄１７號１樓"
			}
		},
		{
			"type": "Feature",
			"geometry": {
				"type": "Point",
				"coordinates": [121.5462947, 25.0569235]
			},
			"properties": {
				"city": "台北市",
				"name": "全家便利商店股份有限公司-豐禾店",
				"address": "105臺北市松山區民生東路三段１３０巷５弄２號"
			}
		},
		{
			"type": "Feature",
			"geometry": {
				"type": "Point",
				"coordinates": [121.5459703, 25.0587167]
			},
			"properties": {
				"city": "台北市",
				"name": "全家便利商店股份有限公司-豐華店",
				"address": "105臺北市松山區民生東路三段１１３巷６弄１號一樓"
			}
		},
		{
			"type": "Feature",
			"geometry": {
				"type": "Point",
				"coordinates": [121.5471293, 25.0569233]
			},
			"properties": {
				"city": "台北市",
				"name": "全家便利商店股份有限公司-豐興店",
				"address": "105臺北市松山區民生東路三段１３０巷５弄２２號"
			}
		},
		{
			"type": "Feature",
			"geometry": {
				"type": "Point",
				"coordinates": [121.5242378, 25.0645611]
			},
			"properties": {
				"city": "台北市",
				"name": "全家便利商店股份有限公司-雙城店",
				"address": "104臺北市中山區雙城街１２之１號"
			}
		},
		{
			"type": "Feature",
			"geometry": {
				"type": "Point",
				"coordinates": [121.5244775, 25.063034]
			},
			"properties": {
				"city": "台北市",
				"name": "全家便利商店股份有限公司-雙權店",
				"address": "104臺北市中山區雙城街１號１樓"
			}
		},
		{
			"type": "Feature",
			"geometry": {
				"type": "Point",
				"coordinates": [121.544113, 25.034036]
			},
			"properties": {
				"city": "台北市",
				"name": "全家便利商店股份有限公司-懷生店",
				"address": "106臺北市大安區復興南路１段７０號"
			}
		},
		{
			"type": "Feature",
			"geometry": {
				"type": "Point",
				"coordinates": [121.521944, 25.0281109]
			},
			"properties": {
				"city": "台北市",
				"name": "全家便利商店股份有限公司-羅中店",
				"address": "106臺北市大安區羅斯福路二段１７號１Ｆ"
			}
		},
		{
			"type": "Feature",
			"geometry": {
				"type": "Point",
				"coordinates": [121.579124, 25.0804634]
			},
			"properties": {
				"city": "台北市",
				"name": "全家便利商店股份有限公司-麗山店",
				"address": "114臺北市內湖區內湖路一段７３７巷４９號"
			}
		},
		{
			"type": "Feature",
			"geometry": {
				"type": "Point",
				"coordinates": [121.4932876, 25.0272176]
			},
			"properties": {
				"city": "台北市",
				"name": "全家便利商店股份有限公司-寶元店",
				"address": "108臺北市萬華區寶興街４０號"
			}
		},
		{
			"type": "Feature",
			"geometry": {
				"type": "Point",
				"coordinates": [121.5727214, 25.0497121]
			},
			"properties": {
				"city": "台北市",
				"name": "全家便利商店股份有限公司-寶清店",
				"address": "105臺北市松山區八德路四段５９８號１樓"
			}
		},
		{
			"type": "Feature",
			"geometry": {
				"type": "Point",
				"coordinates": [121.509581, 25.041816]
			},
			"properties": {
				"city": "台北市",
				"name": "全家便利商店股份有限公司-寶慶店",
				"address": "100臺北市中正區延平南路１１１號"
			}
		},
		{
			"type": "Feature",
			"geometry": {
				"type": "Point",
				"coordinates": [121.4941988, 25.0261289]
			},
			"properties": {
				"city": "台北市",
				"name": "全家便利商店股份有限公司-寶興店",
				"address": "108臺北市萬華區寶興街７８號"
			}
		},
		{
			"type": "Feature",
			"geometry": {
				"type": "Point",
				"coordinates": [121.5160023, 25.0705739]
			},
			"properties": {
				"city": "台北市",
				"name": "全家便利商店股份有限公司-蘭州店",
				"address": "103臺北市大同區大龍街２１７號１樓"
			}
		},
		{
			"type": "Feature",
			"geometry": {
				"type": "Point",
				"coordinates": [121.5298481, 25.110884]
			},
			"properties": {
				"city": "台北市",
				"name": "全家便利商店股份有限公司-蘭雅店",
				"address": "111臺北市士林區忠誠路二段５０巷１０號"
			}
		},
		{
			"type": "Feature",
			"geometry": {
				"type": "Point",
				"coordinates": [121.5626602, 24.9845533]
			},
			"properties": {
				"city": "台北市",
				"name": "全家便利商店股份有限公司-鑫順店",
				"address": "116台北市文山區忠順街二段１６號"
			}
		},
		{
			"type": "Feature",
			"geometry": {
				"type": "Point",
				"coordinates": [121.5588397, 25.0583197]
			},
			"properties": {
				"city": "台北市",
				"name": "全國電子股份有公司台北市第二十六分公司",
				"address": "105臺北市松山區民生東路五段72號"
			}
		},
		{
			"type": "Feature",
			"geometry": {
				"type": "Point",
				"coordinates": [121.5604704, 24.9817788]
			},
			"properties": {
				"city": "台北市",
				"name": "全國電子股份有公司台北市第三十七分公司全國電子台北木新門市",
				"address": "116臺北市文山區木新路三段180號1樓"
			}
		},
		{
			"type": "Feature",
			"geometry": {
				"type": "Point",
				"coordinates": [121.5150576, 25.0721283]
			},
			"properties": {
				"city": "台北市",
				"name": "全國電子股份有公司台北市第三十三分公司",
				"address": "103臺北市大同區酒泉街111號"
			}
		},
		{
			"type": "Feature",
			"geometry": {
				"type": "Point",
				"coordinates": [121.5105517, 25.0813452]
			},
			"properties": {
				"city": "台北市",
				"name": "全國電子股份有公司台北市第五十分公司",
				"address": "111台北市士林區延平北路五段250.252號"
			}
		},
		{
			"type": "Feature",
			"geometry": {
				"type": "Point",
				"coordinates": [121.5374247, 25.0598057]
			},
			"properties": {
				"city": "台北市",
				"name": "全國電子股份有公司台北市第四十七分公司",
				"address": "105臺北市松山區建國北路二段123號"
			}
		},
		{
			"type": "Feature",
			"geometry": {
				"type": "Point",
				"coordinates": [121.5444468, 25.0596784]
			},
			"properties": {
				"city": "台北市",
				"name": "全國電子股份有公司台北市第四十九分公司",
				"address": "105台北市松山區復興北路331號"
			}
		},
		{
			"type": "Feature",
			"geometry": {
				"type": "Point",
				"coordinates": [121.5325588, 25.0398474]
			},
			"properties": {
				"city": "台北市",
				"name": "全國電子股份有公司台北市第四十八分公司",
				"address": "100臺北市中正區新生南路一段102號"
			}
		},
		{
			"type": "Feature",
			"geometry": {
				"type": "Point",
				"coordinates": [121.475307, 25.1328975]
			},
			"properties": {
				"city": "台北市",
				"name": "全國電子股份有限公司台北市第一分公司",
				"address": "112臺北市北投區中央北路1段138號"
			}
		},
		{
			"type": "Feature",
			"geometry": {
				"type": "Point",
				"coordinates": [121.566819, 25.0405415]
			},
			"properties": {
				"city": "台北市",
				"name": "全國電子股份有限公司台北市第七分公司",
				"address": "115臺北市南港區忠孝東路5段984號"
			}
		},
		{
			"type": "Feature",
			"geometry": {
				"type": "Point",
				"coordinates": [121.5940414, 25.0832559]
			},
			"properties": {
				"city": "台北市",
				"name": "全國電子股份有限公司台北市第九分公司",
				"address": "114臺北市內湖區成功路4段155號"
			}
		},
		{
			"type": "Feature",
			"geometry": {
				"type": "Point",
				"coordinates": [121.5063704, 25.0272473]
			},
			"properties": {
				"city": "台北市",
				"name": "全國電子股份有限公司台北市第二十一分公司",
				"address": "108臺北市萬華區中華路二段436號"
			}
		},
		{
			"type": "Feature",
			"geometry": {
				"type": "Point",
				"coordinates": [121.5243359, 25.0240214]
			},
			"properties": {
				"city": "台北市",
				"name": "全國電子股份有限公司台北市第二十七分公司",
				"address": "100臺北市中正區南昌路2段206號"
			}
		},
		{
			"type": "Feature",
			"geometry": {
				"type": "Point",
				"coordinates": [121.504239, 25.1370315]
			},
			"properties": {
				"city": "台北市",
				"name": "全國電子股份有限公司台北市第二十九分公司",
				"address": "112臺北市北投區泉源路12-1號"
			}
		},
		{
			"type": "Feature",
			"geometry": {
				"type": "Point",
				"coordinates": [121.513571, 25.0571316]
			},
			"properties": {
				"city": "台北市",
				"name": "全國電子股份有限公司台北市第二十二分公司",
				"address": "103臺北市大同區重慶北路2段100-106號"
			}
		},
		{
			"type": "Feature",
			"geometry": {
				"type": "Point",
				"coordinates": [121.5260764, 25.1191574]
			},
			"properties": {
				"city": "台北市",
				"name": "全國電子股份有限公司台北市第二十八分公司",
				"address": "111臺北市士林區天母北路8號"
			}
		},
		{
			"type": "Feature",
			"geometry": {
				"type": "Point",
				"coordinates": [121.524655, 25.0953709]
			},
			"properties": {
				"city": "台北市",
				"name": "全國電子股份有限公司台北市第二十三分公司",
				"address": "111臺北市士林區福佳里文林路448號"
			}
		},
		{
			"type": "Feature",
			"geometry": {
				"type": "Point",
				"coordinates": [121.5541373, 25.0011337]
			},
			"properties": {
				"city": "台北市",
				"name": "全國電子股份有限公司台北市第八分公司",
				"address": "116臺北市文山區興隆路2段333號"
			}
		},
		{
			"type": "Feature",
			"geometry": {
				"type": "Point",
				"coordinates": [121.5389465, 25.0014405]
			},
			"properties": {
				"city": "台北市",
				"name": "全國電子股份有限公司台北市第十八分公司",
				"address": "116臺北市文山區羅斯福路5段238號1-2樓"
			}
		},
		{
			"type": "Feature",
			"geometry": {
				"type": "Point",
				"coordinates": [121.5233136, 25.083758]
			},
			"properties": {
				"city": "台北市",
				"name": "全國電子股份有限公司台北市第十三分公司",
				"address": "111臺北市士林區承德路4段128號"
			}
		},
		{
			"type": "Feature",
			"geometry": {
				"type": "Point",
				"coordinates": [121.6145571, 25.0685245]
			},
			"properties": {
				"city": "台北市",
				"name": "全國電子股份有限公司台北市第十五分公司",
				"address": "114臺北市內湖區東湖路84號"
			}
		},
		{
			"type": "Feature",
			"geometry": {
				"type": "Point",
				"coordinates": [121.553626, 25.0483331]
			},
			"properties": {
				"city": "台北市",
				"name": "全國電子股份有限公司台北市第十分公司",
				"address": "105臺北市松山區八德路三段103號"
			}
		},
		{
			"type": "Feature",
			"geometry": {
				"type": "Point",
				"coordinates": [121.5574266, 25.0518277]
			},
			"properties": {
				"city": "台北市",
				"name": "全國電子股份有限公司台北市第三十一分公司",
				"address": "105臺北市松山區南京東路5段46號"
			}
		},
		{
			"type": "Feature",
			"geometry": {
				"type": "Point",
				"coordinates": [121.4999928, 25.0392644]
			},
			"properties": {
				"city": "台北市",
				"name": "全國電子股份有限公司台北市第三十九分公司",
				"address": "108臺北市萬華區西園路2段243號"
			}
		},
		{
			"type": "Feature",
			"geometry": {
				"type": "Point",
				"coordinates": [121.5530976, 25.0198296]
			},
			"properties": {
				"city": "台北市",
				"name": "全國電子股份有限公司台北市第三十二分公司",
				"address": "106臺北市大安區樂業街152號"
			}
		},
		{
			"type": "Feature",
			"geometry": {
				"type": "Point",
				"coordinates": [121.5618619, 24.982055]
			},
			"properties": {
				"city": "台北市",
				"name": "全國電子股份有限公司台北市第三十八分公司",
				"address": "116臺北市文山區木柵路3段63、65號"
			}
		},
		{
			"type": "Feature",
			"geometry": {
				"type": "Point",
				"coordinates": [121.5484849, 25.0815077]
			},
			"properties": {
				"city": "台北市",
				"name": "全國電子股份有限公司台北市第三十六分公司",
				"address": "104臺北市中山區北安路577號"
			}
		},
		{
			"type": "Feature",
			"geometry": {
				"type": "Point",
				"coordinates": [121.500709, 25.0262022]
			},
			"properties": {
				"city": "台北市",
				"name": "全國電子股份有限公司台北市第三十四分公司",
				"address": "108臺北市萬華區萬大路241號"
			}
		},
		{
			"type": "Feature",
			"geometry": {
				"type": "Point",
				"coordinates": [121.5541411, 25.0316234]
			},
			"properties": {
				"city": "台北市",
				"name": "全國電子股份有限公司台北市第五分公司",
				"address": "106臺北市大安區通化街26號"
			}
		},
		{
			"type": "Feature",
			"geometry": {
				"type": "Point",
				"coordinates": [121.510814, 25.1133685]
			},
			"properties": {
				"city": "台北市",
				"name": "全國電子股份有限公司台北市第六分公司",
				"address": "112臺北市北投區石牌路1段79號"
			}
		},
		{
			"type": "Feature",
			"geometry": {
				"type": "Point",
				"coordinates": [121.590156, 25.0802106]
			},
			"properties": {
				"city": "台北市",
				"name": "全國電子股份有限公司台北市第四十一分公司",
				"address": "114臺北市內湖區成功路三段158號"
			}
		},
		{
			"type": "Feature",
			"geometry": {
				"type": "Point",
				"coordinates": [121.5328737, 25.1091836]
			},
			"properties": {
				"city": "台北市",
				"name": "全國電子股份有限公司台北市第四十二分公司",
				"address": "111臺北市士林區德行東路226號"
			}
		},
		{
			"type": "Feature",
			"geometry": {
				"type": "Point",
				"coordinates": [121.5438894, 24.9915591]
			},
			"properties": {
				"city": "台北市",
				"name": "全國電子股份有限公司台北市第四十五分公司",
				"address": "116臺北市文山區景興路217號"
			}
		},
		{
			"type": "Feature",
			"geometry": {
				"type": "Point",
				"coordinates": [121.5857797, 25.0458881]
			},
			"properties": {
				"city": "台北市",
				"name": "全國電子股份有限公司台北市第四十六分公司",
				"address": "115臺北市南港區成福路4號"
			}
		},
		{
			"type": "Feature",
			"geometry": {
				"type": "Point",
				"coordinates": [121.5318179, 25.0627613]
			},
			"properties": {
				"city": "台北市",
				"name": "全國電子股份有限公司台北市第四十分公司",
				"address": "104臺北市中山區民權東路二段73號"
			}
		},
		{
			"type": "Feature",
			"geometry": {
				"type": "Point",
				"coordinates": [121.5393636, 25.0252683]
			},
			"properties": {
				"city": "台北市",
				"name": "全國電子股份有限公司台北市第四十四分公司",
				"address": "106臺北市大安區和平東路二段78號"
			}
		},
		{
			"type": "Feature",
			"geometry": {
				"type": "Point",
				"coordinates": [121.4990675, 25.1261691]
			},
			"properties": {
				"city": "台北市",
				"name": "全勝汽車股份有限公司",
				"address": "112台北市北投區大業路258號1樓"
			}
		},
		{
			"type": "Feature",
			"geometry": {
				"type": "Point",
				"coordinates": [121.5581367, 25.0502973]
			},
			"properties": {
				"city": "台北市",
				"name": "全勝汽車股份有限公司松山分公司",
				"address": "105台北市松山區光復北路81號"
			}
		},
		{
			"type": "Feature",
			"geometry": {
				"type": "Point",
				"coordinates": [121.5402808, 25.0728315]
			},
			"properties": {
				"city": "台北市",
				"name": "全勝汽車股份有限公司松江分公司",
				"address": "104台北市中山區濱江街211號"
			}
		},
		{
			"type": "Feature",
			"geometry": {
				"type": "Point",
				"coordinates": [121.553417, 25.025402]
			},
			"properties": {
				"city": "台北市",
				"name": "固德汽車股份有限公司仁愛分公司",
				"address": "106台北市基隆路二段180號"
			}
		},
		{
			"type": "Feature",
			"geometry": {
				"type": "Point",
				"coordinates": [121.5184803, 25.0633419]
			},
			"properties": {
				"city": "台北市",
				"name": "承德傢俱生活館",
				"address": "103臺北市大同區承德路3段3號"
			}
		},
		{
			"type": "Feature",
			"geometry": {
				"type": "Point",
				"coordinates": [121.5400726, 24.9905982]
			},
			"properties": {
				"city": "台北市",
				"name": "美德傢俱有限公司",
				"address": "116臺北市文山區羅斯福路六段437號1樓"
			}
		},
		{
			"type": "Feature",
			"geometry": {
				"type": "Point",
				"coordinates": [121.5639048, 25.0615926]
			},
			"properties": {
				"city": "台北市",
				"name": "家福股份有限公司三民分公司",
				"address": "105臺北市松山區三民路160號"
			}
		},
		{
			"type": "Feature",
			"geometry": {
				"type": "Point",
				"coordinates": [121.4995159, 25.1417863]
			},
			"properties": {
				"city": "台北市",
				"name": "家福股份有限公司北投分公司",
				"address": "112臺北市北投區中和街366號"
			}
		},
		{
			"type": "Feature",
			"geometry": {
				"type": "Point",
				"coordinates": [121.5579732, 25.0822761]
			},
			"properties": {
				"city": "台北市",
				"name": "家福股份有限公司台北大直分公司",
				"address": "104臺北市中山區樂群三路218號2F"
			}
		},
		{
			"type": "Feature",
			"geometry": {
				"type": "Point",
				"coordinates": [121.5743529, 25.0591464]
			},
			"properties": {
				"city": "台北市",
				"name": "家福股份有限公司台北內湖分公司",
				"address": "114臺北市內湖區民善街88號"
			}
		},
		{
			"type": "Feature",
			"geometry": {
				"type": "Point",
				"coordinates": [121.5226374, 25.1055633]
			},
			"properties": {
				"city": "台北市",
				"name": "家福股份有限公司台北天母分公司",
				"address": "111臺北市士林區德行西路47號"
			}
		},
		{
			"type": "Feature",
			"geometry": {
				"type": "Point",
				"coordinates": [121.5665002, 25.0480166]
			},
			"properties": {
				"city": "台北市",
				"name": "家福股份有限公司台北東興分公司",
				"address": "110臺北市信義區東興路39、41、43、45地下一樓"
			}
		},
		{
			"type": "Feature",
			"geometry": {
				"type": "Point",
				"coordinates": [121.5138784, 25.0591778]
			},
			"properties": {
				"city": "台北市",
				"name": "家福股份有限公司台北重慶分公司",
				"address": "103臺北市大同區重慶北路2段171號地下1F和2F"
			}
		},
		{
			"type": "Feature",
			"geometry": {
				"type": "Point",
				"coordinates": [121.6055491, 25.0544396]
			},
			"properties": {
				"city": "台北市",
				"name": "家福股份有限公司南港分公司",
				"address": "115臺北市南港區南港路二段20巷5號B1-1"
			}
		},
		{
			"type": "Feature",
			"geometry": {
				"type": "Point",
				"coordinates": [121.5058635, 25.0378901]
			},
			"properties": {
				"city": "台北市",
				"name": "家樂福臺北桂林分公司",
				"address": "108臺北市萬華區桂林路1號"
			}
		},
		{
			"type": "Feature",
			"geometry": {
				"type": "Point",
				"coordinates": [121.5637181, 25.0578771]
			},
			"properties": {
				"city": "台北市",
				"name": "振宇五金股份有限公司松山三民分公司",
				"address": "105臺北市松山區三民路108之8號"
			}
		},
		{
			"type": "Feature",
			"geometry": {
				"type": "Point",
				"coordinates": [121.6055443, 25.0544429]
			},
			"properties": {
				"city": "台北市",
				"name": "特力屋(股)南港興華分公司",
				"address": "115臺北市南港區南港路二段20巷5號B1"
			}
		},
		{
			"type": "Feature",
			"geometry": {
				"type": "Point",
				"coordinates": [121.5202796, 25.0925309]
			},
			"properties": {
				"city": "台北市",
				"name": "特力屋股份有限公司士林分公司",
				"address": "111 台北市士林區基河路258號"
			}
		},
		{
			"type": "Feature",
			"geometry": {
				"type": "Point",
				"coordinates": [121.5142037, 25.0558405]
			},
			"properties": {
				"city": "台北市",
				"name": "特力屋股份有限公司大同重慶北分公司",
				"address": "103臺北市大同區重慶北路二段69、69-1號"
			}
		},
		{
			"type": "Feature",
			"geometry": {
				"type": "Point",
				"coordinates": [121.5517039, 25.0303988]
			},
			"properties": {
				"city": "台北市",
				"name": "特力屋股份有限公司大安安和分公司",
				"address": "106臺北市大安區安和路二段74巷3號"
			}
		},
		{
			"type": "Feature",
			"geometry": {
				"type": "Point",
				"coordinates": [121.573934, 25.062163]
			},
			"properties": {
				"city": "台北市",
				"name": "特力屋股份有限公司內湖分公司",
				"address": "114臺北市內湖區新湖三路23號B1"
			}
		},
		{
			"type": "Feature",
			"geometry": {
				"type": "Point",
				"coordinates": [121.5743171, 25.0622554]
			},
			"properties": {
				"city": "台北市",
				"name": "特力屋股份有限公司和樂內湖分公司",
				"address": "114臺北市內湖區新湖三路23號1樓"
			}
		},
		{
			"type": "Feature",
			"geometry": {
				"type": "Point",
				"coordinates": [121.5210564, 25.0371719]
			},
			"properties": {
				"city": "台北市",
				"name": "國防部福利事業管利處信義福利站",
				"address": "100臺北市中正區信義路一段三號地下一樓"
			}
		},
		{
			"type": "Feature",
			"geometry": {
				"type": "Point",
				"coordinates": [121.5519077, 25.0234828]
			},
			"properties": {
				"city": "台北市",
				"name": "國防部福利事業管理處大安福利站",
				"address": "106臺北市大安區基隆路二段207號"
			}
		},
		{
			"type": "Feature",
			"geometry": {
				"type": "Point",
				"coordinates": [121.5079617, 25.0392791]
			},
			"properties": {
				"city": "台北市",
				"name": "國防部福利事業管理處中華福利站",
				"address": "100臺北市中正區貴陽街一段243之1號"
			}
		},
		{
			"type": "Feature",
			"geometry": {
				"type": "Point",
				"coordinates": [121.475307, 25.1328975]
			},
			"properties": {
				"city": "台北市",
				"name": "國防部福利事業管理處北投福利站",
				"address": "112臺北市北投區中央北路338號"
			}
		},
		{
			"type": "Feature",
			"geometry": {
				"type": "Point",
				"coordinates": [121.5108267, 25.0373646]
			},
			"properties": {
				"city": "台北市",
				"name": "國防部福利事業管理處忠愛福利站",
				"address": "100臺北市中正區博愛路172號"
			}
		},
		{
			"type": "Feature",
			"geometry": {
				"type": "Point",
				"coordinates": [121.5576579, 25.0544026]
			},
			"properties": {
				"city": "台北市",
				"name": "國防部福利事業管理處松山福利站",
				"address": "105臺北市松山區健康路131號"
			}
		},
		{
			"type": "Feature",
			"geometry": {
				"type": "Point",
				"coordinates": [121.5043751, 25.0274251]
			},
			"properties": {
				"city": "台北市",
				"name": "國防部福事業管理處南機場福利站",
				"address": "108臺北市萬華區中華路2段416巷58號"
			}
		},
		{
			"type": "Feature",
			"geometry": {
				"type": "Point",
				"coordinates": [121.5241377, 25.1062668]
			},
			"properties": {
				"city": "台北市",
				"name": "國都豐田汽車天母營業所",
				"address": "111臺北市德行西路15號"
			}
		},
		{
			"type": "Feature",
			"geometry": {
				"type": "Point",
				"coordinates": [121.5373636, 25.0581162]
			},
			"properties": {
				"city": "台北市",
				"name": "國都豐田汽車民生營業所",
				"address": "104臺北市民生東路三段3號"
			}
		},
		{
			"type": "Feature",
			"geometry": {
				"type": "Point",
				"coordinates": [121.5332865, 25.0533361]
			},
			"properties": {
				"city": "台北市",
				"name": "國都豐田汽車南松江營業所",
				"address": "104臺北市松江路127號2F"
			}
		},
		{
			"type": "Feature",
			"geometry": {
				"type": "Point",
				"coordinates": [121.5060266, 25.1160157]
			},
			"properties": {
				"city": "台北市",
				"name": "國都豐田汽車陽明營業所",
				"address": "112臺北市承德路7段260號"
			}
		},
		{
			"type": "Feature",
			"geometry": {
				"type": "Point",
				"coordinates": [121.5425045, 25.0728237]
			},
			"properties": {
				"city": "台北市",
				"name": "國都豐田汽車濱江營業所",
				"address": "104臺北市中山區濱江街269號"
			}
		},
		{
			"type": "Feature",
			"geometry": {
				"type": "Point",
				"coordinates": [121.5603404, 25.0485917]
			},
			"properties": {
				"city": "台北市",
				"name": "頂好Wellcome（八德店）",
				"address": "106臺北市大安區八德路四段83號"
			}
		},
		{
			"type": "Feature",
			"geometry": {
				"type": "Point",
				"coordinates": [121.557021, 25.048255]
			},
			"properties": {
				"city": "台北市",
				"name": "頂好Wellcome（八德陽店）",
				"address": "106臺北市大安區八德路3段225號B1"
			}
		},
		{
			"type": "Feature",
			"geometry": {
				"type": "Point",
				"coordinates": [121.528914, 25.111028]
			},
			"properties": {
				"city": "台北市",
				"name": "頂好Wellcome（士東二店）",
				"address": "111臺北市士林區德行東路109巷104號1樓"
			}
		},
		{
			"type": "Feature",
			"geometry": {
				"type": "Point",
				"coordinates": [121.5489498, 25.0801763]
			},
			"properties": {
				"city": "台北市",
				"name": "頂好Wellcome（大直二店）",
				"address": "104臺北市中山區北安路554巷19號B1"
			}
		},
		{
			"type": "Feature",
			"geometry": {
				"type": "Point",
				"coordinates": [121.5479015, 25.0823324]
			},
			"properties": {
				"city": "台北市",
				"name": "頂好Wellcome（大直店）",
				"address": "104臺北市中山區北安路595巷11-13號"
			}
		},
		{
			"type": "Feature",
			"geometry": {
				"type": "Point",
				"coordinates": [121.6013214, 25.0861074]
			},
			"properties": {
				"city": "台北市",
				"name": "頂好Wellcome（大湖店）",
				"address": "114臺北市內湖區大湖山莊街148號"
			}
		},
		{
			"type": "Feature",
			"geometry": {
				"type": "Point",
				"coordinates": [121.566819, 25.0405415]
			},
			"properties": {
				"city": "台北市",
				"name": "頂好Wellcome（中坡陽店）",
				"address": "115臺北市南港區忠孝東路5段970號B1"
			}
		},
		{
			"type": "Feature",
			"geometry": {
				"type": "Point",
				"coordinates": [121.509382, 25.0247346]
			},
			"properties": {
				"city": "台北市",
				"name": "頂好Wellcome（中華店）",
				"address": "108臺北市萬華區中華路 2 段 600 號 之1"
			}
		},
		{
			"type": "Feature",
			"geometry": {
				"type": "Point",
				"coordinates": [121.5448594, 25.097686]
			},
			"properties": {
				"city": "台北市",
				"name": "頂好Wellcome（中影店）",
				"address": "111臺北市士林區至善路2段51號"
			}
		},
		{
			"type": "Feature",
			"geometry": {
				"type": "Point",
				"coordinates": [121.5473349, 25.0375215]
			},
			"properties": {
				"city": "台北市",
				"name": "頂好Wellcome（仁愛店）",
				"address": "106臺北市大安區仁愛路4段50號之99~100號"
			}
		},
		{
			"type": "Feature",
			"geometry": {
				"type": "Point",
				"coordinates": [121.5568242, 25.03738]
			},
			"properties": {
				"city": "台北市",
				"name": "頂好Wellcome（仁愛青店）",
				"address": "106臺北市大安區仁愛路四段408號B1"
			}
		},
		{
			"type": "Feature",
			"geometry": {
				"type": "Point",
				"coordinates": [121.578767, 25.07664]
			},
			"properties": {
				"city": "台北市",
				"name": "頂好Wellcome（內湖店）",
				"address": "114臺北市內湖區江南街65巷41號B1"
			}
		},
		{
			"type": "Feature",
			"geometry": {
				"type": "Point",
				"coordinates": [121.5330596, 25.1234101]
			},
			"properties": {
				"city": "台北市",
				"name": "頂好Wellcome（天母北店）",
				"address": "111臺北市士林區中山北路7段154巷6號1樓"
			}
		},
		{
			"type": "Feature",
			"geometry": {
				"type": "Point",
				"coordinates": [121.529675, 25.11898]
			},
			"properties": {
				"city": "台北市",
				"name": "頂好Wellcome（天母店）",
				"address": "111臺北市士林區天母西路 3 號 2 樓之 70"
			}
		},
		{
			"type": "Feature",
			"geometry": {
				"type": "Point",
				"coordinates": [121.5152624, 25.0721494]
			},
			"properties": {
				"city": "台北市",
				"name": "頂好Wellcome（孔廟店）",
				"address": "103臺北市大同區酒泉街 105 號"
			}
		},
		{
			"type": "Feature",
			"geometry": {
				"type": "Point",
				"coordinates": [121.5682525, 24.9889175]
			},
			"properties": {
				"city": "台北市",
				"name": "頂好Wellcome（木柵店）",
				"address": "116臺北市文山區木柵路 4 段 153 號"
			}
		},
		{
			"type": "Feature",
			"geometry": {
				"type": "Point",
				"coordinates": [121.5578017, 24.9818675]
			},
			"properties": {
				"city": "台北市",
				"name": "頂好Wellcome（木新店）",
				"address": "116臺北市文山區木新路 3 段 278 巷 9 號B1"
			}
		},
		{
			"type": "Feature",
			"geometry": {
				"type": "Point",
				"coordinates": [121.5046756, 25.1362525]
			},
			"properties": {
				"city": "台北市",
				"name": "頂好Wellcome（北投店）",
				"address": "112臺北市北投區光明路 220 號"
			}
		},
		{
			"type": "Feature",
			"geometry": {
				"type": "Point",
				"coordinates": [121.5403064, 25.041397]
			},
			"properties": {
				"city": "台北市",
				"name": "頂好Wellcome（正義陽店）",
				"address": "106臺北市大安區忠孝東路3段218號B1"
			}
		},
		{
			"type": "Feature",
			"geometry": {
				"type": "Point",
				"coordinates": [121.607598, 25.071707]
			},
			"properties": {
				"city": "台北市",
				"name": "頂好Wellcome（民權店）",
				"address": "114臺北市內湖區民權東路6段296巷42之3號地下樓"
			}
		},
		{
			"type": "Feature",
			"geometry": {
				"type": "Point",
				"coordinates": [121.5688771, 24.9841855]
			},
			"properties": {
				"city": "台北市",
				"name": "頂好Wellcome（永安店）",
				"address": "116臺北市文山區木新路二段158-1號"
			}
		},
		{
			"type": "Feature",
			"geometry": {
				"type": "Point",
				"coordinates": [121.5302038, 25.0581536]
			},
			"properties": {
				"city": "台北市",
				"name": "頂好Wellcome（吉林二店）",
				"address": "100臺北市中正區台北市吉林路372.374號"
			}
		},
		{
			"type": "Feature",
			"geometry": {
				"type": "Point",
				"coordinates": [121.5214469, 25.0233551]
			},
			"properties": {
				"city": "台北市",
				"name": "頂好Wellcome（同安店）",
				"address": "100臺北市中正區同安街71號"
			}
		},
		{
			"type": "Feature",
			"geometry": {
				"type": "Point",
				"coordinates": [121.5511378, 25.0297181]
			},
			"properties": {
				"city": "台北市",
				"name": "頂好Wellcome（安和店）",
				"address": "106臺北市大安區安和路2段80-82號B1"
			}
		},
		{
			"type": "Feature",
			"geometry": {
				"type": "Point",
				"coordinates": [121.545668, 25.0272117]
			},
			"properties": {
				"city": "台北市",
				"name": "頂好Wellcome（成功店）",
				"address": "106臺北市大安區四維路198巷35號1F"
			}
		},
		{
			"type": "Feature",
			"geometry": {
				"type": "Point",
				"coordinates": [121.58863, 25.0408894]
			},
			"properties": {
				"city": "台北市",
				"name": "頂好Wellcome（成福店）",
				"address": "115臺北市南港區成福路183號1F"
			}
		},
		{
			"type": "Feature",
			"geometry": {
				"type": "Point",
				"coordinates": [121.569482, 25.0250519]
			},
			"properties": {
				"city": "台北市",
				"name": "頂好Wellcome（吳興店）",
				"address": "110臺北市信義區松仁路271號B1"
			}
		},
		{
			"type": "Feature",
			"geometry": {
				"type": "Point",
				"coordinates": [121.5618619, 24.982055]
			},
			"properties": {
				"city": "台北市",
				"name": "頂好Wellcome（辛亥店）",
				"address": "116臺北市文山區木柵路1段259號、259-1號"
			}
		},
		{
			"type": "Feature",
			"geometry": {
				"type": "Point",
				"coordinates": [121.5224258, 25.0274562]
			},
			"properties": {
				"city": "台北市",
				"name": "頂好Wellcome（和平店）",
				"address": "106臺北市大安區羅斯福路2段41-49號B1"
			}
		},
		{
			"type": "Feature",
			"geometry": {
				"type": "Point",
				"coordinates": [121.5113451, 25.0589598]
			},
			"properties": {
				"city": "台北市",
				"name": "頂好Wellcome（延平店）",
				"address": "103臺北市大同區延平北路 2 段 202 號 B1"
			}
		},
		{
			"type": "Feature",
			"geometry": {
				"type": "Point",
				"coordinates": [121.546809, 25.0419403]
			},
			"properties": {
				"city": "台北市",
				"name": "頂好Wellcome（忠孝店）",
				"address": "106臺北市大安區忠孝東路四段71號B1"
			}
		},
		{
			"type": "Feature",
			"geometry": {
				"type": "Point",
				"coordinates": [121.5209307, 25.1115803]
			},
			"properties": {
				"city": "台北市",
				"name": "頂好Wellcome（明德店）",
				"address": "112臺北市北投區明德路161號B1"
			}
		},
		{
			"type": "Feature",
			"geometry": {
				"type": "Point",
				"coordinates": [121.5257295, 25.0599458]
			},
			"properties": {
				"city": "台北市",
				"name": "頂好Wellcome（東光店）",
				"address": "104臺北市中山區林森北路413號B1"
			}
		},
		{
			"type": "Feature",
			"geometry": {
				"type": "Point",
				"coordinates": [121.6009099, 25.0546377]
			},
			"properties": {
				"city": "台北市",
				"name": "頂好Wellcome（東明店）",
				"address": "115臺北市南港區東明街99號1樓"
			}
		},
		{
			"type": "Feature",
			"geometry": {
				"type": "Point",
				"coordinates": [121.6127809, 25.0689915]
			},
			"properties": {
				"city": "台北市",
				"name": "頂好Wellcome（東湖二店）",
				"address": "114臺北市內湖區東湖路1號"
			}
		},
		{
			"type": "Feature",
			"geometry": {
				"type": "Point",
				"coordinates": [121.6191733, 25.0726326]
			},
			"properties": {
				"city": "台北市",
				"name": "頂好Wellcome（東湖三店）",
				"address": "114臺北市內湖區康樂街150號1F"
			}
		},
		{
			"type": "Feature",
			"geometry": {
				"type": "Point",
				"coordinates": [121.4983711, 25.021454]
			},
			"properties": {
				"city": "台北市",
				"name": "頂好Wellcome（東園店）",
				"address": "108臺北市萬華區萬大路 406 號 B1"
			}
		},
		{
			"type": "Feature",
			"geometry": {
				"type": "Point",
				"coordinates": [121.5257483, 25.0541385]
			},
			"properties": {
				"city": "台北市",
				"name": "頂好Wellcome（林森店）",
				"address": "104臺北市中山區林森北路247號B1"
			}
		},
		{
			"type": "Feature",
			"geometry": {
				"type": "Point",
				"coordinates": [121.5759552, 25.0379087]
			},
			"properties": {
				"city": "台北市",
				"name": "頂好Wellcome（松德店）",
				"address": "110臺北市信義區松德路99號B1"
			}
		},
		{
			"type": "Feature",
			"geometry": {
				"type": "Point",
				"coordinates": [121.5082711, 25.0912647]
			},
			"properties": {
				"city": "台北市",
				"name": "頂好Wellcome（社中店）",
				"address": "111臺北市士林區社中街222號1樓"
			}
		},
		{
			"type": "Feature",
			"geometry": {
				"type": "Point",
				"coordinates": [121.5871819, 25.0881556]
			},
			"properties": {
				"city": "台北市",
				"name": "頂好Wellcome（金龍店）",
				"address": "114臺北市內湖區金龍路215號1樓"
			}
		},
		{
			"type": "Feature",
			"geometry": {
				"type": "Point",
				"coordinates": [121.5369391, 25.0484123]
			},
			"properties": {
				"city": "台北市",
				"name": "頂好Wellcome（長安東店）",
				"address": "104臺北市中山區長安東路二段63.63-1.63-2號"
			}
		},
		{
			"type": "Feature",
			"geometry": {
				"type": "Point",
				"coordinates": [121.504499, 25.040539]
			},
			"properties": {
				"city": "台北市",
				"name": "頂好Wellcome（長沙店）",
				"address": "108臺北市萬華區長沙街2段93號B1"
			}
		},
		{
			"type": "Feature",
			"geometry": {
				"type": "Point",
				"coordinates": [121.5455089, 25.0546379]
			},
			"properties": {
				"city": "台北市",
				"name": "頂好Wellcome（長春店）",
				"address": "106臺北市大安區長春路343號1樓"
			}
		},
		{
			"type": "Feature",
			"geometry": {
				"type": "Point",
				"coordinates": [121.5288302, 25.1028261]
			},
			"properties": {
				"city": "台北市",
				"name": "頂好Wellcome（雨聲店）",
				"address": "111臺北市士林區雨聲街52號,52-1號,50巷1號"
			}
		},
		{
			"type": "Feature",
			"geometry": {
				"type": "Point",
				"coordinates": [121.5574266, 25.0518277]
			},
			"properties": {
				"city": "台北市",
				"name": "頂好Wellcome（南京店）",
				"address": "106臺北市大安區南京東路5段198號B1"
			}
		},
		{
			"type": "Feature",
			"geometry": {
				"type": "Point",
				"coordinates": [121.6240441, 25.0370335]
			},
			"properties": {
				"city": "台北市",
				"name": "頂好Wellcome（南港店）",
				"address": "115臺北市南港區舊莊街1段196號1F"
			}
		},
		{
			"type": "Feature",
			"geometry": {
				"type": "Point",
				"coordinates": [121.5192471, 25.0871324]
			},
			"properties": {
				"city": "台北市",
				"name": "頂好Wellcome（後港店）",
				"address": "111臺北市士林區華齡街 175 號"
			}
		},
		{
			"type": "Feature",
			"geometry": {
				"type": "Point",
				"coordinates": [121.5960122, 25.0803252]
			},
			"properties": {
				"city": "台北市",
				"name": "頂好Wellcome（星雲店）",
				"address": "114臺北市內湖區星雲街152號B1"
			}
		},
		{
			"type": "Feature",
			"geometry": {
				"type": "Point",
				"coordinates": [121.5575157, 25.0835013]
			},
			"properties": {
				"city": "台北市",
				"name": "頂好Wellcome（美麗華店）",
				"address": "104臺北市中山區敬業三路20號B1F之1"
			}
		},
		{
			"type": "Feature",
			"geometry": {
				"type": "Point",
				"coordinates": [121.5142224, 25.1111774]
			},
			"properties": {
				"city": "台北市",
				"name": "頂好Wellcome（致遠店）",
				"address": "112臺北市北投區致遠一路二段19.21.23號"
			}
		},
		{
			"type": "Feature",
			"geometry": {
				"type": "Point",
				"coordinates": [121.5136357, 25.0495802]
			},
			"properties": {
				"city": "台北市",
				"name": "頂好Wellcome（重慶店）",
				"address": "103臺北市大同區重慶北路 1 段 73 號 B1"
			}
		},
		{
			"type": "Feature",
			"geometry": {
				"type": "Point",
				"coordinates": [121.5281934, 25.0216701]
			},
			"properties": {
				"city": "台北市",
				"name": "頂好Wellcome（師大店）",
				"address": "106臺北市大安區師大路129號1F"
			}
		},
		{
			"type": "Feature",
			"geometry": {
				"type": "Point",
				"coordinates": [121.5069373, 25.1277281]
			},
			"properties": {
				"city": "台北市",
				"name": "頂好Wellcome（清江店）",
				"address": "112臺北市北投區公館路 198 號"
			}
		},
		{
			"type": "Feature",
			"geometry": {
				"type": "Point",
				"coordinates": [121.5198716, 25.0421407]
			},
			"properties": {
				"city": "台北市",
				"name": "頂好Wellcome（莒光店）",
				"address": "100臺北市中正區西藏路 125 巷 13-15 號"
			}
		},
		{
			"type": "Feature",
			"geometry": {
				"type": "Point",
				"coordinates": [121.5559924, 25.0348889]
			},
			"properties": {
				"city": "台北市",
				"name": "頂好Wellcome（通化店）",
				"address": "106臺北市大安區延吉街250號B1"
			}
		},
		{
			"type": "Feature",
			"geometry": {
				"type": "Point",
				"coordinates": [121.5545027, 25.0329744]
			},
			"properties": {
				"city": "台北市",
				"name": "頂好Wellcome（通化陽店）",
				"address": "106臺北市大安區信義路4段296號B1"
			}
		},
		{
			"type": "Feature",
			"geometry": {
				"type": "Point",
				"coordinates": [121.520395, 25.0812212]
			},
			"properties": {
				"city": "台北市",
				"name": "頂好Wellcome（通河店）",
				"address": "111臺北市士林區通河街153號.155號"
			}
		},
		{
			"type": "Feature",
			"geometry": {
				"type": "Point",
				"coordinates": [121.5496667, 25.0555177]
			},
			"properties": {
				"city": "台北市",
				"name": "頂好Wellcome（敦北陽店）",
				"address": "106臺北市大安區敦化北路199巷5號"
			}
		},
		{
			"type": "Feature",
			"geometry": {
				"type": "Point",
				"coordinates": [121.5393461, 24.9922772]
			},
			"properties": {
				"city": "台北市",
				"name": "頂好Wellcome（景美店）",
				"address": "116臺北市文山區萬慶街 27 號"
			}
		},
		{
			"type": "Feature",
			"geometry": {
				"type": "Point",
				"coordinates": [121.5899474, 25.0677276]
			},
			"properties": {
				"city": "台北市",
				"name": "頂好Wellcome（湖興店）",
				"address": "114臺北市內湖區成功路2段320巷19號"
			}
		},
		{
			"type": "Feature",
			"geometry": {
				"type": "Point",
				"coordinates": [121.5460818, 25.1363483]
			},
			"properties": {
				"city": "台北市",
				"name": "頂好Wellcome（陽明山店）",
				"address": "111臺北市士林區格致路7 號"
			}
		},
		{
			"type": "Feature",
			"geometry": {
				"type": "Point",
				"coordinates": [121.5331005, 25.1092549]
			},
			"properties": {
				"city": "台北市",
				"name": "頂好Wellcome（陽明店）",
				"address": "111臺北市士林區德行東路 230 號"
			}
		},
		{
			"type": "Feature",
			"geometry": {
				"type": "Point",
				"coordinates": [121.534531, 25.025746]
			},
			"properties": {
				"city": "台北市",
				"name": "頂好Wellcome（新生店）",
				"address": "106臺北市大安區新生南路3段2號B1"
			}
		},
		{
			"type": "Feature",
			"geometry": {
				"type": "Point",
				"coordinates": [121.5672934, 25.0019013]
			},
			"properties": {
				"city": "台北市",
				"name": "頂好Wellcome（萬和店）",
				"address": "116臺北市文山區萬和街6號2樓之2及2樓之3"
			}
		},
		{
			"type": "Feature",
			"geometry": {
				"type": "Point",
				"coordinates": [121.5723625, 24.9916943]
			},
			"properties": {
				"city": "台北市",
				"name": "頂好Wellcome（萬芳店）",
				"address": "116臺北市文山區萬利街路 30 巷 1 號"
			}
		},
		{
			"type": "Feature",
			"geometry": {
				"type": "Point",
				"coordinates": [121.497392, 25.0341133]
			},
			"properties": {
				"city": "台北市",
				"name": "頂好Wellcome（萬華店）",
				"address": "108臺北市萬華區大理街114號1樓"
			}
		},
		{
			"type": "Feature",
			"geometry": {
				"type": "Point",
				"coordinates": [121.5354327, 25.0648317]
			},
			"properties": {
				"city": "台北市",
				"name": "頂好Wellcome（農安店）",
				"address": "104臺北市中山區農安街257號.259號"
			}
		},
		{
			"type": "Feature",
			"geometry": {
				"type": "Point",
				"coordinates": [121.4893527, 25.1408385]
			},
			"properties": {
				"city": "台北市",
				"name": "頂好Wellcome（稻香店）",
				"address": "112臺北市北投區稻香路81號1樓"
			}
		},
		{
			"type": "Feature",
			"geometry": {
				"type": "Point",
				"coordinates": [121.5430506, 25.0555478]
			},
			"properties": {
				"city": "台北市",
				"name": "頂好Wellcome（興安店）",
				"address": "104臺北市中山區興安街112號B1"
			}
		},
		{
			"type": "Feature",
			"geometry": {
				"type": "Point",
				"coordinates": [121.5316231, 25.0179379]
			},
			"properties": {
				"city": "台北市",
				"name": "頂好Wellcome（羅斯福店）",
				"address": "104臺北市中山區羅斯福路3段285號B1"
			}
		},
		{
			"type": "Feature",
			"geometry": {
				"type": "Point",
				"coordinates": [121.5090412, 25.0416016]
			},
			"properties": {
				"city": "台北市",
				"name": "頂好Wellcome（寶慶Gourmet店）",
				"address": "100臺北市中正區寶慶路32號B1"
			}
		},
		{
			"type": "Feature",
			"geometry": {
				"type": "Point",
				"coordinates": [121.4957047, 25.0208426]
			},
			"properties": {
				"city": "台北市",
				"name": "頂好Wellcome（寶興店）",
				"address": "108臺北市萬華區萬大路486巷48號1樓"
			}
		},
		{
			"type": "Feature",
			"geometry": {
				"type": "Point",
				"coordinates": [121.5739709, 25.0749927]
			},
			"properties": {
				"city": "台北市",
				"name": "博達汽車股份有限公司",
				"address": "114台北市內湖區港墘路219號"
			}
		},
		{
			"type": "Feature",
			"geometry": {
				"type": "Point",
				"coordinates": [121.5382586, 25.0074573]
			},
			"properties": {
				"city": "台北市",
				"name": "博達汽車股份有限公司文山分公司",
				"address": "116台北市文山區羅斯福路5段90號"
			}
		},
		{
			"type": "Feature",
			"geometry": {
				"type": "Point",
				"coordinates": [121.5294558, 25.1122917]
			},
			"properties": {
				"city": "台北市",
				"name": "棉花田士林士東門市",
				"address": "111台北市士林區士東路97號1樓"
			}
		},
		{
			"type": "Feature",
			"geometry": {
				"type": "Point",
				"coordinates": [121.5492805, 25.0473455]
			},
			"properties": {
				"city": "台北市",
				"name": "棉花田大直樂群門市",
				"address": "105臺北市松山區敦化南路一段3號11樓"
			}
		},
		{
			"type": "Feature",
			"geometry": {
				"type": "Point",
				"coordinates": [121.5523983, 25.0478195]
			},
			"properties": {
				"city": "台北市",
				"name": "棉花田中崙八德門市",
				"address": "105台北市八德路三段74巷8號1樓"
			}
		},
		{
			"type": "Feature",
			"geometry": {
				"type": "Point",
				"coordinates": [121.5492805, 25.0473455]
			},
			"properties": {
				"city": "台北市",
				"name": "棉花田木柵指南門市",
				"address": "105臺北市松山區敦化南路一段3號11樓"
			}
		},
		{
			"type": "Feature",
			"geometry": {
				"type": "Point",
				"coordinates": [121.5632735, 25.057785]
			},
			"properties": {
				"city": "台北市",
				"name": "棉花田生機園地三民門市",
				"address": "105臺北市松山區三民路三民路109號1樓 "
			}
		},
		{
			"type": "Feature",
			"geometry": {
				"type": "Point",
				"coordinates": [121.5234817, 25.0952373]
			},
			"properties": {
				"city": "台北市",
				"name": "棉花田生機園地士林門市",
				"address": "111臺北市士林區華榮街1號"
			}
		},
		{
			"type": "Feature",
			"geometry": {
				"type": "Point",
				"coordinates": [121.5217496, 25.0506346]
			},
			"properties": {
				"city": "台北市",
				"name": "棉花田生機園地中山門市",
				"address": "104臺北市中山區中山北路一段116號"
			}
		},
		{
			"type": "Feature",
			"geometry": {
				"type": "Point",
				"coordinates": [121.5907105, 25.0801998]
			},
			"properties": {
				"city": "台北市",
				"name": "棉花田生機園地內湖門市",
				"address": "114臺北市內湖區成功路3段181號"
			}
		},
		{
			"type": "Feature",
			"geometry": {
				"type": "Point",
				"coordinates": [121.501369, 25.1322055]
			},
			"properties": {
				"city": "台北市",
				"name": "棉花田生機園地北投門市",
				"address": "112臺北市北投區中央南路1段39號"
			}
		},
		{
			"type": "Feature",
			"geometry": {
				"type": "Point",
				"coordinates": [121.5504108, 25.0586803]
			},
			"properties": {
				"city": "台北市",
				"name": "棉花田生機園地民生門市",
				"address": "105臺北市松山區民生東路四段55巷30號1F"
			}
		},
		{
			"type": "Feature",
			"geometry": {
				"type": "Point",
				"coordinates": [121.5652968, 25.0406521]
			},
			"properties": {
				"city": "台北市",
				"name": "棉花田生機園地永春門市",
				"address": "110臺北市信義區忠孝東路5段457號"
			}
		},
		{
			"type": "Feature",
			"geometry": {
				"type": "Point",
				"coordinates": [121.5334554, 25.0420032]
			},
			"properties": {
				"city": "台北市",
				"name": "棉花田生機園地忠孝門市",
				"address": "106臺北市大安區忠孝東路4段299號"
			}
		},
		{
			"type": "Feature",
			"geometry": {
				"type": "Point",
				"coordinates": [121.5400031, 25.0419048]
			},
			"properties": {
				"city": "台北市",
				"name": "棉花田生機園地忠孝復興門市",
				"address": "106臺北市大安區忠孝東路3段221-1號"
			}
		},
		{
			"type": "Feature",
			"geometry": {
				"type": "Point",
				"coordinates": [121.5306142, 25.1087682]
			},
			"properties": {
				"city": "台北市",
				"name": "棉花田生機園地忠誠門市",
				"address": "111臺北市士林區忠誠路2段5號"
			}
		},
		{
			"type": "Feature",
			"geometry": {
				"type": "Point",
				"coordinates": [121.6164958, 25.0680329]
			},
			"properties": {
				"city": "台北市",
				"name": "棉花田生機園地東湖門市",
				"address": "114臺北市內湖區東湖路126號"
			}
		},
		{
			"type": "Feature",
			"geometry": {
				"type": "Point",
				"coordinates": [121.5051024, 25.0259347]
			},
			"properties": {
				"city": "台北市",
				"name": "棉花田生機園地股份有限公司",
				"address": "108臺北市萬華區青年路12號"
			}
		},
		{
			"type": "Feature",
			"geometry": {
				"type": "Point",
				"coordinates": [121.5459213, 25.0362926]
			},
			"properties": {
				"city": "台北市",
				"name": "棉花田生機園地股份有限公司大安門市",
				"address": "106臺北市大安區大安路一段182號"
			}
		},
		{
			"type": "Feature",
			"geometry": {
				"type": "Point",
				"coordinates": [121.5573602, 25.0371287]
			},
			"properties": {
				"city": "台北市",
				"name": "棉花田生機園地股份有限公司光復門市",
				"address": "106臺北市大安區光復南路390-2號"
			}
		},
		{
			"type": "Feature",
			"geometry": {
				"type": "Point",
				"coordinates": [121.5574266, 25.0518277]
			},
			"properties": {
				"city": "台北市",
				"name": "棉花田生機園地南京門市",
				"address": "105臺北市松山區南京東路5段137號"
			}
		},
		{
			"type": "Feature",
			"geometry": {
				"type": "Point",
				"coordinates": [121.5393931, 25.0517395]
			},
			"properties": {
				"city": "台北市",
				"name": "棉花田生機園地南京龍江門市",
				"address": "104臺北市中山區南京東路3段82號"
			}
		},
		{
			"type": "Feature",
			"geometry": {
				"type": "Point",
				"coordinates": [121.5890952, 25.0492267]
			},
			"properties": {
				"city": "台北市",
				"name": "棉花田生機園地後山埤門市",
				"address": "114臺北市內湖區忠孝東路六段六號"
			}
		},
		{
			"type": "Feature",
			"geometry": {
				"type": "Point",
				"coordinates": [121.5134147, 25.0468814]
			},
			"properties": {
				"city": "台北市",
				"name": "棉花田生機園地重慶門市",
				"address": "100臺北市中正區重慶南路1段90號"
			}
		},
		{
			"type": "Feature",
			"geometry": {
				"type": "Point",
				"coordinates": [121.5769572, 25.0287024]
			},
			"properties": {
				"city": "台北市",
				"name": "棉花田生機園地莊敬門市",
				"address": "110臺北市信義區376號"
			}
		},
		{
			"type": "Feature",
			"geometry": {
				"type": "Point",
				"coordinates": [121.5116353, 25.0433033]
			},
			"properties": {
				"city": "台北市",
				"name": "棉花田生機園地博愛門市",
				"address": "100臺北市中正區博愛路89號"
			}
		},
		{
			"type": "Feature",
			"geometry": {
				"type": "Point",
				"coordinates": [121.5412639, 24.9905046]
			},
			"properties": {
				"city": "台北市",
				"name": "棉花田生機園地景美門市",
				"address": "116臺北市文山區景文街117號"
			}
		},
		{
			"type": "Feature",
			"geometry": {
				"type": "Point",
				"coordinates": [121.5190341, 25.0291386]
			},
			"properties": {
				"city": "台北市",
				"name": "棉花田生機園地福州門市",
				"address": "100臺北市中正區福州街11-10號"
			}
		},
		{
			"type": "Feature",
			"geometry": {
				"type": "Point",
				"coordinates": [121.5874121, 25.0609314]
			},
			"properties": {
				"city": "台北市",
				"name": "棉花田生機園地慶城門市",
				"address": "105臺北市松山區南京東路3段303巷24號"
			}
		},
		{
			"type": "Feature",
			"geometry": {
				"type": "Point",
				"coordinates": [121.5617935, 24.9846941]
			},
			"properties": {
				"city": "台北市",
				"name": "棉花田生機園地興隆門市",
				"address": "116臺北市文山區興隆路4段153號"
			}
		},
		{
			"type": "Feature",
			"geometry": {
				"type": "Point",
				"coordinates": [121.5419762, 25.0603508]
			},
			"properties": {
				"city": "台北市",
				"name": "棉花田生機園地錦州門市",
				"address": "104臺北市中山區錦州街417號"
			}
		},
		{
			"type": "Feature",
			"geometry": {
				"type": "Point",
				"coordinates": [121.531751, 25.017603]
			},
			"properties": {
				"city": "台北市",
				"name": "棉花田生機園地羅斯福門市",
				"address": "106臺北市大安區羅斯福路3段273之1"
			}
		},
		{
			"type": "Feature",
			"geometry": {
				"type": "Point",
				"coordinates": [121.5536121, 25.0395409]
			},
			"properties": {
				"city": "台北市",
				"name": "棉花田忠孝216門市",
				"address": "110台北市忠孝東路四段216巷33弄11號"
			}
		},
		{
			"type": "Feature",
			"geometry": {
				"type": "Point",
				"coordinates": [121.5492805, 25.0473455]
			},
			"properties": {
				"city": "台北市",
				"name": "棉花田建南門市",
				"address": "105臺北市松山區敦化南路一段3號11樓"
			}
		},
		{
			"type": "Feature",
			"geometry": {
				"type": "Point",
				"coordinates": [121.5492805, 25.0473455]
			},
			"properties": {
				"city": "台北市",
				"name": "棉花田基隆信二門市",
				"address": "105臺北市松山區敦化南路一段3號11樓"
			}
		},
		{
			"type": "Feature",
			"geometry": {
				"type": "Point",
				"coordinates": [121.5829816, 25.0453509]
			},
			"properties": {
				"city": "台北市",
				"name": "港德傢俱有限公司",
				"address": "115台北市南港區忠孝東路6段112號1F"
			}
		},
		{
			"type": "Feature",
			"geometry": {
				"type": "Point",
				"coordinates": [121.5636361, 25.0327831]
			},
			"properties": {
				"city": "台北市",
				"name": "萊爾富國際股份有限公司-北市101店",
				"address": "110台北市信義區信義路5段20號"
			}
		},
		{
			"type": "Feature",
			"geometry": {
				"type": "Point",
				"coordinates": [121.496475, 25.1331982]
			},
			"properties": {
				"city": "台北市",
				"name": "萊爾富國際股份有限公司-北市十信店",
				"address": "112台北市北投區北投路2段55號"
			}
		},
		{
			"type": "Feature",
			"geometry": {
				"type": "Point",
				"coordinates": [121.5910904, 25.0728868]
			},
			"properties": {
				"city": "台北市",
				"name": "萊爾富國際股份有限公司-北市三總店",
				"address": "114臺北市內湖區成功路二段325號B1(台北國防醫學中心)"
			}
		},
		{
			"type": "Feature",
			"geometry": {
				"type": "Point",
				"coordinates": [121.5253069, 25.0866371]
			},
			"properties": {
				"city": "台北市",
				"name": "萊爾富國際股份有限公司-北市士大店",
				"address": "111臺北市士林區大東路7號"
			}
		},
		{
			"type": "Feature",
			"geometry": {
				"type": "Point",
				"coordinates": [121.5270143, 25.1140181]
			},
			"properties": {
				"city": "台北市",
				"name": "萊爾富國際股份有限公司-北市士東店",
				"address": "111臺北市士林區中山北路六段429號"
			}
		},
		{
			"type": "Feature",
			"geometry": {
				"type": "Point",
				"coordinates": [121.471137, 25.1081747]
			},
			"properties": {
				"city": "台北市",
				"name": "萊爾富國際股份有限公司-北市士海店",
				"address": "111臺北市士林區延平北路九段212號(海洋技術學院士林校區-學生宿舍及福利社)"
			}
		},
		{
			"type": "Feature",
			"geometry": {
				"type": "Point",
				"coordinates": [121.5317679, 25.1052354]
			},
			"properties": {
				"city": "台北市",
				"name": "萊爾富國際股份有限公司-北市士陽店",
				"address": "111臺北市士林區雨聲街105號(北市陽明醫院)"
			}
		},
		{
			"type": "Feature",
			"geometry": {
				"type": "Point",
				"coordinates": [121.5330741, 25.1247086]
			},
			"properties": {
				"city": "台北市",
				"name": "萊爾富國際股份有限公司-北市士銓店",
				"address": "111臺北市士林區中山北路七段186號"
			}
		},
		{
			"type": "Feature",
			"geometry": {
				"type": "Point",
				"coordinates": [121.5107271, 25.0890991]
			},
			"properties": {
				"city": "台北市",
				"name": "萊爾富國際股份有限公司-北市士慶店",
				"address": "111臺北市士林區社正路75號"
			}
		},
		{
			"type": "Feature",
			"geometry": {
				"type": "Point",
				"coordinates": [121.5246706, 25.0870391]
			},
			"properties": {
				"city": "台北市",
				"name": "萊爾富國際股份有限公司-北市士鑽店",
				"address": "111臺北市士林區基河路15號A1-01"
			}
		},
		{
			"type": "Feature",
			"geometry": {
				"type": "Point",
				"coordinates": [121.5218205, 25.0663105]
			},
			"properties": {
				"city": "台北市",
				"name": "萊爾富國際股份有限公司-北市大同店",
				"address": "104臺北市中山區中山北路三段40號(大同大學經營大樓)"
			}
		},
		{
			"type": "Feature",
			"geometry": {
				"type": "Point",
				"coordinates": [121.5025871, 25.138125]
			},
			"properties": {
				"city": "台北市",
				"name": "萊爾富國際股份有限公司-北市大業店",
				"address": "112臺北市北投區中和街41號"
			}
		},
		{
			"type": "Feature",
			"geometry": {
				"type": "Point",
				"coordinates": [121.5373396, 25.0546056]
			},
			"properties": {
				"city": "台北市",
				"name": "萊爾富國際股份有限公司-北市山華店",
				"address": "104臺北市中山區長春路208號1樓"
			}
		},
		{
			"type": "Feature",
			"geometry": {
				"type": "Point",
				"coordinates": [121.5419511, 25.0484252]
			},
			"properties": {
				"city": "台北市",
				"name": "萊爾富國際股份有限公司-北市山寧店",
				"address": "104臺北市中山區長安東路二段171-7號"
			}
		},
		{
			"type": "Feature",
			"geometry": {
				"type": "Point",
				"coordinates": [121.5360279, 25.048221]
			},
			"properties": {
				"city": "台北市",
				"name": "萊爾富國際股份有限公司-北市山榮店",
				"address": "104臺北市中山區長安東路二段118號1樓"
			}
		},
		{
			"type": "Feature",
			"geometry": {
				"type": "Point",
				"coordinates": [121.5295716, 25.0666806]
			},
			"properties": {
				"city": "台北市",
				"name": "萊爾富國際股份有限公司-北市山德店",
				"address": "104臺北市中山區德惠街109號 1樓"
			}
		},
		{
			"type": "Feature",
			"geometry": {
				"type": "Point",
				"coordinates": [121.5208112, 25.062388]
			},
			"properties": {
				"city": "台北市",
				"name": "萊爾富國際股份有限公司-北市山擎店",
				"address": "104臺北市中山區天祥路70號一樓"
			}
		},
		{
			"type": "Feature",
			"geometry": {
				"type": "Point",
				"coordinates": [121.5717404, 25.0399168]
			},
			"properties": {
				"city": "台北市",
				"name": "萊爾富國際股份有限公司-北市工農店",
				"address": "110臺北市信義區忠孝東路五段236巷16號"
			}
		},
		{
			"type": "Feature",
			"geometry": {
				"type": "Point",
				"coordinates": [121.524027, 25.057142]
			},
			"properties": {
				"city": "台北市",
				"name": "萊爾富國際股份有限公司-北市中山三店",
				"address": "104臺北市中山區中山北路二段65巷13號"
			}
		},
		{
			"type": "Feature",
			"geometry": {
				"type": "Point",
				"coordinates": [121.5237108, 25.0616549]
			},
			"properties": {
				"city": "台北市",
				"name": "萊爾富國際股份有限公司-北市中山店",
				"address": "104臺北市中山區中山北路二段137巷2號"
			}
		},
		{
			"type": "Feature",
			"geometry": {
				"type": "Point",
				"coordinates": [121.5290831, 25.0590177]
			},
			"properties": {
				"city": "台北市",
				"name": "萊爾富國際股份有限公司-北市中原二店",
				"address": "104臺北市中山區中原街77號"
			}
		},
		{
			"type": "Feature",
			"geometry": {
				"type": "Point",
				"coordinates": [121.5547464, 24.9986236]
			},
			"properties": {
				"city": "台北市",
				"name": "萊爾富國際股份有限公司-北市中國店",
				"address": "116臺北市文山區興隆路三段56號(中國科技大學)"
			}
		},
		{
			"type": "Feature",
			"geometry": {
				"type": "Point",
				"coordinates": [121.5903566, 25.0674451]
			},
			"properties": {
				"city": "台北市",
				"name": "萊爾富國際股份有限公司-北市內湖二店",
				"address": "114臺北市內湖區成功路二段318之1號"
			}
		},
		{
			"type": "Feature",
			"geometry": {
				"type": "Point",
				"coordinates": [121.5270768, 25.1141796]
			},
			"properties": {
				"city": "台北市",
				"name": "萊爾富國際股份有限公司-北市天福店",
				"address": "111台北市士林區中山北路六段431之4號1樓"
			}
		},
		{
			"type": "Feature",
			"geometry": {
				"type": "Point",
				"coordinates": [121.5574305, 25.0056069]
			},
			"properties": {
				"city": "台北市",
				"name": "萊爾富國際股份有限公司-北市文辛店",
				"address": "116臺北市文山區辛亥路四段218.220號"
			}
		},
		{
			"type": "Feature",
			"geometry": {
				"type": "Point",
				"coordinates": [121.5390519, 25.0023859]
			},
			"properties": {
				"city": "台北市",
				"name": "萊爾富國際股份有限公司-北市文武店",
				"address": "116臺北市文山區羅斯福路五段203號1樓"
			}
		},
		{
			"type": "Feature",
			"geometry": {
				"type": "Point",
				"coordinates": [121.5303861, 25.0436029]
			},
			"properties": {
				"city": "台北市",
				"name": "萊爾富國際股份有限公司-北市文創店",
				"address": "105台北市中正區八德路一段34號"
			}
		},
		{
			"type": "Feature",
			"geometry": {
				"type": "Point",
				"coordinates": [121.5389623, 24.9936759]
			},
			"properties": {
				"city": "台北市",
				"name": "萊爾富國際股份有限公司-北市文福店",
				"address": "116臺北市文山區景福街230巷2號"
			}
		},
		{
			"type": "Feature",
			"geometry": {
				"type": "Point",
				"coordinates": [121.5597037, 24.9819378]
			},
			"properties": {
				"city": "台北市",
				"name": "萊爾富國際股份有限公司-北市木新二店",
				"address": "116臺北市文山區木新路三段232巷6弄18號"
			}
		},
		{
			"type": "Feature",
			"geometry": {
				"type": "Point",
				"coordinates": [121.568769, 24.983835]
			},
			"properties": {
				"city": "台北市",
				"name": "萊爾富國際股份有限公司-北市木新三店",
				"address": "116臺北市文山區木新路二段163號"
			}
		},
		{
			"type": "Feature",
			"geometry": {
				"type": "Point",
				"coordinates": [121.54612, 24.9866475]
			},
			"properties": {
				"city": "台北市",
				"name": "萊爾富國際股份有限公司-北市世新店",
				"address": "116臺北市文山區木柵路一段8號"
			}
		},
		{
			"type": "Feature",
			"geometry": {
				"type": "Point",
				"coordinates": [121.4787739, 25.1355412]
			},
			"properties": {
				"city": "台北市",
				"name": "萊爾富國際股份有限公司-北市北天店",
				"address": "112臺北市北投區一德里中央北路四段8號1樓"
			}
		},
		{
			"type": "Feature",
			"geometry": {
				"type": "Point",
				"coordinates": [121.4718539, 25.1255771]
			},
			"properties": {
				"city": "台北市",
				"name": "萊爾富國際股份有限公司-北市北功店",
				"address": "112臺北市北投區立德路60號"
			}
		},
		{
			"type": "Feature",
			"geometry": {
				"type": "Point",
				"coordinates": [121.4981691, 25.1435761]
			},
			"properties": {
				"city": "台北市",
				"name": "萊爾富國際股份有限公司-北市北和店",
				"address": "112臺北市北投區中和里中和街402號1樓"
			}
		},
		{
			"type": "Feature",
			"geometry": {
				"type": "Point",
				"coordinates": [121.469144, 25.1345474]
			},
			"properties": {
				"city": "台北市",
				"name": "萊爾富國際股份有限公司-北市北武店",
				"address": "112臺北市北投區學園路2號（北台科學技術學院-飲和樓商場）"
			}
		},
		{
			"type": "Feature",
			"geometry": {
				"type": "Point",
				"coordinates": [121.537739, 25.0435178]
			},
			"properties": {
				"city": "台北市",
				"name": "萊爾富國際股份有限公司-北市北科大店",
				"address": "106臺北市大安區建國南路一段81號(台北科技大學)"
			}
		},
		{
			"type": "Feature",
			"geometry": {
				"type": "Point",
				"coordinates": [121.5254698, 25.0423998]
			},
			"properties": {
				"city": "台北市",
				"name": "萊爾富國際股份有限公司-北市北商店",
				"address": "100臺北市中正區濟南路一段321號五育樓B1（國立台北商業技術學院）"
			}
		},
		{
			"type": "Feature",
			"geometry": {
				"type": "Point",
				"coordinates": [121.4828384, 25.1371417]
			},
			"properties": {
				"city": "台北市",
				"name": "萊爾富國際股份有限公司-北市北崗店",
				"address": "112臺北市北投區桃園里中央北路三段44.46號"
			}
		},
		{
			"type": "Feature",
			"geometry": {
				"type": "Point",
				"coordinates": [121.5020551, 25.1307049]
			},
			"properties": {
				"city": "台北市",
				"name": "萊爾富國際股份有限公司-北市北清店",
				"address": "112台北市北投區清江路53及55號"
			}
		},
		{
			"type": "Feature",
			"geometry": {
				"type": "Point",
				"coordinates": [121.5227627, 25.1208483]
			},
			"properties": {
				"city": "台北市",
				"name": "萊爾富國際股份有限公司-北市北華店",
				"address": "112臺北市北投區石牌路二段201號"
			}
		},
		{
			"type": "Feature",
			"geometry": {
				"type": "Point",
				"coordinates": [121.5176412, 25.1145278]
			},
			"properties": {
				"city": "台北市",
				"name": "萊爾富國際股份有限公司-北市北裕店",
				"address": "112臺北市北投區裕民六路120號"
			}
		},
		{
			"type": "Feature",
			"geometry": {
				"type": "Point",
				"coordinates": [121.5019234, 25.1289098]
			},
			"properties": {
				"city": "台北市",
				"name": "萊爾富國際股份有限公司-北市北達店",
				"address": "112臺北市北投區清江路47.49號"
			}
		},
		{
			"type": "Feature",
			"geometry": {
				"type": "Point",
				"coordinates": [121.5279626, 25.0192333]
			},
			"properties": {
				"city": "台北市",
				"name": "萊爾富國際股份有限公司-北市古亭店",
				"address": "100台北市中正區辛亥路一段17巷2號及19號"
			}
		},
		{
			"type": "Feature",
			"geometry": {
				"type": "Point",
				"coordinates": [121.5112892, 25.0367858]
			},
			"properties": {
				"city": "台北市",
				"name": "萊爾富國際股份有限公司-北市司法店",
				"address": "100臺北市中正區博愛路131號B1"
			}
		},
		{
			"type": "Feature",
			"geometry": {
				"type": "Point",
				"coordinates": [121.5170835, 25.0443093]
			},
			"properties": {
				"city": "台北市",
				"name": "萊爾富國際股份有限公司-北市台大店",
				"address": "100台北市中正區常德街1號B1"
			}
		},
		{
			"type": "Feature",
			"geometry": {
				"type": "Point",
				"coordinates": [121.5249205, 25.060151]
			},
			"properties": {
				"city": "台北市",
				"name": "萊爾富國際股份有限公司-北市台泥店",
				"address": "104臺北市中山區錦州街32號"
			}
		},
		{
			"type": "Feature",
			"geometry": {
				"type": "Point",
				"coordinates": [121.5639969, 25.037531]
			},
			"properties": {
				"city": "台北市",
				"name": "萊爾富國際股份有限公司-北市市政店",
				"address": "110台北市信義區市府路1號(市政大樓地下二樓)"
			}
		},
		{
			"type": "Feature",
			"geometry": {
				"type": "Point",
				"coordinates": [121.5178968, 25.0413516]
			},
			"properties": {
				"city": "台北市",
				"name": "萊爾富國際股份有限公司-北市正台店",
				"address": "100臺北市中正區常德街1號(臺大醫院)"
			}
		},
		{
			"type": "Feature",
			"geometry": {
				"type": "Point",
				"coordinates": [121.5320331, 25.0452719]
			},
			"properties": {
				"city": "台北市",
				"name": "萊爾富國際股份有限公司-北市正光店",
				"address": "100臺北市中正區市民大道三段8號1樓(光華商場光華新天地)"
			}
		},
		{
			"type": "Feature",
			"geometry": {
				"type": "Point",
				"coordinates": [121.5308532, 25.0437488]
			},
			"properties": {
				"city": "台北市",
				"name": "萊爾富國際股份有限公司-北市正宏店",
				"address": "100臺北市中正區八德路一段46號"
			}
		},
		{
			"type": "Feature",
			"geometry": {
				"type": "Point",
				"coordinates": [121.5305682, 25.0205844]
			},
			"properties": {
				"city": "台北市",
				"name": "萊爾富國際股份有限公司-北市正佳店",
				"address": "100臺北市中正區辛亥路一段39.41號1樓"
			}
		},
		{
			"type": "Feature",
			"geometry": {
				"type": "Point",
				"coordinates": [121.5255925, 25.0444724]
			},
			"properties": {
				"city": "台北市",
				"name": "萊爾富國際股份有限公司-北市正忠店",
				"address": "100台北市中正區梅花里８鄰忠孝東路一段３５號一樓全部"
			}
		},
		{
			"type": "Feature",
			"geometry": {
				"type": "Point",
				"coordinates": [121.5246815, 25.043401]
			},
			"properties": {
				"city": "台北市",
				"name": "萊爾富國際股份有限公司-北市正東店",
				"address": "100臺北市中正區紹興南街4-12號1樓"
			}
		},
		{
			"type": "Feature",
			"geometry": {
				"type": "Point",
				"coordinates": [121.5143136, 25.0471874]
			},
			"properties": {
				"city": "台北市",
				"name": "萊爾富國際股份有限公司-北市正前店",
				"address": "100台北市中正區忠孝西路一段173號，台北西B站"
			}
		},
		{
			"type": "Feature",
			"geometry": {
				"type": "Point",
				"coordinates": [121.5145717, 25.0282063]
			},
			"properties": {
				"city": "台北市",
				"name": "萊爾富國際股份有限公司-北市正泉店",
				"address": "100臺北市中正區泉州街31.34號1樓"
			}
		},
		{
			"type": "Feature",
			"geometry": {
				"type": "Point",
				"coordinates": [121.5115764, 25.0473969]
			},
			"properties": {
				"city": "台北市",
				"name": "萊爾富國際股份有限公司-北市正博店",
				"address": "100臺北市中正區博愛路9號"
			}
		},
		{
			"type": "Feature",
			"geometry": {
				"type": "Point",
				"coordinates": [121.5191828, 25.0251216]
			},
			"properties": {
				"city": "台北市",
				"name": "萊爾富國際股份有限公司-北市正喜店",
				"address": "100臺北市中正區板溪里牯嶺街117號1樓"
			}
		},
		{
			"type": "Feature",
			"geometry": {
				"type": "Point",
				"coordinates": [121.518583, 25.0443271]
			},
			"properties": {
				"city": "台北市",
				"name": "萊爾富國際股份有限公司-北市正童店",
				"address": "100臺北市中正區中山南路8號(台大兒童綜合醫院)   "
			}
		},
		{
			"type": "Feature",
			"geometry": {
				"type": "Point",
				"coordinates": [121.5198716, 25.0421407]
			},
			"properties": {
				"city": "台北市",
				"name": "萊爾富國際股份有限公司-北市正裕店",
				"address": "100臺北市中正區忠孝西路50號1樓"
			}
		},
		{
			"type": "Feature",
			"geometry": {
				"type": "Point",
				"coordinates": [121.5318177, 25.0436503]
			},
			"properties": {
				"city": "台北市",
				"name": "萊爾富國際股份有限公司-北市正德店",
				"address": "100臺北市中正區八德路一段82巷7號1樓"
			}
		},
		{
			"type": "Feature",
			"geometry": {
				"type": "Point",
				"coordinates": [121.5091632, 25.0422907]
			},
			"properties": {
				"city": "台北市",
				"name": "萊爾富國際股份有限公司-北市正慶店",
				"address": "100臺北市中正區衡陽路103號"
			}
		},
		{
			"type": "Feature",
			"geometry": {
				"type": "Point",
				"coordinates": [121.515243, 25.0451905]
			},
			"properties": {
				"city": "台北市",
				"name": "萊爾富國際股份有限公司-北市正館店",
				"address": "100臺北市中正區館前路45號1樓"
			}
		},
		{
			"type": "Feature",
			"geometry": {
				"type": "Point",
				"coordinates": [121.5162662, 25.0453967]
			},
			"properties": {
				"city": "台北市",
				"name": "萊爾富國際股份有限公司-北市正豐店",
				"address": "100臺北市中正區許昌街26-2號"
			}
		},
		{
			"type": "Feature",
			"geometry": {
				"type": "Point",
				"coordinates": [121.5191987, 25.0409785]
			},
			"properties": {
				"city": "台北市",
				"name": "萊爾富國際股份有限公司-北市正醫店",
				"address": "100臺北市中正區中山南路7號B1(台大醫院)"
			}
		},
		{
			"type": "Feature",
			"geometry": {
				"type": "Point",
				"coordinates": [121.5103238, 25.0416173]
			},
			"properties": {
				"city": "台北市",
				"name": "萊爾富國際股份有限公司-北市正寶店",
				"address": "100台北市中正區寶慶路35號"
			}
		},
		{
			"type": "Feature",
			"geometry": {
				"type": "Point",
				"coordinates": [121.5148501, 25.0445906]
			},
			"properties": {
				"city": "台北市",
				"name": "萊爾富國際股份有限公司-北市正鑽店",
				"address": "100臺北市中正區館前路36號 "
			}
		},
		{
			"type": "Feature",
			"geometry": {
				"type": "Point",
				"coordinates": [121.5224143, 25.0576654]
			},
			"properties": {
				"city": "台北市",
				"name": "萊爾富國際股份有限公司-北市民生店",
				"address": "104臺北市中山區民生西路2號"
			}
		},
		{
			"type": "Feature",
			"geometry": {
				"type": "Point",
				"coordinates": [121.5876607, 25.0693065]
			},
			"properties": {
				"city": "台北市",
				"name": "萊爾富國際股份有限公司-北市民東店",
				"address": "114臺北市內湖區民權東路六段69,71,75號"
			}
		},
		{
			"type": "Feature",
			"geometry": {
				"type": "Point",
				"coordinates": [121.5644276, 25.062771]
			},
			"properties": {
				"city": "台北市",
				"name": "萊爾富國際股份有限公司-北市民權二店",
				"address": "105臺北市松山區民權東路五段32號"
			}
		},
		{
			"type": "Feature",
			"geometry": {
				"type": "Point",
				"coordinates": [121.5858188, 25.0683182]
			},
			"properties": {
				"city": "台北市",
				"name": "萊爾富國際股份有限公司-北市民權三店",
				"address": "114臺北市內湖區民權東路六段90巷8號"
			}
		},
		{
			"type": "Feature",
			"geometry": {
				"type": "Point",
				"coordinates": [121.5332259, 25.0472323]
			},
			"properties": {
				"city": "台北市",
				"name": "萊爾富國際股份有限公司-北市永捷店",
				"address": "104台北市中山區松江路27號"
			}
		},
		{
			"type": "Feature",
			"geometry": {
				"type": "Point",
				"coordinates": [121.5128774, 25.0582174]
			},
			"properties": {
				"city": "台北市",
				"name": "萊爾富國際股份有限公司-北市甘州店",
				"address": "103臺北市大同區歸綏街183號"
			}
		},
		{
			"type": "Feature",
			"geometry": {
				"type": "Point",
				"coordinates": [121.5164873, 25.1185258]
			},
			"properties": {
				"city": "台北市",
				"name": "萊爾富國際股份有限公司-北市立農店",
				"address": "112台北市北投區義理街96號及立農街2段292號"
			}
		},
		{
			"type": "Feature",
			"geometry": {
				"type": "Point",
				"coordinates": [121.5147185, 25.0660135]
			},
			"properties": {
				"city": "台北市",
				"name": "萊爾富國際股份有限公司-北市同吉店",
				"address": "103臺北市大同區昌吉街63號"
			}
		},
		{
			"type": "Feature",
			"geometry": {
				"type": "Point",
				"coordinates": [121.5142162, 25.0517021]
			},
			"properties": {
				"city": "台北市",
				"name": "萊爾富國際股份有限公司-北市同安店",
				"address": "103臺北市大同區重慶北路一段63號"
			}
		},
		{
			"type": "Feature",
			"geometry": {
				"type": "Point",
				"coordinates": [121.5088799, 25.0535849]
			},
			"properties": {
				"city": "台北市",
				"name": "萊爾富國際股份有限公司-北市同京店",
				"address": "103臺北市大同區西寧北路35號"
			}
		},
		{
			"type": "Feature",
			"geometry": {
				"type": "Point",
				"coordinates": [121.5158702, 25.0747519]
			},
			"properties": {
				"city": "台北市",
				"name": "萊爾富國際股份有限公司-北市同密店",
				"address": "103臺北市大同區重慶里哈密街59巷21號"
			}
		},
		{
			"type": "Feature",
			"geometry": {
				"type": "Point",
				"coordinates": [121.5202142, 25.0500468]
			},
			"properties": {
				"city": "台北市",
				"name": "萊爾富國際股份有限公司-北市同捷店",
				"address": "103臺北市大同區長安西路52-1號B1"
			}
		},
		{
			"type": "Feature",
			"geometry": {
				"type": "Point",
				"coordinates": [121.5190851, 25.0601439]
			},
			"properties": {
				"city": "台北市",
				"name": "萊爾富國際股份有限公司-北市同淵店",
				"address": "103臺北市大同區錦西街82號 1樓"
			}
		},
		{
			"type": "Feature",
			"geometry": {
				"type": "Point",
				"coordinates": [121.511436, 25.05709]
			},
			"properties": {
				"city": "台北市",
				"name": "萊爾富國際股份有限公司-北市同達店",
				"address": "103臺北市大同區延平北路二段114.116.118號.民生西路335號"
			}
		},
		{
			"type": "Feature",
			"geometry": {
				"type": "Point",
				"coordinates": [121.519314, 25.0739165]
			},
			"properties": {
				"city": "台北市",
				"name": "萊爾富國際股份有限公司-北市同德店",
				"address": "103臺北市大同區承德路三段290號"
			}
		},
		{
			"type": "Feature",
			"geometry": {
				"type": "Point",
				"coordinates": [121.5134642, 25.0505609]
			},
			"properties": {
				"city": "台北市",
				"name": "萊爾富國際股份有限公司-北市同慶店",
				"address": "103臺北市大同區重慶北路一段24號1樓"
			}
		},
		{
			"type": "Feature",
			"geometry": {
				"type": "Point",
				"coordinates": [121.5198557, 25.0526014]
			},
			"properties": {
				"city": "台北市",
				"name": "萊爾富國際股份有限公司-北市同蝶店",
				"address": "103臺北市大同區南京西路30號"
			}
		},
		{
			"type": "Feature",
			"geometry": {
				"type": "Point",
				"coordinates": [121.5326278, 25.0471688]
			},
			"properties": {
				"city": "台北市",
				"name": "萊爾富國際股份有限公司-北市如意店",
				"address": "104臺北市中山區松江路28,30,30-1號"
			}
		},
		{
			"type": "Feature",
			"geometry": {
				"type": "Point",
				"coordinates": [121.554553, 25.0367168]
			},
			"properties": {
				"city": "台北市",
				"name": "萊爾富國際股份有限公司-北市安平店",
				"address": "110臺北市信義區仁愛路四段300巷15號1樓"
			}
		},
		{
			"type": "Feature",
			"geometry": {
				"type": "Point",
				"coordinates": [121.554553, 25.0367168]
			},
			"properties": {
				"city": "台北市",
				"name": "萊爾富國際股份有限公司-北市安平店",
				"address": "106台北市大安區仁愛路4段300巷15號"
			}
		},
		{
			"type": "Feature",
			"geometry": {
				"type": "Point",
				"coordinates": [121.5549597, 25.0211449]
			},
			"properties": {
				"city": "台北市",
				"name": "萊爾富國際股份有限公司-北市安弘店",
				"address": "106臺北市大安區安居街10號"
			}
		},
		{
			"type": "Feature",
			"geometry": {
				"type": "Point",
				"coordinates": [121.542881, 25.0418509]
			},
			"properties": {
				"city": "台北市",
				"name": "萊爾富國際股份有限公司-北市安孝店",
				"address": "106臺北市大安區忠孝東路三段287號"
			}
		},
		{
			"type": "Feature",
			"geometry": {
				"type": "Point",
				"coordinates": [121.5382487, 25.0345414]
			},
			"properties": {
				"city": "台北市",
				"name": "萊爾富國際股份有限公司-北市安建店",
				"address": "106臺北市大安區建國南路一段337號1樓"
			}
		},
		{
			"type": "Feature",
			"geometry": {
				"type": "Point",
				"coordinates": [121.5293056, 25.0268374]
			},
			"properties": {
				"city": "台北市",
				"name": "萊爾富國際股份有限公司-北市安盈店",
				"address": "106臺北市大安區和平東路一段129號 (台灣師範大學綜合大樓)"
			}
		},
		{
			"type": "Feature",
			"geometry": {
				"type": "Point",
				"coordinates": [121.6182503, 25.0733813]
			},
			"properties": {
				"city": "台北市",
				"name": "萊爾富國際股份有限公司-北市安泰店",
				"address": "114臺北市內湖區安泰街32號"
			}
		},
		{
			"type": "Feature",
			"geometry": {
				"type": "Point",
				"coordinates": [121.5562525, 25.0392789]
			},
			"properties": {
				"city": "台北市",
				"name": "萊爾富國際股份有限公司-北市安國店",
				"address": "106臺北市大安區光復南路290巷25號,25-1號"
			}
		},
		{
			"type": "Feature",
			"geometry": {
				"type": "Point",
				"coordinates": [121.5432555, 25.0285451]
			},
			"properties": {
				"city": "台北市",
				"name": "萊爾富國際股份有限公司-北市安傑店",
				"address": "106臺北市大安區復興南路二段146-1號 "
			}
		},
		{
			"type": "Feature",
			"geometry": {
				"type": "Point",
				"coordinates": [121.5452222, 25.0426795]
			},
			"properties": {
				"city": "台北市",
				"name": "萊爾富國際股份有限公司-北市安復店",
				"address": "106臺北市大安區復興南路一段135巷21號1樓.B1"
			}
		},
		{
			"type": "Feature",
			"geometry": {
				"type": "Point",
				"coordinates": [121.5497562, 25.0368937]
			},
			"properties": {
				"city": "台北市",
				"name": "萊爾富國際股份有限公司-北市安敦店",
				"address": "106臺北市大安區仁愛路四段112巷7號"
			}
		},
		{
			"type": "Feature",
			"geometry": {
				"type": "Point",
				"coordinates": [121.5506995, 25.0419753]
			},
			"properties": {
				"city": "台北市",
				"name": "萊爾富國際股份有限公司-北市安皓店",
				"address": "106臺北市大安區忠孝東路四段181巷8號"
			}
		},
		{
			"type": "Feature",
			"geometry": {
				"type": "Point",
				"coordinates": [121.5558631, 25.042938]
			},
			"properties": {
				"city": "台北市",
				"name": "萊爾富國際股份有限公司-北市安華店",
				"address": "106臺北市大安區華聲里延吉街131巷43號1樓"
			}
		},
		{
			"type": "Feature",
			"geometry": {
				"type": "Point",
				"coordinates": [121.5425291, 25.0427747]
			},
			"properties": {
				"city": "台北市",
				"name": "萊爾富國際股份有限公司-北市安震店",
				"address": "106臺北市大安區安東街50之2、50之3，50之4號"
			}
		},
		{
			"type": "Feature",
			"geometry": {
				"type": "Point",
				"coordinates": [121.5431999, 25.0282394]
			},
			"properties": {
				"city": "台北市",
				"name": "萊爾富國際股份有限公司-北市安興店",
				"address": "106台北市大安區復興南路2段148號1樓全部"
			}
		},
		{
			"type": "Feature",
			"geometry": {
				"type": "Point",
				"coordinates": [121.5508679, 25.01846]
			},
			"properties": {
				"city": "台北市",
				"name": "萊爾富國際股份有限公司-北市安龍店",
				"address": "106臺北市大安區臥龍街145之1號"
			}
		},
		{
			"type": "Feature",
			"geometry": {
				"type": "Point",
				"coordinates": [121.5575177, 25.0441752]
			},
			"properties": {
				"city": "台北市",
				"name": "萊爾富國際股份有限公司-北市安聯店",
				"address": "106臺北市大安區光復南路98之3號,98之5號"
			}
		},
		{
			"type": "Feature",
			"geometry": {
				"type": "Point",
				"coordinates": [121.5439123, 25.0359553]
			},
			"properties": {
				"city": "台北市",
				"name": "萊爾富國際股份有限公司-北市安豐店",
				"address": "106臺北市大安區復興南路一段265號"
			}
		},
		{
			"type": "Feature",
			"geometry": {
				"type": "Point",
				"coordinates": [121.5452242, 25.0372057]
			},
			"properties": {
				"city": "台北市",
				"name": "萊爾富國際股份有限公司-北市安醫店",
				"address": "106臺北市大安區仁愛路四段10號1樓(北市仁愛醫院)"
			}
		},
		{
			"type": "Feature",
			"geometry": {
				"type": "Point",
				"coordinates": [121.5265452, 25.03051]
			},
			"properties": {
				"city": "台北市",
				"name": "萊爾富國際股份有限公司-北市安麗店",
				"address": "106臺北市大安區金山南路二段69.71號1樓"
			}
		},
		{
			"type": "Feature",
			"geometry": {
				"type": "Point",
				"coordinates": [121.5492626, 25.0422399]
			},
			"properties": {
				"city": "台北市",
				"name": "萊爾富國際股份有限公司-北市安鑽店",
				"address": "106臺北市大安區敦化南路一段197號"
			}
		},
		{
			"type": "Feature",
			"geometry": {
				"type": "Point",
				"coordinates": [121.6078248, 25.075401]
			},
			"properties": {
				"city": "台北市",
				"name": "萊爾富國際股份有限公司-北市成康店",
				"address": "114臺北市內湖區成功路五段420巷7‧9號"
			}
		},
		{
			"type": "Feature",
			"geometry": {
				"type": "Point",
				"coordinates": [121.6078248, 25.075401]
			},
			"properties": {
				"city": "台北市",
				"name": "萊爾富國際股份有限公司-北市成康店",
				"address": "114台北市內湖區成功路五段420巷7‧9號"
			}
		},
		{
			"type": "Feature",
			"geometry": {
				"type": "Point",
				"coordinates": [121.5627784, 25.0827696]
			},
			"properties": {
				"city": "台北市",
				"name": "萊爾富國際股份有限公司-北市米蘭店",
				"address": "114台北市內湖區內湖路一段120巷16號一樓全部"
			}
		},
		{
			"type": "Feature",
			"geometry": {
				"type": "Point",
				"coordinates": [121.5189895, 25.0531606]
			},
			"properties": {
				"city": "台北市",
				"name": "萊爾富國際股份有限公司-北市衣蝶店",
				"address": "103臺北市大同區南京西路63號"
			}
		},
		{
			"type": "Feature",
			"geometry": {
				"type": "Point",
				"coordinates": [121.5922491, 25.0692842]
			},
			"properties": {
				"city": "台北市",
				"name": "萊爾富國際股份有限公司-北市宏普店",
				"address": "114臺北市內湖區民權東路六段117號"
			}
		},
		{
			"type": "Feature",
			"geometry": {
				"type": "Point",
				"coordinates": [121.576413, 25.0764621]
			},
			"properties": {
				"city": "台北市",
				"name": "萊爾富國際股份有限公司-北市亞緹店",
				"address": "114台北市內湖區江南街111號"
			}
		},
		{
			"type": "Feature",
			"geometry": {
				"type": "Point",
				"coordinates": [121.5182923, 25.0491295]
			},
			"properties": {
				"city": "台北市",
				"name": "萊爾富國際股份有限公司-北市京承店",
				"address": "103台北市大同區市民大道一段209號"
			}
		},
		{
			"type": "Feature",
			"geometry": {
				"type": "Point",
				"coordinates": [121.5185758, 25.0490982]
			},
			"properties": {
				"city": "台北市",
				"name": "萊爾富國際股份有限公司-北市京站店",
				"address": "103臺北市大同區市民大道一段209號(國道客運京站購物廣場)"
			}
		},
		{
			"type": "Feature",
			"geometry": {
				"type": "Point",
				"coordinates": [121.5074699, 25.0347608]
			},
			"properties": {
				"city": "台北市",
				"name": "萊爾富國際股份有限公司-北市和平店",
				"address": "100臺北市中正區延平南路210號"
			}
		},
		{
			"type": "Feature",
			"geometry": {
				"type": "Point",
				"coordinates": [121.4721325, 25.1282117]
			},
			"properties": {
				"city": "台北市",
				"name": "萊爾富國際股份有限公司-北市和信店",
				"address": "112臺北市北投區立德路125號(和信醫院)"
			}
		},
		{
			"type": "Feature",
			"geometry": {
				"type": "Point",
				"coordinates": [121.5002427, 25.1242763]
			},
			"properties": {
				"city": "台北市",
				"name": "萊爾富國際股份有限公司-北市奇岩店",
				"address": "112臺北市北投區中央南路二段5.7號"
			}
		},
		{
			"type": "Feature",
			"geometry": {
				"type": "Point",
				"coordinates": [121.5549746, 25.0209468]
			},
			"properties": {
				"city": "台北市",
				"name": "萊爾富國際股份有限公司-北市居安店",
				"address": "106台北市大安區安居街15號"
			}
		},
		{
			"type": "Feature",
			"geometry": {
				"type": "Point",
				"coordinates": [121.5104927, 25.0821563]
			},
			"properties": {
				"city": "台北市",
				"name": "萊爾富國際股份有限公司-北市延平二店",
				"address": "111臺北市士林區延平北路五段138號"
			}
		},
		{
			"type": "Feature",
			"geometry": {
				"type": "Point",
				"coordinates": [121.51144, 25.062618]
			},
			"properties": {
				"city": "台北市",
				"name": "萊爾富國際股份有限公司-北市延平店",
				"address": "103臺北市大同區延平北路二段255-1號"
			}
		},
		{
			"type": "Feature",
			"geometry": {
				"type": "Point",
				"coordinates": [121.5547059, 25.0401916]
			},
			"properties": {
				"city": "台北市",
				"name": "萊爾富國際股份有限公司-北市延吉二店",
				"address": "106臺北市大安區延吉街130號"
			}
		},
		{
			"type": "Feature",
			"geometry": {
				"type": "Point",
				"coordinates": [121.5109793, 25.0645608]
			},
			"properties": {
				"city": "台北市",
				"name": "萊爾富國際股份有限公司-北市延年店",
				"address": "103臺北市大同區延平北路三段40號一樓"
			}
		},
		{
			"type": "Feature",
			"geometry": {
				"type": "Point",
				"coordinates": [121.5672732, 25.0572969]
			},
			"properties": {
				"city": "台北市",
				"name": "萊爾富國際股份有限公司-北市延壽店",
				"address": "105臺北市松山區延壽街81號"
			}
		},
		{
			"type": "Feature",
			"geometry": {
				"type": "Point",
				"coordinates": [121.5212248, 25.0832379]
			},
			"properties": {
				"city": "台北市",
				"name": "萊爾富國際股份有限公司-北市承德店",
				"address": "111臺北市士林區承德路四段80巷59號"
			}
		},
		{
			"type": "Feature",
			"geometry": {
				"type": "Point",
				"coordinates": [121.5937195, 25.0514131]
			},
			"properties": {
				"city": "台北市",
				"name": "萊爾富國際股份有限公司-北市昆陽店",
				"address": "115臺北市南港區昆陽街99號"
			}
		},
		{
			"type": "Feature",
			"geometry": {
				"type": "Point",
				"coordinates": [121.5497622, 25.0778696]
			},
			"properties": {
				"city": "台北市",
				"name": "萊爾富國際股份有限公司-北市明水店",
				"address": "104臺北市中山區明水路397巷7弄32號"
			}
		},
		{
			"type": "Feature",
			"geometry": {
				"type": "Point",
				"coordinates": [121.6088993, 25.0702763]
			},
			"properties": {
				"city": "台北市",
				"name": "萊爾富國際股份有限公司-北市明湖店",
				"address": "114臺北市內湖區民權東路六段296巷68號"
			}
		},
		{
			"type": "Feature",
			"geometry": {
				"type": "Point",
				"coordinates": [121.5240263, 25.0345683]
			},
			"properties": {
				"city": "台北市",
				"name": "萊爾富國際股份有限公司-北市杭州店",
				"address": "106臺北市大安區杭州南路二段5號"
			}
		},
		{
			"type": "Feature",
			"geometry": {
				"type": "Point",
				"coordinates": [121.5517288, 25.032469]
			},
			"properties": {
				"city": "台北市",
				"name": "萊爾富國際股份有限公司-北市東方店",
				"address": "106臺北市大安區信義路四段186巷8號(東方高級工商職業學校)"
			}
		},
		{
			"type": "Feature",
			"geometry": {
				"type": "Point",
				"coordinates": [121.5795268, 25.0377973]
			},
			"properties": {
				"city": "台北市",
				"name": "萊爾富國際股份有限公司-北市林口店",
				"address": "110臺北市信義區林口街36號"
			}
		},
		{
			"type": "Feature",
			"geometry": {
				"type": "Point",
				"coordinates": [121.5250174, 25.0501578]
			},
			"properties": {
				"city": "台北市",
				"name": "萊爾富國際股份有限公司-北市林森店",
				"address": "104臺北市中山區林森北路101號"
			}
		},
		{
			"type": "Feature",
			"geometry": {
				"type": "Point",
				"coordinates": [121.5743395, 25.0453746]
			},
			"properties": {
				"city": "台北市",
				"name": "萊爾富國際股份有限公司-北市松永店",
				"address": "110臺北市信義區永吉路280號"
			}
		},
		{
			"type": "Feature",
			"geometry": {
				"type": "Point",
				"coordinates": [121.5540893, 25.0482963]
			},
			"properties": {
				"city": "台北市",
				"name": "萊爾富國際股份有限公司-北市松育店",
				"address": "105臺北市松山區八德路三段119號"
			}
		},
		{
			"type": "Feature",
			"geometry": {
				"type": "Point",
				"coordinates": [121.5577568, 25.0506016]
			},
			"properties": {
				"city": "台北市",
				"name": "萊爾富國際股份有限公司-北市松柏店",
				"address": "105臺北市松山區光復北路102號"
			}
		},
		{
			"type": "Feature",
			"geometry": {
				"type": "Point",
				"coordinates": [121.5782834, 25.049284]
			},
			"properties": {
				"city": "台北市",
				"name": "萊爾富國際股份有限公司-北市松站店",
				"address": "110臺北市信義區松山路11號(松山車站)"
			}
		},
		{
			"type": "Feature",
			"geometry": {
				"type": "Point",
				"coordinates": [121.5673537, 25.0554496]
			},
			"properties": {
				"city": "台北市",
				"name": "萊爾富國際股份有限公司-北市松康店",
				"address": "105臺北市松山區鵬程里健康路325巷12弄2號1樓"
			}
		},
		{
			"type": "Feature",
			"geometry": {
				"type": "Point",
				"coordinates": [121.5660015, 25.0506397]
			},
			"properties": {
				"city": "台北市",
				"name": "萊爾富國際股份有限公司-北市松清店",
				"address": "105臺北市松山區南京東路五段250巷3-1號"
			}
		},
		{
			"type": "Feature",
			"geometry": {
				"type": "Point",
				"coordinates": [121.5592169, 25.0512721]
			},
			"properties": {
				"city": "台北市",
				"name": "萊爾富國際股份有限公司-北市松華店",
				"address": "105臺北市松山區南京東路五段34號"
			}
		},
		{
			"type": "Feature",
			"geometry": {
				"type": "Point",
				"coordinates": [121.551738, 25.0633862]
			},
			"properties": {
				"city": "台北市",
				"name": "萊爾富國際股份有限公司-北市松運店",
				"address": "105臺北市松山區敦化北路338號(捷運松山機場)"
			}
		},
		{
			"type": "Feature",
			"geometry": {
				"type": "Point",
				"coordinates": [121.5659296, 25.0642812]
			},
			"properties": {
				"city": "台北市",
				"name": "萊爾富國際股份有限公司-北市松遠店",
				"address": "105臺北市松山區莊敬里撫遠街369巷36號"
			}
		},
		{
			"type": "Feature",
			"geometry": {
				"type": "Point",
				"coordinates": [121.5068856, 25.0875974]
			},
			"properties": {
				"city": "台北市",
				"name": "萊爾富國際股份有限公司-北市社子店",
				"address": "111臺北市士林區社子街63巷2號"
			}
		},
		{
			"type": "Feature",
			"geometry": {
				"type": "Point",
				"coordinates": [121.509182, 25.0886929]
			},
			"properties": {
				"city": "台北市",
				"name": "萊爾富國際股份有限公司-北市社正店",
				"address": "111臺北市士林區社正路27號"
			}
		},
		{
			"type": "Feature",
			"geometry": {
				"type": "Point",
				"coordinates": [121.5483172, 25.023908]
			},
			"properties": {
				"city": "台北市",
				"name": "萊爾富國際股份有限公司-北市虎嘯店",
				"address": "106臺北市大安區敦化南路二段174號"
			}
		},
		{
			"type": "Feature",
			"geometry": {
				"type": "Point",
				"coordinates": [121.6042378, 25.0733138]
			},
			"properties": {
				"city": "台北市",
				"name": "萊爾富國際股份有限公司-北市金湖店",
				"address": "114臺北市內湖區金湖路403號"
			}
		},
		{
			"type": "Feature",
			"geometry": {
				"type": "Point",
				"coordinates": [121.5928651, 25.0848167]
			},
			"properties": {
				"city": "台北市",
				"name": "萊爾富國際股份有限公司-北市金碧店",
				"address": "114台北市內湖區金龍路64、66號壹樓全部"
			}
		},
		{
			"type": "Feature",
			"geometry": {
				"type": "Point",
				"coordinates": [121.5327639, 25.0481704]
			},
			"properties": {
				"city": "台北市",
				"name": "萊爾富國際股份有限公司-北市長松店",
				"address": "104台北市中山區松江路50號"
			}
		},
		{
			"type": "Feature",
			"geometry": {
				"type": "Point",
				"coordinates": [121.581698, 25.044652]
			},
			"properties": {
				"city": "台北市",
				"name": "萊爾富國際股份有限公司-北市信北店",
				"address": "110臺北市信義區中坡北路17.19號1樓"
			}
		},
		{
			"type": "Feature",
			"geometry": {
				"type": "Point",
				"coordinates": [121.570228, 25.0458793]
			},
			"properties": {
				"city": "台北市",
				"name": "萊爾富國際股份有限公司-北市信吉店",
				"address": "110臺北市信義區永吉路125號"
			}
		},
		{
			"type": "Feature",
			"geometry": {
				"type": "Point",
				"coordinates": [121.5666884, 25.0412753]
			},
			"properties": {
				"city": "台北市",
				"name": "萊爾富國際股份有限公司-北市信東店",
				"address": "110臺北市信義區忠孝東路五段63號1樓"
			}
		},
		{
			"type": "Feature",
			"geometry": {
				"type": "Point",
				"coordinates": [121.5629319, 25.0285733]
			},
			"properties": {
				"city": "台北市",
				"name": "萊爾富國際股份有限公司-北市信長店",
				"address": "110臺北市信義區莊敬路290號"
			}
		},
		{
			"type": "Feature",
			"geometry": {
				"type": "Point",
				"coordinates": [121.561147, 25.036072]
			},
			"properties": {
				"city": "台北市",
				"name": "萊爾富國際股份有限公司-北市信彩店",
				"address": "110臺北市信義區基隆路一段350之41.43號"
			}
		},
		{
			"type": "Feature",
			"geometry": {
				"type": "Point",
				"coordinates": [121.5783262, 25.0378859]
			},
			"properties": {
				"city": "台北市",
				"name": "萊爾富國際股份有限公司-北市信誠店",
				"address": "110臺北市信義區松山路537號及541巷1號"
			}
		},
		{
			"type": "Feature",
			"geometry": {
				"type": "Point",
				"coordinates": [121.574488, 25.0379879]
			},
			"properties": {
				"city": "台北市",
				"name": "萊爾富國際股份有限公司-北市信德店",
				"address": "110臺北市信義區虎林街164巷60弄2號"
			}
		},
		{
			"type": "Feature",
			"geometry": {
				"type": "Point",
				"coordinates": [121.5172415, 25.0325161]
			},
			"properties": {
				"city": "台北市",
				"name": "萊爾富國際股份有限公司-北市南海店",
				"address": "100臺北市中正區南海路12,14號"
			}
		},
		{
			"type": "Feature",
			"geometry": {
				"type": "Point",
				"coordinates": [121.6161506, 25.0534493]
			},
			"properties": {
				"city": "台北市",
				"name": "萊爾富國際股份有限公司-北市南港二店",
				"address": "115臺北市南港區忠孝東路七段639號"
			}
		},
		{
			"type": "Feature",
			"geometry": {
				"type": "Point",
				"coordinates": [121.588313, 25.0488439]
			},
			"properties": {
				"city": "台北市",
				"name": "萊爾富國際股份有限公司-北市南港三店",
				"address": "115臺北市南港區忠孝東路六段252號"
			}
		},
		{
			"type": "Feature",
			"geometry": {
				"type": "Point",
				"coordinates": [121.5135956, 25.0723688]
			},
			"properties": {
				"city": "台北市",
				"name": "萊爾富國際股份有限公司-北市哈密店",
				"address": "103臺北市大同區重慶北路三段278號之2"
			}
		},
		{
			"type": "Feature",
			"geometry": {
				"type": "Point",
				"coordinates": [121.574744, 24.9877665]
			},
			"properties": {
				"city": "台北市",
				"name": "萊爾富國際股份有限公司-北市指南店",
				"address": "116臺北市文山區指南路二段32號"
			}
		},
		{
			"type": "Feature",
			"geometry": {
				"type": "Point",
				"coordinates": [121.5765579, 24.9866643]
			},
			"properties": {
				"city": "台北市",
				"name": "萊爾富國際股份有限公司-北市政商店",
				"address": "116台北市文山區指南路二段64號(商學院)"
			}
		},
		{
			"type": "Feature",
			"geometry": {
				"type": "Point",
				"coordinates": [121.5779656, 24.9870651]
			},
			"properties": {
				"city": "台北市",
				"name": "萊爾富國際股份有限公司-北市政學店",
				"address": "116台北市文山區指南路二段64號"
			}
		},
		{
			"type": "Feature",
			"geometry": {
				"type": "Point",
				"coordinates": [121.4928649, 25.1380863]
			},
			"properties": {
				"city": "台北市",
				"name": "萊爾富國際股份有限公司-北市政戰店",
				"address": "112臺北市北投區中央北路二段70號(政治作戰學校)"
			}
		},
		{
			"type": "Feature",
			"geometry": {
				"type": "Point",
				"coordinates": [121.5319936, 25.0436719]
			},
			"properties": {
				"city": "台北市",
				"name": "萊爾富國際股份有限公司-北市秋葉原店",
				"address": "100台北市中正區八德路一段８２巷１０號"
			}
		},
		{
			"type": "Feature",
			"geometry": {
				"type": "Point",
				"coordinates": [121.509959, 25.0551112]
			},
			"properties": {
				"city": "台北市",
				"name": "萊爾富國際股份有限公司-北市迪化店",
				"address": "103臺北市大同區迪化街一段50號"
			}
		},
		{
			"type": "Feature",
			"geometry": {
				"type": "Point",
				"coordinates": [121.5537941, 25.0495918]
			},
			"properties": {
				"city": "台北市",
				"name": "萊爾富國際股份有限公司-北市家聲店",
				"address": "105臺北市松山區寧安街12號(育達商職家聲樓B1)"
			}
		},
		{
			"type": "Feature",
			"geometry": {
				"type": "Point",
				"coordinates": [121.5273658, 25.0254571]
			},
			"properties": {
				"city": "台北市",
				"name": "萊爾富國際股份有限公司-北市師範店",
				"address": "106臺北市大安區和平東路一段162號(台灣師範大學校本部)"
			}
		},
		{
			"type": "Feature",
			"geometry": {
				"type": "Point",
				"coordinates": [121.5366073, 25.008113]
			},
			"properties": {
				"city": "台北市",
				"name": "萊爾富國際股份有限公司-北市師鑽店",
				"address": "116臺北市文山區汀州路四段88號（師範大學汀州分部）"
			}
		},
		{
			"type": "Feature",
			"geometry": {
				"type": "Point",
				"coordinates": [121.4973343, 25.0368989]
			},
			"properties": {
				"city": "台北市",
				"name": "萊爾富國際股份有限公司-北市班客店",
				"address": "108台北市萬華區廣州街247號"
			}
		},
		{
			"type": "Feature",
			"geometry": {
				"type": "Point",
				"coordinates": [121.528484, 25.129911]
			},
			"properties": {
				"city": "台北市",
				"name": "萊爾富國際股份有限公司-北市紗帽店",
				"address": "112台北市北投區行義路142-1及142-3號B1"
			}
		},
		{
			"type": "Feature",
			"geometry": {
				"type": "Point",
				"coordinates": [121.5215891, 25.058502]
			},
			"properties": {
				"city": "台北市",
				"name": "萊爾富國際股份有限公司-北市馬偕店",
				"address": "104臺北市中山區民生西路3巷2號"
			}
		},
		{
			"type": "Feature",
			"geometry": {
				"type": "Point",
				"coordinates": [121.5809857, 24.9985635]
			},
			"properties": {
				"city": "台北市",
				"name": "萊爾富國際股份有限公司-北市浣熊店",
				"address": "116臺北市文山區新光路二段30號(木柵動物園浣熊館販賣部)"
			}
		},
		{
			"type": "Feature",
			"geometry": {
				"type": "Point",
				"coordinates": [121.5143136, 25.0471874]
			},
			"properties": {
				"city": "台北市",
				"name": "萊爾富國際股份有限公司-北市國光店",
				"address": "100臺北市中正區忠孝西路一段173號(國光客運東站)"
			}
		},
		{
			"type": "Feature",
			"geometry": {
				"type": "Point",
				"coordinates": [121.5953241, 25.0690739]
			},
			"properties": {
				"city": "台北市",
				"name": "萊爾富國際股份有限公司-北市國防店",
				"address": "114台北市內湖區民權東路六段１６１號"
			}
		},
		{
			"type": "Feature",
			"geometry": {
				"type": "Point",
				"coordinates": [121.5646506, 25.0354136]
			},
			"properties": {
				"city": "台北市",
				"name": "萊爾富國際股份有限公司-北市國貿店",
				"address": "110臺北市信義區松壽路6號(世貿三館1樓展場)"
			}
		},
		{
			"type": "Feature",
			"geometry": {
				"type": "Point",
				"coordinates": [121.5165705, 25.0375286]
			},
			"properties": {
				"city": "台北市",
				"name": "萊爾富國際股份有限公司-北市國圖店",
				"address": "100臺北市中正區中山南路20號"
			}
		},
		{
			"type": "Feature",
			"geometry": {
				"type": "Point",
				"coordinates": [121.5927745, 25.0702812]
			},
			"properties": {
				"city": "台北市",
				"name": "萊爾富國際股份有限公司-北市國醫店",
				"address": "114臺北市內湖區民權東路六段123巷32號"
			}
		},
		{
			"type": "Feature",
			"geometry": {
				"type": "Point",
				"coordinates": [121.5652373, 25.0803952]
			},
			"properties": {
				"city": "台北市",
				"name": "萊爾富國際股份有限公司-北市基湖店",
				"address": "114臺北市內湖區基湖路25號"
			}
		},
		{
			"type": "Feature",
			"geometry": {
				"type": "Point",
				"coordinates": [121.600146, 25.062835]
			},
			"properties": {
				"city": "台北市",
				"name": "萊爾富國際股份有限公司-北市康湖店",
				"address": "114臺北市內湖區安康路142號"
			}
		},
		{
			"type": "Feature",
			"geometry": {
				"type": "Point",
				"coordinates": [121.6114515, 25.0704596]
			},
			"properties": {
				"city": "台北市",
				"name": "萊爾富國際股份有限公司-北市康寧店",
				"address": "114臺北市內湖區康寧路三段155號"
			}
		},
		{
			"type": "Feature",
			"geometry": {
				"type": "Point",
				"coordinates": [121.6189162, 25.0706298]
			},
			"properties": {
				"city": "台北市",
				"name": "萊爾富國際股份有限公司-北市康樂二店",
				"address": "114臺北市內湖區康樂街92號"
			}
		},
		{
			"type": "Feature",
			"geometry": {
				"type": "Point",
				"coordinates": [121.5271635, 25.1446525]
			},
			"properties": {
				"city": "台北市",
				"name": "萊爾富國際股份有限公司-北市惇敘店",
				"address": "112臺北市北投區泉源路221號(台北私立惇敘工商)"
			}
		},
		{
			"type": "Feature",
			"geometry": {
				"type": "Point",
				"coordinates": [121.4977266, 25.0376815]
			},
			"properties": {
				"city": "台北市",
				"name": "萊爾富國際股份有限公司-北市梧州店",
				"address": "108臺北市萬華區梧州街29號"
			}
		},
		{
			"type": "Feature",
			"geometry": {
				"type": "Point",
				"coordinates": [121.525522, 25.0453787]
			},
			"properties": {
				"city": "台北市",
				"name": "萊爾富國際股份有限公司-北市紹北店",
				"address": "100臺北市中正區紹興北街33號"
			}
		},
		{
			"type": "Feature",
			"geometry": {
				"type": "Point",
				"coordinates": [121.5761017, 25.0565695]
			},
			"properties": {
				"city": "台北市",
				"name": "萊爾富國際股份有限公司-北市麥帥店",
				"address": "114臺北市內湖區行善路33號"
			}
		},
		{
			"type": "Feature",
			"geometry": {
				"type": "Point",
				"coordinates": [121.5162868, 25.0458746]
			},
			"properties": {
				"city": "台北市",
				"name": "萊爾富國際股份有限公司-北市凱撒店",
				"address": "100台北市中正區南陽街1號"
			}
		},
		{
			"type": "Feature",
			"geometry": {
				"type": "Point",
				"coordinates": [121.5775845, 25.0775297]
			},
			"properties": {
				"city": "台北市",
				"name": "萊爾富國際股份有限公司-北市堯湖店",
				"address": "114臺北市內湖區港墘里江南街30號1樓"
			}
		},
		{
			"type": "Feature",
			"geometry": {
				"type": "Point",
				"coordinates": [121.5507689, 25.0462965]
			},
			"properties": {
				"city": "台北市",
				"name": "萊爾富國際股份有限公司-北市敦化店",
				"address": "105臺北市松山區八德路三段12巷51弄2號"
			}
		},
		{
			"type": "Feature",
			"geometry": {
				"type": "Point",
				"coordinates": [121.537667, 24.9991165]
			},
			"properties": {
				"city": "台北市",
				"name": "萊爾富國際股份有限公司-北市景福店",
				"address": "116臺北市文山區景福街58號"
			}
		},
		{
			"type": "Feature",
			"geometry": {
				"type": "Point",
				"coordinates": [121.5808578, 25.0466848]
			},
			"properties": {
				"city": "台北市",
				"name": "萊爾富國際股份有限公司-北市港北店",
				"address": "115臺北市南港區合成里中坡北路50巷1號1樓"
			}
		},
		{
			"type": "Feature",
			"geometry": {
				"type": "Point",
				"coordinates": [121.5929132, 25.054484]
			},
			"properties": {
				"city": "台北市",
				"name": "萊爾富國際股份有限公司-北市港玉店",
				"address": "116台北市南港區南港路三段8、10號一樓全部"
			}
		},
		{
			"type": "Feature",
			"geometry": {
				"type": "Point",
				"coordinates": [121.5819697, 25.0505041]
			},
			"properties": {
				"city": "台北市",
				"name": "萊爾富國際股份有限公司-北市港成店",
				"address": "115臺北市南港區玉成街27之1號"
			}
		},
		{
			"type": "Feature",
			"geometry": {
				"type": "Point",
				"coordinates": [121.616499, 25.0427816]
			},
			"properties": {
				"city": "台北市",
				"name": "萊爾富國際股份有限公司-北市港宏店",
				"address": "115臺北市南港區研究院路二段110號"
			}
		},
		{
			"type": "Feature",
			"geometry": {
				"type": "Point",
				"coordinates": [121.5930499, 25.054544]
			},
			"properties": {
				"city": "台北市",
				"name": "萊爾富國際股份有限公司-北市港東店",
				"address": "115臺北市南港區南港路三段2號"
			}
		},
		{
			"type": "Feature",
			"geometry": {
				"type": "Point",
				"coordinates": [121.6223631, 25.038283]
			},
			"properties": {
				"city": "台北市",
				"name": "萊爾富國際股份有限公司-北市港南店",
				"address": "115臺北市南港區舊莊街一段212巷2號"
			}
		},
		{
			"type": "Feature",
			"geometry": {
				"type": "Point",
				"coordinates": [121.6181159, 25.0566019]
			},
			"properties": {
				"city": "台北市",
				"name": "萊爾富國際股份有限公司-北市港捷店",
				"address": "115臺北市南港區經貿二路1號(南港展覽館)"
			}
		},
		{
			"type": "Feature",
			"geometry": {
				"type": "Point",
				"coordinates": [121.581465, 25.0479006]
			},
			"properties": {
				"city": "台北市",
				"name": "萊爾富國際股份有限公司-北市港華店",
				"address": "115臺北市南港區玉成街52巷2弄1號1樓"
			}
		},
		{
			"type": "Feature",
			"geometry": {
				"type": "Point",
				"coordinates": [121.5813609, 25.0478583]
			},
			"properties": {
				"city": "台北市",
				"name": "萊爾富國際股份有限公司-北市港運店",
				"address": "115台北市南港區玉成街52巷2弄3號1樓全部、5號1樓"
			}
		},
		{
			"type": "Feature",
			"geometry": {
				"type": "Point",
				"coordinates": [121.6060399, 25.054449]
			},
			"properties": {
				"city": "台北市",
				"name": "萊爾富國際股份有限公司-北市港漢店",
				"address": "115臺北市南港區東明里南港路二段4號"
			}
		},
		{
			"type": "Feature",
			"geometry": {
				"type": "Point",
				"coordinates": [121.5861404, 25.0465427]
			},
			"properties": {
				"city": "台北市",
				"name": "萊爾富國際股份有限公司-北市港醫店",
				"address": "115臺北市南港區同德路87號(忠孝醫院)"
			}
		},
		{
			"type": "Feature",
			"geometry": {
				"type": "Point",
				"coordinates": [121.6070495, 25.0535448]
			},
			"properties": {
				"city": "台北市",
				"name": "萊爾富國際股份有限公司-北市港鑫店",
				"address": "115台北市南港區南港路一段313號地下二樓商場"
			}
		},
		{
			"type": "Feature",
			"geometry": {
				"type": "Point",
				"coordinates": [121.5753075, 25.0631887]
			},
			"properties": {
				"city": "台北市",
				"name": "萊爾富國際股份有限公司-北市湖元店",
				"address": "114台北市內湖區新湖三路36號1樓"
			}
		},
		{
			"type": "Feature",
			"geometry": {
				"type": "Point",
				"coordinates": [121.60127, 25.0882592]
			},
			"properties": {
				"city": "台北市",
				"name": "萊爾富國際股份有限公司-北市湖月店",
				"address": "114台北市內湖區大湖山莊街179號1樓"
			}
		},
		{
			"type": "Feature",
			"geometry": {
				"type": "Point",
				"coordinates": [121.5747315, 25.0728908]
			},
			"properties": {
				"city": "台北市",
				"name": "萊爾富國際股份有限公司-北市湖玉店",
				"address": "114台北市內湖區陽光街298號一樓部份"
			}
		},
		{
			"type": "Feature",
			"geometry": {
				"type": "Point",
				"coordinates": [121.5763637, 25.0735891]
			},
			"properties": {
				"city": "台北市",
				"name": "萊爾富國際股份有限公司-北市湖光店",
				"address": "114臺北市內湖區瑞光路188巷60號"
			}
		},
		{
			"type": "Feature",
			"geometry": {
				"type": "Point",
				"coordinates": [121.5628, 25.0822757]
			},
			"properties": {
				"city": "台北市",
				"name": "萊爾富國際股份有限公司-北市湖志店",
				"address": "114臺北市內湖區內湖路一段120巷13號"
			}
		},
		{
			"type": "Feature",
			"geometry": {
				"type": "Point",
				"coordinates": [121.5798233, 25.0584684]
			},
			"properties": {
				"city": "台北市",
				"name": "萊爾富國際股份有限公司-北市湖宗店",
				"address": "114台北市內湖區新湖二路160.162號一樓全部"
			}
		},
		{
			"type": "Feature",
			"geometry": {
				"type": "Point",
				"coordinates": [121.6156515, 25.0810455]
			},
			"properties": {
				"city": "台北市",
				"name": "萊爾富國際股份有限公司-北市湖泰店",
				"address": "114台北市內湖區安泰街26.28號一樓全部"
			}
		},
		{
			"type": "Feature",
			"geometry": {
				"type": "Point",
				"coordinates": [121.5606096, 25.0867149]
			},
			"properties": {
				"city": "台北市",
				"name": "萊爾富國際股份有限公司-北市湖康店",
				"address": "114台北市內湖區文湖街21巷26、28號1樓及地下1樓全部(不含停車位)"
			}
		},
		{
			"type": "Feature",
			"geometry": {
				"type": "Point",
				"coordinates": [121.5814788, 25.0698378]
			},
			"properties": {
				"city": "台北市",
				"name": "萊爾富國際股份有限公司-北市湖森店",
				"address": "114臺北市內湖區湖元里瑞光路66巷33號"
			}
		},
		{
			"type": "Feature",
			"geometry": {
				"type": "Point",
				"coordinates": [121.594355, 25.083898]
			},
			"properties": {
				"city": "台北市",
				"name": "萊爾富國際股份有限公司-北市湖運店",
				"address": "114臺北市內湖區成功路四段186號(捷運內湖線內湖站)"
			}
		},
		{
			"type": "Feature",
			"geometry": {
				"type": "Point",
				"coordinates": [121.6094778, 25.0757493]
			},
			"properties": {
				"city": "台北市",
				"name": "萊爾富國際股份有限公司-北市湖寧店",
				"address": "114臺北市內湖區康寧路三段75巷137號第二教學大樓B1(康寧醫護暨管理專科學校)"
			}
		},
		{
			"type": "Feature",
			"geometry": {
				"type": "Point",
				"coordinates": [121.5758964, 25.0629017]
			},
			"properties": {
				"city": "台北市",
				"name": "萊爾富國際股份有限公司-北市湖潤店",
				"address": "114臺北市內湖區舊宗路一段188號(內湖大潤發二館)"
			}
		},
		{
			"type": "Feature",
			"geometry": {
				"type": "Point",
				"coordinates": [121.6039503, 25.0736471]
			},
			"properties": {
				"city": "台北市",
				"name": "萊爾富國際股份有限公司-北市湖鑫店",
				"address": "114台北市內湖區金湖路358、358-1號"
			}
		},
		{
			"type": "Feature",
			"geometry": {
				"type": "Point",
				"coordinates": [121.5681006, 25.0792803]
			},
			"properties": {
				"city": "台北市",
				"name": "萊爾富國際股份有限公司-北市湖鑽店",
				"address": "114臺北市內湖區瑞光路502號"
			}
		},
		{
			"type": "Feature",
			"geometry": {
				"type": "Point",
				"coordinates": [121.5665421, 25.0356777]
			},
			"properties": {
				"city": "台北市",
				"name": "萊爾富國際股份有限公司-北市華納店",
				"address": "110臺北市信義區松壽路16號1樓"
			}
		},
		{
			"type": "Feature",
			"geometry": {
				"type": "Point",
				"coordinates": [121.4926854, 25.0231953]
			},
			"properties": {
				"city": "台北市",
				"name": "萊爾富國際股份有限公司-北市華德店",
				"address": "108台北市萬華區德昌街241、243、245號"
			}
		},
		{
			"type": "Feature",
			"geometry": {
				"type": "Point",
				"coordinates": [121.5050019, 25.0884485]
			},
			"properties": {
				"city": "台北市",
				"name": "萊爾富國際股份有限公司-北市開利店",
				"address": "111臺北市士林區社子街142,144號"
			}
		},
		{
			"type": "Feature",
			"geometry": {
				"type": "Point",
				"coordinates": [121.577991, 25.0731176]
			},
			"properties": {
				"city": "台北市",
				"name": "萊爾富國際股份有限公司-北市陽光店",
				"address": "114臺北市內湖區陽光街347號"
			}
		},
		{
			"type": "Feature",
			"geometry": {
				"type": "Point",
				"coordinates": [121.5216557, 25.0708278]
			},
			"properties": {
				"city": "台北市",
				"name": "萊爾富國際股份有限公司-北市圓捷店",
				"address": "103臺北市大同區酒泉街15號"
			}
		},
		{
			"type": "Feature",
			"geometry": {
				"type": "Point",
				"coordinates": [121.5873959, 25.0579148]
			},
			"properties": {
				"city": "台北市",
				"name": "萊爾富國際股份有限公司-北市新明店",
				"address": "114台北市內湖區新明路241、241-1號"
			}
		},
		{
			"type": "Feature",
			"geometry": {
				"type": "Point",
				"coordinates": [121.5315963, 25.0666805]
			},
			"properties": {
				"city": "台北市",
				"name": "萊爾富國際股份有限公司-北市新喜店",
				"address": "104臺北市中山區德惠街167巷2號"
			}
		},
		{
			"type": "Feature",
			"geometry": {
				"type": "Point",
				"coordinates": [121.5699179, 25.0802141]
			},
			"properties": {
				"city": "台北市",
				"name": "萊爾富國際股份有限公司-北市新瑞店",
				"address": "114台北市內湖區瑞光路513巷36號一樓全部"
			}
		},
		{
			"type": "Feature",
			"geometry": {
				"type": "Point",
				"coordinates": [121.5537941, 25.0495918]
			},
			"properties": {
				"city": "台北市",
				"name": "萊爾富國際股份有限公司-北市新樸實店",
				"address": "105台北市松山區寧安街12號(育達高職樸實樓一樓107教室)"
			}
		},
		{
			"type": "Feature",
			"geometry": {
				"type": "Point",
				"coordinates": [121.5281508, 25.1304987]
			},
			"properties": {
				"city": "台北市",
				"name": "萊爾富國際股份有限公司-北市溫泉店",
				"address": "112臺北市北投區行義路154巷2號B1 "
			}
		},
		{
			"type": "Feature",
			"geometry": {
				"type": "Point",
				"coordinates": [121.5065044, 25.0454921]
			},
			"properties": {
				"city": "台北市",
				"name": "萊爾富國際股份有限公司-北市獅子林店",
				"address": "108臺北市萬華區西寧南路36之69號"
			}
		},
		{
			"type": "Feature",
			"geometry": {
				"type": "Point",
				"coordinates": [121.4999037, 25.0262618]
			},
			"properties": {
				"city": "台北市",
				"name": "萊爾富國際股份有限公司-北市萬和店",
				"address": "108臺北市萬華區全德里民和街9號1樓"
			}
		},
		{
			"type": "Feature",
			"geometry": {
				"type": "Point",
				"coordinates": [121.505405, 25.042911]
			},
			"properties": {
				"city": "台北市",
				"name": "萊爾富國際股份有限公司-北市萬都店",
				"address": "108臺北市萬華區成都路29.31號"
			}
		},
		{
			"type": "Feature",
			"geometry": {
				"type": "Point",
				"coordinates": [121.4992751, 25.0368457]
			},
			"properties": {
				"city": "台北市",
				"name": "萊爾富國際股份有限公司-北市萬園店",
				"address": "108臺北市萬華區西園路一段170號1樓"
			}
		},
		{
			"type": "Feature",
			"geometry": {
				"type": "Point",
				"coordinates": [121.5059407, 25.0405845]
			},
			"properties": {
				"city": "台北市",
				"name": "萊爾富國際股份有限公司-北市萬寧店",
				"address": "108台北市萬華區長沙街二段50號"
			}
		},
		{
			"type": "Feature",
			"geometry": {
				"type": "Point",
				"coordinates": [121.5560456, 25.0000067]
			},
			"properties": {
				"city": "台北市",
				"name": "萊爾富國際股份有限公司-北市萬興店",
				"address": "116臺北市文山區興隆路三段58號"
			}
		},
		{
			"type": "Feature",
			"geometry": {
				"type": "Point",
				"coordinates": [121.4961283, 25.0300895]
			},
			"properties": {
				"city": "台北市",
				"name": "萊爾富國際股份有限公司-北市萬寶店",
				"address": "108臺北市萬華區西園路二段146號1樓"
			}
		},
		{
			"type": "Feature",
			"geometry": {
				"type": "Point",
				"coordinates": [121.4962967, 25.030441]
			},
			"properties": {
				"city": "台北市",
				"name": "萊爾富國際股份有限公司-北市萬鑫店",
				"address": "108台北市萬華區西園路二段134、136、138號"
			}
		},
		{
			"type": "Feature",
			"geometry": {
				"type": "Point",
				"coordinates": [121.5476728, 24.9900374]
			},
			"properties": {
				"city": "台北市",
				"name": "萊爾富國際股份有限公司-北市試院店",
				"address": "116臺北市文山區試院路104號"
			}
		},
		{
			"type": "Feature",
			"geometry": {
				"type": "Point",
				"coordinates": [121.5339907, 25.0645895]
			},
			"properties": {
				"city": "台北市",
				"name": "萊爾富國際股份有限公司-北市農安店",
				"address": "104臺北市中山區農安街160號"
			}
		},
		{
			"type": "Feature",
			"geometry": {
				"type": "Point",
				"coordinates": [121.5516882, 25.0480649]
			},
			"properties": {
				"city": "台北市",
				"name": "萊爾富國際股份有限公司-北市旗艦店",
				"address": "105臺北市松山區八德路三段32號"
			}
		},
		{
			"type": "Feature",
			"geometry": {
				"type": "Point",
				"coordinates": [121.5412421, 25.0625575]
			},
			"properties": {
				"city": "台北市",
				"name": "萊爾富國際股份有限公司-北市榮輝店",
				"address": "104臺北市中山區民權東路三段7號1樓"
			}
		},
		{
			"type": "Feature",
			"geometry": {
				"type": "Point",
				"coordinates": [121.5859161, 25.0388805]
			},
			"properties": {
				"city": "台北市",
				"name": "萊爾富國際股份有限公司-北市福德店",
				"address": "110臺北市信義區福德街266號"
			}
		},
		{
			"type": "Feature",
			"geometry": {
				"type": "Point",
				"coordinates": [121.493946, 25.0302503]
			},
			"properties": {
				"city": "台北市",
				"name": "萊爾富國際股份有限公司-北市艋舺店",
				"address": "108臺北市萬華區雙園街69號"
			}
		},
		{
			"type": "Feature",
			"geometry": {
				"type": "Point",
				"coordinates": [121.5279461, 25.0861411]
			},
			"properties": {
				"city": "台北市",
				"name": "萊爾富國際股份有限公司-北市銘傳店",
				"address": "111臺北市士林區中山北路五段250號(銘傳大學)"
			}
		},
		{
			"type": "Feature",
			"geometry": {
				"type": "Point",
				"coordinates": [121.4928055, 25.0235452]
			},
			"properties": {
				"city": "台北市",
				"name": "萊爾富國際股份有限公司-北市德昌二店",
				"address": "108臺北市萬華區西園路二段281巷31號"
			}
		},
		{
			"type": "Feature",
			"geometry": {
				"type": "Point",
				"coordinates": [121.5606402, 25.0866528]
			},
			"properties": {
				"city": "台北市",
				"name": "萊爾富國際股份有限公司-北市德湖店",
				"address": "114臺北市內湖區文湖街21巷16號1樓.地下室"
			}
		},
		{
			"type": "Feature",
			"geometry": {
				"type": "Point",
				"coordinates": [121.5328219, 25.0565804]
			},
			"properties": {
				"city": "台北市",
				"name": "萊爾富國際股份有限公司-北市慶泰店",
				"address": "104臺北市中山區松江路186號之1"
			}
		},
		{
			"type": "Feature",
			"geometry": {
				"type": "Point",
				"coordinates": [121.5537941, 25.0495918]
			},
			"properties": {
				"city": "台北市",
				"name": "萊爾富國際股份有限公司-北市樸實店",
				"address": "105臺北市松山區寧安街12號(育達商職樸實樓一樓)"
			}
		},
		{
			"type": "Feature",
			"geometry": {
				"type": "Point",
				"coordinates": [121.6164704, 25.068312]
			},
			"properties": {
				"city": "台北市",
				"name": "萊爾富國際股份有限公司-北市興湖店",
				"address": "114臺北市內湖區東湖路121號"
			}
		},
		{
			"type": "Feature",
			"geometry": {
				"type": "Point",
				"coordinates": [121.5487393, 25.0021184]
			},
			"properties": {
				"city": "台北市",
				"name": "萊爾富國際股份有限公司-北市興隆店",
				"address": "116臺北市文山區興隆路二段203巷16號"
			}
		},
		{
			"type": "Feature",
			"geometry": {
				"type": "Point",
				"coordinates": [121.5882852, 24.9689676]
			},
			"properties": {
				"city": "台北市",
				"name": "萊爾富國際股份有限公司-北市貓空店",
				"address": "116台北市文山區指南路三段38巷35號"
			}
		},
		{
			"type": "Feature",
			"geometry": {
				"type": "Point",
				"coordinates": [121.5423748, 25.0521587]
			},
			"properties": {
				"city": "台北市",
				"name": "萊爾富國際股份有限公司-北市遼寧店",
				"address": "104臺北市中山區南京東路三段195號"
			}
		},
		{
			"type": "Feature",
			"geometry": {
				"type": "Point",
				"coordinates": [121.53502, 25.0601132]
			},
			"properties": {
				"city": "台北市",
				"name": "萊爾富國際股份有限公司-北市錦江店",
				"address": "104臺北市中山區錦州街276號"
			}
		},
		{
			"type": "Feature",
			"geometry": {
				"type": "Point",
				"coordinates": [121.5139954, 25.0563836]
			},
			"properties": {
				"city": "台北市",
				"name": "萊爾富國際股份有限公司-北市靜修店",
				"address": "103臺北市大同區民生西路231號"
			}
		},
		{
			"type": "Feature",
			"geometry": {
				"type": "Point",
				"coordinates": [121.5561083, 25.0296179]
			},
			"properties": {
				"city": "台北市",
				"name": "萊爾富國際股份有限公司-北市臨江店",
				"address": "106臺北市大安區臨江街40巷2號"
			}
		},
		{
			"type": "Feature",
			"geometry": {
				"type": "Point",
				"coordinates": [121.520964, 25.0575635]
			},
			"properties": {
				"city": "台北市",
				"name": "萊爾富國際股份有限公司-北市雙連店",
				"address": "104臺北市中山區民生西路62號"
			}
		},
		{
			"type": "Feature",
			"geometry": {
				"type": "Point",
				"coordinates": [121.5188942, 25.0525141]
			},
			"properties": {
				"city": "台北市",
				"name": "萊爾富國際股份有限公司-北市雙蝶店",
				"address": "103臺北市大同區南京西路64巷9弄2號"
			}
		},
		{
			"type": "Feature",
			"geometry": {
				"type": "Point",
				"coordinates": [121.5197271, 25.1105054]
			},
			"properties": {
				"city": "台北市",
				"name": "萊爾富國際股份有限公司-北市懷德店",
				"address": "112臺北市北投區懷德街5號"
			}
		},
		{
			"type": "Feature",
			"geometry": {
				"type": "Point",
				"coordinates": [121.5231783, 25.0264883]
			},
			"properties": {
				"city": "台北市",
				"name": "萊爾富國際股份有限公司-北市羅斯福店",
				"address": "106臺北市大安區羅斯福路二段75之1號"
			}
		},
		{
			"type": "Feature",
			"geometry": {
				"type": "Point",
				"coordinates": [121.5779656, 24.9870651]
			},
			"properties": {
				"city": "台北市",
				"name": "萊爾富國際股份有限公司-北市藝文店",
				"address": "116台北市文山區指南路二段64號四樓"
			}
		},
		{
			"type": "Feature",
			"geometry": {
				"type": "Point",
				"coordinates": [121.4672614, 25.1224483]
			},
			"properties": {
				"city": "台北市",
				"name": "萊爾富國際股份有限公司-北市關渡店",
				"address": "112臺北市北投區知行路314號"
			}
		},
		{
			"type": "Feature",
			"geometry": {
				"type": "Point",
				"coordinates": [121.5708566, 25.0817312]
			},
			"properties": {
				"city": "台北市",
				"name": "萊爾富國際股份有限公司-北市麗湖店",
				"address": "114臺北市內湖區內湖路一段409之1號"
			}
		},
		{
			"type": "Feature",
			"geometry": {
				"type": "Point",
				"coordinates": [121.5574266, 25.0518277]
			},
			"properties": {
				"city": "台北市",
				"name": "萊爾富國際股份有限公司-北市寶德店",
				"address": "105臺北市松山區南京東路5段61.63號"
			}
		},
		{
			"type": "Feature",
			"geometry": {
				"type": "Point",
				"coordinates": [121.5817532, 25.0647531]
			},
			"properties": {
				"city": "台北市",
				"name": "萊爾富國際股份有限公司-北市蘋果店",
				"address": "114臺北市內湖區行愛路141巷39號B1"
			}
		},
		{
			"type": "Feature",
			"geometry": {
				"type": "Point",
				"coordinates": [121.5724799, 25.0502374]
			},
			"properties": {
				"city": "台北市",
				"name": "萊爾富國際股份有限公司-北市饒河店",
				"address": "105臺北市松山區饒河街35號"
			}
		},
		{
			"type": "Feature",
			"geometry": {
				"type": "Point",
				"coordinates": [121.584644, 25.0686259]
			},
			"properties": {
				"city": "台北市",
				"name": "萊爾富國際股份有限公司-北市權湖店",
				"address": "114臺北市內湖區民權東路六段58號"
			}
		},
		{
			"type": "Feature",
			"geometry": {
				"type": "Point",
				"coordinates": [121.5250174, 25.0501578]
			},
			"properties": {
				"city": "台北市",
				"name": "萊爾富國際股份有限公司-北市鑫林森店",
				"address": "104台北市中山區林森北路101號"
			}
		},
		{
			"type": "Feature",
			"geometry": {
				"type": "Point",
				"coordinates": [121.4976759, 25.0360191]
			},
			"properties": {
				"city": "台北市",
				"name": "萊爾富國際股份有限公司-北市鑫梧店",
				"address": "108臺北市萬華區梧州街55號"
			}
		},
		{
			"type": "Feature",
			"geometry": {
				"type": "Point",
				"coordinates": [121.5653031, 25.0799367]
			},
			"properties": {
				"city": "台北市",
				"name": "萊爾富國際股份有限公司-北市鑫湖店",
				"address": "114台北市內湖區基湖路35巷11號一樓全部"
			}
		},
		{
			"type": "Feature",
			"geometry": {
				"type": "Point",
				"coordinates": [121.527686, 25.0935465]
			},
			"properties": {
				"city": "台北市",
				"name": "義德傢俱股份有限公司",
				"address": "111臺北市士林區中山北路五段505巷2號"
			}
		},
		{
			"type": "Feature",
			"geometry": {
				"type": "Point",
				"coordinates": [121.5554643, 25.0810846]
			},
			"properties": {
				"city": "台北市",
				"name": "遠百企業股份有限公司大直分公司",
				"address": "104臺北市中山區敬業三路123號"
			}
		},
		{
			"type": "Feature",
			"geometry": {
				"type": "Point",
				"coordinates": [121.5733931, 25.0411921]
			},
			"properties": {
				"city": "台北市",
				"name": "遠百企業股份有限公司忠孝分公司",
				"address": "110臺北市信義區忠孝東路五段297號"
			}
		},
		{
			"type": "Feature",
			"geometry": {
				"type": "Point",
				"coordinates": [121.5422633, 24.9921961]
			},
			"properties": {
				"city": "台北市",
				"name": "遠百企業股份有限公司景美分公司",
				"address": "116臺北市文山區景中街30巷12號"
			}
		},
		{
			"type": "Feature",
			"geometry": {
				"type": "Point",
				"coordinates": [121.5426187, 25.0463925]
			},
			"properties": {
				"city": "台北市",
				"name": "潤泰創新國際股份有限公司中崙分公司",
				"address": "104臺北市中山區八德路二段306號地下2樓之3、地下3樓"
			}
		},
		{
			"type": "Feature",
			"geometry": {
				"type": "Point",
				"coordinates": [121.5324148, 25.0440915]
			},
			"properties": {
				"city": "台北市",
				"name": "燦坤實業股份有限公司八德分公司",
				"address": "100台北市中正區八德路一段102號"
			}
		},
		{
			"type": "Feature",
			"geometry": {
				"type": "Point",
				"coordinates": [121.529031, 25.0957715]
			},
			"properties": {
				"city": "台北市",
				"name": "燦坤實業股份有限公司士林旗艦分公司",
				"address": "111台北市士林區中正路115號"
			}
		},
		{
			"type": "Feature",
			"geometry": {
				"type": "Point",
				"coordinates": [121.5425866, 25.0338022]
			},
			"properties": {
				"city": "台北市",
				"name": "燦坤實業股份有限公司大安分公司",
				"address": "106台北市大安區信義路三段153號"
			}
		},
		{
			"type": "Feature",
			"geometry": {
				"type": "Point",
				"coordinates": [121.5489719, 25.0835399]
			},
			"properties": {
				"city": "台北市",
				"name": "燦坤實業股份有限公司大直分公司",
				"address": "104台北市中山區北安路633號1F、B1"
			}
		},
		{
			"type": "Feature",
			"geometry": {
				"type": "Point",
				"coordinates": [121.5730648, 25.0627986]
			},
			"properties": {
				"city": "台北市",
				"name": "燦坤實業股份有限公司內湖旗艦分公司",
				"address": "114台北市內湖區堤頂大道一段331號"
			}
		},
		{
			"type": "Feature",
			"geometry": {
				"type": "Point",
				"coordinates": [121.5263737, 25.1201036]
			},
			"properties": {
				"city": "台北市",
				"name": "燦坤實業股份有限公司天母分公司",
				"address": "111台北市士林區天母北路３０號"
			}
		},
		{
			"type": "Feature",
			"geometry": {
				"type": "Point",
				"coordinates": [121.5255592, 25.1090395]
			},
			"properties": {
				"city": "台北市",
				"name": "燦坤實業股份有限公司天母蘭雅分公司",
				"address": "111台北市士林區中山北路六段238號1-2F"
			}
		},
		{
			"type": "Feature",
			"geometry": {
				"type": "Point",
				"coordinates": [121.5841621, 25.0783567]
			},
			"properties": {
				"city": "台北市",
				"name": "燦坤實業股份有限公司文德分公司",
				"address": "114台北市內湖區文德路212號"
			}
		},
		{
			"type": "Feature",
			"geometry": {
				"type": "Point",
				"coordinates": [121.5596533, 24.9815594]
			},
			"properties": {
				"city": "台北市",
				"name": "燦坤實業股份有限公司木新分公司",
				"address": "116台北市文山區木新路3段212號"
			}
		},
		{
			"type": "Feature",
			"geometry": {
				"type": "Point",
				"coordinates": [121.49841, 25.1310129]
			},
			"properties": {
				"city": "台北市",
				"name": "燦坤實業股份有限公司北投旗艦分公司",
				"address": "112台北市北投區北投路2段13號B1"
			}
		},
		{
			"type": "Feature",
			"geometry": {
				"type": "Point",
				"coordinates": [121.5681079, 25.0834178]
			},
			"properties": {
				"city": "台北市",
				"name": "燦坤實業股份有限公司台北西湖分公司",
				"address": "114台北市內湖區內湖路一段323巷11號1F.B1"
			}
		},
		{
			"type": "Feature",
			"geometry": {
				"type": "Point",
				"coordinates": [121.5163048, 25.0684256]
			},
			"properties": {
				"city": "台北市",
				"name": "燦坤實業股份有限公司民族西分公司",
				"address": "103台北市大同區民族西路136號1至3樓及138號2、3樓"
			}
		},
		{
			"type": "Feature",
			"geometry": {
				"type": "Point",
				"coordinates": [121.5816344, 25.0421811]
			},
			"properties": {
				"city": "台北市",
				"name": "燦坤實業股份有限公司永春分公司",
				"address": "110台北市信義區大道路16號、16號地下1樓"
			}
		},
		{
			"type": "Feature",
			"geometry": {
				"type": "Point",
				"coordinates": [121.5164743, 25.1176855]
			},
			"properties": {
				"city": "台北市",
				"name": "燦坤實業股份有限公司石牌分公司",
				"address": "112台北市北投區石牌路二段99巷1號"
			}
		},
		{
			"type": "Feature",
			"geometry": {
				"type": "Point",
				"coordinates": [121.5594873, 25.051342]
			},
			"properties": {
				"city": "台北市",
				"name": "燦坤實業股份有限公司吉祥分公司",
				"address": "105台北市松山區南京東路五段40號2F"
			}
		},
		{
			"type": "Feature",
			"geometry": {
				"type": "Point",
				"coordinates": [121.4949543, 25.0286327]
			},
			"properties": {
				"city": "台北市",
				"name": "燦坤實業股份有限公司西藏分公司",
				"address": "108台北市萬華區西藏路217與219號B1-1F"
			}
		},
		{
			"type": "Feature",
			"geometry": {
				"type": "Point",
				"coordinates": [121.5213861, 25.0270642]
			},
			"properties": {
				"city": "台北市",
				"name": "燦坤實業股份有限公司和平旗艦分公司",
				"address": "100台北市中正區和平西路一段13號"
			}
		},
		{
			"type": "Feature",
			"geometry": {
				"type": "Point",
				"coordinates": [121.552859, 25.0460774]
			},
			"properties": {
				"city": "台北市",
				"name": "燦坤實業股份有限公司延吉分公司",
				"address": "105台北市松山區延吉街30巷11號及9號地下1樓"
			}
		},
		{
			"type": "Feature",
			"geometry": {
				"type": "Point",
				"coordinates": [121.5528113, 25.0411143]
			},
			"properties": {
				"city": "台北市",
				"name": "燦坤實業股份有限公司忠孝分公司",
				"address": "106台北市大安區忠孝東路四段212號B1"
			}
		},
		{
			"type": "Feature",
			"geometry": {
				"type": "Point",
				"coordinates": [121.5731837, 25.0411432]
			},
			"properties": {
				"city": "台北市",
				"name": "燦坤實業股份有限公司忠孝永春分公司",
				"address": "110台北市信義區忠孝東路五段297-1號1 2F"
			}
		},
		{
			"type": "Feature",
			"geometry": {
				"type": "Point",
				"coordinates": [121.544113, 25.034036]
			},
			"properties": {
				"city": "台北市",
				"name": "燦坤實業股份有限公司忠孝復興分公司",
				"address": "106台北市大安區復興南路1段206號1-2F"
			}
		},
		{
			"type": "Feature",
			"geometry": {
				"type": "Point",
				"coordinates": [121.504813, 25.043507]
			},
			"properties": {
				"city": "台北市",
				"name": "燦坤實業股份有限公司昆明分公司",
				"address": "108台北市萬華區昆明街120號及122號1-2F"
			}
		},
		{
			"type": "Feature",
			"geometry": {
				"type": "Point",
				"coordinates": [121.5275256, 25.0346587]
			},
			"properties": {
				"city": "台北市",
				"name": "燦坤實業股份有限公司東門分公司",
				"address": "100台北市中正區金山南路一段155號B1"
			}
		},
		{
			"type": "Feature",
			"geometry": {
				"type": "Point",
				"coordinates": [121.6114644, 25.0699486]
			},
			"properties": {
				"city": "台北市",
				"name": "燦坤實業股份有限公司東湖分公司",
				"address": "114台北市內湖區康寧路三段74號1樓"
			}
		},
		{
			"type": "Feature",
			"geometry": {
				"type": "Point",
				"coordinates": [121.5098256, 25.0854516]
			},
			"properties": {
				"city": "台北市",
				"name": "燦坤實業股份有限公司社子分公司",
				"address": "111台北市士林區延平北路5段282號B1.1F"
			}
		},
		{
			"type": "Feature",
			"geometry": {
				"type": "Point",
				"coordinates": [121.5577964, 25.033297]
			},
			"properties": {
				"city": "台北市",
				"name": "燦坤實業股份有限公司信義分公司",
				"address": "110臺北市信義區信義路4段375號"
			}
		},
		{
			"type": "Feature",
			"geometry": {
				"type": "Point",
				"coordinates": [121.5375235, 25.052175]
			},
			"properties": {
				"city": "台北市",
				"name": "燦坤實業股份有限公司南京分公司",
				"address": "104台北市中山區南京東路三段9號"
			}
		},
		{
			"type": "Feature",
			"geometry": {
				"type": "Point",
				"coordinates": [121.5283823, 25.0518006]
			},
			"properties": {
				"city": "台北市",
				"name": "燦坤實業股份有限公司南京旗艦分公司",
				"address": "104台北市中山區南京東路二段6號"
			}
		},
		{
			"type": "Feature",
			"geometry": {
				"type": "Point",
				"coordinates": [121.6062856, 25.0565088]
			},
			"properties": {
				"city": "台北市",
				"name": "燦坤實業股份有限公司南港興中分公司",
				"address": "115台北市南港區興中路56巷11號及13號地下1樓"
			}
		},
		{
			"type": "Feature",
			"geometry": {
				"type": "Point",
				"coordinates": [121.5744886, 24.9880004]
			},
			"properties": {
				"city": "台北市",
				"name": "燦坤實業股份有限公司政大營業所",
				"address": "116台北市文山區指南路2段53號1-2F 51號2F"
			}
		},
		{
			"type": "Feature",
			"geometry": {
				"type": "Point",
				"coordinates": [121.5590431, 25.0830649]
			},
			"properties": {
				"city": "台北市",
				"name": "燦坤實業股份有限公司美麗華營業所",
				"address": "104台北市中山區樂群三路289號"
			}
		},
		{
			"type": "Feature",
			"geometry": {
				"type": "Point",
				"coordinates": [121.5148788, 25.0461716]
			},
			"properties": {
				"city": "台北市",
				"name": "燦坤實業股份有限公司站前分公司",
				"address": "100台北市中正區館前路4-6號"
			}
		},
		{
			"type": "Feature",
			"geometry": {
				"type": "Point",
				"coordinates": [121.5525425, 25.0261211]
			},
			"properties": {
				"city": "台北市",
				"name": "燦坤實業股份有限公司通化分公司",
				"address": "106台北市大安區通化街198號1F"
			}
		},
		{
			"type": "Feature",
			"geometry": {
				"type": "Point",
				"coordinates": [121.4427991, 24.9747451]
			},
			"properties": {
				"city": "台北市",
				"name": "燦坤實業股份有限公司富陽分公司",
				"address": "110台北市信義區和平東路3段333號B1"
			}
		},
		{
			"type": "Feature",
			"geometry": {
				"type": "Point",
				"coordinates": [121.5444514, 25.0595349]
			},
			"properties": {
				"city": "台北市",
				"name": "燦坤實業股份有限公司復北分公司",
				"address": "105台北市松山區復興北路325號"
			}
		},
		{
			"type": "Feature",
			"geometry": {
				"type": "Point",
				"coordinates": [121.5436034, 24.9918935]
			},
			"properties": {
				"city": "台北市",
				"name": "燦坤實業股份有限公司景美分公司",
				"address": "116台北市文山區景興路200號1樓"
			}
		},
		{
			"type": "Feature",
			"geometry": {
				"type": "Point",
				"coordinates": [121.503316, 25.1376468]
			},
			"properties": {
				"city": "台北市",
				"name": "燦坤實業股份有限公司新北投分公司",
				"address": "112台北市北投區中和街14號1樓"
			}
		},
		{
			"type": "Feature",
			"geometry": {
				"type": "Point",
				"coordinates": [121.5610504, 25.0589177]
			},
			"properties": {
				"city": "台北市",
				"name": "燦坤實業股份有限公司新民生分公司",
				"address": "105台北市松山區民生東路五段119-2號1樓、B1"
			}
		},
		{
			"type": "Feature",
			"geometry": {
				"type": "Point",
				"coordinates": [121.5541264, 25.0552958]
			},
			"properties": {
				"city": "台北市",
				"name": "燦坤實業股份有限公司新京華分公司",
				"address": "105台北市松山區八德店四段171號1f.169-171號b1"
			}
		},
		{
			"type": "Feature",
			"geometry": {
				"type": "Point",
				"coordinates": [121.5750666, 25.0498571]
			},
			"properties": {
				"city": "台北市",
				"name": "燦坤實業股份有限公司新松山分公司",
				"address": "105台北市松山區八德路四段650號1樓"
			}
		},
		{
			"type": "Feature",
			"geometry": {
				"type": "Point",
				"coordinates": [121.5004672, 25.0240051]
			},
			"properties": {
				"city": "台北市",
				"name": "燦坤實業股份有限公司萬大分公司",
				"address": "108台北市萬華區萬大路331號1F"
			}
		},
		{
			"type": "Feature",
			"geometry": {
				"type": "Point",
				"coordinates": [121.5240932, 25.0650615]
			},
			"properties": {
				"city": "台北市",
				"name": "燦坤實業股份有限公司農安分公司",
				"address": "104台北市中山區農安街19號2樓"
			}
		},
		{
			"type": "Feature",
			"geometry": {
				"type": "Point",
				"coordinates": [121.515186, 25.0568876]
			},
			"properties": {
				"city": "台北市",
				"name": "燦坤實業股份有限公司寧夏分公司",
				"address": "103台北市大同區民生西路204號1-3樓"
			}
		},
		{
			"type": "Feature",
			"geometry": {
				"type": "Point",
				"coordinates": [121.5236594, 25.0828245]
			},
			"properties": {
				"city": "台北市",
				"name": "燦坤實業股份有限公司劍潭分公司",
				"address": "111台北市士林區承德路4段83-1號及83-2號1-2F"
			}
		},
		{
			"type": "Feature",
			"geometry": {
				"type": "Point",
				"coordinates": [121.532959, 25.1094497]
			},
			"properties": {
				"city": "台北市",
				"name": "燦坤實業股份有限公司德行分公司",
				"address": "111台北市士林區德行東路223號B1-1F"
			}
		},
		{
			"type": "Feature",
			"geometry": {
				"type": "Point",
				"coordinates": [121.5529736, 25.0201867]
			},
			"properties": {
				"city": "台北市",
				"name": "燦坤實業股份有限公司樂業分公司",
				"address": "106台北市大安區樂業街127號B1.1F"
			}
		},
		{
			"type": "Feature",
			"geometry": {
				"type": "Point",
				"coordinates": [121.5542299, 25.0006593]
			},
			"properties": {
				"city": "台北市",
				"name": "燦坤實業股份有限公司興隆分公司",
				"address": "116台北市文山區興隆路二段252號B1"
			}
		},
		{
			"type": "Feature",
			"geometry": {
				"type": "Point",
				"coordinates": [121.5213894, 25.0602973]
			},
			"properties": {
				"city": "台北市",
				"name": "燦坤實業股份有限公司錦西分公司",
				"address": "104台北市中山區錦西街14-1號B1.1F"
			}
		},
		{
			"type": "Feature",
			"geometry": {
				"type": "Point",
				"coordinates": [121.5330529, 25.0362839]
			},
			"properties": {
				"city": "台北市",
				"name": "鴻源汽車股份有限公司大安分公司",
				"address": "106台北市新生南路1段141-8號"
			}
		}
	]
}
